machine_id,operating_hours,estimated_age_years,remaining_useful_life_years,utilization_percent,health_trend
M14860,3102,1.2,8.8,51.7,Stable
L47181,2951,1.2,8.8,46.9,Stable
L47182,3221,1.3,8.7,49.9,Stable
L47183,3181,1.3,8.7,47.8,Stable
L47184,3221,1.3,8.7,46.9,Stable
M14865,3345,1.3,8.7,47.5,Stable
L47186,3746,1.5,8.5,51.9,Stable
L47187,3774,1.5,8.5,50.9,Stable
M14868,4144,1.7,8.3,55.6,Stable
M14869,4427,1.8,8.2,58.0,Stable
H29424,4644,1.9,8.1,59.4,Stable
H29425,4151,1.7,8.3,47.4,Stable
M14872,4208,1.7,8.3,44.6,Stable
M14873,5149,2.1,7.9,58.1,Stable
L47194,5870,2.3,7.7,67.8,Stable
L47195,4974,2.0,8.0,51.4,Stable
M14876,4602,1.8,8.2,43.7,Stable
M14877,4935,2.0,8.0,47.0,Stable
H29432,4862,1.9,8.1,43.5,Stable
M14879,5739,2.3,7.7,54.4,Stable
H29434,5360,2.1,7.9,45.8,Stable
L47201,5735,2.3,7.7,48.3,Stable
M14882,6087,2.4,7.6,52.7,Stable
L47203,6576,2.6,7.4,58.6,Stable
M14884,6272,2.5,7.5,52.0,Stable
L47205,7007,2.8,7.2,62.0,Stable
L47206,6399,2.6,7.4,50.4,Stable
H29441,7087,2.8,7.2,60.4,Stable
L47208,6568,2.6,7.4,48.0,Declining
L47209,7166,2.9,7.1,56.4,Declining
M14890,6548,2.6,7.4,44.6,Declining
L47211,7601,3.0,7.0,59.9,Declining
L47212,6933,2.8,7.2,47.3,Declining
L47213,7515,3.0,7.0,55.5,Declining
M14894,7393,3.0,7.0,52.0,Declining
M14895,7314,2.9,7.1,48.4,Declining
M14896,7707,3.1,6.9,52.7,Declining
L47217,7558,3.0,7.0,48.0,Declining
H29452,7528,3.0,7.0,46.0,Declining
L47219,7695,3.1,6.9,45.0,Declining
L47220,7809,3.1,6.9,45.4,Declining
L47221,7911,3.2,6.8,45.6,Declining
M14902,8001,3.2,6.8,45.6,Declining
H29457,8144,3.3,6.7,45.7,Declining
M14904,8569,3.4,6.6,49.1,Declining
L47225,8738,3.5,6.5,49.6,Declining
M14906,9536,3.8,6.2,61.4,Declining
L47227,8821,3.5,6.5,47.3,Declining
H29462,8925,3.6,6.4,47.5,Declining
M14909,9124,3.6,6.4,47.1,Declining
L47230,12157,4.9,5.1,95.4,Critical
L47231,9291,3.7,6.3,46.1,Declining
H29466,9609,3.8,6.2,49.9,Declining
L47233,9970,4.0,6.0,52.2,Declining
L47234,10312,4.1,5.9,56.4,Declining
L47235,10044,4.0,6.0,50.4,Declining
L47236,10064,4.0,6.0,49.2,Declining
L47237,10226,4.1,5.9,50.4,Declining
M14918,10612,4.2,5.8,55.4,Declining
L47239,10181,4.1,5.9,45.9,Declining
L47240,10301,4.1,5.9,46.4,Declining
M14921,10789,4.3,5.7,53.1,Declining
L47242,11398,4.6,5.4,61.0,Declining
M14923,11454,4.6,5.4,60.4,Declining
L47244,11011,4.4,5.6,50.8,Declining
L47245,10843,4.3,5.7,46.5,Declining
M14926,11503,4.6,5.4,56.0,Critical
H29481,11212,4.5,5.5,48.9,Critical
L47248,11559,4.6,5.4,50.9,Critical
L47249,11415,4.6,5.4,47.0,Critical
M14930,12533,5.0,5.0,64.1,Critical
L47251,11724,4.7,5.3,48.4,Critical
L47252,11648,4.7,5.3,45.6,Critical
L47253,12184,4.9,5.1,53.1,Critical
L47254,12292,4.9,5.1,53.4,Critical
L47255,11938,4.8,5.2,46.0,Critical
L47256,12192,4.9,5.1,48.7,Critical
L47257,12270,4.9,5.1,48.5,Critical
L47258,2796,1.1,8.9,46.6,Stable
L47259,2894,1.2,8.8,46.7,Stable
H29494,3070,1.2,8.8,48.2,Stable
L47261,3305,1.3,8.7,48.3,Stable
L47262,3401,1.4,8.6,48.4,Stable
L47263,3523,1.4,8.6,49.0,Stable
L47264,3519,1.4,8.6,47.4,Stable
M14945,4373,1.7,8.3,60.1,Stable
H29500,3772,1.5,8.5,47.9,Stable
L47267,4213,1.7,8.3,51.5,Stable
M14948,4053,1.6,8.4,47.3,Stable
M14949,4324,1.7,8.3,49.6,Stable
L47270,4991,2.0,8.0,58.4,Stable
L47271,5235,2.1,7.9,61.0,Stable
M14952,5119,2.0,8.0,57.6,Stable
L47273,4700,1.9,8.1,48.3,Stable
L47274,5134,2.1,7.9,54.1,Stable
M14955,4682,1.9,8.1,45.0,Stable
M14956,5265,2.1,7.9,52.5,Stable
M14957,5750,2.3,7.7,58.3,Stable
L47278,5443,2.2,7.8,51.0,Stable
L47279,5521,2.2,7.8,50.8,Stable
L47280,6269,2.5,7.5,61.7,Stable
L47281,6637,2.7,7.3,66.4,Stable
L47282,5855,2.3,7.7,51.8,Stable
M14963,5717,2.3,7.7,48.0,Stable
L47284,5870,2.3,7.7,48.3,Stable
L47285,6242,2.5,7.5,53.0,Stable
L47286,6040,2.4,7.6,48.2,Stable
M14967,6234,2.5,7.5,49.9,Stable
H29522,6617,2.6,7.4,54.0,Stable
L47289,6744,2.7,7.3,52.4,Declining
L47290,7434,3.0,7.0,62.4,Declining
H29525,6778,2.7,7.3,50.0,Declining
M14972,7001,2.8,7.2,49.9,Declining
M14973,7112,2.8,7.2,49.5,Declining
L47294,7635,3.1,6.9,56.0,Declining
L47295,7227,2.9,7.1,47.7,Declining
L47296,7583,3.0,7.0,52.1,Declining
L47297,7743,3.1,6.9,53.3,Declining
M14978,8049,3.2,6.8,56.9,Declining
L47299,7704,3.1,6.9,48.9,Declining
L47300,7726,3.1,6.9,47.8,Declining
L47301,8066,3.2,6.8,51.9,Declining
L47302,7660,3.1,6.9,43.7,Declining
L47303,8222,3.3,6.7,51.5,Declining
L47304,8674,3.5,6.5,57.6,Declining
L47305,8430,3.4,6.6,52.0,Declining
L47306,8058,3.2,6.8,44.3,Declining
L47307,8316,3.3,6.7,47.1,Declining
L47308,8754,3.5,6.5,52.9,Declining
L47309,8788,3.5,6.5,52.0,Declining
L47310,8706,3.5,6.5,49.1,Declining
L47311,9324,3.7,6.3,57.9,Declining
M14992,8822,3.5,6.5,48.0,Declining
M14993,8935,3.6,6.4,47.7,Declining
L47314,8948,3.6,6.4,45.6,Declining
M14995,9722,3.9,6.1,57.0,Declining
H29550,9275,3.7,6.3,47.3,Declining
L47317,9254,3.7,6.3,43.2,Declining
H29552,9648,3.9,6.1,48.3,Declining
L47319,9511,3.8,6.2,42.3,Declining
L47320,10087,4.0,6.0,50.4,Declining
L47321,10243,4.1,5.9,51.5,Declining
M15002,10801,4.3,5.7,59.3,Declining
H29557,10194,4.1,5.9,46.9,Declining
M15004,10387,4.2,5.8,46.4,Declining
L47325,10766,4.3,5.7,50.4,Declining
H29560,11054,4.4,5.6,53.7,Declining
L47327,11085,4.4,5.6,50.5,Declining
M15008,10903,4.4,5.6,46.0,Critical
L47329,11226,4.5,5.5,49.1,Critical
L47330,11214,4.5,5.5,47.4,Critical
M15011,11386,4.6,5.4,48.8,Critical
M15012,11763,4.7,5.3,52.8,Critical
L47333,12430,5.0,5.0,61.7,Critical
L47334,11876,4.8,5.2,50.9,Critical
H29569,12884,5.2,4.8,66.2,Critical
M15016,12125,4.8,5.2,49.8,Critical
H29571,12226,4.9,5.1,49.3,Critical
M15018,12493,5.0,5.0,50.0,Critical
L47339,12572,5.0,5.0,49.0,Critical
L47340,12284,4.9,5.1,42.7,Critical
L47341,12634,5.1,4.9,47.1,Critical
L47342,3172,1.3,8.7,52.9,Stable
M15023,3026,1.2,8.8,48.9,Stable
M15024,3105,1.2,8.8,48.0,Stable
L47345,3826,1.5,8.5,57.8,Stable
H29580,3674,1.5,8.5,53.7,Stable
H29581,3591,1.4,8.6,48.6,Stable
L47348,3766,1.5,8.5,47.8,Critical
L47349,3626,1.5,8.5,43.9,Stable
M15030,4300,1.7,8.3,53.7,Stable
L47351,4139,1.7,8.3,48.7,Stable
M15032,5153,2.1,7.9,64.1,Stable
M15033,4622,1.8,8.2,53.0,Stable
L47354,4187,1.7,8.3,43.5,Stable
L47355,4429,1.8,8.2,46.1,Stable
L47356,4991,2.0,8.0,53.9,Stable
L47357,5821,2.3,7.7,66.3,Stable
L47358,4807,1.9,8.1,47.9,Stable
L47359,4633,1.9,8.1,43.5,Stable
L47360,5065,2.0,8.0,49.2,Stable
H29595,5853,2.3,7.7,60.8,Stable
M15042,5114,2.0,8.0,44.7,Stable
L47363,5535,2.2,7.8,49.5,Stable
L47364,5989,2.4,7.6,55.6,Stable
L47365,5637,2.3,7.7,48.2,Stable
L47366,5437,2.2,7.8,43.4,Stable
L47367,5683,2.3,7.7,46.0,Stable
L47368,6227,2.5,7.5,53.5,Stable
M15049,6183,2.5,7.5,51.3,Stable
L47370,6194,2.5,7.5,49.2,Stable
L47371,6662,2.7,7.3,55.5,Stable
H29606,6216,2.5,7.5,46.6,Stable
H29607,7001,2.8,7.2,55.9,Declining
M15054,9226,3.7,6.3,89.3,Critical
L47375,6911,2.8,7.2,48.4,Declining
H29610,6959,2.8,7.2,47.7,Declining
M15057,7374,2.9,7.1,50.9,Declining
L47378,7631,3.1,6.9,52.9,Declining
L47379,7411,3.0,7.0,47.8,Declining
L47380,7853,3.1,6.9,53.6,Declining
L47381,7875,3.2,6.8,52.5,Declining
M15062,8087,3.2,6.8,54.5,Declining
L47383,7930,3.2,6.8,49.7,Declining
L47384,8522,3.4,6.6,58.0,Declining
M15065,7818,3.1,6.9,44.8,Declining
L47386,8483,3.4,6.6,53.6,Declining
M15067,8197,3.3,6.7,47.4,Critical
L47388,8672,3.5,6.5,53.0,Declining
L47389,8534,3.4,6.6,49.2,Declining
L47390,8716,3.5,6.5,50.8,Declining
L47391,8910,3.6,6.4,52.5,Declining
H29626,8538,3.4,6.6,44.8,Declining
L47393,8847,3.5,6.5,46.2,Declining
M15074,9343,3.7,6.3,53.0,Declining
L47395,9396,3.8,6.2,51.6,Declining
L47396,9388,3.8,6.2,50.0,Declining
L47397,9808,3.9,6.1,55.5,Declining
L47398,9464,3.8,6.2,48.2,Declining
M15079,9528,3.8,6.2,47.8,Declining
L47400,9627,3.9,6.1,47.2,Declining
H29635,10539,4.2,5.8,60.9,Declining
L47402,9718,3.9,6.1,43.5,Declining
L47403,10338,4.1,5.9,52.3,Declining
L47404,10458,4.2,5.8,52.8,Declining
L47405,10104,4.0,6.0,45.4,Declining
L47406,10128,4.1,5.9,44.3,Declining
L47407,10638,4.3,5.7,51.3,Declining
M15088,10908,4.4,5.6,54.3,Declining
L47409,10861,4.3,5.7,51.3,Declining
L47410,11015,4.4,5.6,52.3,Declining
L47411,10781,4.3,5.7,46.9,Declining
L47412,10903,4.4,5.6,47.5,Declining
L47413,11169,4.5,5.5,50.4,Critical
L47414,11191,4.5,5.5,49.3,Critical
M15095,11685,4.7,5.3,56.0,Critical
L47416,11450,4.6,5.4,49.8,Critical
M15097,11654,4.7,5.3,51.7,Critical
L47418,11471,4.6,5.4,46.4,Critical
L47419,11997,4.8,5.2,53.7,Critical
M15100,11543,4.6,5.4,44.6,Critical
L47421,12554,5.0,5.0,59.2,Critical
L47422,11786,4.7,5.3,44.9,Critical
L47423,12064,4.8,5.2,48.1,Critical
M15104,12060,4.8,5.2,46.5,Critical
M15105,12659,5.1,4.9,54.2,Critical
L47426,12710,5.1,4.9,52.8,Critical
L47427,12568,5.0,5.0,49.0,Critical
L47428,12444,5.0,5.0,45.4,Critical
L47429,12620,5.0,5.0,46.8,Critical
L47430,3324,1.3,8.7,55.4,Stable
M15111,3022,1.2,8.8,48.9,Stable
L47432,3465,1.4,8.6,54.0,Stable
L47433,3029,1.2,8.8,45.2,Stable
L47434,3433,1.4,8.6,50.5,Stable
L47435,3473,1.4,8.6,49.6,Stable
L47436,3247,1.3,8.7,44.4,Stable
L47437,3905,1.6,8.4,53.8,Stable
L47438,3729,1.5,8.5,49.4,Stable
M15119,3695,1.5,8.5,47.3,Critical
M15120,4034,1.6,8.4,50.7,Stable
L47441,4433,1.8,8.2,55.1,Stable
M15122,4687,1.9,8.1,57.9,Stable
M15123,4524,1.8,8.2,52.9,Stable
L47444,4265,1.7,8.3,46.3,Stable
L47445,4483,1.8,8.2,48.5,Stable
H29680,4545,1.8,8.2,48.0,Stable
L47447,5798,2.3,7.7,65.1,Stable
H29682,5580,2.2,7.8,60.0,Stable
L47449,5253,2.1,7.9,50.8,Stable
H29684,5335,2.1,7.9,50.7,Stable
M15131,5424,2.2,7.8,48.4,Stable
L47452,5623,2.2,7.8,49.5,Stable
L47453,5597,2.2,7.8,47.5,Stable
L47454,6139,2.5,7.5,55.1,Stable
L47455,5727,2.3,7.7,46.7,Stable
M15136,6515,2.6,7.4,58.3,Stable
H29691,6108,2.4,7.6,49.3,Stable
M15138,6615,2.6,7.4,54.0,Stable
L47459,7148,2.9,7.1,60.6,Stable
M15140,6512,2.6,7.4,48.5,Declining
L47461,6987,2.8,7.2,54.2,Declining
M15142,6605,2.6,7.4,46.3,Declining
L47463,6898,2.8,7.2,49.0,Declining
L47464,8152,3.3,6.7,68.4,Declining
L47465,7276,2.9,7.1,52.3,Declining
L47466,7408,3.0,7.0,53.0,Declining
L47467,7930,3.2,6.8,60.2,Declining
H29702,7180,2.9,7.1,46.2,Declining
L47469,7507,3.0,7.0,47.9,Declining
L47470,7601,3.0,7.0,47.9,Declining
L47471,7761,3.1,6.9,49.1,Declining
L47472,7575,3.0,7.0,44.5,Declining
H29707,7779,3.1,6.9,46.4,Declining
M15154,7964,3.2,6.8,45.7,Declining
M15155,8787,3.5,6.5,57.2,Declining
L47476,8280,3.3,6.7,46.5,Declining
L47477,9006,3.6,6.4,57.1,Declining
H29712,9928,4.0,6.0,71.0,Declining
M15159,9029,3.6,6.4,52.2,Declining
L47480,9274,3.7,6.3,54.1,Declining
L47481,9600,3.8,6.2,58.0,Declining
H29716,9234,3.7,6.3,50.4,Declining
M15163,9393,3.8,6.2,49.3,Declining
L47484,10044,4.0,6.0,57.9,Declining
L47485,10918,4.4,5.6,71.0,Declining
L47486,9498,3.8,6.2,45.8,Declining
M15167,9998,4.0,6.0,52.6,Declining
L47488,9585,3.8,6.2,43.5,Declining
M15169,9963,4.0,6.0,48.3,Declining
H29724,10252,4.1,5.9,50.9,Declining
M15171,10331,4.1,5.9,48.4,Declining
L47492,10496,4.2,5.8,48.9,Declining
L47493,10276,4.1,5.9,43.8,Declining
M15174,10340,4.1,5.9,43.3,Declining
L47495,11167,4.5,5.5,54.9,Declining
L47496,11393,4.6,5.4,57.1,Declining
L47497,11425,4.6,5.4,56.2,Declining
L47498,11169,4.5,5.5,50.4,Critical
L47499,11459,4.6,5.4,53.7,Critical
H29734,11425,4.6,5.4,51.7,Critical
L47501,11586,4.6,5.4,50.6,Critical
L47502,11536,4.6,5.4,48.3,Critical
L47503,11852,4.7,5.3,52.0,Critical
M15184,11796,4.7,5.3,49.6,Critical
L47505,12353,4.9,5.1,56.6,Critical
L47506,12047,4.8,5.2,50.0,Critical
L47507,11881,4.8,5.2,45.8,Critical
H29742,12631,5.1,4.9,56.8,Critical
H29743,12890,5.2,4.8,57.3,Critical
M15190,12471,5.0,5.0,46.6,Critical
M15191,12592,5.0,5.0,46.4,Critical
M15192,3076,1.2,8.8,51.3,Stable
L47513,3429,1.4,8.6,54.9,Stable
M15194,3163,1.3,8.7,49.0,Stable
L47515,3858,1.5,8.5,58.3,Stable
M15196,4440,1.8,8.2,66.5,Stable
L47517,4069,1.6,8.4,58.1,Stable
L47518,3801,1.5,8.5,52.1,Stable
M15199,4191,1.7,8.3,57.1,Stable
L47520,3848,1.5,8.5,49.1,Stable
M15201,4050,1.6,8.4,51.0,Stable
L47522,4067,1.6,8.4,49.0,Stable
L47523,3991,1.6,8.4,46.3,Stable
M15204,6201,2.5,7.5,81.6,Stable
L47525,4610,1.8,8.2,52.8,Stable
M15206,4448,1.8,8.2,48.6,Stable
L47527,4753,1.9,8.1,51.5,Stable
L47528,4989,2.0,8.0,53.9,Stable
L47529,5035,2.0,8.0,53.2,Stable
H29764,4735,1.9,8.1,46.7,Stable
M15211,5382,2.2,7.8,53.7,Stable
M15212,5309,2.1,7.9,50.2,Stable
H29767,5778,2.3,7.7,55.8,Stable
L47534,5971,2.4,7.6,55.3,Stable
L47535,5991,2.4,7.6,54.1,Stable
M15216,5631,2.3,7.7,46.6,Stable
L47537,6004,2.4,7.6,50.6,Stable
M15218,5994,2.4,7.6,48.9,Stable
M15219,6329,2.5,7.5,52.2,Stable
M15220,6372,2.5,7.5,50.7,Stable
L47541,6657,2.7,7.3,53.2,Stable
H29776,6835,2.7,7.3,54.7,Stable
L47543,6656,2.7,7.3,47.9,Declining
L47544,6684,2.7,7.3,46.9,Declining
L47545,6666,2.7,7.3,45.1,Declining
M15226,7154,2.9,7.1,51.7,Declining
M15227,7323,2.9,7.1,52.3,Declining
L47548,7298,2.9,7.1,49.6,Declining
H29783,7584,3.0,7.0,52.9,Declining
M15230,7879,3.2,6.8,54.1,Declining
L47551,7978,3.2,6.8,53.5,Declining
M15232,7670,3.1,6.9,46.8,Declining
L47553,7819,3.1,6.9,47.1,Declining
L47554,7947,3.2,6.8,47.7,Declining
L47555,8241,3.3,6.7,51.1,Declining
M15236,8067,3.2,6.8,46.7,Declining
M15237,8248,3.3,6.7,47.5,Declining
L47558,9043,3.6,6.4,58.5,Declining
L47559,9133,3.7,6.3,58.5,Declining
L47560,10843,4.3,5.7,85.5,Critical
L47561,8897,3.6,6.4,51.5,Declining
L47562,8565,3.4,6.6,44.5,Declining
M15243,9669,3.9,6.1,61.4,Declining
L47564,9544,3.8,6.2,57.1,Declining
M15245,9038,3.6,6.4,47.1,Declining
L47566,8983,3.6,6.4,44.0,Declining
L47567,8933,3.6,6.4,41.6,Declining
L47568,9435,3.8,6.2,48.5,Declining
M15249,9431,3.8,6.2,46.9,Declining
L47570,9670,3.9,6.1,48.7,Declining
L47571,9822,3.9,6.1,49.7,Declining
M15252,9910,4.0,6.0,49.7,Declining
M15253,9765,3.9,6.1,45.0,Declining
L47574,10256,4.1,5.9,50.9,Declining
L47575,10432,4.2,5.8,52.4,Declining
L47576,10360,4.1,5.9,49.7,Declining
M15257,11018,4.4,5.6,59.1,Declining
H29812,10609,4.2,5.8,50.1,Declining
L47579,10614,4.2,5.8,46.4,Declining
L47580,12120,4.8,5.2,70.0,Declining
L47581,11454,4.6,5.4,57.4,Declining
L47582,11456,4.6,5.4,55.9,Critical
L47583,10736,4.3,5.7,42.4,Critical
L47584,10874,4.3,5.7,43.2,Critical
L47585,11070,4.4,5.6,45.0,Critical
L47586,11338,4.5,5.5,48.0,Critical
M15267,11750,4.7,5.3,53.3,Critical
M15268,11553,4.6,5.4,47.8,Critical
L47589,11738,4.7,5.3,48.6,Critical
M15270,11854,4.7,5.3,49.1,Critical
L47591,11903,4.8,5.2,47.6,Critical
L47592,11911,4.8,5.2,46.3,Critical
L47593,12371,4.9,5.1,52.4,Critical
L47594,12491,5.0,5.0,52.9,Critical
L47595,12427,5.0,5.0,50.4,Critical
L47596,12485,5.0,5.0,49.8,Critical
L47597,12373,4.9,5.1,46.5,Critical
L47598,4302,1.7,8.3,71.7,Stable
M15279,3092,1.2,8.8,50.0,Stable
M15280,2827,1.1,8.9,43.4,Stable
M15281,3674,1.5,8.5,55.2,Stable
L47602,3161,1.3,8.7,44.4,Stable
L47603,3553,1.4,8.6,49.5,Stable
L47604,3535,1.4,8.6,47.7,Stable
M15285,4095,1.6,8.4,55.5,Stable
L47606,3902,1.6,8.4,50.0,Stable
M15287,3982,1.6,8.4,49.9,Stable
M15288,4315,1.7,8.3,53.2,Stable
L47609,3676,1.5,8.5,40.3,Stable
L47610,4542,1.8,8.2,53.2,Stable
L47611,4332,1.7,8.3,48.2,Stable
M15292,4462,1.8,8.2,48.9,Stable
M15293,5361,2.1,7.9,61.6,Stable
M15294,4768,1.9,8.1,49.5,Stable
L47615,4921,2.0,8.0,49.8,Stable
L47616,5033,2.0,8.0,50.1,Stable
L47617,5191,2.1,7.9,51.3,Stable
L47618,4887,2.0,8.0,44.7,Stable
M15299,5365,2.1,7.9,51.2,Stable
L47620,5208,2.1,7.9,46.3,Stable
H29855,5306,2.1,7.9,46.4,Stable
L47622,5543,2.2,7.8,46.6,Critical
H29857,5773,2.3,7.7,49.0,Stable
L47624,6224,2.5,7.5,52.7,Stable
L47625,6736,2.7,7.3,59.8,Stable
L47626,6144,2.5,7.5,48.4,Stable
M15307,6082,2.4,7.6,45.9,Stable
L47628,6569,2.6,7.4,51.7,Stable
L47629,6799,2.7,7.3,54.1,Stable
M15310,6483,2.6,7.4,47.3,Declining
H29865,6660,2.7,7.3,48.0,Declining
M15312,7291,2.9,7.1,54.8,Declining
L47633,7160,2.9,7.1,50.3,Declining
L47634,7166,2.9,7.1,48.9,Declining
L47635,7178,2.9,7.1,47.6,Declining
H29870,7366,2.9,7.1,49.3,Declining
L47637,7187,2.9,7.1,42.5,Declining
L47638,7697,3.1,6.9,49.5,Declining
L47639,7767,3.1,6.9,49.2,Declining
H29874,7767,3.1,6.9,47.7,Declining
L47641,7934,3.2,6.8,46.7,Declining
L47642,8086,3.2,6.8,47.8,Declining
L47643,11058,4.4,5.6,95.8,Critical
L47644,8422,3.4,6.6,50.4,Declining
M15325,8402,3.4,6.6,48.5,Declining
L47646,8725,3.5,6.5,51.7,Declining
L47647,10079,4.0,6.0,72.7,Declining
L47648,9043,3.6,6.4,54.0,Declining
M15329,9067,3.6,6.4,52.9,Declining
H29884,9028,3.6,6.4,50.0,Declining
H29885,9093,3.6,6.4,47.3,Declining
M15332,9474,3.8,6.2,49.9,Declining
M15333,9655,3.9,6.1,50.7,Declining
L47654,9706,3.9,6.1,49.3,Declining
L47655,9600,3.8,6.2,46.0,Declining
L47656,10070,4.0,6.0,52.3,Declining
H29891,9956,4.0,6.0,48.9,Declining
L47658,10911,4.4,5.6,61.1,Declining
M15339,9981,4.0,6.0,44.1,Declining
L47660,10636,4.3,5.7,52.8,Declining
M15341,10672,4.3,5.7,51.9,Declining
L47662,10791,4.3,5.7,51.6,Declining
L47663,10433,4.2,5.8,44.1,Declining
L47664,11011,4.4,5.6,52.3,Declining
M15345,11335,4.5,5.5,56.2,Declining
M15346,11264,4.5,5.5,52.7,Critical
M15347,11161,4.5,5.5,48.8,Critical
L47668,11538,4.6,5.4,52.8,Critical
M15349,11154,4.5,5.5,44.9,Critical
L47670,11513,4.6,5.4,48.6,Critical
L47671,11525,4.6,5.4,47.3,Critical
L47672,11583,4.6,5.4,46.8,Critical
L47673,11805,4.7,5.3,49.0,Critical
L47674,11607,4.6,5.4,44.2,Critical
H29909,11963,4.8,5.2,48.6,Critical
M15356,12330,4.9,5.1,51.0,Critical
L47677,12415,5.0,5.0,50.2,Critical
L47678,12717,5.1,4.9,53.7,Critical
L47679,12615,5.0,5.0,50.5,Critical
M15360,13283,5.3,4.7,60.1,Critical
M15361,12738,5.1,4.9,48.8,Critical
L47682,12725,5.1,4.9,46.3,Critical
M15363,2884,1.2,8.8,48.1,Stable
M15364,3193,1.3,8.7,51.0,Stable
L47685,3490,1.4,8.6,53.7,Stable
L47686,3446,1.4,8.6,51.4,Stable
H29921,3340,1.3,8.7,48.2,Stable
L47688,4461,1.8,8.2,63.1,Stable
M15369,3595,1.4,8.6,47.2,Stable
L47690,4028,1.6,8.4,52.1,Stable
L47691,3948,1.6,8.4,49.3,Stable
L47692,3932,1.6,8.4,47.5,Stable
L47693,4026,1.6,8.4,47.6,Stable
L47694,4500,1.8,8.2,54.0,Stable
L47695,4780,1.9,8.1,57.2,Stable
L47696,4904,2.0,8.0,57.7,Stable
M15377,4312,1.7,8.3,46.4,Stable
L47698,5513,2.2,7.8,64.1,Stable
M15379,5809,2.3,7.7,67.6,Stable
L47700,5124,2.0,8.0,53.9,Stable
L47701,4974,2.0,8.0,49.9,Stable
M15382,4966,2.0,8.0,48.3,Stable
L47703,5007,2.0,8.0,46.7,Stable
L47704,5535,2.2,7.8,54.0,Stable
L47705,5317,2.1,7.9,48.9,Stable
L47706,5221,2.1,7.9,45.8,Stable
M15387,5749,2.3,7.7,53.1,Stable
M15388,5806,2.3,7.7,51.8,Stable
L47709,5973,2.4,7.6,52.3,Stable
M15390,6343,2.5,7.5,57.0,Stable
L47711,6158,2.5,7.5,51.6,Stable
L47712,6036,2.4,7.6,48.1,Stable
L47713,6590,2.6,7.4,55.8,Stable
L47714,6576,2.6,7.4,54.1,Stable
H29949,6150,2.5,7.5,45.5,Stable
L47716,7163,2.9,7.1,58.6,Declining
H29951,6767,2.7,7.3,50.5,Declining
M15398,6958,2.8,7.2,50.0,Declining
M15399,7645,3.1,6.9,59.2,Declining
L47720,7176,2.9,7.1,49.1,Declining
L47721,6912,2.8,7.2,43.2,Declining
L47722,8016,3.2,6.8,60.1,Declining
H29957,7626,3.1,6.9,52.1,Declining
M15404,8387,3.4,6.6,61.0,Declining
L47725,8776,3.5,6.5,65.3,Declining
L47726,8568,3.4,6.6,60.3,Declining
M15407,8004,3.2,6.8,49.4,Declining
L47728,7839,3.1,6.9,44.4,Declining
L47729,8139,3.3,6.7,47.9,Declining
L47730,8751,3.5,6.5,56.6,Declining
L47731,7993,3.2,6.8,42.5,Declining
M15412,8779,3.5,6.5,54.1,Declining
M15413,8798,3.5,6.5,52.1,Declining
H29968,8541,3.4,6.6,45.6,Declining
M15415,9108,3.6,6.4,51.3,Declining
L47736,8879,3.6,6.4,45.2,Declining
M15417,9121,3.6,6.4,47.8,Declining
L47738,9690,3.9,6.1,55.0,Declining
L47739,9486,3.8,6.2,50.1,Declining
L47740,9206,3.7,6.3,43.9,Declining
M15421,10016,4.0,6.0,55.9,Declining
L47742,9943,4.0,6.0,52.5,Declining
L47743,9943,4.0,6.0,51.0,Declining
H29978,10313,4.1,5.9,55.6,Declining
H29979,10340,4.1,5.9,52.3,Declining
M15426,10507,4.2,5.8,51.4,Declining
M15427,10920,4.4,5.6,56.0,Declining
L47748,11565,4.6,5.4,64.5,Declining
M15429,10977,4.4,5.6,53.2,Declining
L47750,10916,4.4,5.6,49.9,Declining
M15431,11362,4.5,5.5,55.9,Declining
L47752,10847,4.3,5.7,45.0,Critical
L47753,11179,4.5,5.5,49.1,Critical
M15434,11203,4.5,5.5,48.0,Critical
M15435,11280,4.5,5.5,47.0,Critical
H29990,11475,4.6,5.4,48.0,Critical
L47757,12002,4.8,5.2,53.0,Critical
L47758,11976,4.8,5.2,51.1,Critical
M15439,12400,5.0,5.0,56.7,Critical
M15440,12731,5.1,4.9,59.9,Critical
L47761,12058,4.8,5.2,46.5,Critical
L47762,12042,4.8,5.2,44.7,Critical
H29997,12844,5.1,4.9,56.6,Critical
H29998,12513,5.0,5.0,47.3,Critical
L47765,13902,5.6,4.4,66.7,Critical
L47766,12992,5.2,4.8,50.0,Critical
H30001,13326,5.3,4.7,54.1,Critical
L47768,13561,5.4,4.6,54.3,Critical
L47769,13377,5.4,4.6,49.7,Critical
L47770,13519,5.4,4.6,50.6,Critical
H30005,13625,5.4,4.6,50.8,Critical
H30006,14136,5.7,4.3,55.6,Critical
L47773,2624,1.0,9.0,43.7,Stable
H30008,2646,1.1,8.9,42.6,Stable
M15455,2975,1.2,8.8,44.3,Stable
M15456,3510,1.4,8.6,51.0,Stable
H30011,3441,1.4,8.6,47.6,Stable
L47778,3770,1.5,8.5,49.3,Stable
H30013,4132,1.7,8.3,53.9,Stable
L47780,4219,1.7,8.3,51.6,Stable
L47781,5603,2.2,7.8,73.1,Stable
L47782,5305,2.1,7.9,66.7,Stable
L47783,4067,1.6,8.4,44.5,Critical
L47784,4569,1.8,8.2,51.4,Stable
M15465,4961,2.0,8.0,56.4,Stable
L47786,4632,1.9,8.1,48.7,Stable
M15467,4930,2.0,8.0,52.2,Stable
L47788,4741,1.9,8.1,46.8,Stable
L47789,5283,2.1,7.9,54.3,Stable
L47790,5183,2.1,7.9,51.1,Stable
L47791,5311,2.1,7.9,51.8,Stable
L47792,5421,2.2,7.8,52.1,Stable
L47793,5653,2.3,7.7,54.5,Stable
M15474,5365,2.1,7.9,48.2,Stable
L47795,5894,2.4,7.6,54.7,Stable
H30030,6072,2.4,7.6,56.2,Stable
M15477,5711,2.3,7.7,46.4,Stable
H30032,5926,2.4,7.6,47.8,Stable
L47799,6299,2.5,7.5,50.2,Stable
M15480,6153,2.5,7.5,46.3,Stable
L47801,6326,2.5,7.5,46.9,Stable
M15482,7050,2.8,7.2,57.5,Declining
L47803,7587,3.0,7.0,64.2,Declining
H30038,6843,2.7,7.3,50.3,Declining
L47805,7140,2.9,7.1,51.5,Declining
L47806,7206,2.9,7.1,51.1,Declining
L47807,7140,2.9,7.1,48.5,Declining
M15488,6990,2.8,7.2,44.5,Declining
L47809,7501,3.0,7.0,50.8,Declining
L47810,7465,3.0,7.0,48.7,Declining
L47811,7743,3.1,6.9,51.8,Declining
H30046,7563,3.0,7.0,47.3,Declining
L47813,7834,3.1,6.9,48.1,Declining
L47814,8054,3.2,6.8,50.2,Declining
L47815,8846,3.5,6.5,61.9,Declining
L47816,8146,3.3,6.7,48.8,Declining
L47817,8480,3.4,6.6,52.8,Declining
L47818,8472,3.4,6.6,51.2,Declining
L47819,8296,3.3,6.7,46.8,Declining
M15500,8610,3.4,6.6,50.5,Declining
L47821,8495,3.4,6.6,46.3,Declining
M15502,8257,3.3,6.7,40.9,Declining
M15503,8930,3.6,6.4,49.8,Declining
H30058,9291,3.7,6.3,53.6,Declining
L47825,9084,3.6,6.4,46.4,Declining
M15506,9312,3.7,6.3,48.7,Declining
L47827,9643,3.9,6.1,52.0,Declining
H30062,9415,3.8,6.2,46.7,Declining
M15509,10304,4.1,5.9,57.7,Declining
L47830,10197,4.1,5.9,53.7,Declining
L47831,10071,4.0,6.0,50.1,Declining
L47832,9937,4.0,6.0,46.4,Declining
L47833,11275,4.5,5.5,67.2,Declining
L47834,10701,4.3,5.7,56.1,Declining
L47835,10295,4.1,5.9,47.8,Declining
M15516,10979,4.4,5.6,57.7,Declining
L47837,10380,4.2,5.8,45.5,Declining
L47838,10864,4.3,5.7,52.1,Declining
L47839,10728,4.3,5.7,48.3,Declining
M15520,11320,4.5,5.5,56.7,Declining
M15521,10909,4.4,5.6,47.6,Declining
M15522,11148,4.5,5.5,49.3,Critical
L47843,11263,4.5,5.5,49.0,Critical
L47844,11195,4.5,5.5,46.3,Critical
L47845,11963,4.8,5.2,57.6,Critical
L47846,11535,4.6,5.4,49.0,Critical
L47847,11603,4.6,5.4,48.6,Critical
L47848,12251,4.9,5.1,57.9,Critical
H30083,11807,4.7,5.3,49.0,Critical
L47850,12734,5.1,4.9,60.7,Critical
L47851,12288,4.9,5.1,51.8,Critical
M15532,12136,4.9,5.1,47.8,Critical
L47853,12303,4.9,5.1,48.3,Critical
L47854,2912,1.2,8.8,48.5,Stable
M15535,2938,1.2,8.8,47.5,Stable
H30090,3379,1.4,8.6,52.6,Stable
L47857,3406,1.4,8.6,49.3,Stable
M15538,3130,1.3,8.7,43.2,Stable
L47859,3419,1.4,8.6,45.7,Stable
M15540,3629,1.5,8.5,47.7,Stable
M15541,4212,1.7,8.3,55.2,Stable
H30096,3855,1.5,8.5,47.0,Stable
L47863,5008,2.0,8.0,62.5,Stable
L47864,4426,1.8,8.2,51.3,Stable
M15545,4712,1.9,8.1,54.5,Stable
M15546,4583,1.8,8.2,50.1,Stable
M15547,4772,1.9,8.1,51.0,Stable
H30102,5315,2.1,7.9,57.8,Stable
H30103,4778,1.9,8.1,45.1,Stable
H30104,5121,2.0,8.0,47.1,Stable
L47871,5646,2.3,7.7,52.1,Stable
L47872,5568,2.2,7.8,49.3,Stable
L47873,5654,2.3,7.7,49.2,Stable
L47874,5578,2.2,7.8,46.5,Stable
L47875,5854,2.3,7.7,49.6,Stable
M15556,6600,2.6,7.4,60.5,Stable
M15557,6011,2.4,7.6,48.4,Stable
L47878,6318,2.5,7.5,51.3,Stable
H30113,6162,2.5,7.5,47.2,Stable
M15560,6921,2.8,7.2,56.1,Stable
L47881,6720,2.7,7.3,50.5,Declining
M15562,6842,2.7,7.3,51.0,Declining
H30117,6873,2.7,7.3,49.3,Declining
L47884,7172,2.9,7.1,50.5,Declining
L47885,7244,2.9,7.1,50.2,Declining
M15566,7188,2.9,7.1,47.8,Declining
L47887,8131,3.3,6.7,61.3,Declining
M15568,7377,3.0,7.0,47.2,Declining
M15569,7394,3.0,7.0,45.2,Declining
M15570,8209,3.3,6.7,56.6,Declining
L47891,7836,3.1,6.9,48.1,Declining
L47892,7946,3.2,6.8,48.4,Declining
L47893,8008,3.2,6.8,48.0,Declining
L47894,8438,3.4,6.6,53.6,Declining
L47895,7958,3.2,6.8,44.1,Declining
H30130,8240,3.3,6.7,47.3,Declining
L47897,8715,3.5,6.5,51.5,Declining
L47898,8669,3.5,6.5,49.2,Declining
L47899,8699,3.5,6.5,48.2,Declining
L47900,9513,3.8,6.2,60.3,Declining
L47901,9377,3.8,6.2,56.5,Declining
L47902,8929,3.6,6.4,47.6,Declining
M15583,9165,3.7,6.3,50.0,Declining
L47904,9080,3.6,6.4,46.3,Declining
L47905,9670,3.9,6.1,54.7,Declining
M15586,9736,3.9,6.1,54.3,Declining
H30141,9613,3.8,6.2,50.0,Declining
M15588,9690,3.9,6.1,47.5,Declining
L47909,10147,4.1,5.9,52.9,Declining
M15590,10007,4.0,6.0,49.0,Declining
M15591,10062,4.0,6.0,47.7,Declining
L47912,11183,4.5,5.5,64.1,Declining
M15593,10267,4.1,5.9,47.4,Declining
H30148,10170,4.1,5.9,43.5,Declining
L47915,10899,4.4,5.6,51.9,Declining
L47916,10985,4.4,5.6,51.8,Declining
H30151,10913,4.4,5.6,49.1,Declining
L47918,11202,4.5,5.5,50.2,Critical
L47919,11060,4.4,5.6,46.3,Critical
M15600,11270,4.5,5.5,48.3,Critical
L47921,11531,4.6,5.4,50.4,Critical
L47922,11881,4.8,5.2,54.8,Critical
L47923,11407,4.6,5.4,45.4,Critical
L47924,11675,4.7,5.3,48.3,Critical
L47925,11767,4.7,5.3,48.4,Critical
L47926,11533,4.6,5.4,43.0,Critical
L47927,11757,4.7,5.3,45.2,Critical
H30162,12191,4.9,5.1,50.9,Critical
L47929,13316,5.3,4.7,65.9,Critical
L47930,12520,5.0,5.0,51.2,Critical
M15611,13226,5.3,4.7,61.4,Critical
L47932,12519,5.0,5.0,47.4,Critical
L47933,12837,5.1,4.9,51.2,Critical
M15614,12821,5.1,4.9,49.4,Critical
H30169,12974,5.2,4.8,49.7,Critical
L47936,13383,5.4,4.6,52.8,Critical
L47937,13415,5.4,4.6,51.8,Critical
L47938,13389,5.4,4.6,49.9,Critical
M15619,13559,5.4,4.6,51.2,Critical
L47940,13630,5.5,4.5,50.2,Critical
L47941,14002,5.6,4.4,54.9,Critical
M15622,2572,1.0,9.0,42.9,Stable
L47943,2935,1.2,8.8,46.7,Stable
L47944,2899,1.2,8.8,44.6,Stable
L47945,2979,1.2,8.8,44.4,Stable
L47946,3527,1.4,8.6,52.0,Stable
L47947,3587,1.4,8.6,51.5,Stable
L47948,4011,1.6,8.4,57.1,Stable
L47949,3361,1.3,8.7,44.8,Stable
L47950,3547,1.4,8.6,46.4,Stable
H30185,3477,1.4,8.6,43.7,Stable
H30186,3986,1.6,8.4,48.4,Stable
L47953,4325,1.7,8.3,50.3,Stable
L47954,4291,1.7,8.3,48.3,Stable
L47955,4391,1.8,8.2,48.4,Stable
L47956,4511,1.8,8.2,48.9,Stable
L47957,4429,1.8,8.2,46.1,Stable
L47958,4915,2.0,8.0,52.7,Stable
L47959,5177,2.1,7.9,55.5,Stable
M15640,4753,1.9,8.1,47.0,Stable
L47961,5420,2.2,7.8,55.8,Stable
L47962,5556,2.2,7.8,56.6,Stable
H30197,5408,2.2,7.8,52.6,Stable
L47964,5961,2.4,7.6,58.1,Stable
M15645,5559,2.2,7.8,49.9,Stable
L47966,6182,2.5,7.5,58.0,Stable
L47967,5660,2.3,7.7,47.8,Stable
M15648,5760,2.3,7.7,48.0,Stable
M15649,6297,2.5,7.5,54.7,Stable
L47970,5990,2.4,7.6,47.3,Stable
L47971,6462,2.6,7.4,53.7,Stable
L47972,6076,2.4,7.6,45.8,Stable
M15653,6786,2.7,7.3,56.1,Stable
H30208,6649,2.7,7.3,51.6,Stable
L47975,6990,2.8,7.2,53.5,Declining
M15656,7890,3.2,6.8,67.0,Declining
L47977,7135,2.9,7.1,52.2,Declining
M15658,7751,3.1,6.9,60.9,Declining
M15659,7388,3.0,7.0,52.6,Declining
M15660,8129,3.3,6.7,62.7,Declining
L47981,7070,2.8,7.2,42.8,Declining
L47982,7732,3.1,6.9,52.4,Declining
H30217,7778,3.1,6.9,51.6,Declining
M15664,7993,3.2,6.8,51.5,Declining
M15665,7864,3.1,6.9,47.1,Declining
M15666,8019,3.2,6.8,47.4,Declining
L47987,9044,3.6,6.4,62.2,Declining
L47988,8248,3.3,6.7,47.5,Declining
L47989,8394,3.4,6.6,48.4,Declining
L47990,8680,3.5,6.5,51.7,Declining
L47991,8846,3.5,6.5,52.9,Declining
L47992,8436,3.4,6.6,44.6,Declining
L47993,8876,3.6,6.4,50.4,Declining
M15674,8880,3.6,6.4,49.0,Declining
M15675,9107,3.6,6.4,50.5,Declining
L47996,9078,3.6,6.4,47.8,Declining
L47997,9036,3.6,6.4,45.6,Declining
L47998,8998,3.6,6.4,43.5,Declining
L47999,9276,3.7,6.3,46.6,Declining
L48000,9602,3.8,6.2,50.5,Declining
L48001,9608,3.8,6.2,49.1,Declining
M15682,9844,3.9,6.1,51.6,Declining
M15683,9849,3.9,6.1,49.4,Declining
L48004,9892,4.0,6.0,47.9,Declining
L48005,10058,4.0,6.0,49.1,Declining
L48006,10162,4.1,5.9,49.4,Declining
L48007,10292,4.1,5.9,50.0,Declining
L48008,10512,4.2,5.8,52.2,Declining
L48009,10628,4.3,5.7,52.6,Declining
L48010,10822,4.3,5.7,54.4,Declining
M15691,10738,4.3,5.7,51.5,Declining
L48012,10827,4.3,5.7,50.7,Declining
L48013,11107,4.4,5.6,53.9,Declining
H30248,10631,4.3,5.7,44.4,Declining
M15695,11256,4.5,5.5,51.1,Critical
L48016,11061,4.4,5.6,45.6,Critical
L48017,11345,4.5,5.5,48.8,Critical
H30252,11317,4.5,5.5,46.9,Critical
M15699,11860,4.7,5.3,52.2,Critical
L48020,12029,4.8,5.2,52.7,Critical
L48021,11833,4.7,5.3,48.0,Critical
M15702,12177,4.9,5.1,52.2,Critical
L48023,12150,4.9,5.1,49.5,Critical
L48024,12402,5.0,5.0,52.2,Critical
L48025,12238,4.9,5.1,48.0,Critical
M15706,12282,4.9,5.1,47.2,Critical
L48027,15251,6.1,3.9,94.4,Critical
L48028,12605,5.0,5.0,48.8,Critical
H30263,3172,1.3,8.7,52.9,Stable
L48030,3359,1.3,8.7,52.2,Stable
M15711,3093,1.2,8.8,46.3,Stable
M15712,3186,1.3,8.7,45.6,Stable
L48033,3473,1.4,8.6,48.1,Stable
M15714,3671,1.5,8.5,49.9,Stable
L48035,4040,1.6,8.4,53.8,Stable
L48036,4696,1.9,8.1,63.3,Stable
M15717,3690,1.5,8.5,45.0,Stable
M15718,4157,1.7,8.3,50.5,Stable
H30273,4344,1.7,8.3,51.4,Stable
H30274,4567,1.8,8.2,51.4,Stable
M15721,5612,2.2,7.8,65.0,Stable
H30276,5135,2.1,7.9,54.8,Stable
L48043,4902,2.0,8.0,47.2,Stable
M15724,6248,2.5,7.5,68.1,Stable
L48045,5123,2.0,8.0,47.1,Stable
L48046,5741,2.3,7.7,55.9,Stable
H30281,5663,2.3,7.7,53.1,Stable
M15728,5728,2.3,7.7,50.5,Stable
L48049,5551,2.2,7.8,45.3,Stable
L48050,5575,2.2,7.8,44.2,Stable
L48051,5693,2.3,7.7,44.6,Stable
M15732,5775,2.3,7.7,44.5,Stable
L48053,7024,2.8,7.2,63.1,Stable
L48054,6480,2.6,7.4,52.5,Stable
M15735,6308,2.5,7.5,48.1,Stable
L48056,7385,3.0,7.0,63.8,Stable
M15737,6813,2.7,7.3,52.8,Declining
M15738,7150,2.9,7.1,56.2,Declining
L48059,6589,2.6,7.4,44.6,Declining
M15740,6475,2.6,7.4,41.2,Critical
L48061,7068,2.8,7.2,48.8,Declining
M15742,7708,3.1,6.9,58.0,Declining
L48063,7345,2.9,7.1,49.7,Declining
L48064,7167,2.9,7.1,45.2,Declining
L48065,7339,2.9,7.1,46.6,Declining
L48066,7551,3.0,7.0,48.6,Declining
H30301,9047,3.6,6.4,72.0,Declining
M15748,8252,3.3,6.7,55.0,Declining
L48069,7863,3.1,6.9,46.3,Declining
L48070,7915,3.2,6.8,45.7,Declining
L48071,8081,3.2,6.8,46.9,Declining
L48072,8041,3.2,6.8,44.8,Declining
M15753,8291,3.3,6.7,47.4,Declining
L48074,8432,3.4,6.6,47.5,Declining
M15755,8540,3.4,6.6,47.8,Declining
L48076,8951,3.6,6.4,52.4,Declining
L48077,9119,3.6,6.4,53.7,Declining
L48078,8877,3.6,6.4,48.2,Declining
H30313,8733,3.5,6.5,44.3,Declining
L48080,9438,3.8,6.2,52.3,Declining
H30315,8902,3.6,6.4,41.9,Declining
L48082,9381,3.8,6.2,46.1,Declining
L48083,11245,4.5,5.5,75.7,Critical
H30318,9711,3.9,6.1,48.6,Declining
L48085,9968,4.0,6.0,49.1,Declining
M15766,10034,4.0,6.0,48.7,Declining
M15767,10583,4.2,5.8,55.6,Declining
M15768,11024,4.4,5.6,60.7,Declining
L48089,10427,4.2,5.8,48.5,Declining
L48090,10697,4.3,5.7,51.5,Declining
M15771,10675,4.3,5.7,49.7,Declining
L48092,10968,4.4,5.6,52.3,Declining
L48093,11162,4.5,5.5,54.0,Declining
M15774,11046,4.4,5.6,50.6,Declining
M15775,11197,4.5,5.5,50.9,Critical
M15776,11458,4.6,5.4,53.0,Critical
L48097,11365,4.5,5.5,49.2,Critical
M15778,11451,4.6,5.4,49.1,Critical
L48099,11454,4.6,5.4,46.9,Critical
M15780,11766,4.7,5.3,50.6,Critical
H30335,12051,4.8,5.2,53.1,Critical
M15782,11850,4.7,5.3,46.0,Critical
M15783,12071,4.8,5.2,47.4,Critical
L48104,12960,5.2,4.8,60.0,Critical
H30339,12696,5.1,4.9,54.1,Critical
L48106,12419,5.0,5.0,45.7,Critical
H30341,2792,1.1,8.9,46.5,Stable
L48108,4123,1.6,8.4,65.0,Stable
L48109,3153,1.3,8.7,47.3,Stable
M15790,3311,1.3,8.7,48.4,Stable
L48111,3624,1.4,8.6,51.4,Stable
L48112,3356,1.3,8.7,45.4,Stable
L48113,3914,1.6,8.4,53.2,Stable
M15794,3462,1.4,8.6,44.2,Stable
M15795,4227,1.7,8.3,54.7,Stable
M15796,3916,1.6,8.4,47.3,Stable
L48117,3741,1.5,8.5,42.1,Stable
L48118,4951,2.0,8.0,60.8,Stable
L48119,4371,1.7,8.3,49.6,Stable
L48120,4371,1.7,8.3,48.1,Stable
L48121,4875,2.0,8.0,55.0,Stable
M15802,4589,1.8,8.2,48.7,Stable
M15803,4754,1.9,8.1,49.2,Stable
M15804,5359,2.1,7.9,57.1,Stable
M15805,4764,1.9,8.1,44.9,Stable
L48126,4779,1.9,8.1,42.9,Stable
L48127,5151,2.1,7.9,47.6,Stable
M15808,5237,2.1,7.9,47.5,Stable
L48129,5792,2.3,7.7,54.5,Stable
L48130,5458,2.2,7.8,47.5,Stable
H30365,5718,2.3,7.7,50.3,Stable
L48132,5821,2.3,7.7,48.3,Stable
L48133,6315,2.5,7.5,55.0,Stable
H30368,5933,2.4,7.6,47.1,Stable
L48135,7152,2.9,7.1,63.7,Stable
H30370,6684,2.7,7.3,54.4,Stable
M15817,6419,2.6,7.4,46.2,Declining
L48138,6578,2.6,7.4,46.6,Declining
L48139,6880,2.8,7.2,50.2,Declining
L48140,7028,2.8,7.2,51.1,Declining
L48141,7036,2.8,7.2,49.8,Declining
M15822,7100,2.8,7.2,49.3,Declining
L48143,7517,3.0,7.0,54.0,Declining
L48144,7839,3.1,6.9,57.9,Declining
L48145,7471,3.0,7.0,50.3,Declining
M15826,7827,3.1,6.9,54.7,Declining
M15827,7744,3.1,6.9,51.1,Declining
L48148,7909,3.2,6.8,51.6,Declining
L48149,7729,3.1,6.9,47.1,Declining
L48150,8131,3.3,6.7,52.3,Declining
L48151,8199,3.3,6.7,51.9,Declining
L48152,8463,3.4,6.6,54.8,Declining
L48153,8623,3.4,6.6,56.0,Declining
L48154,8377,3.4,6.6,50.4,Declining
M15835,8701,3.5,6.5,54.3,Declining
M15836,8364,3.3,6.7,46.4,Declining
L48157,9549,3.8,6.2,63.9,Declining
M15838,8857,3.5,6.5,50.9,Declining
L48159,8718,3.5,6.5,46.3,Declining
L48160,8848,3.5,6.5,47.0,Declining
L48161,9430,3.8,6.2,55.2,Declining
L48162,9242,3.7,6.3,50.5,Declining
L48163,9352,3.7,6.3,50.9,Declining
L48164,9228,3.7,6.3,47.3,Declining
L48165,9976,4.0,6.0,58.3,Declining
H30400,9846,3.9,6.1,54.6,Declining
M15847,9863,3.9,6.1,51.1,Declining
H30402,10478,4.2,5.8,59.1,Declining
M15849,11393,4.6,5.4,70.6,Declining
L48170,10118,4.0,6.0,47.1,Declining
M15851,10426,4.2,5.8,50.8,Declining
L48172,10817,4.3,5.7,55.0,Declining
M15853,10575,4.2,5.8,49.5,Declining
M15854,10076,4.0,6.0,38.9,Declining
L48175,11007,4.4,5.6,52.2,Declining
M15856,10537,4.2,5.8,42.9,Declining
M15857,10992,4.4,5.6,48.2,Critical
M15858,12377,5.0,5.0,69.0,Critical
L48179,11490,4.6,5.4,52.0,Critical
L48180,11768,4.7,5.3,55.1,Critical
L48181,11874,4.7,5.3,55.4,Critical
L48182,11932,4.8,5.2,54.9,Critical
L48183,11618,4.6,5.4,48.1,Critical
H30418,11668,4.7,5.3,47.5,Critical
L48185,11809,4.7,5.3,46.1,Critical
L48186,11961,4.8,5.2,47.1,Critical
M15867,3266,1.3,8.7,54.4,Stable
L48188,3017,1.2,8.8,48.0,Stable
M15869,2995,1.2,8.8,46.2,Stable
M15870,3464,1.4,8.6,51.7,Stable
M15871,3397,1.4,8.6,48.4,Stable
M15872,3496,1.4,8.6,47.8,Stable
M15873,4003,1.6,8.4,54.0,Stable
L48194,3790,1.5,8.5,48.2,Stable
L48195,3702,1.5,8.5,45.2,Stable
M15876,3718,1.5,8.5,44.0,Critical
L48197,4489,1.8,8.2,54.6,Stable
L48198,3887,1.6,8.4,43.0,Stable
L48199,4191,1.7,8.3,46.6,Stable
L48200,4229,1.7,8.3,45.7,Stable
M15881,4483,1.8,8.2,48.5,Stable
L48202,4740,1.9,8.1,50.5,Stable
L48203,5562,2.2,7.8,62.7,Stable
L48204,5312,2.1,7.9,57.0,Stable
L48205,4930,2.0,8.0,49.2,Stable
L48206,5094,2.0,8.0,50.4,Stable
M15887,4830,1.9,8.1,44.5,Stable
L48208,5239,2.1,7.9,49.1,Stable
M15889,5339,2.1,7.9,49.2,Stable
L48210,6040,2.4,7.6,58.7,Stable
L48211,5708,2.3,7.7,51.6,Stable
L48212,5996,2.4,7.6,54.9,Stable
H30447,5902,2.4,7.6,51.9,Stable
M15894,6931,2.8,7.2,65.3,Stable
L48215,5956,2.4,7.6,46.8,Stable
M15896,6608,2.6,7.4,56.1,Stable
H30451,6567,2.6,7.4,53.2,Stable
L48218,6596,2.6,7.4,49.9,Declining
L48219,6738,2.7,7.3,50.8,Declining
L48220,6784,2.7,7.3,50.1,Declining
L48221,7488,3.0,7.0,60.3,Declining
L48222,7044,2.8,7.2,51.4,Declining
L48223,6912,2.8,7.2,47.7,Declining
L48224,7164,2.9,7.1,50.4,Declining
H30459,7036,2.8,7.2,46.8,Declining
L48226,7117,2.8,7.2,44.4,Declining
M15907,7493,3.0,7.0,49.1,Declining
L48228,7894,3.2,6.8,53.6,Declining
L48229,7600,3.0,7.0,47.2,Declining
L48230,8202,3.3,6.7,55.7,Declining
L48231,8062,3.2,6.8,51.9,Declining
L48232,8894,3.6,6.4,64.2,Declining
M15913,8324,3.3,6.7,53.2,Declining
H30468,8519,3.4,6.6,54.2,Declining
L48235,8450,3.4,6.6,49.3,Declining
L48236,8710,3.5,6.5,52.2,Declining
L48237,8816,3.5,6.5,52.4,Declining
L48238,8970,3.6,6.4,53.5,Declining
M15919,9598,3.8,6.2,62.5,Declining
H30474,8833,3.5,6.5,47.5,Declining
L48241,9050,3.6,6.4,47.3,Declining
L48242,9044,3.6,6.4,45.7,Declining
M15923,9718,3.9,6.1,55.5,Declining
M15924,9343,3.7,6.3,47.0,Declining
L48245,10096,4.0,6.0,57.3,Declining
M15926,9838,3.9,6.1,51.5,Declining
L48247,9817,3.9,6.1,48.9,Declining
L48248,9763,3.9,6.1,46.5,Declining
M15929,10745,4.3,5.7,61.3,Declining
M15930,10154,4.1,5.9,49.2,Declining
L48251,10185,4.1,5.9,47.5,Declining
M15932,10253,4.1,5.9,47.1,Declining
L48253,10388,4.2,5.8,47.1,Declining
L48254,10840,4.3,5.7,53.2,Declining
H30489,10430,4.2,5.8,44.8,Declining
L48256,11271,4.5,5.5,55.1,Declining
L48257,11149,4.5,5.5,51.6,Declining
H30492,11457,4.6,5.4,55.2,Critical
L48259,11832,4.7,5.3,57.7,Critical
L48260,12008,4.8,5.2,59.1,Critical
L48261,11592,4.6,5.4,50.7,Critical
H30496,11480,4.6,5.4,47.3,Critical
L48263,12231,4.9,5.1,56.1,Critical
M15944,11951,4.8,5.2,49.9,Critical
L48265,11860,4.7,5.3,46.2,Critical
L48266,12090,4.8,5.2,48.5,Critical
H30501,12368,4.9,5.1,51.6,Critical
M15948,2784,1.1,8.9,46.4,Stable
M15949,4151,1.7,8.3,66.9,Stable
L48270,3198,1.3,8.7,48.8,Stable
L48271,3254,1.3,8.7,48.2,Stable
M15952,3820,1.5,8.5,56.2,Stable
M15953,3471,1.4,8.6,48.1,Stable
L48274,3428,1.4,8.6,45.1,Stable
L48275,6252,2.5,7.5,90.7,Critical
L48276,4260,1.7,8.3,56.0,Stable
H30511,3784,1.5,8.5,46.6,Stable
M15958,4257,1.7,8.3,50.7,Stable
M15959,4294,1.7,8.3,49.1,Stable
H30514,4875,2.0,8.0,56.5,Stable
H30515,4924,2.0,8.0,53.6,Stable
L48282,4629,1.9,8.1,44.9,Stable
M15963,5105,2.0,8.0,51.3,Stable
L48284,4938,2.0,8.0,46.3,Stable
M15965,5718,2.3,7.7,57.8,Stable
L48286,5465,2.2,7.8,51.3,Stable
M15967,5505,2.2,7.8,50.5,Stable
L48288,5618,2.2,7.8,50.1,Stable
L48289,5814,2.3,7.7,51.9,Stable
L48290,5374,2.1,7.9,43.1,Stable
H30525,5744,2.3,7.7,47.7,Stable
M15972,5805,2.3,7.7,45.0,Stable
M15973,6820,2.7,7.3,59.7,Stable
H30528,6455,2.6,7.4,51.3,Stable
M15975,7754,3.1,6.9,69.2,Declining
L48296,6709,2.7,7.3,49.6,Declining
L48297,6871,2.7,7.3,50.8,Declining
L48298,6801,2.7,7.3,48.1,Declining
L48299,6685,2.7,7.3,44.7,Declining
H30534,7403,3.0,7.0,55.1,Declining
L48301,7238,2.9,7.1,48.6,Declining
L48302,7492,3.0,7.0,51.4,Declining
H30537,7272,2.9,7.1,46.2,Critical
M15984,7241,2.9,7.1,41.9,Critical
M15985,7610,3.0,7.0,45.8,Declining
L48306,8407,3.4,6.6,56.9,Declining
M15987,8429,3.4,6.6,55.7,Declining
M15988,8906,3.6,6.4,61.4,Declining
L48309,8735,3.5,6.5,56.3,Declining
L48310,8271,3.3,6.7,47.1,Declining
L48311,8513,3.4,6.6,49.6,Declining
L48312,8167,3.3,6.7,42.4,Declining
M15993,8551,3.4,6.6,47.3,Declining
M15994,8702,3.5,6.5,47.5,Declining
L48315,9055,3.6,6.4,51.2,Declining
L48316,9189,3.7,6.3,51.9,Declining
L48317,9471,3.8,6.2,55.1,Declining
L48318,9125,3.6,6.4,47.8,Declining
M15999,9483,3.8,6.2,52.3,Declining
M16000,9250,3.7,6.3,46.2,Declining
L48321,9885,4.0,6.0,54.5,Declining
L48322,9551,3.8,6.2,47.4,Declining
L48323,9753,3.9,6.1,49.3,Declining
L48324,9477,3.8,6.2,43.2,Critical
L48325,10081,4.0,6.0,51.8,Declining
L48326,10123,4.0,6.0,51.0,Declining
M16007,10535,4.2,5.8,56.3,Declining
L48328,9986,4.0,6.0,44.9,Declining
L48329,10272,4.1,5.9,48.2,Declining
L48330,10382,4.2,5.8,48.5,Declining
L48331,10260,4.1,5.9,45.0,Declining
L48332,10664,4.3,5.7,50.2,Declining
H30567,10636,4.3,5.7,48.3,Declining
L48334,11217,4.5,5.5,54.2,Declining
H30569,11747,4.7,5.3,61.5,Declining
H30570,11088,4.4,5.6,46.8,Critical
L48337,11671,4.7,5.3,52.8,Critical
L48338,11467,4.6,5.4,47.9,Critical
L48339,11903,4.8,5.2,53.6,Critical
H30574,12443,5.0,5.0,61.1,Critical
L48341,11632,4.7,5.3,43.9,Critical
L48342,11890,4.8,5.2,46.7,Critical
L48343,11914,4.8,5.2,45.6,Critical
L48344,12778,5.1,4.9,58.5,Critical
L48345,12334,4.9,5.1,49.6,Critical
M16026,12462,5.0,5.0,50.2,Critical
L48347,12309,4.9,5.1,45.4,Critical
L48348,12843,5.1,4.9,52.8,Critical
L48349,12475,5.0,5.0,45.2,Critical
M16030,13501,5.4,4.6,60.8,Critical
H30585,13024,5.2,4.8,50.6,Critical
L48352,13107,5.2,4.8,48.2,Critical
H30587,13423,5.4,4.6,52.0,Critical
M16034,2704,1.1,8.9,45.1,Stable
M16035,3291,1.3,8.7,52.6,Stable
M16036,3128,1.3,8.7,47.6,Stable
M16037,3613,1.4,8.6,53.5,Stable
L48358,3336,1.3,8.7,46.6,Stable
L48359,3512,1.4,8.6,48.0,Stable
H30594,3782,1.5,8.5,51.0,Stable
L48361,3703,1.5,8.5,46.0,Stable
L48362,3855,1.5,8.5,47.0,Stable
L48363,4151,1.7,8.3,50.4,Stable
L48364,4209,1.7,8.3,49.9,Stable
L48365,4287,1.7,8.3,49.7,Stable
L48366,4229,1.7,8.3,47.2,Stable
M16047,4529,1.8,8.2,50.7,Stable
L48368,4298,1.7,8.3,44.6,Stable
M16049,5298,2.1,7.9,59.8,Stable
L48370,4765,1.9,8.1,48.7,Stable
M16051,5487,2.2,7.8,59.2,Stable
M16052,4932,2.0,8.0,47.7,Stable
L48373,4899,2.0,8.0,44.9,Stable
M16054,5309,2.1,7.9,50.2,Stable
M16055,5246,2.1,7.9,46.9,Stable
M16056,5551,2.2,7.8,49.8,Stable
M16057,5582,2.2,7.8,48.0,Stable
H30612,5949,2.4,7.6,51.9,Stable
M16059,7018,2.8,7.2,66.0,Stable
M16060,6055,2.4,7.6,47.7,Stable
L48381,6646,2.7,7.3,55.3,Stable
M16062,6130,2.5,7.5,45.2,Stable
H30617,6375,2.6,7.4,47.0,Stable
L48384,6822,2.7,7.3,50.7,Declining
L48385,6612,2.6,7.4,45.7,Declining
H30620,6596,2.6,7.4,43.9,Declining
M16067,7331,2.9,7.1,52.4,Declining
L48388,7298,2.9,7.1,49.6,Declining
H30623,9490,3.8,6.2,84.7,Declining
L48390,7709,3.1,6.9,51.2,Declining
H30625,7557,3.0,7.0,47.2,Declining
L48392,7668,3.1,6.9,45.3,Declining
M16073,8142,3.3,6.7,51.7,Declining
M16074,8563,3.4,6.6,56.5,Declining
L48395,8728,3.5,6.5,57.0,Declining
L48396,8428,3.4,6.6,50.5,Declining
L48397,8400,3.4,6.6,48.5,Declining
M16078,8984,3.6,6.4,56.7,Declining
M16079,8429,3.4,6.6,45.2,Declining
L48400,9004,3.6,6.4,52.6,Declining
M16081,8738,3.5,6.5,46.6,Declining
L48402,8873,3.5,6.5,46.6,Declining
L48403,9149,3.7,6.3,49.7,Declining
L48404,9781,3.9,6.1,58.8,Declining
H30639,9329,3.7,6.3,49.7,Declining
L48406,9546,3.8,6.2,49.6,Declining
L48407,9504,3.8,6.2,47.4,Declining
M16088,9916,4.0,6.0,52.8,Declining
L48409,9493,3.8,6.2,43.5,Declining
M16090,10735,4.3,5.7,62.7,Declining
M16091,10318,4.1,5.9,53.5,Declining
L48412,10245,4.1,5.9,50.0,Declining
M16093,10063,4.0,6.0,45.5,Declining
H30648,12350,4.9,5.1,81.3,Declining
H30649,11003,4.4,5.6,55.1,Declining
H30650,10638,4.3,5.7,45.3,Declining
M16097,11149,4.5,5.5,50.1,Critical
M16098,11510,4.6,5.4,53.8,Critical
H30653,11379,4.6,5.4,49.4,Critical
L48420,11912,4.8,5.2,54.5,Critical
M16101,11972,4.8,5.2,54.0,Critical
L48422,11801,4.7,5.3,48.9,Critical
M16103,11819,4.7,5.3,47.7,Critical
L48424,12542,5.0,5.0,57.5,Critical
M16105,12356,4.9,5.1,52.9,Critical
H30660,12621,5.0,5.0,55.1,Critical
L48427,12566,5.0,5.0,50.4,Critical
L48428,12608,5.0,5.0,49.6,Critical
L48429,12654,5.1,4.9,48.9,Critical
L48430,12908,5.2,4.8,51.6,Critical
M16111,12618,5.0,5.0,45.3,Critical
L48432,13101,5.2,4.8,51.1,Critical
L48433,2618,1.0,9.0,43.6,Stable
H30668,2950,1.2,8.8,47.7,Stable
H30669,3153,1.3,8.7,47.3,Stable
M16116,3610,1.4,8.6,51.2,Stable
L48437,3607,1.4,8.6,48.9,Stable
L48438,3619,1.4,8.6,47.6,Stable
M16119,3415,1.4,8.6,42.7,Stable
L48440,4046,1.6,8.4,50.9,Stable
H30675,4850,1.9,8.1,62.8,Stable
H30676,4601,1.8,8.2,54.9,Stable
L48443,4330,1.7,8.3,46.7,Stable
M16124,6106,2.4,7.6,74.8,Stable
L48445,4871,1.9,8.1,51.9,Stable
L48446,5111,2.0,8.0,54.4,Stable
M16127,5033,2.0,8.0,51.6,Stable
L48448,5062,2.0,8.0,49.9,Stable
L48449,5094,2.0,8.0,48.9,Stable
M16130,4802,1.9,8.1,42.5,Stable
H30685,5365,2.1,7.9,49.7,Stable
H30686,5734,2.3,7.7,52.1,Stable
L48453,5629,2.3,7.7,46.6,Stable
H30688,5985,2.4,7.6,51.0,Stable
M16135,5874,2.3,7.7,45.4,Stable
M16136,6671,2.7,7.3,56.4,Stable
M16137,6236,2.5,7.5,46.9,Stable
L48458,6351,2.5,7.5,46.6,Stable
M16139,6707,2.7,7.3,51.0,Declining
H30694,6822,2.7,7.3,50.7,Declining
H30695,6859,2.7,7.3,47.6,Declining
L48462,7322,2.9,7.1,51.5,Declining
L48463,7032,2.8,7.2,45.2,Declining
L48464,8716,3.5,6.5,71.8,Critical
M16145,7484,3.0,7.0,49.7,Declining
L48466,7799,3.1,6.9,52.7,Declining
L48467,7563,3.0,7.0,47.3,Declining
M16148,7697,3.1,6.9,48.0,Declining
M16149,8220,3.3,6.7,54.5,Declining
L48470,7943,3.2,6.8,47.6,Declining
M16151,8525,3.4,6.6,55.8,Declining
M16152,9046,3.6,6.4,62.3,Declining
H30707,8609,3.4,6.6,52.7,Declining
L48474,8642,3.5,6.5,49.5,Declining
L48475,8564,3.4,6.6,46.7,Declining
L48476,9092,3.6,6.4,54.0,Declining
L48477,8796,3.5,6.5,47.6,Declining
M16158,8716,3.5,6.5,44.8,Declining
M16159,9081,3.6,6.4,48.6,Declining
L48480,8944,3.6,6.4,44.1,Declining
L48481,9356,3.7,6.3,49.4,Declining
L48482,9490,3.8,6.2,50.2,Declining
L48483,9756,3.9,6.1,53.1,Declining
L48484,10856,4.3,5.7,69.9,Declining
L48485,10094,4.0,6.0,55.7,Declining
L48486,9814,3.9,6.1,49.6,Declining
L48487,9776,3.9,6.1,47.4,Declining
L48488,10520,4.2,5.8,58.3,Declining
L48489,10418,4.2,5.8,55.1,Declining
L48490,10196,4.1,5.9,49.9,Declining
L48491,10464,4.2,5.8,52.9,Declining
L48492,10326,4.1,5.9,49.1,Declining
L48493,10188,4.1,5.9,45.3,Declining
M16174,10830,4.3,5.7,54.5,Declining
L48495,10735,4.3,5.7,50.7,Declining
L48496,10799,4.3,5.7,50.2,Declining
L48497,10731,4.3,5.7,47.6,Declining
M16178,11129,4.5,5.5,52.7,Declining
L48499,11958,4.8,5.2,64.3,Critical
M16180,11270,4.5,5.5,51.3,Critical
L48501,11049,4.4,5.6,45.4,Critical
H30736,11319,4.5,5.5,48.4,Critical
L48503,11362,4.5,5.5,45.4,Critical
M16184,11216,4.5,5.5,41.4,Critical
H30739,11999,4.8,5.2,52.2,Critical
L48506,11912,4.8,5.2,47.0,Critical
L48507,12808,5.1,4.9,60.5,Critical
M16188,12708,5.1,4.9,57.3,Critical
H30743,12731,5.1,4.9,55.4,Critical
L48510,13022,5.2,4.8,56.5,Critical
H30745,13262,5.3,4.7,59.0,Critical
L48512,13681,5.5,4.5,62.3,Critical
M16193,13151,5.3,4.7,51.9,Critical
L48514,12900,5.2,4.8,45.5,Critical
L48515,13002,5.2,4.8,45.7,Critical
L48516,13516,5.4,4.6,52.8,Critical
H30751,3226,1.3,8.7,53.8,Stable
L48518,3667,1.5,8.5,57.4,Stable
M16199,3651,1.5,8.5,55.6,Stable
L48520,3588,1.4,8.6,52.3,Stable
M16201,3196,1.3,8.7,44.3,Stable
M16202,3867,1.5,8.5,53.2,Stable
L48523,4162,1.7,8.3,55.9,Stable
L48524,4518,1.8,8.2,60.3,Stable
L48525,4598,1.8,8.2,60.1,Stable
L48526,4146,1.7,8.3,51.1,Stable
L48527,4604,1.8,8.2,57.2,Stable
L48528,3986,1.6,8.4,45.4,Stable
L48529,4154,1.7,8.3,46.7,Stable
L48530,4312,1.7,8.3,47.9,Stable
L48531,4580,1.8,8.2,50.8,Stable
M16212,4816,1.9,8.1,53.3,Stable
M16213,4643,1.9,8.1,48.1,Stable
L48534,4558,1.8,8.2,44.5,Stable
M16215,5342,2.1,7.9,56.0,Stable
L48536,5301,2.1,7.9,53.1,Stable
L48537,5127,2.1,7.9,48.7,Stable
M16218,5681,2.3,7.7,56.4,Stable
L48539,5238,2.1,7.9,46.8,Stable
H30774,5934,2.4,7.6,56.9,Stable
M16221,5661,2.3,7.7,48.6,Stable
L48542,5914,2.4,7.6,50.6,Stable
L48543,5836,2.3,7.7,47.8,Stable
L48544,6192,2.5,7.5,52.2,Stable
L48545,6502,2.6,7.4,55.9,Stable
M16226,5976,2.4,7.6,45.6,Stable
M16227,6537,2.6,7.4,52.7,Stable
H30782,6926,2.8,7.2,56.9,Stable
M16229,6697,2.7,7.3,49.4,Declining
L48550,6772,2.7,7.3,48.4,Declining
M16231,6950,2.8,7.2,49.8,Declining
M16232,7241,2.9,7.1,52.4,Declining
M16233,6962,2.8,7.2,45.5,Declining
L48554,7471,3.0,7.0,51.8,Declining
M16235,7511,3.0,7.0,50.9,Declining
M16236,7644,3.1,6.9,50.9,Declining
L48557,7647,3.1,6.9,48.7,Declining
H30792,7725,3.1,6.9,48.5,Declining
L48559,8280,3.3,6.7,54.0,Declining
L48560,8702,3.5,6.5,59.5,Declining
M16241,8386,3.4,6.6,52.8,Declining
L48562,8661,3.5,6.5,55.1,Declining
M16243,8107,3.2,6.8,44.4,Declining
L48564,8548,3.4,6.6,49.5,Declining
M16245,8876,3.6,6.4,53.4,Declining
L48566,8695,3.5,6.5,48.2,Declining
L48567,9541,3.8,6.2,60.8,Declining
H30802,8967,3.6,6.4,49.7,Declining
L48569,9276,3.7,6.3,51.1,Declining
L48570,9118,3.6,6.4,47.0,Declining
L48571,11864,4.7,5.3,91.2,Critical
M16252,9468,3.8,6.2,49.8,Declining
L48573,9803,3.9,6.1,53.1,Declining
L48574,9759,3.9,6.1,50.9,Declining
L48575,9699,3.9,6.1,48.4,Declining
L48576,9851,3.9,6.1,49.4,Declining
L48577,10113,4.0,6.0,52.3,Declining
L48578,10009,4.0,6.0,49.1,Declining
L48579,10221,4.1,5.9,51.1,Declining
H30814,9977,4.0,6.0,45.5,Declining
H30815,10534,4.2,5.8,51.1,Declining
M16262,10321,4.1,5.9,43.8,Declining
L48583,10574,4.2,5.8,45.7,Declining
M16264,11030,4.4,5.6,51.8,Declining
L48585,10843,4.3,5.7,46.5,Declining
L48586,11029,4.4,5.6,48.1,Critical
L48587,11363,4.5,5.5,52.1,Critical
L48588,11229,4.5,5.5,48.4,Critical
L48589,11347,4.5,5.5,48.9,Critical
M16270,11443,4.6,5.4,49.0,Critical
L48591,12528,5.0,5.0,64.8,Critical
M16272,11560,4.6,5.4,47.2,Critical
M16273,11921,4.8,5.2,50.9,Critical
M16274,12140,4.9,5.1,52.3,Critical
L48595,12369,4.9,5.1,53.9,Critical
M16276,13391,5.4,4.6,69.4,Critical
L48597,12442,5.0,5.0,51.4,Critical
L48598,12090,4.8,5.2,44.0,Critical
L48599,12248,4.9,5.1,45.1,Critical
M16280,12620,5.0,5.0,49.8,Critical
L48601,12943,5.2,4.8,53.0,Critical
L48602,3060,1.2,8.8,51.0,Stable
L48603,3168,1.3,8.7,51.3,Stable
L48604,3104,1.2,8.8,48.7,Stable
L48605,2982,1.2,8.8,45.2,Stable
M16286,3604,1.4,8.6,54.1,Stable
L48607,3283,1.3,8.7,46.5,Stable
L48608,3721,1.5,8.5,52.3,Stable
M16289,3587,1.4,8.6,48.5,Stable
L48610,3566,1.4,8.6,45.9,Stable
M16291,3708,1.5,8.5,46.8,Stable
L48612,3909,1.6,8.4,47.9,Stable
L48613,3851,1.5,8.5,45.4,Stable
M16294,3969,1.6,8.4,45.9,Stable
H30849,4402,1.8,8.2,50.9,Stable
H30850,4595,1.8,8.2,50.3,Stable
H30851,4678,1.9,8.1,48.0,Critical
L48618,4989,2.0,8.0,49.4,Stable
M16299,5183,2.1,7.9,51.1,Stable
M16300,5732,2.3,7.7,58.0,Stable
L48621,5485,2.2,7.8,51.7,Stable
M16302,5447,2.2,7.8,49.5,Stable
L48623,5814,2.3,7.7,53.4,Stable
L48624,5654,2.3,7.7,49.2,Stable
L48625,6026,2.4,7.6,53.9,Stable
M16306,6136,2.5,7.5,54.3,Stable
M16307,6339,2.5,7.5,55.4,Stable
M16308,6464,2.6,7.4,55.2,Stable
H30863,6639,2.7,7.3,55.9,Stable
M16310,6404,2.6,7.4,48.2,Stable
L48631,7307,2.9,7.1,61.0,Declining
L48632,6903,2.8,7.2,52.8,Declining
L48633,6725,2.7,7.3,48.3,Declining
L48634,6771,2.7,7.3,47.6,Declining
L48635,6769,2.7,7.3,46.1,Declining
L48636,7097,2.8,7.2,50.0,Declining
L48637,7135,2.9,7.1,49.2,Declining
L48638,7003,2.8,7.2,45.5,Declining
L48639,7309,2.9,7.1,49.1,Declining
L48640,7329,2.9,7.1,47.9,Declining
L48641,7527,3.0,7.0,49.7,Declining
L48642,8047,3.2,6.8,56.9,Declining
L48643,7939,3.2,6.8,53.6,Declining
L48644,7639,3.1,6.9,47.1,Declining
L48645,7997,3.2,6.8,51.5,Declining
L48646,7725,3.1,6.9,45.5,Declining
L48647,8173,3.3,6.7,51.5,Declining
M16328,8013,3.2,6.8,47.3,Declining
L48649,8304,3.3,6.7,49.9,Declining
L48650,8274,3.3,6.7,47.9,Declining
L48651,8332,3.3,6.7,47.4,Declining
M16332,8456,3.4,6.6,47.9,Declining
M16333,8345,3.3,6.7,43.8,Declining
M16334,8582,3.4,6.6,45.5,Declining
M16335,9023,3.6,6.4,50.6,Declining
L48656,9504,3.8,6.2,56.4,Declining
L48657,9350,3.7,6.3,52.3,Declining
L48658,9436,3.8,6.2,52.3,Declining
L48659,9100,3.6,6.4,45.2,Declining
M16340,10592,4.2,5.8,68.5,Declining
M16341,9279,3.7,6.3,44.4,Declining
M16342,9646,3.9,6.1,48.3,Declining
L48663,10041,4.0,6.0,52.6,Declining
M16344,10099,4.0,6.0,52.1,Declining
M16345,11062,4.4,5.6,65.9,Declining
M16346,10293,4.1,5.9,50.8,Declining
L48667,10238,4.1,5.9,47.6,Declining
L48668,10606,4.2,5.8,52.3,Declining
M16349,11006,4.4,5.6,57.4,Declining
L48670,10377,4.2,5.8,44.7,Declining
M16351,10491,4.2,5.8,45.1,Declining
M16352,10878,4.4,5.6,49.3,Critical
L48673,11047,4.4,5.6,49.9,Declining
M16354,10899,4.4,5.6,45.9,Critical
H30909,11046,4.4,5.6,46.1,Critical
L48676,11041,4.4,5.6,42.3,Critical
L48677,11853,4.7,5.3,54.3,Critical
L48678,12265,4.9,5.1,59.7,Critical
M16359,13187,5.3,4.7,73.5,Critical
M16360,13112,5.2,4.8,70.0,Critical
M16361,11917,4.8,5.2,47.9,Critical
L48682,12104,4.8,5.2,48.7,Critical
L48683,12812,5.1,4.9,59.0,Critical
L48684,12372,4.9,5.1,50.2,Critical
L48685,12702,5.1,4.9,54.2,Critical
L48686,12760,5.1,4.9,53.7,Critical
M16367,12382,5.0,5.0,45.9,Critical
M16368,12779,5.1,4.9,50.2,Critical
L48689,12758,5.1,4.9,47.6,Critical
M16370,3094,1.2,8.8,51.6,Stable
L48691,3419,1.4,8.6,54.7,Stable
H30926,3231,1.3,8.7,50.1,Stable
L48693,3586,1.4,8.6,52.3,Stable
M16374,3796,1.5,8.5,54.3,Stable
M16375,3903,1.6,8.4,53.8,Stable
L48696,3366,1.3,8.7,42.6,Stable
M16377,3716,1.5,8.5,46.9,Stable
H30932,3777,1.5,8.5,45.7,Stable
M16379,4284,1.7,8.3,50.4,Stable
L48700,4339,1.7,8.3,49.1,Stable
M16381,4655,1.9,8.1,52.8,Stable
H30936,4744,1.9,8.1,52.1,Stable
L48703,4883,2.0,8.0,50.6,Stable
L48704,5137,2.1,7.9,53.4,Stable
L48705,6923,2.8,7.2,81.6,Stable
L48706,5689,2.3,7.7,59.6,Stable
H30941,5055,2.0,8.0,47.5,Stable
L48708,5548,2.2,7.8,52.0,Stable
L48709,5634,2.3,7.7,51.9,Stable
L48710,5604,2.2,7.8,49.9,Stable
H30945,5576,2.2,7.8,47.9,Stable
M16392,5759,2.3,7.7,47.2,Stable
M16393,5738,2.3,7.7,44.6,Stable
L48714,6709,2.7,7.3,58.6,Stable
L48715,6447,2.6,7.4,52.7,Stable
M16396,6027,2.4,7.6,44.2,Stable
M16397,6444,2.6,7.4,48.9,Stable
L48718,7241,2.9,7.1,59.9,Declining
M16399,6633,2.7,7.3,48.3,Declining
M16400,6920,2.8,7.2,50.8,Declining
L48721,8613,3.4,6.6,76.8,Declining
L48722,6853,2.7,7.3,46.0,Declining
L48723,7441,3.0,7.0,54.3,Declining
L48724,7223,2.9,7.1,49.1,Declining
M16405,7453,3.0,7.0,51.5,Declining
L48726,7282,2.9,7.1,46.4,Declining
L48727,7286,2.9,7.1,44.9,Declining
M16408,7378,3.0,7.0,45.0,Declining
L48729,8227,3.3,6.7,56.9,Declining
L48730,8181,3.3,6.7,54.6,Declining
L48731,7911,3.2,6.8,48.6,Declining
L48732,8647,3.5,6.5,59.4,Declining
L48733,7839,3.1,6.9,44.4,Declining
M16414,8433,3.4,6.6,52.8,Declining
L48735,8382,3.4,6.6,49.7,Declining
H30970,8286,3.3,6.7,46.6,Declining
L48737,8885,3.6,6.4,52.8,Declining
M16418,8757,3.5,6.5,49.2,Declining
L48739,8856,3.5,6.5,48.6,Declining
M16420,9050,3.6,6.4,50.3,Declining
L48741,8941,3.6,6.4,46.3,Declining
L48742,10687,4.3,5.7,73.9,Declining
L48743,9149,3.7,6.3,46.7,Declining
M16424,10615,4.2,5.8,69.7,Declining
L48745,9488,3.8,6.2,48.6,Declining
M16426,9466,3.8,6.2,46.8,Declining
L48747,9837,3.9,6.1,50.7,Declining
L48748,9699,3.9,6.1,46.9,Declining
M16429,10283,4.1,5.9,55.1,Declining
L48750,10014,4.0,6.0,48.4,Declining
L48751,10256,4.1,5.9,50.9,Declining
L48752,9750,3.9,6.1,41.0,Declining
L48753,10312,4.1,5.9,48.9,Declining
L48754,10426,4.2,5.8,49.3,Declining
L48755,11674,4.7,5.3,68.6,Declining
L48756,10630,4.3,5.7,49.7,Declining
L48757,10708,4.3,5.7,49.5,Declining
L48758,11016,4.4,5.6,53.1,Declining
L48759,10808,4.3,5.7,48.1,Declining
M16440,10898,4.4,5.6,48.1,Declining
M16441,11265,4.5,5.5,52.0,Critical
H30996,11340,4.5,5.5,51.0,Critical
L48763,11125,4.4,5.6,43.7,Critical
M16444,11873,4.7,5.3,54.6,Critical
L48765,11530,4.6,5.4,46.7,Critical
M16446,11792,4.7,5.3,49.5,Critical
M16447,11851,4.7,5.3,48.3,Critical
L48768,12466,5.0,5.0,56.3,Critical
M16449,12086,4.8,5.2,48.4,Critical
L48770,12309,4.9,5.1,49.9,Critical
L48771,12115,4.8,5.2,45.2,Critical
L48772,12679,5.1,4.9,53.1,Critical
L48773,12673,5.1,4.9,51.5,Critical
M16454,12421,5.0,5.0,45.8,Critical
L48775,12540,5.0,5.0,45.5,Critical
L48776,3754,1.5,8.5,62.6,Stable
L48777,3152,1.3,8.7,51.0,Stable
L48778,3182,1.3,8.7,50.0,Stable
L48779,3250,1.3,8.7,49.7,Stable
M16460,3446,1.4,8.6,51.4,Stable
L48781,3689,1.5,8.5,53.2,Stable
H31016,3785,1.5,8.5,53.3,Stable
M16463,4054,1.6,8.4,54.1,Stable
L48784,3849,1.5,8.5,48.4,Stable
L48785,3827,1.5,8.5,46.5,Stable
L48786,4135,1.7,8.3,50.2,Stable
L48787,4039,1.6,8.4,47.1,Stable
L48788,4091,1.6,8.4,46.4,Stable
L48789,4557,1.8,8.2,52.7,Stable
L48790,4631,1.9,8.1,52.4,Stable
M16471,5027,2.0,8.0,57.5,Stable
M16472,4790,1.9,8.1,51.3,Stable
L48793,4437,1.8,8.2,43.2,Stable
M16474,5539,2.2,7.8,60.1,Stable
L48795,4964,2.0,8.0,48.2,Stable
H31030,5484,2.2,7.8,55.4,Stable
L48797,5511,2.2,7.8,52.1,Stable
L48798,5047,2.0,8.0,42.9,Stable
L48799,5745,2.3,7.7,53.0,Stable
L48800,5639,2.3,7.7,49.7,Stable
L48801,6433,2.6,7.4,61.5,Stable
H31036,5911,2.4,7.6,51.3,Stable
L48803,6902,2.8,7.2,64.0,Stable
M16484,5770,2.3,7.7,43.7,Stable
L48805,6015,2.4,7.6,45.5,Stable
M16486,5981,2.4,7.6,43.4,Stable
L48807,6508,2.6,7.4,50.0,Stable
L48808,6502,2.6,7.4,48.4,Declining
M16489,6362,2.5,7.5,44.5,Declining
L48810,6649,2.7,7.3,47.1,Declining
L48811,6781,2.7,7.3,47.8,Declining
L48812,6857,2.7,7.3,47.5,Declining
L48813,7047,2.8,7.2,49.2,Declining
H31048,6997,2.8,7.2,46.9,Declining
L48815,7176,2.9,7.1,46.1,Declining
L48816,7510,3.0,7.0,50.2,Declining
L48817,7920,3.2,6.8,55.5,Declining
L48818,7474,3.0,7.0,46.6,Declining
M16499,7670,3.1,6.9,48.3,Declining
L48820,8039,3.2,6.8,52.2,Declining
M16501,8105,3.2,6.8,51.8,Declining
H31056,8306,3.3,6.7,52.9,Declining
L48823,8261,3.3,6.7,48.4,Declining
L48824,8689,3.5,6.5,54.1,Declining
L48825,8611,3.4,6.6,51.3,Declining
M16506,8679,3.5,6.5,50.9,Declining
L48827,9282,3.7,6.3,58.7,Declining
L48828,8596,3.4,6.6,45.8,Declining
H31063,8904,3.6,6.4,49.4,Declining
M16510,8999,3.6,6.4,47.2,Declining
L48831,9128,3.7,6.3,47.1,Declining
H31066,9660,3.9,6.1,54.5,Declining
L48833,9387,3.8,6.2,46.2,Declining
L48834,9463,3.8,6.2,46.0,Declining
M16515,9949,4.0,6.0,52.6,Declining
L48836,9994,4.0,6.0,51.1,Declining
M16517,9768,3.9,6.1,45.8,Declining
H31072,10295,4.1,5.9,52.3,Declining
L48839,10774,4.3,5.7,56.6,Declining
L48840,10468,4.2,5.8,50.0,Declining
M16521,10382,4.2,5.8,47.0,Declining
H31076,10619,4.2,5.8,48.7,Declining
M16523,11438,4.6,5.4,58.6,Declining
L48844,11125,4.4,5.6,51.2,Declining
H31079,11127,4.5,5.5,49.7,Critical
L48846,11472,4.6,5.4,51.7,Critical
L48847,11998,4.8,5.2,59.0,Critical
L48848,11652,4.7,5.3,51.7,Critical
L48849,11728,4.7,5.3,51.5,Critical
L48850,11786,4.7,5.3,50.9,Critical
L48851,12048,4.8,5.2,53.8,Critical
L48852,11774,4.7,5.3,47.7,Critical
M16533,11768,4.7,5.3,46.1,Critical
L48854,12215,4.9,5.1,51.3,Critical
L48855,12039,4.8,5.2,46.9,Critical
H31090,12151,4.9,5.1,47.3,Critical
M16537,12834,5.1,4.9,54.9,Critical
L48858,12963,5.2,4.8,54.8,Critical
L48859,13349,5.3,4.7,59.7,Critical
M16540,13075,5.2,4.8,53.7,Critical
M16541,13598,5.4,4.6,60.1,Critical
H31096,13333,5.3,4.7,53.5,Critical
M16543,2806,1.1,8.9,46.8,Stable
L48864,3011,1.2,8.8,47.9,Stable
L48865,3873,1.5,8.5,60.8,Stable
H31100,3641,1.5,8.5,55.4,Stable
L48867,3544,1.4,8.6,50.1,Stable
L48868,3842,1.5,8.5,53.5,Stable
L48869,3842,1.5,8.5,52.0,Stable
M16550,3680,1.5,8.5,47.8,Stable
L48871,4149,1.7,8.3,53.4,Stable
M16552,4563,1.8,8.2,58.8,Stable
H31107,4536,1.8,8.2,56.1,Stable
L48874,4631,1.9,8.1,53.9,Stable
L48875,4503,1.8,8.2,50.3,Stable
L48876,4675,1.9,8.1,51.7,Stable
M16557,4703,1.9,8.1,50.6,Stable
L48878,4762,1.9,8.1,49.4,Stable
L48879,4468,1.8,8.2,43.0,Stable
M16560,5668,2.3,7.7,61.5,Stable
L48881,5073,2.0,8.0,49.3,Stable
L48882,5065,2.0,8.0,47.7,Stable
M16563,5567,2.2,7.8,54.5,Stable
M16564,5436,2.2,7.8,50.1,Stable
M16565,5781,2.3,7.7,53.6,Stable
L48886,5742,2.3,7.7,50.7,Stable
L48887,5668,2.3,7.7,48.0,Stable
L48888,6134,2.5,7.5,54.2,Stable
L48889,6468,2.6,7.4,58.3,Stable
L48890,6120,2.4,7.6,51.0,Stable
L48891,5860,2.3,7.7,45.2,Stable
L48892,6342,2.5,7.5,51.7,Stable
L48893,6360,2.5,7.5,50.5,Stable
L48894,6196,2.5,7.5,46.3,Stable
L48895,6680,2.7,7.3,52.8,Stable
L48896,6646,2.7,7.3,50.8,Declining
L48897,6428,2.6,7.4,45.6,Declining
M16578,7142,2.9,7.1,56.0,Declining
L48899,6921,2.8,7.2,50.1,Declining
L48900,6923,2.8,7.2,48.6,Declining
L48901,7471,3.0,7.0,56.3,Declining
M16582,8089,3.2,6.8,65.1,Declining
L48903,8378,3.4,6.6,67.6,Declining
M16584,7324,2.9,7.1,48.6,Declining
M16585,7329,2.9,7.1,46.4,Declining
L48906,8492,3.4,6.6,63.5,Declining
M16587,7974,3.2,6.8,53.4,Declining
L48908,7835,3.1,6.9,48.8,Declining
M16589,7873,3.1,6.9,48.0,Declining
M16590,7790,3.1,6.9,44.3,Declining
M16591,8235,3.3,6.7,49.5,Declining
H31146,8800,3.5,6.5,56.7,Declining
L48913,8655,3.5,6.5,50.5,Declining
M16594,8717,3.5,6.5,50.0,Declining
L48915,8610,3.4,6.6,46.0,Declining
L48916,9028,3.6,6.4,51.5,Declining
L48917,9516,3.8,6.2,58.1,Declining
H31152,10016,4.0,6.0,64.9,Declining
H31153,8865,3.5,6.5,42.0,Declining
M16600,9850,3.9,6.1,54.7,Declining
M16601,9431,3.8,6.2,45.4,Declining
L48922,9598,3.8,6.2,46.0,Declining
M16603,10356,4.1,5.9,57.1,Declining
M16604,9987,4.0,6.0,48.7,Declining
L48925,10448,4.2,5.8,54.1,Declining
L48926,10342,4.1,5.9,50.9,Declining
L48927,12142,4.9,5.1,79.4,Declining
H31162,10722,4.3,5.7,54.2,Declining
L48929,10847,4.3,5.7,52.5,Declining
M16610,11019,4.4,5.6,53.9,Declining
L48931,11804,4.7,5.3,64.7,Declining
L48932,10994,4.4,5.6,49.7,Declining
L48933,11040,4.4,5.6,49.0,Critical
M16614,11116,4.4,5.6,48.8,Critical
L48935,11173,4.5,5.5,47.5,Critical
M16616,11141,4.5,5.5,45.4,Critical
M16617,11220,4.5,5.5,44.5,Critical
L48938,11901,4.8,5.2,53.6,Critical
H31173,11987,4.8,5.2,53.5,Critical
L48940,12368,4.9,5.1,56.1,Critical
L48941,12990,5.2,4.8,65.0,Critical
H31176,12100,4.8,5.2,48.7,Critical
L48943,12427,5.0,5.0,50.4,Critical
H31178,2636,1.1,8.9,43.9,Stable
L48945,2961,1.2,8.8,45.6,Stable
M16626,3749,1.5,8.5,57.2,Stable
M16627,3490,1.4,8.6,50.7,Stable
M16628,3555,1.4,8.6,49.5,Stable
L48949,4682,1.9,8.1,66.0,Stable
H31184,4020,1.6,8.4,53.5,Stable
L48951,3927,1.6,8.4,48.2,Stable
L48952,4141,1.7,8.3,50.3,Stable
L48953,3983,1.6,8.4,46.1,Stable
M16634,4343,1.7,8.3,50.6,Stable
L48955,4248,1.7,8.3,46.8,Stable
L48956,4658,1.9,8.1,52.1,Stable
H31191,4730,1.9,8.1,51.8,Stable
L48958,4495,1.8,8.2,44.2,Stable
M16639,4911,2.0,8.0,49.6,Stable
L48960,5260,2.1,7.9,53.2,Stable
L48961,5484,2.2,7.8,55.4,Stable
L48962,5392,2.2,7.8,52.4,Stable
H31197,5446,2.2,7.8,51.8,Stable
L48964,8337,3.3,6.7,96.2,Critical
L48965,5731,2.3,7.7,51.3,Stable
L48966,5981,2.4,7.6,53.9,Stable
L48967,5563,2.2,7.8,45.5,Stable
L48968,5809,2.3,7.7,48.1,Stable
L48969,5641,2.3,7.7,43.8,Critical
L48970,6799,2.7,7.3,61.6,Stable
L48971,6243,2.5,7.5,50.8,Stable
M16652,6175,2.5,7.5,48.2,Stable
L48973,6942,2.8,7.2,58.7,Stable
M16654,6538,2.6,7.4,50.5,Stable
M16655,6641,2.7,7.3,49.9,Declining
H31210,6864,2.7,7.3,51.4,Declining
M16657,7021,2.8,7.2,50.3,Declining
M16658,7002,2.8,7.2,47.7,Declining
M16659,7129,2.9,7.1,47.6,Declining
M16660,7458,3.0,7.0,50.8,Declining
M16661,7399,3.0,7.0,47.6,Declining
H31216,7672,3.1,6.9,49.9,Declining
L48983,7681,3.1,6.9,46.3,Declining
L48984,7985,3.2,6.8,49.8,Declining
H31219,7837,3.1,6.9,45.9,Declining
H31220,8496,3.4,6.6,53.1,Declining
L48987,8843,3.5,6.5,55.1,Declining
L48988,10759,4.3,5.7,85.6,Critical
L48989,9249,3.7,6.3,58.9,Declining
L48990,8533,3.4,6.6,45.5,Declining
M16671,9033,3.6,6.4,52.3,Declining
L48992,8982,3.6,6.4,49.2,Declining
L48993,9078,3.6,6.4,49.3,Declining
L48994,9510,3.8,6.2,55.0,Declining
M16675,9430,3.8,6.2,52.2,Declining
L48996,9355,3.7,6.3,48.7,Declining
L48997,9853,3.9,6.1,55.5,Declining
M16678,9485,3.8,6.2,47.8,Declining
M16679,10882,4.4,5.6,68.9,Declining
L49000,9871,3.9,6.1,49.8,Declining
L49001,9683,3.9,6.1,45.1,Declining
L49002,10041,4.0,6.0,49.6,Declining
L49003,9983,4.0,6.0,47.1,Declining
L49004,10027,4.0,6.0,46.4,Declining
M16685,10903,4.4,5.6,59.5,Declining
H31240,10502,4.2,5.8,50.5,Declining
M16687,10535,4.2,5.8,47.3,Declining
L49008,10532,4.2,5.8,45.0,Declining
L49009,11680,4.7,5.3,62.7,Declining
L49010,11728,4.7,5.3,62.0,Declining
M16691,10730,4.3,5.7,43.8,Critical
M16692,10895,4.4,5.6,44.3,Critical
L49013,11024,4.4,5.6,44.2,Critical
L49014,11456,4.6,5.4,49.9,Critical
H31249,11660,4.7,5.3,51.8,Critical
L49016,11811,4.7,5.3,50.6,Critical
L49017,11649,4.7,5.3,46.4,Critical
M16698,11867,4.7,5.3,48.5,Critical
L49019,3430,1.4,8.6,57.2,Stable
M16700,2900,1.2,8.8,46.8,Stable
L49021,3561,1.4,8.6,55.6,Stable
H31256,4025,1.6,8.4,61.8,Stable
L49023,3532,1.4,8.6,49.9,Stable
M16704,3572,1.4,8.6,49.0,Stable
L49025,3653,1.5,8.5,48.1,Stable
H31260,3883,1.6,8.4,50.5,Stable
L49027,3904,1.6,8.4,47.1,Stable
H31262,4028,1.6,8.4,47.6,Stable
L49029,4731,1.9,8.1,55.6,Stable
M16710,4229,1.7,8.3,45.7,Stable
M16711,4350,1.7,8.3,45.5,Stable
M16712,4807,1.9,8.1,50.9,Stable
L49033,4862,1.9,8.1,49.5,Stable
M16714,4920,2.0,8.0,49.0,Stable
H31269,4613,1.8,8.2,41.6,Stable
M16716,5844,2.3,7.7,58.4,Stable
L49037,5761,2.3,7.7,54.8,Stable
M16718,5541,2.2,7.8,49.6,Stable
L49039,5410,2.2,7.8,45.2,Stable
L49040,6004,2.4,7.6,53.6,Stable
M16721,6098,2.4,7.6,53.6,Stable
L49042,6049,2.4,7.6,50.6,Stable
M16723,6139,2.5,7.5,50.6,Stable
L49044,6332,2.5,7.5,51.5,Stable
L49045,6464,2.6,7.4,52.2,Stable
M16726,6744,2.7,7.3,55.4,Stable
L49047,6559,2.6,7.4,50.1,Stable
L49048,6367,2.5,7.5,45.4,Declining
M16729,6995,2.8,7.2,54.3,Declining
L49050,6842,2.7,7.3,49.5,Declining
L49051,7640,3.1,6.9,61.3,Declining
L49052,6702,2.7,7.3,44.2,Declining
L49053,6874,2.7,7.3,45.6,Declining
L49054,7426,3.0,7.0,53.3,Declining
L49055,7046,2.8,7.2,45.4,Declining
L49056,6894,2.8,7.2,41.4,Declining
M16737,7632,3.1,6.9,52.2,Declining
M16738,7483,3.0,7.0,47.5,Declining
M16739,7986,3.2,6.8,53.6,Declining
L49060,8315,3.3,6.7,56.8,Declining
L49061,8091,3.2,6.8,51.6,Declining
M16742,8247,3.3,6.7,52.7,Declining
M16743,8164,3.3,6.7,49.1,Declining
M16744,8939,3.6,6.4,59.7,Declining
L49065,8856,3.5,6.5,56.1,Declining
L49066,8586,3.4,6.6,50.1,Declining
M16747,8954,3.6,6.4,54.7,Declining
M16748,9609,3.8,6.2,63.4,Declining
H31303,8804,3.5,6.5,47.7,Declining
L49070,9189,3.7,6.3,50.4,Declining
L49071,9783,3.9,6.1,58.8,Declining
M16752,9221,3.7,6.3,47.9,Declining
L49073,9742,3.9,6.1,54.4,Declining
H31308,10330,4.1,5.9,62.7,Declining
L49075,9483,3.8,6.2,44.8,Declining
L49076,10033,4.0,6.0,52.5,Declining
L49077,9811,3.9,6.1,47.3,Declining
L49078,9809,3.9,6.1,45.7,Declining
L49079,9931,4.0,6.0,46.3,Declining
H31314,10231,4.1,5.9,49.8,Declining
M16761,10480,4.2,5.8,50.2,Declining
L49082,10993,4.4,5.6,56.5,Declining
L49083,11631,4.7,5.3,65.6,Declining
M16764,10923,4.4,5.6,52.3,Declining
L49085,11294,4.5,5.5,56.2,Declining
L49086,10870,4.3,5.7,47.7,Declining
L49087,11108,4.4,5.6,50.1,Critical
L49088,12144,4.9,5.1,65.9,Critical
L49089,11150,4.5,5.5,47.8,Critical
H31324,11464,4.6,5.4,51.6,Critical
M16771,11227,4.5,5.5,43.9,Critical
M16772,11972,4.8,5.2,54.0,Critical
M16773,11849,4.7,5.3,49.7,Critical
L49094,12286,4.9,5.1,54.8,Critical
L49095,12074,4.8,5.2,49.7,Critical
L49096,11954,4.8,5.2,46.2,Critical
M16777,12196,4.9,5.1,48.8,Critical
M16778,2992,1.2,8.8,49.9,Stable
L49099,3451,1.4,8.6,55.3,Stable
L49100,4547,1.8,8.2,72.0,Stable
L49101,3645,1.5,8.5,55.5,Stable
L49102,3837,1.5,8.5,57.2,Stable
L49103,3553,1.4,8.6,51.0,Stable
L49104,3291,1.3,8.7,45.1,Stable
L49105,3749,1.5,8.5,51.2,Stable
L49106,3977,1.6,8.4,53.5,Stable
H31341,3483,1.4,8.6,43.8,Stable
L49108,4326,1.7,8.3,54.1,Stable
M16789,4136,1.7,8.3,49.4,Stable
M16790,4443,1.8,8.2,52.3,Stable
M16791,5378,2.2,7.8,65.6,Stable
M16792,4947,2.0,8.0,56.2,Stable
L49113,4986,2.0,8.0,54.6,Stable
L49114,5196,2.1,7.9,56.6,Stable
M16795,4644,1.9,8.1,45.9,Stable
M16796,6283,2.5,7.5,71.0,Stable
L49117,4982,2.0,8.0,47.0,Stable
L49118,5284,2.1,7.9,50.6,Stable
M16799,4946,2.0,8.0,43.4,Stable
L49120,5631,2.3,7.7,52.6,Stable
L49121,5415,2.2,7.8,47.5,Stable
L49122,5567,2.2,7.8,48.5,Stable
L49123,6153,2.5,7.5,56.8,Stable
L49124,6417,2.6,7.4,59.7,Stable
L49125,6157,2.5,7.5,53.9,Stable
L49126,6259,2.5,7.5,54.1,Stable
L49127,6029,2.4,7.6,48.7,Stable
L49128,6015,2.4,7.6,47.0,Stable
M16809,6371,2.5,7.5,51.4,Stable
M16810,6378,2.6,7.4,49.3,Stable
L49131,7233,2.9,7.1,61.3,Stable
L49132,6177,2.5,7.5,42.2,Declining
L49133,6921,2.8,7.2,53.1,Declining
L49134,6743,2.7,7.3,48.6,Declining
L49135,6531,2.6,7.4,43.6,Declining
M16816,6733,2.7,7.3,45.5,Declining
H31371,7376,3.0,7.0,53.9,Declining
H31372,7293,2.9,7.1,48.8,Declining
M16819,7294,2.9,7.1,45.1,Declining
L49140,7617,3.0,7.0,48.2,Declining
L49141,7711,3.1,6.9,48.3,Declining
L49142,7687,3.1,6.9,46.4,Declining
L49143,7753,3.1,6.9,46.0,Declining
M16824,7895,3.2,6.8,46.8,Declining
L49145,8382,3.4,6.6,52.7,Declining
L49146,8340,3.3,6.7,50.5,Declining
L49147,8578,3.4,6.6,53.0,Declining
L49148,8052,3.2,6.8,42.7,Declining
H31383,8842,3.5,6.5,54.4,Declining
M16830,8209,3.3,6.7,40.1,Declining
L49151,8536,3.4,6.6,43.3,Declining
L49152,9254,3.7,6.3,53.7,Declining
L49153,9614,3.8,6.2,58.2,Declining
L49154,9110,3.6,6.4,48.3,Declining
L49155,9144,3.7,6.3,47.4,Declining
M16836,9228,3.7,6.3,47.3,Declining
M16837,9791,3.9,6.1,54.4,Declining
L49158,9544,3.8,6.2,48.1,Declining
H31393,9590,3.8,6.2,47.3,Declining
M16840,9577,3.8,6.2,43.4,Declining
L49161,9880,4.0,6.0,46.2,Declining
M16842,10174,4.1,5.9,49.6,Declining
M16843,10253,4.1,5.9,48.6,Declining
M16844,10244,4.1,5.9,46.2,Declining
L49165,10679,4.3,5.7,51.2,Declining
L49166,10691,4.3,5.7,49.9,Declining
M16847,10983,4.4,5.6,53.3,Declining
H31402,10760,4.3,5.7,47.3,Declining
L49169,11715,4.7,5.3,59.5,Critical
L49170,11081,4.4,5.6,47.4,Critical
M16851,11491,4.6,5.4,52.8,Critical
L49172,11210,4.5,5.5,45.8,Critical
M16853,11476,4.6,5.4,48.8,Critical
M16854,11491,4.6,5.4,46.8,Critical
L49175,11722,4.7,5.3,48.4,Critical
M16856,11742,4.7,5.3,47.2,Critical
L49177,3344,1.3,8.7,55.7,Stable
H31412,3364,1.3,8.7,54.6,Stable
L49179,3395,1.4,8.6,51.3,Stable
L49180,2963,1.2,8.8,42.6,Stable
L49181,3703,1.5,8.5,53.5,Stable
L49182,3893,1.6,8.4,55.1,Stable
M16863,3803,1.5,8.5,52.1,Stable
L49184,3712,1.5,8.5,48.4,Stable
L49185,3908,1.6,8.4,50.1,Stable
M16866,3752,1.5,8.5,46.0,Stable
L49187,4249,1.7,8.3,52.1,Stable
L49188,4837,1.9,8.1,60.4,Stable
M16869,4739,1.9,8.1,57.2,Stable
L49190,3996,1.6,8.4,42.6,Stable
L49191,4762,1.9,8.1,53.9,Stable
L49192,4414,1.8,8.2,46.6,Stable
L49193,4680,1.9,8.1,49.5,Stable
L49194,4420,1.8,8.2,43.7,Stable
L49195,4492,1.8,8.2,43.4,Critical
L49196,4896,2.0,8.0,48.6,Stable
L49197,5036,2.0,8.0,49.4,Stable
L49198,4910,2.0,8.0,45.8,Stable
M16879,5570,2.2,7.8,55.3,Stable
H31434,5505,2.2,7.8,52.0,Stable
L49201,5570,2.2,7.8,49.3,Stable
L49202,5446,2.2,7.8,45.8,Stable
L49203,5678,2.3,7.7,48.1,Stable
M16884,6324,2.5,7.5,57.4,Stable
L49205,5953,2.4,7.6,49.0,Stable
M16886,5825,2.3,7.7,45.3,Stable
L49207,6740,2.7,7.3,58.3,Stable
M16888,6028,2.4,7.6,45.0,Stable
L49209,6801,2.7,7.3,55.6,Stable
L49210,6355,2.5,7.5,46.7,Stable
L49211,6307,2.5,7.5,44.4,Declining
L49212,6623,2.6,7.4,48.1,Declining
H31447,6543,2.6,7.4,45.3,Declining
M16894,6900,2.8,7.2,47.5,Declining
M16895,7123,2.8,7.2,49.0,Declining
L49216,8104,3.2,6.8,63.1,Declining
H31451,8290,3.3,6.7,64.7,Declining
L49218,7445,3.0,7.0,46.8,Declining
M16899,7623,3.0,7.0,48.3,Declining
L49220,8232,3.3,6.7,56.2,Declining
L49221,8310,3.3,6.7,56.0,Declining
M16902,7834,3.1,6.9,46.6,Declining
M16903,8369,3.3,6.7,53.2,Declining
L49224,8250,3.3,6.7,49.0,Declining
M16905,8806,3.5,6.5,56.8,Declining
L49226,8311,3.3,6.7,46.3,Declining
L49227,9175,3.7,6.3,59.2,Declining
L49228,8645,3.5,6.5,48.8,Declining
M16909,8977,3.6,6.4,52.9,Declining
M16910,9290,3.7,6.3,55.8,Declining
M16911,9015,3.6,6.4,49.0,Declining
L49232,9164,3.7,6.3,49.2,Declining
L49233,9064,3.6,6.4,46.1,Declining
M16914,9600,3.8,6.2,53.5,Declining
L49235,9811,3.9,6.1,54.8,Declining
L49236,9281,3.7,6.3,44.4,Declining
L49237,9745,3.9,6.1,50.7,Declining
M16918,10599,4.2,5.8,63.4,Declining
H31473,9702,3.9,6.1,46.2,Declining
L49240,10761,4.3,5.7,60.1,Declining
L49241,9963,4.0,6.0,45.3,Declining
M16922,10289,4.1,5.9,49.2,Declining
L49243,10112,4.0,6.0,44.0,Declining
L49244,10466,4.2,5.8,48.4,Declining
L49245,10488,4.2,5.8,47.3,Declining
L49246,10764,4.3,5.7,50.4,Declining
L49247,10936,4.4,5.6,51.8,Declining
M16928,10988,4.4,5.6,51.1,Declining
H31483,11161,4.5,5.5,51.8,Declining
L49250,10984,4.4,5.6,45.1,Critical
M16931,10996,4.4,5.6,43.8,Critical
L49252,11645,4.7,5.3,52.3,Critical
L49253,11949,4.8,5.2,55.9,Critical
L49254,11889,4.8,5.2,53.4,Critical
L49255,11555,4.6,5.4,46.3,Critical
L49256,11953,4.8,5.2,51.5,Critical
L49257,12357,4.9,5.1,56.7,Critical
M16938,12429,5.0,5.0,56.4,Critical
M16939,12226,4.9,5.1,50.8,Critical
L49260,13875,5.6,4.4,76.0,Critical
M16941,12375,5.0,5.0,49.5,Critical
H31496,12566,5.0,5.0,50.4,Critical
H31497,3486,1.4,8.6,58.1,Stable
L49264,3109,1.2,8.8,48.1,Stable
L49265,3239,1.3,8.7,48.7,Stable
H31500,3283,1.3,8.7,48.0,Stable
L49267,3784,1.5,8.5,52.6,Stable
L49268,3382,1.4,8.6,44.4,Stable
L49269,4692,1.9,8.1,64.7,Stable
L49270,3686,1.5,8.5,46.4,Stable
L49271,3856,1.5,8.5,47.8,Stable
L49272,3968,1.6,8.4,48.1,Stable
L49273,4298,1.7,8.3,52.1,Stable
L49274,4014,1.6,8.4,45.9,Stable
L49275,4400,1.8,8.2,50.8,Stable
M16956,4214,1.7,8.3,46.2,Stable
M16957,4227,1.7,8.3,44.2,Stable
L49278,4512,1.8,8.2,46.7,Stable
L49279,4992,2.0,8.0,53.2,Stable
M16960,4832,1.9,8.1,49.0,Stable
L49281,5081,2.0,8.0,50.9,Stable
L49282,4765,1.9,8.1,44.2,Stable
M16963,4957,2.0,8.0,45.9,Stable
M16964,5540,2.2,7.8,53.3,Stable
L49285,5465,2.2,7.8,49.8,Stable
L49286,5855,2.3,7.7,54.8,Stable
M16967,5489,2.2,7.8,47.2,Stable
H31522,5620,2.2,7.8,47.2,Stable
M16969,6007,2.4,7.6,49.9,Stable
H31524,6166,2.5,7.5,50.3,Stable
L49291,6247,2.5,7.5,47.9,Stable
L49292,7169,2.9,7.1,61.7,Stable
L49293,7281,2.9,7.1,62.1,Stable
H31528,6391,2.6,7.4,45.8,Declining
L49295,6678,2.7,7.3,46.8,Declining
M16976,6722,2.7,7.3,46.0,Declining
H31531,7619,3.0,7.0,58.7,Declining
H31532,7178,2.9,7.1,47.6,Declining
M16979,8261,3.3,6.7,61.9,Declining
H31534,8496,3.4,6.6,63.6,Declining
M16981,7911,3.2,6.8,50.1,Declining
M16982,8086,3.2,6.8,50.8,Declining
L49303,8157,3.3,6.7,49.7,Declining
L49304,8125,3.2,6.8,47.7,Declining
L49305,7871,3.1,6.9,41.9,Critical
L49306,8343,3.3,6.7,48.3,Declining
H31541,8385,3.4,6.6,47.5,Declining
L49308,9360,3.7,6.3,60.0,Declining
H31543,9064,3.6,6.4,53.6,Declining
L49310,8857,3.5,6.5,46.4,Declining
L49311,9029,3.6,6.4,47.7,Declining
L49312,9575,3.8,6.2,55.3,Declining
H31547,9809,3.9,6.1,57.7,Declining
L49314,9516,3.8,6.2,49.1,Declining
L49315,9682,3.9,6.1,50.4,Declining
L49316,9926,4.0,6.0,52.9,Declining
L49317,10086,4.0,6.0,54.1,Declining
L49318,10398,4.2,5.8,57.8,Declining
L49319,9850,3.9,6.1,47.2,Declining
L49320,9948,4.0,6.0,47.3,Declining
M17001,10354,4.1,5.9,52.6,Declining
L49322,10087,4.0,6.0,45.9,Declining
M17003,10309,4.1,5.9,48.1,Declining
L49324,10462,4.2,5.8,48.4,Declining
L49325,10750,4.3,5.7,51.7,Declining
L49326,11034,4.4,5.6,54.9,Declining
L49327,10930,4.4,5.6,51.7,Declining
L49328,11086,4.4,5.6,52.8,Declining
L49329,11236,4.5,5.5,53.8,Declining
H31564,11372,4.5,5.5,54.5,Critical
M17011,10903,4.4,5.6,43.0,Critical
M17012,11756,4.7,5.3,54.9,Critical
H31567,11389,4.6,5.4,46.6,Critical
M17014,12354,4.9,5.1,58.9,Critical
L49335,11637,4.7,5.3,44.7,Critical
M17016,11959,4.8,5.2,48.6,Critical
M17017,13058,5.2,4.8,64.6,Critical
M17018,12113,4.8,5.2,46.6,Critical
M17019,12654,5.1,4.9,53.4,Critical
L49340,12599,5.0,5.0,50.2,Critical
L49341,12603,5.0,5.0,48.8,Critical
L49342,12437,5.0,5.0,44.5,Critical
L49343,12699,5.1,4.9,47.4,Critical
L49344,13025,5.2,4.8,51.3,Critical
L49345,12987,5.2,4.8,49.2,Critical
M17026,13859,5.5,4.5,62.2,Critical
H31581,3176,1.3,8.7,52.9,Stable
M17028,3065,1.2,8.8,47.3,Stable
L49349,3190,1.3,8.7,47.2,Stable
M17030,3450,1.4,8.6,50.0,Stable
L49351,3589,1.4,8.6,50.1,Stable
L49352,4307,1.7,8.3,60.5,Stable
M17033,3755,1.5,8.5,49.8,Stable
L49354,4044,1.6,8.4,52.4,Stable
M17035,4170,1.7,8.3,53.0,Stable
M17036,3899,1.6,8.4,46.2,Stable
M17037,4046,1.6,8.4,46.4,Stable
L49358,4599,1.8,8.2,53.4,Stable
L49359,4687,1.9,8.1,53.4,Stable
H31594,4769,1.9,8.1,53.2,Stable
H31595,4896,2.0,8.0,51.6,Stable
M17042,4653,1.9,8.1,43.8,Stable
M17043,5314,2.1,7.9,52.6,Stable
L49364,5245,2.1,7.9,49.2,Stable
L49365,5645,2.3,7.7,54.3,Stable
L49366,5365,2.1,7.9,48.2,Stable
M17047,5443,2.2,7.8,48.0,Stable
L49368,5540,2.2,7.8,47.3,Stable
H31603,5898,2.4,7.6,51.8,Stable
M17050,5957,2.4,7.6,49.0,Stable
L49371,6446,2.6,7.4,54.9,Stable
L49372,6184,2.5,7.5,49.1,Stable
M17053,6226,2.5,7.5,48.3,Stable
M17054,6601,2.6,7.4,52.3,Stable
L49375,6826,2.7,7.3,53.8,Declining
M17056,6792,2.7,7.3,51.7,Declining
L49377,6649,2.7,7.3,47.1,Declining
M17058,6871,2.7,7.3,49.3,Declining
M17059,6586,2.6,7.4,42.3,Declining
L49380,7277,2.9,7.1,51.5,Declining
L49381,7409,3.0,7.0,52.2,Declining
M17062,7461,3.0,7.0,51.6,Declining
L49383,7728,3.1,6.9,53.8,Declining
M17064,7294,2.9,7.1,45.1,Declining
L49385,7973,3.2,6.8,54.1,Declining
L49386,7687,3.1,6.9,47.9,Declining
L49387,8087,3.2,6.8,53.0,Declining
H31622,7865,3.1,6.9,47.8,Declining
L49389,7992,3.2,6.8,46.2,Declining
L49390,8112,3.2,6.8,46.7,Declining
M17071,7890,3.2,6.8,41.5,Declining
L49392,8485,3.4,6.6,49.2,Declining
L49393,8571,3.4,6.6,49.1,Declining
H31628,8425,3.4,6.6,45.2,Declining
H31629,8876,3.6,6.4,48.9,Declining
L49396,9455,3.8,6.2,54.8,Declining
L49397,8949,3.6,6.4,44.9,Declining
L49398,9771,3.9,6.1,57.1,Declining
M17079,9305,3.7,6.3,47.8,Declining
M17080,10042,4.0,6.0,57.9,Declining
L49401,9449,3.8,6.2,45.7,Declining
L49402,10005,4.0,6.0,53.5,Declining
L49403,9711,3.9,6.1,47.1,Declining
M17084,10265,4.1,5.9,54.8,Declining
M17085,10040,4.0,6.0,48.8,Declining
M17086,10615,4.2,5.8,56.2,Declining
L49407,11310,4.5,5.5,65.5,Declining
H31642,10554,4.2,5.8,51.4,Declining
L49409,11057,4.4,5.6,56.0,Declining
L49410,10677,4.3,5.7,48.2,Declining
L49411,10705,4.3,5.7,47.2,Declining
L49412,11309,4.5,5.5,55.7,Declining
L49413,13153,5.3,4.7,85.0,Critical
L49414,11129,4.5,5.5,49.7,Critical
M17095,11145,4.5,5.5,48.5,Critical
M17096,11214,4.5,5.5,47.4,Critical
L49417,11311,4.5,5.5,46.8,Critical
L49418,11543,4.6,5.4,49.1,Critical
L49419,11447,4.6,5.4,46.0,Critical
L49420,11689,4.7,5.3,48.6,Critical
L49421,12287,4.9,5.1,57.0,Critical
L49422,12289,4.9,5.1,55.6,Critical
L49423,11975,4.8,5.2,48.8,Critical
M17104,12219,4.9,5.1,51.4,Critical
M17105,2876,1.2,8.8,47.9,Stable
L49426,2947,1.2,8.8,46.9,Stable
M17107,3017,1.2,8.8,46.5,Stable
M17108,2968,1.2,8.8,43.5,Stable
L49429,3379,1.4,8.6,48.1,Stable
M17110,3377,1.4,8.6,46.5,Stable
H31665,3568,1.4,8.6,47.5,Stable
H31666,3847,1.5,8.5,48.4,Stable
L49433,3942,1.6,8.4,46.2,Stable
L49434,3910,1.6,8.4,44.2,Stable
L49435,4468,1.8,8.2,52.0,Stable
L49436,4418,1.8,8.2,49.6,Stable
L49437,5314,2.1,7.9,63.1,Stable
L49438,4258,1.7,8.3,44.0,Stable
L49439,4572,1.8,8.2,47.7,Stable
H31674,4842,1.9,8.1,50.7,Stable
M17121,4895,2.0,8.0,47.8,Stable
L49442,5226,2.1,7.9,51.1,Stable
M17123,5308,2.1,7.9,51.0,Stable
M17124,5215,2.1,7.9,47.2,Stable
M17125,5180,2.1,7.9,44.3,Stable
L49446,5417,2.2,7.8,46.0,Stable
L49447,5485,2.2,7.8,45.7,Stable
L49448,5711,2.3,7.7,47.9,Stable
L49449,5553,2.2,7.8,43.8,Stable
L49450,5889,2.4,7.6,47.9,Stable
L49451,6747,2.7,7.3,60.7,Stable
M17132,6091,2.4,7.6,48.3,Stable
L49453,6508,2.6,7.4,53.0,Stable
L49454,6460,2.6,7.4,50.7,Stable
L49455,6720,2.7,7.3,53.5,Stable
L49456,6386,2.6,7.4,46.4,Declining
H31691,6506,2.6,7.4,46.9,Declining
M17138,6833,2.7,7.3,48.6,Declining
L49459,7100,2.8,7.2,50.8,Declining
L49460,6920,2.8,7.2,46.3,Declining
L49461,7302,2.9,7.1,51.2,Declining
L49462,7238,2.9,7.1,48.6,Declining
L49463,7184,2.9,7.1,46.2,Declining
L49464,7256,2.9,7.1,45.9,Declining
L49465,7352,2.9,7.1,46.0,Declining
M17146,7258,2.9,7.1,43.0,Declining
L49467,8307,3.3,6.7,58.2,Declining
M17148,7987,3.2,6.8,51.4,Declining
L49469,8048,3.2,6.8,50.1,Declining
M17150,7772,3.1,6.9,44.0,Declining
M17151,9037,3.6,6.4,62.9,Declining
L49472,8244,3.3,6.7,47.4,Declining
L49473,8530,3.4,6.6,50.7,Declining
L49474,8834,3.5,6.5,54.2,Declining
L49475,8694,3.5,6.5,50.4,Declining
L49476,8866,3.5,6.5,51.8,Declining
L49477,9454,3.8,6.2,60.1,Declining
L49478,8904,3.6,6.4,49.4,Declining
L49479,8922,3.6,6.4,48.2,Critical
L49480,8862,3.5,6.5,45.7,Declining
M17161,9382,3.8,6.2,52.9,Declining
L49482,9375,3.8,6.2,50.5,Declining
L49483,9183,3.7,6.3,45.8,Declining
L49484,9435,3.8,6.2,48.5,Declining
H31719,9299,3.7,6.3,44.7,Declining
L49486,9360,3.7,6.3,42.0,Declining
H31721,10176,4.1,5.9,54.1,Declining
L49488,9897,4.0,6.0,45.7,Declining
L49489,10467,4.2,5.8,53.7,Declining
M17170,10405,4.2,5.8,51.2,Declining
M17171,10452,4.2,5.8,49.7,Declining
M17172,10487,4.2,5.8,48.0,Declining
M17173,11190,4.5,5.5,57.5,Declining
L49494,10611,4.2,5.8,45.6,Declining
L49495,11017,4.4,5.6,50.9,Declining
L49496,11139,4.5,5.5,51.4,Declining
L49497,11355,4.5,5.5,53.5,Critical
L49498,11045,4.4,5.6,46.8,Critical
M17179,11725,4.7,5.3,56.7,Critical
H31734,11340,4.5,5.5,48.0,Critical
M17181,11313,4.5,5.5,43.8,Critical
L49502,11848,4.7,5.3,50.5,Critical
M17183,11712,4.7,5.3,46.7,Critical
L49504,12317,4.9,5.1,54.5,Critical
L49505,12341,4.9,5.1,53.4,Critical
M17186,12199,4.9,5.1,49.6,Critical
M17187,12200,4.9,5.1,47.3,Critical
L49508,12653,5.1,4.9,52.6,Critical
L49509,12553,5.0,5.0,49.5,Critical
M17190,12455,5.0,5.0,46.3,Critical
L49511,12578,5.0,5.0,46.1,Critical
L49512,12656,5.1,4.9,45.9,Critical
L49513,12880,5.2,4.8,48.2,Critical
L49514,12970,5.2,4.8,48.2,Critical
L49515,3018,1.2,8.8,50.3,Stable
L49516,2958,1.2,8.8,47.8,Stable
L49517,3934,1.6,8.4,62.6,Stable
L49518,3572,1.4,8.6,55.0,Stable
L49519,3292,1.3,8.7,48.9,Stable
L49520,3408,1.4,8.6,49.3,Stable
L49521,3358,1.3,8.7,47.0,Stable
M17202,3978,1.6,8.4,55.8,Stable
L49523,3375,1.4,8.6,43.5,Stable
M17204,4365,1.7,8.3,58.5,Stable
L49525,3940,1.6,8.4,49.2,Stable
L49526,3884,1.6,8.4,46.7,Stable
L49527,3990,1.6,8.4,47.0,Stable
L49528,4132,1.7,8.3,47.9,Stable
M17209,4122,1.6,8.4,46.2,Stable
L49530,4973,2.0,8.0,58.1,Stable
L49531,4361,1.7,8.3,46.4,Stable
M17212,4509,1.8,8.2,47.4,Stable
L49533,5482,2.2,7.8,61.4,Stable
L49534,4756,1.9,8.1,47.8,Stable
M17215,4590,1.8,8.2,43.5,Stable
H31770,5111,2.0,8.0,49.9,Stable
L49537,5884,2.4,7.6,59.1,Stable
M17218,5192,2.1,7.9,46.0,Stable
L49539,5391,2.2,7.8,47.1,Stable
H31774,5431,2.2,7.8,46.3,Stable
M17221,6142,2.5,7.5,54.4,Stable
H31776,6055,2.4,7.6,50.7,Stable
L49543,6260,2.5,7.5,50.3,Stable
L49544,6062,2.4,7.6,45.5,Stable
L49545,7110,2.8,7.2,61.5,Stable
L49546,6480,2.6,7.4,49.5,Stable
M17227,6592,2.6,7.4,49.9,Declining
M17228,6671,2.7,7.3,48.9,Declining
M17229,7582,3.0,7.0,61.9,Declining
L49550,7245,2.9,7.1,54.0,Declining
L49551,6913,2.8,7.2,47.0,Declining
M17232,6993,2.8,7.2,46.8,Declining
L49553,7020,2.8,7.2,45.0,Declining
M17234,7486,3.0,7.0,51.3,Declining
M17235,7497,3.0,7.0,49.2,Declining
M17236,7408,3.0,7.0,45.5,Declining
M17237,7979,3.2,6.8,52.7,Declining
L49558,7646,3.1,6.9,44.9,Declining
H31793,7940,3.2,6.8,48.3,Declining
L49560,7749,3.1,6.9,41.4,Declining
L49561,8341,3.3,6.7,49.8,Declining
L49562,8647,3.5,6.5,53.4,Declining
L49563,8671,3.5,6.5,52.3,Declining
M17244,8637,3.5,6.5,50.2,Declining
L49565,8808,3.5,6.5,50.8,Declining
L49566,8936,3.6,6.4,51.4,Declining
M17247,8888,3.6,6.4,49.1,Declining
M17248,9127,3.7,6.3,50.9,Declining
L49569,9944,4.0,6.0,62.2,Declining
L49570,9274,3.7,6.3,49.6,Declining
L49571,9550,3.8,6.2,52.7,Declining
L49572,9160,3.7,6.3,44.7,Declining
L49573,9658,3.9,6.1,51.5,Declining
L49574,9636,3.9,6.1,49.6,Declining
M17255,10234,4.1,5.9,58.1,Declining
M17256,10069,4.0,6.0,53.1,Declining
L49577,10184,4.1,5.9,52.7,Declining
L49578,10090,4.0,6.0,49.7,Declining
M17259,10388,4.2,5.8,53.1,Declining
H31814,10259,4.1,5.9,48.7,Declining
M17261,10294,4.1,5.9,45.6,Declining
L49582,10345,4.1,5.9,44.2,Declining
H31817,10681,4.3,5.7,48.3,Declining
M17264,12026,4.8,5.2,66.9,Declining
L49585,11141,4.5,5.5,49.9,Critical
L49586,11109,4.4,5.6,47.9,Critical
M17267,11323,4.5,5.5,50.0,Critical
L49588,11172,4.5,5.5,45.2,Critical
L49589,11628,4.7,5.3,51.3,Critical
L49590,12018,4.8,5.2,56.3,Critical
L49591,11848,4.7,5.3,52.0,Critical
L49592,11636,4.7,5.3,46.9,Critical
L49593,12682,5.1,4.9,62.9,Critical
L49594,2830,1.1,8.9,47.2,Stable
M17275,3264,1.3,8.7,52.9,Stable
L49596,3367,1.3,8.7,52.4,Stable
L49597,3467,1.4,8.6,52.5,Stable
L49598,3725,1.5,8.5,55.3,Stable
M17279,3151,1.3,8.7,44.3,Stable
H31834,3530,1.4,8.6,48.3,Stable
L49601,5623,2.2,7.8,79.5,Stable
L49602,3831,1.5,8.5,48.1,Stable
M17283,5079,2.0,8.0,67.4,Stable
L49604,4826,1.9,8.1,60.9,Stable
L49605,4204,1.7,8.3,49.1,Stable
M17286,4094,1.6,8.4,45.7,Critical
L49607,5195,2.1,7.9,61.8,Stable
M17288,4329,1.7,8.3,45.9,Stable
L49609,4574,1.8,8.2,47.7,Stable
M17290,4470,1.8,8.2,44.5,Stable
M17291,4757,1.9,8.1,47.0,Stable
L49612,5090,2.0,8.0,50.3,Stable
L49613,5042,2.0,8.0,48.0,Stable
M17294,4966,2.0,8.0,45.3,Stable
L49615,5757,2.3,7.7,56.2,Stable
H31850,5799,2.3,7.7,55.4,Stable
L49617,5552,2.2,7.8,47.5,Stable
M17298,5450,2.2,7.8,44.3,Stable
L49619,6311,2.5,7.5,56.4,Stable
L49620,5867,2.3,7.7,47.5,Stable
L49621,6457,2.6,7.4,55.9,Stable
M17302,5859,2.3,7.7,44.4,Stable
L49623,6624,2.6,7.4,54.9,Stable
L49624,5954,2.4,7.6,42.2,Critical
H31859,6260,2.5,7.5,45.8,Stable
L49626,6579,2.6,7.4,47.4,Declining
L49627,6641,2.7,7.3,46.9,Declining
L49628,6795,2.7,7.3,48.0,Declining
L49629,7549,3.0,7.0,59.1,Declining
L49630,7079,2.8,7.2,49.7,Declining
L49631,7485,3.0,7.0,55.0,Declining
M17312,8933,3.6,6.4,77.6,Declining
L49633,7706,3.1,6.9,54.9,Declining
L49634,7806,3.1,6.9,55.1,Declining
L49635,8482,3.4,6.6,64.9,Declining
L49636,7790,3.1,6.9,51.8,Declining
L49637,8092,3.2,6.8,55.4,Declining
L49638,7728,3.1,6.9,47.8,Declining
L49639,7544,3.0,7.0,43.2,Declining
L49640,7972,3.2,6.8,48.9,Declining
M17321,8164,3.3,6.7,50.6,Declining
L49642,8749,3.5,6.5,58.1,Declining
L49643,8515,3.4,6.6,52.7,Declining
M17324,8513,3.4,6.6,51.1,Declining
L49645,8542,3.4,6.6,49.4,Declining
L49646,8528,3.4,6.6,47.6,Declining
M17327,8908,3.6,6.4,52.5,Declining
M17328,8943,3.6,6.4,50.8,Declining
L49649,9044,3.6,6.4,50.2,Declining
L49650,9054,3.6,6.4,48.9,Declining
L49651,8812,3.5,6.5,43.4,Declining
L49652,9158,3.7,6.3,47.6,Declining
M17333,9500,3.8,6.2,51.8,Declining
L49654,9531,3.8,6.2,50.1,Declining
L49655,9533,3.8,6.2,48.6,Declining
H31890,9603,3.8,6.2,48.3,Declining
L49657,9704,3.9,6.1,46.2,Declining
M17338,9932,4.0,6.0,48.5,Declining
L49659,10363,4.1,5.9,53.5,Declining
L49660,10713,4.3,5.7,57.8,Declining
L49661,10091,4.0,6.0,45.9,Declining
L49662,10433,4.2,5.8,50.1,Declining
M17343,10319,4.1,5.9,46.7,Declining
H31898,10698,4.3,5.7,50.8,Declining
L49665,11061,4.4,5.6,53.1,Declining
M17346,11509,4.6,5.4,59.1,Declining
H31901,11346,4.5,5.5,54.1,Critical
L49668,11037,4.4,5.6,45.2,Critical
H31903,11415,4.6,5.4,50.0,Critical
H31904,11772,4.7,5.3,52.2,Critical
L49671,11755,4.7,5.3,48.2,Critical
H31906,11719,4.7,5.3,46.1,Critical
M17353,12016,4.8,5.2,47.3,Critical
L49674,11973,4.8,5.2,44.3,Critical
M17355,12387,5.0,5.0,49.7,Critical
M17356,12686,5.1,4.9,52.4,Critical
M17357,12717,5.1,4.9,50.7,Critical
L49678,12744,5.1,4.9,48.9,Critical
M17359,12550,5.0,5.0,44.2,Critical
L49680,13269,5.3,4.7,53.9,Critical
M17361,13077,5.2,4.8,49.2,Critical
L49682,13290,5.3,4.7,50.5,Critical
L49683,2816,1.1,8.9,46.9,Stable
L49684,3026,1.2,8.8,48.9,Stable
L49685,2954,1.2,8.8,46.2,Stable
M17366,3276,1.3,8.7,50.1,Stable
H31921,3225,1.3,8.7,47.0,Stable
L49688,3860,1.5,8.5,53.8,Stable
L49689,3742,1.5,8.5,50.4,Stable
L49690,3620,1.4,8.6,46.8,Stable
M17371,3952,1.6,8.4,50.9,Stable
L49692,4095,1.6,8.4,51.0,Stable
L49693,4291,1.7,8.3,52.8,Stable
L49694,5353,2.1,7.9,69.0,Stable
L49695,4285,1.7,8.3,49.7,Stable
L49696,4867,1.9,8.1,57.9,Stable
L49697,4275,1.7,8.3,46.5,Stable
M17378,4425,1.8,8.2,47.5,Stable
L49699,4972,2.0,8.0,54.4,Stable
L49700,4870,1.9,8.1,51.2,Stable
L49701,5058,2.0,8.0,52.8,Stable
M17382,5066,2.0,8.0,51.4,Stable
L49703,5385,2.2,7.8,54.5,Stable
M17384,5097,2.0,8.0,48.2,Stable
M17385,5536,2.2,7.8,53.3,Stable
L49706,5477,2.2,7.8,50.0,Stable
L49707,5465,2.2,7.8,48.3,Stable
L49708,6115,2.4,7.6,57.7,Stable
M17389,5887,2.4,7.6,52.4,Stable
L49710,5756,2.3,7.7,47.9,Stable
M17391,5990,2.4,7.6,50.3,Stable
L49712,5883,2.4,7.6,46.3,Stable
L49713,6175,2.5,7.5,49.7,Stable
L49714,6743,2.7,7.3,57.6,Stable
L49715,6365,2.5,7.5,49.8,Stable
L49716,6027,2.4,7.6,42.7,Stable
H31951,6261,2.5,7.5,45.1,Stable
L49718,6638,2.7,7.3,47.6,Declining
L49719,6696,2.7,7.3,47.1,Declining
L49720,6964,2.8,7.2,50.1,Declining
H31955,7156,2.9,7.1,51.8,Declining
H31956,7699,3.1,6.9,57.1,Declining
L49723,8072,3.2,6.8,59.5,Declining
L49724,8492,3.4,6.6,65.0,Declining
M17405,7762,3.1,6.9,51.4,Declining
L49726,8025,3.2,6.8,53.5,Declining
L49727,8061,3.2,6.8,52.6,Declining
M17408,7875,3.2,6.8,48.0,Declining
L49729,8108,3.2,6.8,49.6,Declining
L49730,7952,3.2,6.8,45.5,Declining
L49731,8392,3.4,6.6,51.4,Declining
H31966,8504,3.4,6.6,51.7,Declining
L49733,8571,3.4,6.6,49.1,Declining
L49734,8777,3.5,6.5,51.0,Declining
L49735,8827,3.5,6.5,50.4,Declining
M17416,8793,3.5,6.5,48.3,Declining
M17417,8910,3.6,6.4,48.0,Declining
M17418,9927,4.0,6.0,62.7,Declining
L49739,9194,3.7,6.3,48.2,Declining
M17420,9042,3.6,6.4,44.2,Declining
L49741,9739,3.9,6.1,53.6,Declining
L49742,9717,3.9,6.1,51.7,Declining
L49743,9697,3.9,6.1,49.9,Declining
L49744,9781,3.9,6.1,49.8,Declining
L49745,9493,3.8,6.2,43.5,Declining
M17426,9815,3.9,6.1,47.3,Declining
L49747,10642,4.3,5.7,58.9,Declining
L49748,10100,4.0,6.0,48.3,Declining
H31983,11034,4.4,5.6,62.4,Declining
L49750,10941,4.4,5.6,57.1,Declining
M17431,10599,4.2,5.8,49.9,Declining
M17432,10444,4.2,5.8,45.1,Declining
L49753,10873,4.3,5.7,50.0,Declining
L49754,11909,4.8,5.2,65.7,Declining
L49755,10899,4.4,5.6,47.4,Declining
L49756,11191,4.5,5.5,50.8,Critical
L49757,11361,4.5,5.5,52.1,Critical
L49758,11107,4.4,5.6,46.4,Critical
L49759,12005,4.8,5.2,59.8,Critical
L49760,11091,4.4,5.6,43.1,Critical
L49761,11285,4.5,5.5,44.8,Critical
L49762,11915,4.8,5.2,53.8,Critical
L49763,11459,4.6,5.4,44.7,Critical
L49764,11869,4.7,5.3,50.1,Critical
M17445,12195,4.9,5.1,54.0,Critical
L49766,12164,4.9,5.1,51.2,Critical
L49767,13676,5.5,4.5,74.9,Critical
L49768,12682,5.1,4.9,56.9,Critical
L49769,13860,5.5,4.5,75.0,Critical
L49770,2792,1.1,8.9,46.5,Stable
L49771,3134,1.3,8.7,50.7,Stable
L49772,3258,1.3,8.7,51.3,Stable
H32007,3100,1.2,8.8,47.2,Stable
L49774,3387,1.4,8.6,48.2,Stable
M17455,3557,1.4,8.6,49.5,Stable
L49776,3572,1.4,8.6,47.5,Stable
L49777,3708,1.5,8.5,48.3,Stable
L49778,3540,1.4,8.6,44.0,Critical
M17459,3884,1.6,8.4,48.2,Stable
L49780,3969,1.6,8.4,47.4,Stable
L49781,4013,1.6,8.4,46.6,Stable
L49782,4159,1.7,8.3,47.6,Stable
M17463,4063,1.6,8.4,44.5,Stable
M17464,4300,1.7,8.3,46.2,Stable
L49785,4769,1.9,8.1,51.7,Stable
H32020,4823,1.9,8.1,51.1,Stable
L49787,4876,2.0,8.0,48.3,Stable
L49788,4888,2.0,8.0,47.0,Stable
L49789,5402,2.2,7.8,54.0,Stable
H32024,5344,2.1,7.9,51.6,Stable
L49791,6389,2.6,7.4,65.2,Stable
L49792,7407,3.0,7.0,80.7,Stable
M17473,5797,2.3,7.7,52.4,Stable
L49794,6058,2.4,7.6,54.5,Stable
L49795,5912,2.4,7.6,50.5,Stable
L49796,5384,2.2,7.8,40.2,Stable
L49797,6400,2.6,7.4,55.7,Stable
M17478,6072,2.4,7.6,48.7,Stable
L49799,6423,2.6,7.4,52.3,Stable
L49800,6487,2.6,7.4,51.9,Stable
M17481,6477,2.6,7.4,50.2,Stable
M17482,6884,2.8,7.2,54.7,Declining
M17483,6301,2.5,7.5,42.8,Declining
H32038,6620,2.6,7.4,45.8,Declining
L49805,6893,2.8,7.2,46.6,Declining
L49806,7485,3.0,7.0,55.0,Declining
M17487,6967,2.8,7.2,44.9,Declining
H32042,7230,2.9,7.1,47.0,Declining
L49809,7807,3.1,6.9,52.9,Declining
L49810,7469,3.0,7.0,45.7,Declining
H32045,7873,3.1,6.9,51.0,Declining
M17492,8344,3.3,6.7,55.1,Declining
L49813,8239,3.3,6.7,51.1,Declining
L49814,8373,3.3,6.7,51.8,Declining
H32049,8279,3.3,6.7,48.7,Declining
L49816,8088,3.2,6.8,41.8,Declining
L49817,8258,3.3,6.7,43.1,Declining
L49818,9238,3.7,6.3,58.0,Declining
M17499,8674,3.5,6.5,47.1,Declining
M17500,8729,3.5,6.5,45.7,Declining
H32055,8960,3.6,6.4,47.3,Declining
L49822,9429,3.8,6.2,51.4,Declining
M17503,9237,3.7,6.3,46.7,Declining
L49824,9590,3.8,6.2,50.3,Declining
H32059,9754,3.9,6.1,51.6,Declining
M17506,9791,3.9,6.1,48.4,Declining
L49827,9836,3.9,6.1,46.9,Declining
L49828,9982,4.0,6.0,47.9,Declining
M17509,10364,4.1,5.9,52.7,Declining
L49830,9895,4.0,6.0,42.7,Declining
L49831,11441,4.6,5.4,66.9,Declining
L49832,11059,4.4,5.6,59.1,Declining
L49833,11163,4.5,5.5,59.3,Declining
L49834,10829,4.3,5.7,52.2,Declining
M17515,11287,4.5,5.5,58.4,Declining
L49836,10618,4.2,5.8,45.0,Declining
M17517,10860,4.3,5.7,47.5,Declining
L49838,10935,4.4,5.6,46.5,Critical
H32073,11425,4.6,5.4,53.2,Critical
L49840,11042,4.4,5.6,43.0,Critical
M17521,11568,4.6,5.4,50.3,Critical
M17522,11651,4.7,5.3,49.4,Critical
L49843,12060,4.8,5.2,54.0,Critical
M17524,11884,4.8,5.2,49.6,Critical
L49845,13557,5.4,4.6,75.2,Critical
H32080,12517,5.0,5.0,56.4,Critical
M17527,12686,5.1,4.9,55.4,Critical
M17528,12775,5.1,4.9,54.7,Critical
H32083,12618,5.0,5.0,49.8,Critical
L49850,12789,5.1,4.9,48.9,Critical
M17531,12743,5.1,4.9,46.6,Critical
L49852,2890,1.2,8.8,48.2,Stable
L49853,3050,1.2,8.8,49.3,Stable
L49854,3272,1.3,8.7,51.5,Stable
L49855,3418,1.4,8.6,52.5,Stable
L49856,3544,1.4,8.6,53.1,Stable
L49857,3440,1.4,8.6,49.8,Stable
L49858,3434,1.4,8.6,48.2,Stable
L49859,3582,1.4,8.6,49.2,Stable
L49860,4002,1.6,8.4,54.7,Stable
L49861,3900,1.6,8.4,51.5,Stable
M17542,3628,1.5,8.5,45.5,Stable
L49863,4215,1.7,8.3,53.0,Stable
L49864,4045,1.6,8.4,48.7,Stable
L49865,4433,1.8,8.2,53.6,Stable
L49866,4571,1.8,8.2,54.4,Stable
L49867,4091,1.6,8.4,44.9,Stable
L49868,4129,1.7,8.3,44.1,Stable
L49869,4857,1.9,8.1,54.7,Stable
L49870,5121,2.0,8.0,57.6,Stable
L49871,4617,1.8,8.2,47.7,Stable
L49872,5127,2.1,7.9,54.7,Stable
M17553,5179,2.1,7.9,54.1,Stable
M17554,5320,2.1,7.9,54.2,Stable
L49875,5943,2.4,7.6,62.3,Stable
L49876,5199,2.1,7.9,48.4,Stable
L49877,5621,2.2,7.8,53.9,Stable
L49878,6495,2.6,7.4,67.0,Stable
L49879,5291,2.1,7.9,45.4,Stable
L49880,5601,2.2,7.8,49.1,Stable
L49881,5411,2.2,7.8,44.4,Stable
L49882,6355,2.5,7.5,58.7,Stable
M17563,5669,2.3,7.7,45.7,Stable
M17564,6276,2.5,7.5,53.6,Stable
L49885,5847,2.3,7.7,44.2,Stable
M17566,6405,2.6,7.4,52.0,Stable
M17567,6498,2.6,7.4,51.3,Stable
L49888,8087,3.2,6.8,75.5,Stable
L49889,6927,2.8,7.2,54.7,Declining
L49890,6883,2.8,7.2,52.5,Declining
L49891,6639,2.7,7.3,46.9,Declining
H32126,6519,2.6,7.4,43.4,Declining
M17573,7442,3.0,7.0,55.0,Declining
M17574,7007,2.8,7.2,45.5,Declining
M17575,7812,3.1,6.9,56.7,Declining
L49896,7541,3.0,7.0,49.9,Declining
M17577,7479,3.0,7.0,47.4,Declining
L49898,7484,3.0,7.0,45.2,Declining
L49899,8240,3.3,6.7,56.3,Declining
L49900,8068,3.2,6.8,52.0,Declining
M17581,8146,3.3,6.7,51.8,Declining
L49902,8291,3.3,6.7,51.9,Declining
L49903,7989,3.2,6.8,45.4,Declining
M17584,8295,3.3,6.7,49.0,Declining
L49905,8600,3.4,6.6,51.8,Declining
M17586,8426,3.4,6.6,47.4,Declining
L49907,8583,3.4,6.6,47.8,Declining
L49908,9363,3.7,6.3,59.3,Declining
L49909,8729,3.5,6.5,47.2,Declining
L49910,8835,3.5,6.5,47.5,Declining
M17591,9269,3.7,6.3,53.2,Declining
L49912,8902,3.6,6.4,44.9,Declining
L49913,9144,3.7,6.3,47.4,Declining
H32148,9534,3.8,6.2,52.4,Declining
L49915,9439,3.8,6.2,47.1,Declining
M17596,9857,3.9,6.1,52.5,Declining
M17597,9856,3.9,6.1,50.3,Declining
M17598,9967,4.0,6.0,49.9,Declining
L49919,10254,4.1,5.9,52.4,Declining
L49920,10250,4.1,5.9,50.8,Declining
L49921,10046,4.0,6.0,45.9,Declining
L49922,10118,4.0,6.0,45.6,Declining
L49923,10422,4.2,5.8,49.2,Declining
L49924,10800,4.3,5.7,54.0,Declining
M17605,10856,4.3,5.7,53.4,Declining
L49926,10607,4.2,5.8,47.0,Declining
L49927,11107,4.4,5.6,53.9,Declining
L49928,11227,4.5,5.5,54.4,Declining
M17609,11425,4.6,5.4,56.2,Critical
H32164,11102,4.4,5.6,48.5,Critical
L49931,11249,4.5,5.5,47.2,Critical
M17612,12207,4.9,5.1,61.7,Critical
L49933,12070,4.8,5.2,57.2,Critical
H32168,11990,4.8,5.2,54.3,Critical
L49935,11911,4.8,5.2,49.3,Critical
L49936,12607,5.0,5.0,59.4,Critical
L49937,12013,4.8,5.2,48.0,Critical
M17618,12049,4.8,5.2,47.1,Critical
L49939,12326,4.9,5.1,49.4,Critical
L49940,12250,4.9,5.1,46.7,Critical
L49941,12138,4.9,5.1,43.3,Critical
L49942,12588,5.0,5.0,49.3,Critical
L49943,12702,5.1,4.9,49.7,Critical
M17624,2778,1.1,8.9,46.3,Stable
M17625,2933,1.2,8.8,46.6,Stable
M17626,4048,1.6,8.4,63.0,Stable
L49947,4255,1.7,8.3,64.2,Stable
L49948,3845,1.5,8.5,55.8,Stable
M17629,3539,1.4,8.6,49.2,Stable
L49950,3448,1.4,8.6,45.5,Stable
L49951,3712,1.5,8.5,48.4,Stable
L49952,3834,1.5,8.5,48.9,Stable
L49953,4706,1.9,8.1,61.9,Stable
L49954,4198,1.7,8.3,52.0,Stable
L49955,4290,1.7,8.3,52.0,Stable
L49956,4166,1.7,8.3,48.4,Stable
L49957,4278,1.7,8.3,48.8,Stable
L49958,4056,1.6,8.4,43.6,Stable
L49959,4236,1.7,8.3,45.1,Stable
M17640,4732,1.9,8.1,51.9,Stable
L49961,6121,2.4,7.6,72.8,Stable
M17642,4827,1.9,8.1,49.7,Stable
M17643,5036,2.0,8.0,50.9,Stable
L49964,4975,2.0,8.0,47.7,Stable
L49965,5195,2.1,7.9,49.8,Stable
M17646,5555,2.2,7.8,54.3,Stable
M17647,5478,2.2,7.8,50.8,Stable
L49968,5217,2.1,7.9,44.2,Stable
H32203,5531,2.2,7.8,47.9,Stable
L49970,5592,2.2,7.8,45.2,Stable
H32205,5802,2.3,7.7,47.2,Stable
L49972,6363,2.5,7.5,52.8,Stable
L49973,6479,2.6,7.4,53.2,Stable
L49974,6481,2.6,7.4,51.8,Stable
M17655,6275,2.5,7.5,46.8,Stable
L49976,6678,2.7,7.3,51.3,Declining
M17657,6486,2.6,7.4,46.6,Declining
L49978,6961,2.8,7.2,52.3,Declining
L49979,6723,2.7,7.3,46.8,Declining
M17660,7005,2.8,7.2,50.0,Declining
M17661,7424,3.0,7.0,54.7,Declining
M17662,7293,2.9,7.1,50.3,Declining
L49983,7096,2.8,7.2,44.8,Declining
L49984,7400,3.0,7.0,48.3,Declining
L49985,7510,3.0,7.0,48.7,Declining
L49986,7408,3.0,7.0,45.5,Declining
M17667,7674,3.1,6.9,48.4,Declining
L49988,7847,3.1,6.9,49.0,Declining
L49989,8191,3.3,6.7,53.3,Declining
L49990,8629,3.5,6.5,59.1,Declining
L49991,8697,3.5,6.5,58.7,Declining
M17672,8091,3.2,6.8,47.1,Declining
L49993,9174,3.7,6.3,62.9,Declining
L49994,8280,3.3,6.7,46.5,Declining
M17675,8718,3.5,6.5,52.3,Declining
L49996,8583,3.4,6.6,47.8,Declining
L49997,8639,3.5,6.5,47.2,Declining
L49998,9353,3.7,6.3,57.6,Declining
L49999,8697,3.5,6.5,45.2,Declining
L50000,8947,3.6,6.4,47.9,Declining
M17681,9003,3.6,6.4,47.3,Declining
L50002,9486,3.8,6.2,53.1,Declining
M17683,9030,3.6,6.4,44.0,Declining
M17684,9421,3.8,6.2,48.3,Declining
L50005,9600,3.8,6.2,49.0,Declining
M17686,9974,4.0,6.0,53.7,Declining
L50007,9709,3.9,6.1,47.1,Declining
M17688,10725,4.3,5.7,62.5,Declining
L50009,10334,4.1,5.9,53.7,Declining
M17690,10022,4.0,6.0,47.0,Declining
M17691,10315,4.1,5.9,49.7,Declining
M17692,10404,4.2,5.8,48.9,Declining
L50013,11219,4.5,5.5,60.2,Declining
L50014,10431,4.2,5.8,45.6,Declining
L50015,10929,4.4,5.6,52.4,Declining
M17696,10791,4.3,5.7,48.6,Declining
L50017,11408,4.6,5.4,56.6,Declining
L50018,11056,4.4,5.6,49.3,Critical
M17699,10914,4.4,5.6,45.4,Critical
H32254,11299,4.5,5.5,49.6,Critical
L50021,11960,4.8,5.2,56.8,Critical
L50022,11330,4.5,5.5,44.8,Critical
L50023,11794,4.7,5.3,51.1,Critical
L50024,12120,4.8,5.2,55.0,Critical
L50025,11706,4.7,5.3,46.6,Critical
L50026,11824,4.7,5.3,47.1,Critical
L50027,12140,4.9,5.1,50.8,Critical
M17708,11962,4.8,5.2,46.4,Critical
L50029,12847,5.1,4.9,58.9,Critical
L50030,12747,5.1,4.9,55.7,Critical
L50031,12241,4.9,5.1,45.8,Critical
M17712,12279,4.9,5.1,44.9,Critical
M17713,12798,5.1,4.9,51.3,Critical
L50034,12795,5.1,4.9,49.0,Critical
L50035,13001,5.2,4.8,50.9,Critical
H32270,12977,5.2,4.8,49.0,Critical
M17717,13316,5.3,4.7,50.9,Critical
L50038,13229,5.3,4.7,47.2,Critical
L50039,13583,5.4,4.6,51.6,Critical
H32274,13501,5.4,4.6,48.8,Critical
L50041,13758,5.5,4.5,49.3,Critical
L50042,14624,5.8,4.2,62.2,Critical
L50043,13922,5.6,4.4,49.0,Critical
H32278,13830,5.5,4.5,46.0,Critical
H32279,3246,1.3,8.7,54.1,Stable
L50046,4219,1.7,8.3,66.6,Stable
H32281,3095,1.2,8.8,46.3,Stable
L50048,3376,1.4,8.6,47.3,Stable
L50049,3668,1.5,8.5,50.6,Stable
M17730,3758,1.5,8.5,50.6,Stable
M17731,3927,1.6,8.4,51.2,Stable
L50052,4350,1.7,8.3,56.0,Stable
H32287,4190,1.7,8.3,51.8,Stable
L50054,4247,1.7,8.3,49.0,Stable
M17735,5149,2.1,7.9,62.6,Stable
M17736,4686,1.9,8.1,52.6,Stable
M17737,4975,2.0,8.0,55.2,Stable
H32292,4804,1.9,8.1,50.1,Stable
M17739,4759,1.9,8.1,45.6,Critical
L50060,5242,2.1,7.9,51.4,Stable
M17741,5426,2.2,7.8,52.9,Stable
L50062,5753,2.3,7.7,56.1,Stable
L50063,5349,2.1,7.9,47.9,Stable
L50064,5383,2.2,7.8,47.0,Stable
M17745,5295,2.1,7.9,44.0,Stable
H32300,6060,2.4,7.6,54.5,Stable
M17747,6397,2.6,7.4,56.4,Stable
M17748,5880,2.4,7.6,45.5,Stable
M17749,6331,2.5,7.5,50.8,Stable
L50070,6606,2.6,7.4,53.1,Stable
L50071,6874,2.7,7.3,56.1,Stable
L50072,6258,2.5,7.5,44.3,Declining
M17753,6826,2.7,7.3,52.3,Declining
L50074,7291,2.9,7.1,57.8,Declining
M17755,6861,2.7,7.3,49.1,Declining
M17756,7316,2.9,7.1,54.4,Declining
M17757,7245,2.9,7.1,51.0,Declining
M17758,7420,3.0,7.0,51.7,Declining
L50079,7275,2.9,7.1,47.0,Declining
L50080,7693,3.1,6.9,52.5,Declining
L50081,7485,3.0,7.0,47.5,Declining
M17762,7807,3.1,6.9,51.4,Declining
M17763,8326,3.3,6.7,57.8,Declining
L50084,9987,4.0,6.0,83.2,Declining
L50085,8189,3.3,6.7,51.7,Declining
L50086,7993,3.2,6.8,47.0,Declining
M17767,8427,3.4,6.6,52.7,Declining
L50088,7902,3.2,6.8,41.7,Declining
L50089,8490,3.4,6.6,50.0,Declining
L50090,8732,3.5,6.5,52.5,Declining
M17771,8374,3.3,6.7,45.1,Declining
L50092,9127,3.7,6.3,55.4,Declining
L50093,8977,3.6,6.4,51.4,Declining
H32328,9761,3.9,6.1,62.9,Declining
L50095,8720,3.5,6.5,41.8,Declining
L50096,9122,3.6,6.4,47.0,Declining
L50097,9422,3.8,6.2,50.5,Declining
M17778,9464,3.8,6.2,49.7,Declining
L50099,10067,4.0,6.0,57.5,Declining
L50100,9901,4.0,6.0,53.3,Declining
L50101,10109,4.0,6.0,55.2,Declining
L50102,9847,3.9,6.1,49.4,Declining
M17783,9769,3.9,6.1,46.6,Declining
L50104,10032,4.0,6.0,48.7,Declining
M17785,9976,4.0,6.0,46.3,Declining
L50106,10349,4.1,5.9,50.2,Declining
M17787,10267,4.1,5.9,47.4,Declining
M17788,10076,4.0,6.0,41.9,Declining
M17789,10659,4.3,5.7,49.4,Declining
H32344,10636,4.3,5.7,46.8,Declining
L50111,10801,4.3,5.7,45.8,Declining
L50112,11065,4.4,5.6,48.7,Critical
M17793,11737,4.7,5.3,58.4,Critical
M17794,11462,4.6,5.4,51.5,Critical
M17795,11865,4.7,5.3,56.0,Critical
M17796,11428,4.6,5.4,46.5,Critical
L50117,12395,5.0,5.0,60.3,Critical
L50118,11823,4.7,5.3,49.3,Critical
L50119,11817,4.7,5.3,47.7,Critical
L50120,13755,5.5,4.5,78.5,Critical
M17801,13127,5.3,4.7,66.5,Critical
L50122,2922,1.2,8.8,48.7,Stable
H32357,4104,1.6,8.4,66.9,Stable
L50124,3325,1.3,8.7,50.2,Stable
H32359,4255,1.7,8.3,64.2,Stable
M17806,3874,1.5,8.5,54.1,Stable
L50127,3949,1.6,8.4,53.1,Stable
L50128,4555,1.8,8.2,61.7,Stable
M17809,3885,1.6,8.4,49.0,Stable
M17810,3970,1.6,8.4,48.2,Stable
L50131,4585,1.8,8.2,56.2,Stable
H32366,4639,1.9,8.1,55.6,Stable
L50133,4686,1.9,8.1,52.6,Stable
H32368,5002,2.0,8.0,56.4,Stable
M17815,4723,1.9,8.1,48.0,Stable
M17816,4788,1.9,8.1,46.8,Stable
L50137,5111,2.0,8.0,49.9,Stable
M17818,5167,2.1,7.9,49.4,Stable
M17819,5518,2.2,7.8,53.0,Stable
L50140,5409,2.2,7.8,48.9,Stable
L50141,5873,2.3,7.7,55.1,Stable
L50142,5671,2.3,7.7,50.3,Stable
M17823,5623,2.2,7.8,48.0,Stable
L50144,6264,2.5,7.5,56.4,Stable
M17825,6646,2.7,7.3,61.3,Stable
L50146,6307,2.5,7.5,53.4,Stable
L50147,5933,2.4,7.6,45.6,Stable
M17828,5909,2.4,7.6,43.7,Stable
L50149,6356,2.5,7.5,48.9,Stable
M17830,6414,2.6,7.4,48.4,Stable
M17831,6431,2.6,7.4,46.4,Declining
M17832,6644,2.7,7.3,47.7,Declining
M17833,6935,2.8,7.2,50.3,Declining
M17834,7092,2.8,7.2,50.7,Declining
H32389,6905,2.8,7.2,45.3,Declining
M17836,8172,3.3,6.7,62.7,Declining
L50157,7371,2.9,7.1,47.1,Declining
H32392,7919,3.2,6.8,54.7,Declining
L50159,7944,3.2,6.8,51.4,Declining
L50160,7844,3.1,6.9,48.2,Declining
H32395,8100,3.2,6.8,51.0,Declining
L50162,8855,3.5,6.5,59.8,Declining
L50163,7935,3.2,6.8,43.0,Declining
L50164,8723,3.5,6.5,54.6,Declining
L50165,8727,3.5,6.5,53.2,Declining
L50166,8535,3.4,6.6,48.5,Declining
M17847,9033,3.6,6.4,55.3,Declining
M17848,8914,3.6,6.4,51.1,Declining
L50169,8989,3.6,6.4,50.1,Declining
L50170,9451,3.8,6.2,56.3,Declining
M17851,8847,3.5,6.5,44.7,Declining
M17852,9670,3.9,6.1,56.2,Declining
M17853,9175,3.7,6.3,45.7,Declining
L50174,9492,3.8,6.2,48.7,Declining
L50175,9760,3.9,6.1,51.7,Declining
M17856,9766,3.9,6.1,50.3,Declining
L50177,9575,3.8,6.2,44.8,Declining
L50178,10207,4.1,5.9,53.9,Declining
L50179,9855,3.9,6.1,46.5,Declining
H32414,9803,3.9,6.1,44.1,Critical
L50181,10270,4.1,5.9,48.2,Declining
M17862,10580,4.2,5.8,51.8,Declining
M17863,10503,4.2,5.8,48.3,Declining
M17864,10672,4.3,5.7,48.9,Declining
L50185,10881,4.4,5.6,50.1,Declining
L50186,10941,4.4,5.6,49.6,Declining
L50187,10683,4.3,5.7,43.8,Declining
M17868,11239,4.5,5.5,51.6,Critical
M17869,11212,4.5,5.5,48.9,Critical
L50190,11489,4.6,5.4,51.2,Critical
M17871,11373,4.5,5.5,47.8,Critical
L50192,11504,4.6,5.4,47.7,Critical
L50193,11510,4.6,5.4,46.3,Critical
L50194,11980,4.8,5.2,52.7,Critical
L50195,12088,4.8,5.2,53.0,Critical
L50196,11882,4.8,5.2,48.0,Critical
L50197,11700,4.7,5.3,43.5,Critical
M17878,12312,4.9,5.1,52.2,Critical
L50199,12073,4.8,5.2,46.0,Critical
L50200,12491,5.0,5.0,51.4,Critical
L50201,12337,4.9,5.1,47.4,Critical
L50202,13105,5.2,4.8,58.7,Critical
L50203,13097,5.2,4.8,57.0,Critical
L50204,12695,5.1,4.9,48.8,Critical
L50205,12587,5.0,5.0,45.5,Critical
M17886,13721,5.5,4.5,62.9,Critical
L50207,3554,1.4,8.6,59.2,Stable
L50208,2848,1.1,8.9,46.0,Stable
L50209,3230,1.3,8.7,50.8,Stable
M17890,3396,1.4,8.6,52.1,Stable
M17891,3183,1.3,8.7,46.3,Stable
M17892,3434,1.4,8.6,48.2,Stable
M17893,4543,1.8,8.2,64.5,Stable
H32448,3750,1.5,8.5,49.0,Stable
M17895,3891,1.6,8.4,47.6,Stable
L50216,3808,1.5,8.5,44.0,Stable
L50217,5034,2.0,8.0,62.9,Stable
L50218,4048,1.6,8.4,45.0,Stable
M17899,4770,1.9,8.1,55.5,Stable
L50220,4523,1.8,8.2,49.1,Stable
L50221,4751,1.9,8.1,51.4,Stable
M17902,4673,1.9,8.1,48.6,Stable
L50223,4992,2.0,8.0,51.7,Stable
L50224,5942,2.4,7.6,66.0,Stable
L50225,5122,2.0,8.0,50.9,Stable
M17906,5162,2.1,7.9,50.0,Stable
L50227,5411,2.2,7.8,51.9,Stable
L50228,5449,2.2,7.8,51.1,Stable
L50229,5127,2.1,7.9,44.2,Stable
L50230,5427,2.2,7.8,47.7,Stable
L50231,5387,2.2,7.8,45.5,Stable
L50232,5587,2.2,7.8,47.4,Stable
H32467,5847,2.3,7.7,50.2,Stable
H32468,5744,2.3,7.7,44.7,Stable
L50235,6139,2.5,7.5,47.6,Stable
L50236,6709,2.7,7.3,55.6,Stable
L50237,6265,2.5,7.5,46.7,Stable
L50238,6973,2.8,7.2,57.0,Stable
M17919,6381,2.6,7.4,45.6,Declining
L50240,7544,3.0,7.0,62.7,Declining
L50241,6576,2.6,7.4,45.1,Declining
L50242,7066,2.8,7.2,51.8,Declining
L50243,6912,2.8,7.2,47.7,Declining
M17924,7602,3.0,7.0,57.7,Declining
M17925,7649,3.1,6.9,56.2,Declining
M17926,7324,2.9,7.1,48.6,Declining
L50247,7611,3.0,7.0,51.1,Declining
H32482,7879,3.2,6.8,54.1,Declining
L50249,8442,3.4,6.6,59.7,Declining
L50250,8212,3.3,6.7,54.4,Declining
L50251,9388,3.8,6.2,72.5,Declining
L50252,7758,3.1,6.9,43.8,Declining
L50253,8176,3.3,6.7,49.3,Declining
L50254,8876,3.6,6.4,59.4,Declining
M17935,8170,3.3,6.7,46.2,Declining
L50256,8423,3.4,6.6,48.1,Declining
L50257,9307,3.7,6.3,61.4,Declining
M17938,8413,3.4,6.6,45.0,Declining
L50259,8530,3.4,6.6,44.7,Declining
M17940,9018,3.6,6.4,51.3,Declining
M17941,9939,4.0,6.0,64.4,Declining
M17942,9024,3.6,6.4,46.9,Declining
L50263,9769,3.9,6.1,57.1,Declining
H32498,9093,3.6,6.4,44.3,Declining
L50265,9542,3.8,6.2,48.0,Declining
L50266,9970,4.0,6.0,53.7,Declining
M17947,9788,3.9,6.1,49.1,Declining
M17948,10223,4.1,5.9,54.1,Declining
H32503,10150,4.1,5.9,50.7,Declining
H32504,10231,4.1,5.9,48.3,Declining
L50271,10676,4.3,5.7,51.9,Declining
M17952,12236,4.9,5.1,76.4,Declining
L50273,10579,4.2,5.8,46.6,Declining
L50274,11819,4.7,5.3,65.7,Declining
M17955,11113,4.4,5.6,52.5,Declining
L50276,11220,4.5,5.5,52.0,Critical
M17957,10896,4.4,5.6,45.1,Critical
M17958,11103,4.4,5.6,46.3,Critical
M17959,11486,4.6,5.4,50.4,Critical
L50280,11751,4.7,5.3,52.6,Critical
H32515,11619,4.6,5.4,48.9,Critical
L50282,11734,4.7,5.3,47.1,Critical
L50283,12336,4.9,5.1,55.6,Critical
M17964,12446,5.0,5.0,55.9,Critical
L50285,12449,5.0,5.0,53.7,Critical
L50286,12285,4.9,5.1,49.5,Critical
M17967,12317,4.9,5.1,48.5,Critical
L50288,12548,5.0,5.0,50.1,Critical
L50289,12612,5.0,5.0,49.7,Critical
H32524,3050,1.2,8.8,50.8,Stable
L50291,3743,1.5,8.5,58.6,Stable
M17972,3025,1.2,8.8,45.2,Stable
M17973,3140,1.3,8.7,44.8,Stable
M17974,3951,1.6,8.4,56.1,Stable
L50295,4036,1.6,8.4,55.3,Stable
L50296,3942,1.6,8.4,52.2,Stable
M17977,3838,1.5,8.5,49.0,Stable
M17978,3951,1.6,8.4,48.6,Stable
L50299,4886,2.0,8.0,61.9,Stable
H32534,4386,1.8,8.2,52.1,Stable
L50301,5767,2.3,7.7,71.4,Stable
L50302,4521,1.8,8.2,49.1,Stable
H32537,4661,1.9,8.1,49.9,Stable
L50304,5026,2.0,8.0,52.3,Stable
L50305,5368,2.1,7.9,56.5,Stable
L50306,5068,2.0,8.0,50.0,Stable
L50307,5594,2.2,7.8,57.2,Stable
M17988,5174,2.1,7.9,48.7,Stable
L50309,5669,2.3,7.7,54.7,Stable
L50310,5995,2.4,7.6,58.7,Stable
L50311,5885,2.4,7.6,55.3,Stable
L50312,5769,2.3,7.7,51.9,Stable
H32547,5629,2.3,7.7,48.1,Stable
L50314,5688,2.3,7.7,45.3,Stable
L50315,5744,2.3,7.7,44.7,Stable
L50316,6020,2.4,7.6,47.8,Stable
L50317,6374,2.5,7.5,52.2,Stable
L50318,6082,2.4,7.6,45.9,Stable
H32553,6446,2.6,7.4,50.4,Stable
H32554,8771,3.5,6.5,85.4,Critical
L50321,6912,2.8,7.2,50.7,Declining
L50322,7276,2.9,7.1,55.3,Declining
H32557,6888,2.8,7.2,47.3,Declining
M18004,7231,2.9,7.1,49.3,Declining
M18005,7240,2.9,7.1,47.2,Declining
M18006,8105,3.2,6.8,59.3,Declining
M18007,7560,3.0,7.0,48.0,Declining
H32562,7711,3.1,6.9,48.3,Declining
H32563,8040,3.2,6.8,50.0,Declining
L50330,8291,3.3,6.7,50.4,Declining
L50331,8211,3.3,6.7,47.6,Declining
M18012,8391,3.4,6.6,49.1,Declining
M18013,8546,3.4,6.6,49.4,Declining
L50334,8783,3.5,6.5,51.1,Declining
L50335,8539,3.4,6.6,45.6,Declining
L50336,8829,3.5,6.5,48.9,Declining
M18017,8961,3.6,6.4,49.6,Declining
L50338,9478,3.8,6.2,56.0,Declining
H32573,9028,3.6,6.4,47.0,Declining
M18020,9169,3.7,6.3,45.6,Declining
L50341,9198,3.7,6.3,43.8,Declining
L50342,9620,3.8,6.2,49.3,Declining
L50343,9848,3.9,6.1,51.6,Declining
L50344,10210,4.1,5.9,56.2,Declining
L50345,10002,4.0,6.0,51.2,Declining
M18026,10098,4.0,6.0,51.3,Declining
L50347,9923,4.0,6.0,46.1,Declining
M18028,10473,4.2,5.8,53.8,Declining
M18029,10730,4.3,5.7,55.8,Declining
M18030,10885,4.4,5.6,56.2,Declining
L50351,10422,4.2,5.8,46.2,Declining
M18032,10716,4.3,5.7,49.6,Declining
L50353,11123,4.4,5.6,54.1,Declining
L50354,11165,4.5,5.5,53.3,Declining
L50355,10991,4.4,5.6,48.9,Declining
L50356,11015,4.4,5.6,47.8,Critical
M18037,11363,4.5,5.5,52.1,Critical
M18038,11028,4.4,5.6,44.3,Critical
L50359,11645,4.7,5.3,52.3,Critical
M18040,11461,4.6,5.4,47.8,Critical
L50361,11784,4.7,5.3,50.9,Critical
M18042,11706,4.7,5.3,48.1,Critical
L50363,12187,4.9,5.1,53.9,Critical
L50364,12353,4.9,5.1,55.1,Critical
L50365,12505,5.0,5.0,56.2,Critical
M18046,12137,4.9,5.1,48.5,Critical
M18047,12864,5.1,4.9,58.4,Critical
M18048,12371,4.9,5.1,47.9,Critical
L50369,12732,5.1,4.9,51.7,Critical
L50370,12918,5.2,4.8,53.3,Critical
M18051,13274,5.3,4.7,57.7,Critical
M18052,12781,5.1,4.9,47.3,Critical
L50373,2802,1.1,8.9,46.7,Stable
L50374,2998,1.2,8.8,48.5,Stable
M18055,3450,1.4,8.6,54.5,Stable
L50376,3293,1.3,8.7,49.6,Stable
L50377,3335,1.3,8.7,48.8,Stable
M18058,3421,1.4,8.6,48.8,Stable
H32613,3750,1.5,8.5,52.0,Stable
M18060,3763,1.5,8.5,48.5,Stable
L50381,3948,1.6,8.4,49.3,Stable
L50382,3940,1.6,8.4,47.7,Stable
M18063,4236,1.7,8.3,51.1,Stable
L50384,4113,1.6,8.4,46.8,Stable
M18065,4491,1.8,8.2,51.6,Stable
M18066,4754,1.9,8.1,53.7,Stable
M18067,4949,2.0,8.0,54.7,Stable
M18068,4612,1.8,8.2,46.9,Stable
L50389,5109,2.0,8.0,52.9,Stable
M18070,4753,1.9,8.1,45.5,Stable
L50391,5084,2.0,8.0,48.7,Stable
L50392,5548,2.2,7.8,55.0,Stable
L50393,5844,2.3,7.7,58.4,Stable
H32628,5222,2.1,7.9,46.5,Stable
M18075,7013,2.8,7.2,72.6,Stable
L50396,6096,2.4,7.6,55.1,Stable
L50397,6930,2.8,7.2,67.5,Stable
L50398,5822,2.3,7.7,47.5,Stable
M18079,6066,2.4,7.6,50.1,Stable
M18080,6245,2.5,7.5,50.8,Stable
L50401,6176,2.5,7.5,47.4,Stable
M18082,6290,2.5,7.5,47.8,Stable
H32637,6545,2.6,7.4,49.8,Stable
M18084,6894,2.8,7.2,51.9,Declining
L50405,6863,2.7,7.3,49.1,Declining
L50406,6935,2.8,7.2,48.8,Declining
M18087,7273,2.9,7.1,53.0,Declining
L50408,7180,2.9,7.1,49.2,Declining
L50409,7204,2.9,7.1,48.1,Declining
L50410,7522,3.0,7.0,51.9,Declining
L50411,7350,2.9,7.1,47.5,Declining
L50412,7750,3.1,6.9,52.7,Declining
H32647,7628,3.1,6.9,49.1,Declining
L50414,7883,3.2,6.8,49.6,Declining
L50415,8887,3.6,6.4,64.9,Declining
M18096,7769,3.1,6.9,44.7,Critical
M18097,8736,3.5,6.5,58.6,Declining
M18098,8803,3.5,6.5,57.5,Declining
L50419,8350,3.3,6.7,47.7,Declining
L50420,8804,3.5,6.5,53.7,Declining
H32655,8608,3.4,6.6,49.0,Declining
L50422,8663,3.5,6.5,46.1,Declining
L50423,9433,3.8,6.2,57.5,Declining
M18104,8869,3.5,6.5,46.6,Declining
M18105,9386,3.8,6.2,52.9,Declining
L50426,9281,3.7,6.3,48.9,Declining
M18107,9623,3.8,6.2,53.1,Declining
M18108,9592,3.8,6.2,50.4,Declining
L50429,9691,3.9,6.1,49.8,Declining
H32664,10213,4.1,5.9,57.0,Declining
L50431,10022,4.0,6.0,50.0,Declining
L50432,10446,4.2,5.8,55.6,Declining
L50433,10204,4.1,5.9,50.1,Declining
M18114,9866,3.9,6.1,42.9,Declining
L50435,10407,4.2,5.8,49.7,Declining
L50436,10553,4.2,5.8,50.6,Declining
L50437,11573,4.6,5.4,66.1,Declining
L50438,10981,4.4,5.6,54.8,Declining
M18119,11035,4.4,5.6,54.2,Declining
M18120,12056,4.8,5.2,68.9,Declining
H32675,10993,4.4,5.6,49.0,Declining
L50442,11396,4.6,5.4,51.9,Critical
L50443,11058,4.4,5.6,44.8,Critical
H32678,11370,4.5,5.5,48.5,Critical
L50445,11395,4.6,5.4,45.2,Critical
L50446,11313,4.5,5.5,42.3,Critical
L50447,11965,4.8,5.2,51.7,Critical
M18128,12005,4.8,5.2,50.8,Critical
M18129,12482,5.0,5.0,56.5,Critical
L50450,13099,5.2,4.8,64.6,Critical
M18131,12693,5.1,4.9,56.3,Critical
M18132,12636,5.1,4.9,53.1,Critical
M18133,12715,5.1,4.9,52.2,Critical
L50454,3330,1.3,8.7,55.5,Stable
H32689,3154,1.3,8.7,51.1,Stable
L50456,3191,1.3,8.7,47.9,Stable
L50457,3467,1.4,8.6,51.0,Stable
L50458,3507,1.4,8.6,50.2,Stable
L50459,3349,1.3,8.7,46.1,Stable
M18140,3587,1.4,8.6,48.5,Stable
M18141,3700,1.5,8.5,48.2,Stable
L50462,3975,1.6,8.4,50.5,Stable
L50463,3933,1.6,8.4,48.3,Stable
H32698,3849,1.5,8.5,45.4,Stable
L50465,4724,1.9,8.1,56.2,Stable
L50466,4676,1.9,8.1,53.9,Stable
M18147,4646,1.9,8.1,51.9,Stable
L50468,4989,2.0,8.0,55.4,Stable
M18149,4345,1.7,8.3,43.2,Stable
L50470,4660,1.9,8.1,46.2,Stable
M18151,4938,2.0,8.0,49.3,Stable
L50472,4915,2.0,8.0,46.7,Stable
M18153,4919,2.0,8.0,45.2,Stable
L50474,5654,2.3,7.7,55.2,Stable
L50475,5422,2.2,7.8,49.9,Stable
M18156,5278,2.1,7.9,46.0,Stable
L50477,5751,2.3,7.7,51.6,Stable
L50478,5743,2.3,7.7,50.0,Stable
L50479,5615,2.2,7.8,46.3,Stable
H32714,6001,2.4,7.6,51.3,Stable
L50481,5880,2.4,7.6,45.5,Stable
L50482,6246,2.5,7.5,50.1,Stable
L50483,6110,2.4,7.6,46.3,Stable
L50484,6414,2.6,7.4,49.9,Stable
M18165,6664,2.7,7.3,52.6,Stable
L50486,6509,2.6,7.4,47.7,Declining
M18167,6861,2.7,7.3,52.1,Declining
L50488,6736,2.7,7.3,47.8,Declining
L50489,6728,2.7,7.3,46.1,Declining
L50490,6742,2.7,7.3,44.9,Declining
L50491,7058,2.8,7.2,48.6,Declining
L50492,7508,3.0,7.0,54.6,Declining
L50493,7794,3.1,6.9,57.9,Declining
L50494,7388,3.0,7.0,49.6,Declining
M18175,7484,3.0,7.0,49.7,Declining
M18176,7069,2.8,7.2,40.6,Declining
L50497,8042,3.2,6.8,54.5,Declining
L50498,7732,3.1,6.9,47.9,Declining
L50499,8328,3.3,6.7,56.3,Declining
L50500,9618,3.8,6.2,76.3,Declining
L50501,8174,3.3,6.7,50.7,Declining
L50502,7922,3.2,6.8,45.0,Declining
L50503,8488,3.4,6.6,53.0,Declining
L50504,8556,3.4,6.6,52.6,Declining
L50505,8664,3.5,6.5,52.9,Declining
L50506,9504,3.8,6.2,65.4,Declining
M18187,10534,4.2,5.8,81.1,Declining
L50508,8641,3.5,6.5,47.3,Declining
L50509,9261,3.7,6.3,56.1,Declining
L50510,8755,3.5,6.5,46.2,Declining
L50511,9193,3.7,6.3,52.0,Declining
M18192,9507,3.8,6.2,55.7,Declining
M18193,8986,3.6,6.4,44.8,Declining
M18194,9531,3.8,6.2,51.6,Declining
L50515,9980,4.0,6.0,56.8,Declining
L50516,9730,3.9,6.1,51.2,Declining
L50517,9878,4.0,6.0,52.1,Declining
M18198,9860,3.9,6.1,50.3,Declining
L50519,9959,4.0,6.0,49.7,Declining
M18200,9969,4.0,6.0,48.4,Declining
H32755,9858,3.9,6.1,44.3,Declining
L50522,10189,4.1,5.9,46.1,Declining
M18203,10771,4.3,5.7,54.3,Declining
L50524,11062,4.4,5.6,56.9,Declining
L50525,10928,4.4,5.6,53.1,Declining
L50526,11352,4.5,5.5,58.7,Declining
L50527,10978,4.4,5.6,51.0,Declining
M18208,11074,4.4,5.6,51.1,Declining
L50529,11491,4.6,5.4,55.8,Critical
L50530,10805,4.3,5.7,42.8,Critical
L50531,11685,4.7,5.3,56.0,Critical
L50532,11635,4.7,5.3,53.7,Critical
L50533,11769,4.7,5.3,54.4,Critical
L50534,11713,4.7,5.3,52.0,Critical
L50535,11419,4.6,5.4,45.6,Critical
L50536,11485,4.6,5.4,45.2,Critical
H32771,11693,4.7,5.3,47.1,Critical
L50538,12134,4.9,5.1,50.7,Critical
L50539,12230,4.9,5.1,50.8,Critical
L50540,12058,4.8,5.2,46.5,Critical
L50541,12398,5.0,5.0,50.6,Critical
L50542,12340,4.9,5.1,48.2,Critical
L50543,12650,5.1,4.9,51.8,Critical
L50544,3266,1.3,8.7,54.4,Stable
M18225,3350,1.3,8.7,54.3,Stable
M18226,3609,1.4,8.6,56.4,Stable
H32781,3940,1.6,8.4,59.7,Stable
L50548,3285,1.3,8.7,45.0,Stable
L50549,6195,2.5,7.5,92.0,Critical
L50550,3933,1.6,8.4,52.8,Stable
L50551,4833,1.9,8.1,66.3,Stable
L50552,3807,1.5,8.5,47.7,Stable
L50553,4171,1.7,8.3,52.3,Stable
L50554,3877,1.6,8.4,45.9,Stable
M18235,4133,1.7,8.3,48.6,Stable
M18236,4120,1.6,8.4,46.2,Stable
H32791,4667,1.9,8.1,53.0,Stable
L50558,4846,1.9,8.1,52.3,Stable
M18239,4718,1.9,8.1,48.6,Stable
L50560,5115,2.0,8.0,53.0,Stable
L50561,4777,1.9,8.1,45.9,Stable
L50562,5135,2.1,7.9,50.3,Stable
H32797,5553,2.2,7.8,55.8,Stable
L50564,5282,2.1,7.9,47.5,Stable
L50565,5452,2.2,7.8,48.9,Stable
H32800,5558,2.2,7.8,49.1,Stable
M18247,5415,2.2,7.8,43.0,Stable
M18248,5840,2.3,7.7,47.8,Stable
M18249,5937,2.4,7.6,47.2,Stable
H32804,6438,2.6,7.4,53.3,Stable
L50571,6397,2.6,7.4,48.9,Stable
L50572,6371,2.5,7.5,46.9,Stable
L50573,6625,2.6,7.4,49.7,Declining
L50574,6545,2.6,7.4,46.8,Declining
L50575,7119,2.8,7.2,54.9,Declining
M18256,6833,2.7,7.3,48.6,Declining
L50577,7346,2.9,7.1,54.9,Declining
L50578,7490,3.0,7.0,55.8,Declining
L50579,7440,3.0,7.0,53.5,Declining
H32814,7392,3.0,7.0,51.2,Declining
M18261,7779,3.1,6.9,53.9,Declining
L50582,7374,2.9,7.1,44.9,Declining
L50583,7444,3.0,7.0,44.6,Declining
L50584,8250,3.3,6.7,56.5,Declining
M18265,8220,3.3,6.7,54.5,Declining
L50586,8025,3.2,6.8,49.0,Declining
L50587,7937,3.2,6.8,46.0,Declining
M18268,8029,3.2,6.8,46.1,Declining
M18269,8794,3.5,6.5,56.6,Declining
L50590,8437,3.4,6.6,48.4,Declining
L50591,8463,3.4,6.6,47.3,Declining
L50592,8341,3.3,6.7,43.8,Declining
L50593,8925,3.6,6.4,52.0,Declining
L50594,9005,3.6,6.4,51.8,Declining
L50595,9143,3.7,6.3,52.6,Declining
L50596,8945,3.6,6.4,47.8,Declining
L50597,9407,3.8,6.2,54.0,Declining
H32832,9365,3.7,6.3,51.8,Declining
L50599,9702,3.9,6.1,53.7,Declining
L50600,10238,4.1,5.9,61.1,Declining
M18281,9884,4.0,6.0,53.7,Declining
L50602,10053,4.0,6.0,54.3,Declining
L50603,9877,4.0,6.0,49.9,Declining
L50604,10161,4.1,5.9,53.1,Declining
M18285,10311,4.1,5.9,54.1,Declining
L50606,9960,4.0,6.0,46.0,Declining
L50607,10414,4.2,5.8,52.1,Declining
L50608,10162,4.1,5.9,46.4,Declining
H32843,10572,4.2,5.8,51.7,Declining
H32844,11337,4.5,5.5,60.7,Declining
L50611,10778,4.3,5.7,47.6,Declining
M18292,12034,4.8,5.2,67.1,Declining
M18293,11993,4.8,5.2,64.1,Critical
M18294,11104,4.4,5.6,47.1,Critical
L50615,11193,4.5,5.5,46.3,Critical
L50616,11437,4.6,5.4,48.9,Critical
L50617,13189,5.3,4.7,76.6,Critical
L50618,11627,4.7,5.3,49.0,Critical
L50619,11759,4.7,5.3,49.7,Critical
L50620,11785,4.7,5.3,48.7,Critical
L50621,12073,4.8,5.2,52.0,Critical
M18302,12035,4.8,5.2,49.8,Critical
L50623,12250,4.9,5.1,51.2,Critical
L50624,12032,4.8,5.2,46.0,Critical
M18305,12558,5.0,5.0,53.3,Critical
H32860,12295,4.9,5.1,46.7,Critical
L50627,12968,5.2,4.8,54.1,Critical
L50628,12766,5.1,4.9,49.3,Critical
L50629,13110,5.2,4.8,53.5,Critical
L50630,13002,5.2,4.8,50.2,Critical
L50631,2910,1.2,8.8,48.5,Stable
H32866,3294,1.3,8.7,53.4,Stable
L50633,3165,1.3,8.7,47.5,Stable
L50634,4241,1.7,8.3,63.9,Stable
H32869,3717,1.5,8.5,53.7,Stable
H32870,3940,1.6,8.4,53.7,Stable
M18317,6223,2.5,7.5,88.0,Critical
L50638,3738,1.5,8.5,44.3,Stable
L50639,3710,1.5,8.5,42.3,Stable
L50640,4090,1.6,8.4,47.2,Stable
H32875,4010,1.6,8.4,44.3,Stable
H32876,5147,2.1,7.9,59.5,Stable
L50643,5418,2.2,7.8,60.3,Stable
L50644,4496,1.8,8.2,43.4,Stable
M18325,4746,1.9,8.1,46.1,Stable
L50646,5009,2.0,8.0,48.2,Stable
L50647,5127,2.1,7.9,48.7,Stable
L50648,6479,2.6,7.4,69.7,Stable
M18329,5243,2.1,7.9,47.6,Stable
L50650,5992,2.4,7.6,57.9,Stable
L50651,5492,2.2,7.8,48.0,Stable
L50652,5746,2.3,7.7,50.8,Stable
M18333,6172,2.5,7.5,56.4,Stable
M18334,6039,2.4,7.6,51.9,Stable
L50655,6348,2.5,7.5,54.8,Stable
L50656,6194,2.5,7.5,50.7,Stable
L50657,6334,2.5,7.5,51.6,Stable
L50658,6524,2.6,7.4,53.2,Stable
M18339,6658,2.7,7.3,54.0,Stable
L50660,6355,2.5,7.5,46.7,Stable
L50661,6971,2.8,7.2,55.4,Declining
L50662,6815,2.7,7.3,51.3,Declining
H32897,6735,2.7,7.3,48.5,Declining
L50664,7088,2.8,7.2,50.6,Declining
L50665,6994,2.8,7.2,47.6,Declining
L50666,7530,3.0,7.0,55.0,Declining
M18347,7336,2.9,7.1,50.3,Declining
L50668,7213,2.9,7.1,46.0,Declining
L50669,7629,3.1,6.9,51.4,Declining
M18350,8161,3.3,6.7,58.8,Declining
H32905,7950,3.2,6.8,53.0,Declining
H32906,7667,3.1,6.9,44.5,Declining
M18353,8496,3.4,6.6,54.6,Declining
L50674,8067,3.2,6.8,45.2,Declining
M18355,8213,3.3,6.7,46.1,Declining
L50676,8198,3.3,6.7,43.6,Declining
L50677,8954,3.6,6.4,54.7,Declining
L50678,8338,3.3,6.7,43.0,Declining
L50679,8556,3.4,6.6,45.1,Declining
H32914,9682,3.9,6.1,62.4,Declining
H32915,8747,3.5,6.5,43.0,Declining
M18362,9082,3.6,6.4,44.9,Declining
L50683,9511,3.8,6.2,49.8,Declining
M18364,9663,3.9,6.1,50.8,Declining
L50685,10202,4.1,5.9,57.5,Declining
H32920,9710,3.9,6.1,47.8,Declining
M18367,10069,4.0,6.0,50.1,Declining
L50688,10416,4.2,5.8,53.6,Declining
L50689,10832,4.3,5.7,59.0,Declining
L50690,10328,4.1,5.9,49.1,Declining
L50691,10114,4.0,6.0,44.1,Declining
M18372,10346,4.1,5.9,46.4,Declining
M18373,10529,4.2,5.8,47.2,Declining
H32928,10690,4.3,5.7,47.7,Declining
M18375,11265,4.5,5.5,53.5,Declining
L50696,10994,4.4,5.6,46.7,Critical
L50697,11380,4.6,5.4,51.7,Critical
L50698,11122,4.4,5.6,45.9,Critical
M18379,11598,4.6,5.4,52.3,Critical
L50700,11933,4.8,5.2,55.6,Critical
L50701,11767,4.7,5.3,51.4,Critical
L50702,12077,4.8,5.2,55.0,Critical
L50703,11907,4.8,5.2,50.7,Critical
M18384,11685,4.7,5.3,45.5,Critical
L50705,12308,4.9,5.1,53.6,Critical
H32940,12120,4.8,5.2,49.0,Critical
M18387,12551,5.0,5.0,52.4,Critical
L50708,12296,4.9,5.1,45.9,Critical
L50709,12764,5.1,4.9,52.2,Critical
M18390,2882,1.2,8.8,48.0,Stable
M18391,3417,1.4,8.6,54.7,Stable
L50712,3242,1.3,8.7,49.5,Stable
L50713,3486,1.4,8.6,52.1,Stable
M18394,3988,1.6,8.4,59.0,Stable
H32949,3929,1.6,8.4,55.7,Stable
L50716,4074,1.6,8.4,54.4,Stable
M18397,4860,1.9,8.1,66.0,Stable
L50718,4305,1.7,8.3,54.5,Stable
L50719,4497,1.8,8.2,56.2,Stable
L50720,4363,1.7,8.3,52.5,Stable
L50721,4397,1.8,8.2,51.5,Stable
L50722,5193,2.1,7.9,63.3,Stable
L50723,4383,1.8,8.2,48.3,Stable
M18404,4541,1.8,8.2,49.4,Stable
L50725,4862,1.9,8.1,52.5,Stable
M18406,4434,1.8,8.2,43.9,Stable
M18407,4869,1.9,8.1,48.9,Stable
L50728,5302,2.1,7.9,53.9,Stable
M18409,4758,1.9,8.1,43.3,Stable
M18410,5159,2.1,7.9,47.7,Stable
L50731,6028,2.4,7.6,60.0,Stable
M18412,5236,2.1,7.9,45.3,Stable
M18413,5891,2.4,7.6,53.9,Stable
L50734,5840,2.3,7.7,50.8,Stable
L50735,5982,2.4,7.6,51.7,Stable
L50736,6440,2.6,7.4,57.8,Stable
M18417,5678,2.3,7.7,43.6,Stable
L50738,6681,2.7,7.3,58.1,Stable
M18419,6603,2.6,7.4,55.3,Stable
L50740,6780,2.7,7.3,56.0,Stable
L50741,6482,2.6,7.4,49.5,Stable
L50742,6542,2.6,7.4,49.0,Declining
M18423,6620,2.6,7.4,48.8,Declining
M18424,6809,2.7,7.3,49.7,Declining
M18425,6800,2.7,7.3,47.3,Declining
L50746,6685,2.7,7.3,43.2,Declining
L50747,7281,2.9,7.1,51.6,Declining
L50748,7019,2.8,7.2,45.7,Declining
M18429,7469,3.0,7.0,51.7,Declining
H32984,7382,3.0,7.0,48.0,Declining
M18431,8107,3.2,6.8,56.4,Declining
L50752,7762,3.1,6.9,48.4,Declining
L50753,7854,3.1,6.9,48.4,Declining
L50754,7852,3.1,6.9,46.9,Declining
L50755,8264,3.3,6.7,52.2,Declining
L50756,8418,3.4,6.6,53.3,Declining
M18437,8220,3.3,6.7,48.5,Declining
M18438,8695,3.5,6.5,54.2,Declining
L50759,10924,4.4,5.6,89.1,Critical
L50760,8970,3.6,6.4,55.0,Declining
M18441,8678,3.5,6.5,48.6,Declining
L50762,8685,3.5,6.5,46.5,Declining
L50763,9487,3.8,6.2,58.4,Declining
L50764,8459,3.4,6.6,39.7,Declining
L50765,10059,4.0,6.0,64.9,Declining
L50766,9441,3.8,6.2,53.1,Declining
H33001,9301,3.7,6.3,49.3,Declining
M18448,9580,3.8,6.2,50.2,Declining
L50769,11635,4.7,5.3,82.2,Declining
L50770,9601,3.8,6.2,46.8,Declining
M18451,9801,3.9,6.1,48.6,Declining
H33006,9758,3.9,6.1,45.6,Declining
M18453,9999,4.0,6.0,45.9,Declining
M18454,10284,4.1,5.9,48.4,Declining
L50775,10549,4.2,5.8,50.6,Declining
L50776,10313,4.1,5.9,45.1,Declining
M18457,11143,4.5,5.5,57.5,Declining
L50778,10628,4.3,5.7,46.6,Declining
H33013,10696,4.3,5.7,46.3,Declining
L50780,11191,4.5,5.5,50.8,Critical
L50781,10989,4.4,5.6,45.9,Critical
M18462,11159,4.5,5.5,47.2,Critical
L50783,11544,4.6,5.4,51.4,Critical
L50784,11664,4.7,5.3,51.9,Critical
L50785,11922,4.8,5.2,54.7,Critical
L50786,11366,4.5,5.5,43.9,Critical
L50787,12096,4.8,5.2,54.6,Critical
M18468,12818,5.1,4.9,65.1,Critical
M18469,12333,4.9,5.1,54.8,Critical
M18470,12368,4.9,5.1,53.1,Critical
L50791,12125,4.8,5.2,46.8,Critical
L50792,3244,1.3,8.7,54.1,Stable
L50793,3204,1.3,8.7,51.9,Stable
L50794,3392,1.4,8.6,53.5,Stable
M18475,3564,1.4,8.6,54.9,Stable
M18476,3231,1.3,8.7,47.1,Stable
L50797,3598,1.4,8.6,51.0,Stable
L50798,3526,1.4,8.6,48.3,Stable
L50799,3590,1.4,8.6,47.8,Stable
H33034,3758,1.5,8.5,49.1,Stable
L50801,4349,1.7,8.3,55.2,Stable
L50802,4143,1.7,8.3,50.3,Stable
M18483,4275,1.7,8.3,51.0,Stable
M18484,4524,1.8,8.2,52.9,Stable
M18485,4419,1.8,8.2,48.9,Stable
M18486,4340,1.7,8.3,45.3,Stable
L50807,4931,2.0,8.0,52.9,Stable
L50808,5063,2.0,8.0,53.6,Stable
L50809,4765,1.9,8.1,47.2,Stable
L50810,5715,2.3,7.7,61.5,Stable
M18491,4953,2.0,8.0,47.3,Stable
L50812,5518,2.2,7.8,54.5,Stable
M18493,5382,2.2,7.8,50.7,Stable
L50814,5473,2.2,7.8,50.0,Stable
M18495,5797,2.3,7.7,53.9,Stable
L50816,5598,2.2,7.8,48.3,Stable
M18497,6042,2.4,7.6,54.2,Stable
M18498,5815,2.3,7.7,48.2,Stable
L50819,6304,2.5,7.5,54.1,Stable
H33054,6238,2.5,7.5,51.5,Stable
L50821,6351,2.5,7.5,49.6,Stable
L50822,6083,2.4,7.6,43.6,Stable
L50823,7123,2.8,7.2,59.5,Stable
L50824,6741,2.7,7.3,51.6,Declining
L50825,6561,2.6,7.4,47.1,Declining
M18506,7551,3.0,7.0,62.1,Declining
L50827,6814,2.7,7.3,47.6,Declining
M18508,6936,2.8,7.2,48.1,Declining
L50829,7147,2.9,7.1,49.4,Declining
L50830,7167,2.9,7.1,48.2,Declining
L50831,7253,2.9,7.1,48.1,Declining
M18512,7137,2.9,7.1,44.7,Declining
L50833,7626,3.1,6.9,50.6,Declining
L50834,7886,3.2,6.8,53.4,Declining
L50835,8142,3.3,6.7,56.2,Declining
M18516,7626,3.1,6.9,46.1,Declining
L50837,7949,3.2,6.8,49.2,Declining
M18518,7983,3.2,6.8,48.3,Declining
M18519,8688,3.5,6.5,57.8,Declining
L50840,8151,3.3,6.7,46.6,Declining
M18521,8723,3.5,6.5,54.6,Declining
M18522,8614,3.4,6.6,50.6,Declining
M18523,8599,3.4,6.6,48.1,Declining
M18524,9220,3.7,6.3,56.2,Declining
M18525,8701,3.5,6.5,45.3,Declining
M18526,9336,3.7,6.3,53.6,Declining
L50847,9585,3.8,6.2,55.5,Declining
L50848,9365,3.7,6.3,50.3,Declining
L50849,9365,3.7,6.3,48.8,Declining
L50850,9927,4.0,6.0,56.7,Declining
M18531,9587,3.8,6.2,49.5,Declining
L50852,10066,4.0,6.0,55.3,Declining
H33087,9738,3.9,6.1,48.3,Declining
L50854,9757,3.9,6.1,44.9,Declining
M18535,10887,4.4,5.6,62.2,Declining
M18536,10414,4.2,5.8,52.1,Declining
M18537,10161,4.1,5.9,45.6,Declining
L50858,10694,4.3,5.7,52.2,Declining
L50859,11100,4.4,5.6,57.5,Declining
L50860,11228,4.5,5.5,58.1,Declining
M18541,10736,4.3,5.7,48.4,Declining
L50862,11065,4.4,5.6,51.7,Declining
M18543,11171,4.5,5.5,51.9,Declining
L50864,10730,4.3,5.7,42.3,Critical
M18545,11040,4.4,5.6,46.0,Critical
L50866,11227,4.5,5.5,46.9,Critical
M18547,11755,4.7,5.3,54.2,Critical
L50868,11480,4.6,5.4,47.3,Critical
L50869,12508,5.0,5.0,63.0,Critical
L50870,11774,4.7,5.3,49.2,Critical
L50871,11830,4.7,5.3,48.7,Critical
L50872,12516,5.0,5.0,58.6,Critical
L50873,12132,4.9,5.1,50.7,Critical
M18554,12202,4.9,5.1,50.4,Critical
L50875,12375,5.0,5.0,51.0,Critical
L50876,2908,1.2,8.8,48.5,Stable
L50877,3946,1.6,8.4,64.3,Stable
H33112,3696,1.5,8.5,58.6,Stable
L50879,3703,1.5,8.5,55.0,Stable
L50880,3389,1.4,8.6,48.2,Stable
L50881,3419,1.4,8.6,47.2,Stable
L50882,3543,1.4,8.6,47.8,Stable
M18563,3601,1.4,8.6,47.3,Stable
M18564,3700,1.5,8.5,46.7,Stable
M18565,4485,1.8,8.2,57.5,Stable
L50886,4304,1.7,8.3,52.2,Stable
M18567,4254,1.7,8.3,49.9,Stable
L50888,4493,1.8,8.2,51.6,Stable
L50889,4993,2.0,8.0,58.5,Stable
L50890,4553,1.8,8.2,49.6,Stable
L50891,4751,1.9,8.1,51.4,Stable
L50892,4841,1.9,8.1,51.4,Stable
L50893,4975,2.0,8.0,52.2,Stable
M18574,5645,2.3,7.7,61.8,Stable
M18575,5020,2.0,8.0,49.2,Stable
L50896,5423,2.2,7.8,53.6,Stable
H33131,5181,2.1,7.9,48.1,Stable
L50898,5420,2.2,7.8,48.3,Stable
L50899,5790,2.3,7.7,53.0,Stable
M18580,5716,2.3,7.7,50.3,Stable
M18581,5923,2.4,7.6,51.5,Stable
L50902,5872,2.3,7.7,48.4,Stable
L50903,6576,2.6,7.4,58.6,Stable
M18584,6164,2.5,7.5,50.2,Stable
H33139,6371,2.5,7.5,51.4,Stable
M18586,6520,2.6,7.4,50.2,Stable
L50907,7217,2.9,7.1,59.5,Declining
L50908,6649,2.7,7.3,48.6,Declining
M18589,6449,2.6,7.4,43.7,Declining
M18590,6770,2.7,7.3,46.8,Declining
M18591,6849,2.7,7.3,45.9,Declining
M18592,6924,2.8,7.2,44.9,Declining
L50913,7305,2.9,7.1,49.0,Declining
M18594,8201,3.3,6.7,62.4,Declining
M18595,7458,3.0,7.0,47.8,Declining
H33150,7981,3.2,6.8,54.3,Declining
L50917,7652,3.1,6.9,45.0,Declining
M18598,7948,3.2,6.8,48.5,Declining
M18599,8501,3.4,6.6,55.4,Declining
L50920,8112,3.2,6.8,46.7,Declining
L50921,8406,3.4,6.6,50.1,Declining
L50922,8618,3.4,6.6,52.1,Declining
L50923,9098,3.6,6.4,58.6,Declining
L50924,8488,3.4,6.6,47.0,Declining
L50925,9236,3.7,6.3,57.9,Declining
H33160,8636,3.5,6.5,46.4,Declining
L50927,9073,3.6,6.4,50.0,Declining
L50928,9151,3.7,6.3,49.8,Declining
L50929,9559,3.8,6.2,55.1,Declining
L50930,9523,3.8,6.2,53.0,Declining
L50931,9475,3.8,6.2,50.7,Declining
H33166,9435,3.8,6.2,48.5,Declining
L50933,9676,3.9,6.1,48.8,Declining
L50934,9724,3.9,6.1,48.1,Declining
L50935,9588,3.8,6.2,44.3,Declining
L50936,10112,4.0,6.0,51.5,Declining
M18617,10142,4.1,5.9,50.5,Declining
M18618,10197,4.1,5.9,49.2,Declining
L50939,10204,4.1,5.9,47.1,Declining
L50940,10224,4.1,5.9,45.9,Critical
M18621,10540,4.2,5.8,49.7,Declining
M18622,10747,4.3,5.7,50.9,Declining
L50943,10686,4.3,5.7,47.6,Declining
L50944,10578,4.2,5.8,44.3,Declining
M18625,10896,4.4,5.6,48.1,Declining
L50946,10891,4.4,5.6,45.8,Critical
L50947,11495,4.6,5.4,54.3,Critical
L50948,11435,4.6,5.4,51.8,Critical
M18629,11287,4.5,5.5,47.9,Critical
L50950,11768,4.7,5.3,53.6,Critical
M18631,11408,4.6,5.4,46.1,Critical
L50952,11671,4.7,5.3,48.3,Critical
M18633,12639,5.1,4.9,62.9,Critical
M18634,11960,4.8,5.2,49.3,Critical
H33189,12835,5.1,4.9,61.7,Critical
L50956,12436,5.0,5.0,51.3,Critical
M18637,12892,5.2,4.8,57.4,Critical
M18638,2732,1.1,8.9,45.5,Stable
L50959,3449,1.4,8.6,55.2,Stable
L50960,3117,1.2,8.8,48.2,Stable
L50961,3245,1.3,8.7,48.8,Stable
L50962,4059,1.6,8.4,60.9,Stable
H33197,3289,1.3,8.7,46.6,Stable
L50964,4208,1.7,8.3,58.1,Stable
L50965,3900,1.6,8.4,51.5,Stable
L50966,4074,1.6,8.4,52.9,Stable
L50967,3744,1.5,8.5,45.9,Critical
L50968,4102,1.6,8.4,50.4,Stable
L50969,4470,1.8,8.2,55.0,Stable
L50970,4084,1.6,8.4,47.1,Stable
L50971,4406,1.8,8.2,50.9,Stable
L50972,4358,1.7,8.3,48.6,Stable
L50973,4288,1.7,8.3,46.0,Critical
M18654,4332,1.7,8.3,45.2,Stable
M18655,4573,1.8,8.2,47.0,Stable
M18656,4898,2.0,8.0,50.1,Stable
L50977,5269,2.1,7.9,54.1,Stable
L50978,5687,2.3,7.7,59.5,Stable
L50979,5217,2.1,7.9,50.2,Stable
M18660,6127,2.5,7.5,63.9,Stable
M18661,5972,2.4,7.6,59.0,Stable
M18662,5541,2.2,7.8,49.6,Stable
L50983,5762,2.3,7.7,51.0,Stable
L50984,5848,2.3,7.7,51.0,Stable
M18665,6040,2.4,7.6,52.7,Stable
M18666,5735,2.3,7.7,45.3,Critical
M18667,6242,2.5,7.5,51.5,Stable
M18668,6809,2.7,7.3,58.7,Stable
L50989,6120,2.4,7.6,45.0,Stable
M18670,6634,2.7,7.3,52.1,Stable
M18671,6861,2.7,7.3,53.6,Declining
L50992,6564,2.6,7.4,46.4,Declining
L50993,6804,2.7,7.3,48.9,Declining
M18674,6612,2.6,7.4,44.2,Critical
L50995,7633,3.1,6.9,59.0,Declining
L50996,7103,2.8,7.2,48.6,Declining
M18677,7117,2.8,7.2,47.4,Declining
L50998,7392,3.0,7.0,49.7,Declining
L50999,7634,3.1,6.9,52.2,Declining
L51000,7432,3.0,7.0,47.4,Declining
L51001,7872,3.1,6.9,53.2,Declining
M18682,7698,3.1,6.9,48.8,Declining
M18683,8067,3.2,6.8,52.7,Declining
L51004,8280,3.3,6.7,54.0,Declining
H33239,7956,3.2,6.8,47.1,Declining
H33240,8231,3.3,6.7,47.9,Declining
M18687,8518,3.4,6.6,49.0,Declining
M18688,9239,3.7,6.3,58.7,Declining
H33243,8582,3.4,6.6,45.5,Critical
L51010,9857,3.9,6.1,63.0,Declining
M18691,9649,3.9,6.1,58.1,Declining
M18692,9230,3.7,6.3,48.8,Declining
M18693,9517,3.8,6.2,51.4,Declining
M18694,9160,3.7,6.3,43.2,Declining
M18695,9575,3.8,6.2,47.8,Declining
L51016,9772,3.9,6.1,48.9,Declining
L51017,9830,3.9,6.1,48.3,Declining
L51018,10780,4.3,5.7,62.7,Declining
M18699,10266,4.1,5.9,52.6,Declining
L51020,10465,4.2,5.8,53.7,Declining
L51021,10465,4.2,5.8,52.2,Declining
L51022,10515,4.2,5.8,51.5,Declining
L51023,9969,4.0,6.0,40.9,Declining
L51024,10573,4.2,5.8,49.5,Declining
L51025,10877,4.4,5.6,53.0,Declining
L51026,10591,4.2,5.8,46.8,Declining
M18707,10775,4.3,5.7,48.3,Declining
L51028,11450,4.6,5.4,57.3,Declining
L51029,11222,4.5,5.5,52.0,Critical
M18710,11032,4.4,5.6,47.4,Critical
H33265,11155,4.5,5.5,47.2,Critical
L51032,12618,5.0,5.0,67.8,Critical
L51033,11612,4.6,5.4,49.5,Critical
L51034,11406,4.6,5.4,44.6,Critical
H33269,11976,4.8,5.2,52.6,Critical
M18716,11705,4.7,5.3,44.3,Critical
H33271,12192,4.9,5.1,50.2,Critical
L51038,12523,5.0,5.0,52.0,Critical
L51039,12693,5.1,4.9,53.3,Critical
L51040,12439,5.0,5.0,47.6,Critical
M18721,12637,5.1,4.9,49.4,Critical
H33276,12802,5.1,4.9,49.9,Critical
L51043,13383,5.4,4.6,55.8,Critical
M18724,13383,5.4,4.6,54.3,Critical
H33279,13518,5.4,4.6,54.3,Critical
L51046,2622,1.0,9.0,43.7,Stable
M18727,5508,2.2,7.8,90.3,Critical
M18728,3743,1.5,8.5,58.6,Stable
L51049,3320,1.3,8.7,49.3,Stable
L51050,3372,1.3,8.7,48.7,Stable
M18731,3996,1.6,8.4,57.6,Stable
L51052,3453,1.4,8.6,46.3,Stable
L51053,4041,1.6,8.4,54.6,Stable
L51054,3363,1.3,8.7,41.8,Stable
L51055,3799,1.5,8.5,47.6,Stable
L51056,4289,1.7,8.3,54.2,Stable
H33291,4067,1.6,8.4,49.0,Stable
L51058,4896,2.0,8.0,59.1,Stable
M18739,4300,1.7,8.3,47.7,Stable
L51060,4765,1.9,8.1,53.2,Stable
L51061,4707,1.9,8.1,50.7,Stable
L51062,4593,1.8,8.2,47.3,Stable
M18743,4913,2.0,8.0,51.1,Stable
H33298,5232,2.1,7.9,54.2,Stable
L51065,5559,2.2,7.8,55.9,Stable
L51066,5079,2.0,8.0,46.4,Stable
L51067,5281,2.1,7.9,48.3,Stable
L51068,6281,2.5,7.5,63.4,Stable
L51069,5373,2.1,7.9,46.8,Stable
L51070,5427,2.2,7.8,46.2,Stable
L51071,5581,2.2,7.8,47.3,Stable
M18752,5511,2.2,7.8,44.6,Stable
L51073,6068,2.4,7.6,51.6,Stable
M18754,5924,2.4,7.6,47.7,Stable
M18755,6287,2.5,7.5,51.5,Stable
M18756,6584,2.6,7.4,54.2,Stable
M18757,6745,2.7,7.3,54.7,Stable
M18758,6446,2.6,7.4,47.4,Declining
M18759,7157,2.9,7.1,57.0,Declining
M18760,6770,2.7,7.3,48.3,Declining
H33315,7111,2.8,7.2,51.8,Declining
L51082,7490,3.0,7.0,54.3,Declining
H33317,7272,2.9,7.1,49.2,Declining
H33318,7397,3.0,7.0,47.5,Declining
M18765,7892,3.2,6.8,52.0,Declining
L51086,7499,3.0,7.0,43.2,Declining
M18767,8679,3.5,6.5,61.4,Declining
L51088,8396,3.4,6.6,54.4,Declining
H33323,8708,3.5,6.5,58.1,Declining
L51090,9107,3.6,6.4,61.0,Declining
M18771,8213,3.3,6.7,44.6,Declining
L51092,8620,3.4,6.6,49.2,Declining
M18773,9110,3.6,6.4,55.8,Declining
L51094,8881,3.6,6.4,49.8,Declining
L51095,9385,3.8,6.2,56.7,Declining
L51096,8981,3.6,6.4,48.4,Declining
L51097,9249,3.7,6.3,51.4,Declining
M18778,8971,3.6,6.4,45.3,Declining
H33333,9700,3.9,6.1,55.2,Declining
L51100,10385,4.2,5.8,62.8,Declining
L51101,9693,3.9,6.1,49.8,Declining
M18782,10309,4.1,5.9,58.6,Declining
M18783,10366,4.1,5.9,57.3,Declining
M18784,10337,4.1,5.9,54.5,Declining
L51105,10476,4.2,5.8,54.6,Declining
L51106,10508,4.2,5.8,53.6,Declining
H33341,10492,4.2,5.8,51.9,Declining
L51108,10489,4.2,5.8,48.1,Critical
M18789,10697,4.3,5.7,50.0,Declining
M18790,11912,4.8,5.2,68.0,Declining
M18791,11533,4.6,5.4,59.5,Declining
L51112,12006,4.8,5.2,65.1,Critical
L51113,11342,4.5,5.5,52.5,Critical
M18794,11316,4.5,5.5,50.6,Critical
M18795,10869,4.3,5.7,40.9,Critical
L51116,12520,5.0,5.0,66.2,Critical
L51117,12244,4.9,5.1,60.1,Critical
L51118,11936,4.8,5.2,53.4,Critical
L51119,11620,4.6,5.4,46.7,Critical
L51120,11700,4.7,5.3,46.5,Critical
L51121,12974,5.2,4.8,66.2,Critical
M18802,11886,4.8,5.2,46.6,Critical
L51123,11891,4.8,5.2,44.4,Critical
L51124,12077,4.8,5.2,46.0,Critical
L51125,3140,1.3,8.7,52.3,Stable
M18806,3406,1.4,8.6,55.3,Stable
H33361,3723,1.5,8.5,58.3,Stable
M18808,3470,1.4,8.6,50.3,Stable
L51129,3353,1.3,8.7,46.1,Stable
L51130,3815,1.5,8.5,52.3,Stable
M18811,3907,1.6,8.4,52.4,Stable
L51132,3852,1.5,8.5,49.2,Stable
M18813,3958,1.6,8.4,49.5,Stable
M18814,4943,2.0,8.0,63.6,Stable
L51135,4156,1.7,8.3,48.3,Stable
M18816,4350,1.7,8.3,50.0,Stable
L51137,4505,1.8,8.2,50.3,Stable
L51138,4331,1.7,8.3,45.9,Stable
M18819,4741,1.9,8.1,51.3,Stable
L51140,4580,1.8,8.2,46.3,Stable
M18821,5174,2.1,7.9,54.7,Stable
L51142,5595,2.2,7.8,59.5,Stable
H33377,5167,2.1,7.9,50.9,Stable
M18824,5676,2.3,7.7,55.6,Stable
L51145,5489,2.2,7.8,50.2,Stable
L51146,5625,2.2,7.8,51.0,Stable
M18827,5613,2.2,7.8,49.3,Stable
M18828,5626,2.3,7.7,47.3,Stable
L51149,5933,2.4,7.6,50.1,Stable
M18830,5705,2.3,7.7,44.8,Stable
H33385,6400,2.6,7.4,54.2,Stable
L51152,6397,2.6,7.4,50.4,Stable
L51153,6535,2.6,7.4,51.2,Stable
L51154,6565,2.6,7.4,50.2,Stable
H33389,6725,2.7,7.3,51.3,Declining
H33390,6614,2.6,7.4,45.7,Declining
M18837,7115,2.8,7.2,50.3,Declining
L51158,6994,2.8,7.2,46.1,Declining
L51159,7198,2.9,7.1,48.0,Declining
M18840,7160,2.9,7.1,45.8,Declining
M18841,8407,3.4,6.6,64.4,Declining
L51162,7630,3.1,6.9,49.2,Declining
L51163,7548,3.0,7.0,46.3,Declining
L51164,8164,3.3,6.7,55.1,Declining
L51165,7722,3.1,6.9,46.2,Declining
M18846,8194,3.3,6.7,52.6,Declining
M18847,8063,3.2,6.8,48.1,Declining
L51168,8418,3.4,6.6,51.8,Declining
L51169,8604,3.4,6.6,53.4,Declining
H33404,8874,3.5,6.5,56.4,Declining
L51171,9079,3.6,6.4,56.1,Declining
L51172,9033,3.6,6.4,53.8,Declining
L51173,8543,3.4,6.6,44.1,Declining
L51174,8853,3.5,6.5,47.8,Declining
L51175,9317,3.7,6.3,54.0,Declining
M18856,9415,3.8,6.2,54.2,Declining
L51177,9088,3.6,6.4,46.5,Declining
L51178,9562,3.8,6.2,52.9,Declining
L51179,9320,3.7,6.3,47.3,Declining
L51180,9414,3.8,6.2,47.4,Declining
H33415,9856,3.9,6.1,53.3,Declining
L51182,9793,3.9,6.1,48.5,Critical
L51183,10013,4.0,6.0,50.6,Declining
L51184,9811,3.9,6.1,45.8,Declining
M18865,9967,4.0,6.0,46.9,Declining
L51186,10274,4.1,5.9,49.7,Declining
L51187,10118,4.0,6.0,45.6,Declining
M18868,10412,4.2,5.8,49.0,Declining
L51189,10865,4.3,5.7,54.3,Declining
M18870,10905,4.4,5.6,53.5,Declining
L51191,10724,4.3,5.7,48.2,Declining
M18872,10640,4.3,5.7,45.3,Declining
M18873,11511,4.6,5.4,57.6,Declining
L51194,11670,4.7,5.3,58.0,Critical
L51195,11234,4.5,5.5,49.2,Critical
L51196,11686,4.7,5.3,55.3,Critical
L51197,12264,4.9,5.1,63.4,Critical
M18878,12116,4.8,5.2,59.4,Critical
M18879,11801,4.7,5.3,51.9,Critical
L51200,11522,4.6,5.4,45.0,Critical
H33435,11814,4.7,5.3,48.4,Critical
L51202,12467,5.0,5.0,55.5,Critical
L51203,11953,4.8,5.2,45.5,Critical
M18884,12017,4.8,5.2,45.0,Critical
H33439,12908,5.2,4.8,57.6,Critical
M18886,12823,5.1,4.9,52.5,Critical
L51207,12942,5.2,4.8,52.2,Critical
L51208,12810,5.1,4.9,48.5,Critical
H33443,13348,5.3,4.7,56.0,Critical
L51210,14501,5.8,4.2,71.4,Critical
L51211,13199,5.3,4.7,48.2,Critical
L51212,13161,5.3,4.7,46.1,Critical
L51213,14029,5.6,4.4,59.1,Critical
L51214,13805,5.5,4.5,53.8,Critical
L51215,2908,1.2,8.8,48.5,Stable
L51216,2980,1.2,8.8,48.2,Stable
M18897,3398,1.4,8.6,53.6,Stable
L51218,3407,1.4,8.6,51.5,Stable
L51219,3539,1.4,8.6,52.2,Stable
L51220,4029,1.6,8.4,58.9,Stable
L51221,3663,1.5,8.5,51.3,Stable
L51222,3803,1.5,8.5,52.1,Stable
M18903,3655,1.5,8.5,48.2,Stable
M18904,3738,1.5,8.5,47.3,Critical
M18905,4797,1.9,8.1,62.7,Stable
M18906,4012,1.6,8.4,47.4,Stable
L51227,4215,1.7,8.3,48.5,Stable
L51228,6777,2.7,7.3,89.7,Critical
L51229,4495,1.8,8.2,50.2,Stable
L51230,4487,1.8,8.2,48.5,Stable
L51231,4431,1.8,8.2,46.1,Stable
M18912,4881,2.0,8.0,52.1,Stable
M18913,6500,2.6,7.4,76.8,Stable
M18914,4937,2.0,8.0,48.5,Stable
L51235,5890,2.4,7.6,62.2,Stable
L51236,5444,2.2,7.8,53.2,Stable
L51237,5330,2.1,7.9,49.8,Stable
M18918,5342,2.1,7.9,48.5,Stable
L51239,5495,2.2,7.8,48.8,Stable
M18920,5359,2.1,7.9,45.1,Stable
L51241,6602,2.6,7.4,63.5,Stable
L51242,5772,2.3,7.7,48.2,Stable
L51243,6866,2.7,7.3,64.9,Stable
L51244,6020,2.4,7.6,49.3,Stable
M18925,6172,2.5,7.5,50.4,Stable
M18926,6229,2.5,7.5,49.1,Stable
L51247,6278,2.5,7.5,47.6,Stable
L51248,6320,2.5,7.5,46.8,Stable
M18929,6410,2.6,7.4,46.8,Declining
L51250,6431,2.6,7.4,44.9,Declining
L51251,6487,2.6,7.4,44.4,Critical
L51252,7135,2.9,7.1,53.7,Declining
M18933,6829,2.7,7.3,47.1,Declining
L51254,7046,2.8,7.2,48.4,Declining
L51255,7396,3.0,7.0,52.8,Declining
M18936,7398,3.0,7.0,51.3,Declining
L51257,7725,3.1,6.9,54.5,Declining
H33492,7133,2.9,7.1,43.1,Critical
L51259,8726,3.5,6.5,65.9,Declining
L51260,7574,3.0,7.0,45.2,Critical
L51261,7622,3.0,7.0,44.5,Critical
L51262,8176,3.3,6.7,52.3,Declining
M18943,8264,3.3,6.7,52.2,Declining
L51264,8487,3.4,6.6,53.7,Declining
H33499,9037,3.6,6.4,61.4,Declining
L51266,8714,3.5,6.5,52.2,Declining
L51267,8422,3.4,6.6,45.9,Critical
L51268,8714,3.5,6.5,49.2,Declining
M18949,9030,3.6,6.4,53.0,Declining
L51270,10379,4.2,5.8,73.2,Declining
M18951,9265,3.7,6.3,53.2,Declining
H33506,9834,3.9,6.1,60.4,Declining
M18953,9581,3.8,6.2,52.4,Declining
L51274,9872,3.9,6.1,55.0,Declining
H33509,9578,3.8,6.2,48.6,Declining
L51276,9625,3.8,6.2,45.7,Critical
L51277,10011,4.0,6.0,50.6,Declining
L51278,10361,4.1,5.9,54.9,Declining
L51279,10083,4.0,6.0,48.8,Declining
L51280,11035,4.4,5.6,63.2,Declining
L51281,11103,4.4,5.6,62.8,Declining
L51282,10325,4.1,5.9,48.3,Declining
L51283,10411,4.2,5.8,48.3,Declining
L51284,10383,4.2,5.8,46.3,Declining
L51285,10861,4.3,5.7,52.8,Declining
L51286,10635,4.3,5.7,47.5,Declining
L51287,11493,4.6,5.4,60.3,Declining
L51288,11749,4.7,5.3,63.1,Declining
M18969,11005,4.4,5.6,49.2,Declining
L51290,10912,4.4,5.6,45.4,Critical
M18971,11406,4.6,5.4,52.1,Critical
H33526,11359,4.5,5.5,49.1,Critical
L51293,11290,4.5,5.5,44.2,Critical
L51294,11446,4.6,5.4,45.3,Critical
H33529,11512,4.6,5.4,44.9,Critical
M18976,11807,4.7,5.3,46.0,Critical
L51297,11860,4.7,5.3,44.7,Critical
L51298,12002,4.8,5.2,45.5,Critical
L51299,12010,4.8,5.2,44.2,Critical
M18980,12202,4.9,5.1,45.9,Critical
M18981,12313,4.9,5.1,45.5,Critical
L51302,2924,1.2,8.8,48.7,Stable
M18983,3124,1.2,8.8,50.6,Stable
L51304,2995,1.2,8.8,46.2,Stable
L51305,3193,1.3,8.7,48.0,Stable
M18986,3651,1.5,8.5,54.1,Stable
H33541,3416,1.4,8.6,47.9,Stable
L51308,4181,1.7,8.3,56.9,Stable
M18989,4187,1.7,8.3,55.5,Stable
L51310,3562,1.4,8.6,42.9,Critical
L51311,4050,1.6,8.4,49.5,Stable
M18992,3988,1.6,8.4,47.0,Stable
L51313,4835,1.9,8.1,58.8,Stable
L51314,4771,1.9,8.1,56.3,Stable
M18995,5059,2.0,8.0,59.6,Stable
L51316,4594,1.8,8.2,49.6,Stable
L51317,4478,1.8,8.2,46.1,Stable
L51318,4422,1.8,8.2,43.7,Critical
H33553,5130,2.1,7.9,54.0,Stable
L51320,4777,1.9,8.1,44.4,Critical
H33555,5129,2.1,7.9,48.7,Stable
L51322,5278,2.1,7.9,47.5,Stable
L51323,5520,2.2,7.8,50.0,Stable
L51324,6086,2.4,7.6,57.9,Stable
M19005,5630,2.3,7.7,48.8,Stable
L51326,5799,2.3,7.7,49.4,Stable
L51327,5721,2.3,7.7,46.6,Stable
L51328,6959,2.8,7.2,65.7,Stable
L51329,6311,2.5,7.5,53.4,Stable
L51330,6415,2.6,7.4,53.7,Stable
M19011,6031,2.4,7.6,45.8,Critical
M19012,6270,2.5,7.5,47.5,Stable
M19013,5979,2.4,7.6,40.4,Critical
M19014,7346,2.9,7.1,60.9,Declining
L51335,6565,2.6,7.4,45.7,Critical
M19016,7561,3.0,7.0,60.8,Declining
L51337,6576,2.6,7.4,42.1,Critical
L51338,7918,3.2,6.8,63.0,Declining
M19019,7508,3.0,7.0,54.6,Declining
M19020,7581,3.0,7.0,53.6,Declining
H33575,7806,3.1,6.9,55.1,Declining
L51342,7907,3.2,6.8,53.0,Declining
L51343,8207,3.3,6.7,56.5,Declining
L51344,7597,3.0,7.0,44.9,Critical
M19025,8009,3.2,6.8,50.2,Declining
H33580,8180,3.3,6.7,50.8,Declining
M19027,8473,3.4,6.6,52.0,Declining
L51348,8754,3.5,6.5,54.4,Declining
L51349,8698,3.5,6.5,52.0,Declining
M19030,8380,3.4,6.6,45.2,Critical
M19031,9469,3.8,6.2,61.1,Declining
L51352,8712,3.5,6.5,46.2,Declining
M19033,8722,3.5,6.5,44.9,Critical
L51354,9163,3.7,6.3,50.0,Declining
L51355,9479,3.8,6.2,53.7,Declining
M19036,9433,3.8,6.2,51.5,Declining
L51357,9434,3.8,6.2,49.2,Declining
L51358,9818,3.9,6.1,54.1,Declining
L51359,9358,3.7,6.3,45.0,Critical
L51360,10122,4.0,6.0,56.2,Declining
M19041,9882,4.0,6.0,50.7,Declining
L51362,9699,3.9,6.1,45.4,Critical
L51363,9869,3.9,6.1,46.7,Declining
L51364,9823,3.9,6.1,44.5,Critical
L51365,9941,4.0,6.0,44.9,Critical
M19046,10475,4.2,5.8,52.3,Declining
M19047,10672,4.3,5.7,53.4,Declining
M19048,10827,4.3,5.7,53.7,Declining
L51369,10860,4.3,5.7,52.0,Declining
H33604,10718,4.3,5.7,48.1,Declining
L51371,10689,4.3,5.7,43.9,Declining
M19052,11071,4.4,5.6,48.8,Critical
L51373,11548,4.6,5.4,54.5,Critical
L51374,11216,4.5,5.5,47.4,Critical
L51375,11556,4.6,5.4,51.6,Critical
M19056,11676,4.7,5.3,52.1,Critical
L51377,11831,4.7,5.3,52.4,Critical
M19058,11639,4.7,5.3,47.7,Critical
M19059,12186,4.9,5.1,54.6,Critical
L51380,12187,4.9,5.1,52.4,Critical
L51381,13557,5.4,4.6,73.7,Critical
L51382,12335,4.9,5.1,51.8,Critical
M19063,12431,5.0,5.0,51.9,Critical
M19064,12496,5.0,5.0,50.8,Critical
L51385,13031,5.2,4.8,57.4,Critical
M19066,13117,5.2,4.8,57.4,Critical
M19067,13230,5.3,4.7,57.0,Critical
M19068,3254,1.3,8.7,54.2,Stable
M19069,2979,1.2,8.8,47.4,Stable
L51390,3400,1.4,8.6,52.2,Stable
L51391,2988,1.2,8.8,43.8,Critical
M19072,3234,1.3,8.7,46.4,Stable
L51393,3515,1.4,8.6,48.8,Stable
L51394,3821,1.5,8.5,52.4,Stable
M19075,5079,2.0,8.0,71.9,Stable
L51396,3640,1.5,8.5,45.7,Stable
L51397,3914,1.6,8.4,48.7,Stable
M19078,4038,1.6,8.4,49.3,Stable
L51399,4649,1.9,8.1,57.2,Stable
M19080,3825,1.5,8.5,42.0,Stable
L51401,4374,1.7,8.3,48.9,Stable
M19082,4600,1.8,8.2,51.2,Stable
L51403,4979,2.0,8.0,55.2,Stable
L51404,5151,2.1,7.9,56.6,Stable
L51405,4563,1.8,8.2,45.3,Critical
L51406,5127,2.1,7.9,53.2,Stable
L51407,4791,1.9,8.1,46.1,Stable
L51408,6521,2.6,7.4,73.4,Stable
M19089,5021,2.0,8.0,46.9,Stable
L51410,5686,2.3,7.7,55.8,Stable
L51411,5110,2.0,8.0,44.7,Stable
L51412,5424,2.2,7.8,48.4,Stable
M19093,5214,2.1,7.9,43.4,Stable
H33648,5789,2.3,7.7,50.7,Stable
L51415,5846,2.3,7.7,47.9,Stable
L51416,6268,2.5,7.5,53.5,Stable
L51417,6814,2.7,7.3,61.1,Stable
M19098,6282,2.5,7.5,50.7,Stable
L51419,6267,2.5,7.5,48.2,Stable
L51420,7275,2.9,7.1,63.5,Stable
L51421,6505,2.6,7.4,49.2,Stable
L51422,6569,2.6,7.4,48.7,Declining
M19103,6605,2.6,7.4,47.8,Declining
L51424,6808,2.7,7.3,49.0,Declining
M19105,7000,2.8,7.2,50.7,Declining
L51426,7169,2.9,7.1,51.2,Declining
L51427,6923,2.8,7.2,45.6,Critical
L51428,7287,2.9,7.1,50.2,Declining
L51429,7025,2.8,7.2,44.3,Critical
L51430,7775,3.1,6.9,55.3,Declining
H33665,7257,2.9,7.1,45.2,Critical
H33666,7646,3.1,6.9,47.9,Declining
M19113,7653,3.1,6.9,44.3,Critical
L51434,7698,3.1,6.9,42.8,Critical
M19115,7994,3.2,6.8,46.2,Declining
M19116,8537,3.4,6.6,53.0,Declining
M19117,8668,3.5,6.5,53.0,Declining
M19118,8219,3.3,6.7,43.2,Critical
L51439,8850,3.5,6.5,51.5,Declining
H33674,8686,3.5,6.5,47.3,Declining
L51441,9535,3.8,6.2,57.7,Declining
L51442,10167,4.1,5.9,66.7,Declining
L51443,9495,3.8,6.2,54.0,Declining
M19124,9429,3.8,6.2,51.4,Declining
L51445,9328,3.7,6.3,47.5,Declining
L51446,9450,3.8,6.2,48.0,Declining
L51447,9700,3.9,6.1,50.7,Declining
L51448,10138,4.1,5.9,56.5,Declining
L51449,10060,4.0,6.0,53.7,Declining
L51450,9592,3.8,6.2,44.4,Critical
L51451,9960,4.0,6.0,49.0,Declining
L51452,10264,4.1,5.9,52.6,Declining
L51453,10172,4.1,5.9,49.5,Declining
L51454,10180,4.1,5.9,48.2,Declining
M19135,10380,4.2,5.8,50.0,Declining
M19136,10427,4.2,5.8,48.5,Declining
L51457,11136,4.5,5.5,58.1,Declining
L51458,10558,4.2,5.8,47.0,Declining
L51459,10552,4.2,5.8,45.4,Critical
L51460,11426,4.6,5.4,58.4,Declining
L51461,11674,4.7,5.3,61.1,Declining
L51462,10848,4.3,5.7,45.8,Critical
M19143,10858,4.3,5.7,44.5,Critical
L51464,11311,4.5,5.5,49.8,Critical
L51465,11049,4.4,5.6,43.9,Critical
M19146,11373,4.5,5.5,47.8,Critical
M19147,11554,4.6,5.4,48.6,Critical
M19148,11557,4.6,5.4,46.4,Critical
M19149,12472,5.0,5.0,59.4,Critical
L51470,12329,4.9,5.1,54.7,Critical
L51471,13199,5.3,4.7,67.7,Critical
M19152,13969,5.6,4.4,79.1,Critical
L51473,12146,4.9,5.1,46.4,Critical
M19154,12936,5.2,4.8,58.1,Critical
L51475,12499,5.0,5.0,48.6,Critical
L51476,15325,6.1,3.9,94.2,Critical
M19157,12983,5.2,4.8,53.6,Critical
M19158,2874,1.1,8.9,47.9,Stable
L51479,2939,1.2,8.8,46.7,Stable
M19160,3513,1.4,8.6,54.8,Stable
L51481,3302,1.3,8.7,49.0,Stable
L51482,5840,2.3,7.7,89.8,Stable
L51483,3410,1.4,8.6,47.8,Stable
L51484,4018,1.6,8.4,56.5,Stable
L51485,4094,1.6,8.4,56.2,Stable
L51486,4548,1.8,8.2,62.3,Stable
L51487,3418,1.4,8.6,42.0,Critical
H33722,3910,1.6,8.4,48.7,Stable
M19169,4217,1.7,8.3,50.0,Stable
L51490,4902,2.0,8.0,59.2,Stable
M19171,4376,1.8,8.2,48.9,Stable
L51492,4435,1.8,8.2,47.7,Stable
L51493,4669,1.9,8.1,50.1,Stable
H33728,5001,2.0,8.0,54.1,Stable
M19175,5282,2.1,7.9,55.0,Stable
L51496,5393,2.2,7.8,54.6,Stable
M19177,5039,2.0,8.0,47.2,Stable
L51498,5422,2.2,7.8,51.4,Stable
M19179,5252,2.1,7.9,47.0,Stable
L51500,5359,2.1,7.9,46.6,Stable
L51501,6027,2.4,7.6,56.2,Stable
M19182,5607,2.2,7.8,47.7,Stable
L51503,5562,2.2,7.8,44.7,Critical
L51504,5942,2.4,7.6,49.5,Stable
L51505,5828,2.3,7.7,46.1,Stable
L51506,5874,2.3,7.7,45.4,Critical
H33741,6560,2.6,7.4,55.3,Stable
L51508,6117,2.4,7.6,44.2,Critical
L51509,6687,2.7,7.3,52.2,Stable
L51510,6743,2.7,7.3,51.6,Declining
M19191,7227,2.9,7.1,58.2,Declining
M19192,6774,2.7,7.3,48.4,Declining
L51513,7181,2.9,7.1,52.9,Declining
L51514,7039,2.8,7.2,49.1,Declining
L51515,7399,3.0,7.0,53.6,Declining
H33750,7121,2.8,7.2,47.4,Declining
L51517,7380,3.0,7.0,48.0,Declining
L51518,7384,3.0,7.0,46.6,Declining
L51519,7728,3.1,6.9,50.8,Declining
M19200,7836,3.1,6.9,51.1,Declining
L51521,7701,3.1,6.9,46.6,Declining
M19202,7563,3.0,7.0,42.8,Critical
L51523,8112,3.2,6.8,49.7,Declining
H33758,8056,3.2,6.8,47.3,Declining
M19205,8537,3.4,6.6,51.5,Declining
L51526,8776,3.5,6.5,53.3,Declining
H33761,9118,3.6,6.4,57.5,Declining
L51528,8909,3.6,6.4,50.2,Declining
L51529,9175,3.7,6.3,53.2,Declining
M19210,9211,3.7,6.3,52.3,Declining
L51531,9074,3.6,6.4,47.7,Declining
L51532,9148,3.7,6.3,47.5,Declining
M19213,9162,3.7,6.3,46.2,Critical
L51534,9437,3.8,6.2,48.5,Declining
H33769,9175,3.7,6.3,42.7,Critical
L51536,10138,4.1,5.9,55.0,Declining
L51537,9744,3.9,6.1,46.9,Declining
H33772,10232,4.1,5.9,53.5,Declining
M19219,10307,4.1,5.9,51.0,Declining
L51540,10466,4.2,5.8,51.4,Declining
M19221,10228,4.1,5.9,46.0,Critical
L51542,10499,4.2,5.8,48.2,Declining
H33777,11383,4.6,5.4,61.5,Declining
H33778,11150,4.5,5.5,53.8,Declining
L51545,11043,4.4,5.6,48.3,Critical
L51546,11011,4.4,5.6,46.3,Critical
H33781,11219,4.5,5.5,48.2,Critical
L51548,11878,4.8,5.2,55.5,Critical
H33783,12110,4.8,5.2,57.8,Critical
L51550,11481,4.6,5.4,43.6,Critical
L51551,11915,4.8,5.2,49.3,Critical
M19232,11923,4.8,5.2,48.0,Critical
M19233,12246,4.9,5.1,51.1,Critical
L51554,12417,5.0,5.0,51.7,Critical
L51555,12233,4.9,5.1,47.1,Critical
M19236,12597,5.0,5.0,51.7,Critical
M19237,12502,5.0,5.0,47.9,Critical
M19238,12535,5.0,5.0,46.2,Critical
M19239,13364,5.3,4.7,57.7,Critical
L51560,12855,5.1,4.9,47.0,Critical
L51561,13017,5.2,4.8,48.2,Critical
L51562,13265,5.3,4.7,50.8,Critical
L51563,12901,5.2,4.8,43.3,Critical
L51564,13281,5.3,4.7,48.1,Critical
L51565,13369,5.3,4.7,48.1,Critical
L51566,3438,1.4,8.6,57.3,Stable
L51567,3154,1.3,8.7,51.1,Stable
L51568,3582,1.4,8.6,56.7,Stable
M19249,2980,1.2,8.8,45.2,Critical
M19250,3247,1.3,8.7,47.4,Stable
M19251,3276,1.3,8.7,45.6,Critical
L51572,3591,1.4,8.6,48.6,Stable
M19253,3909,1.6,8.4,52.4,Stable
L51574,3866,1.5,8.5,49.4,Stable
L51575,4016,1.6,8.4,50.4,Stable
H33810,3846,1.5,8.5,46.1,Stable
L51577,4383,1.8,8.2,51.3,Stable
M19258,4521,1.8,8.2,52.1,Stable
L51579,4836,1.9,8.1,55.1,Stable
L51580,4326,1.7,8.3,45.1,Critical
H33815,4646,1.9,8.1,48.9,Stable
H33816,4947,2.0,8.0,50.2,Stable
L51583,4936,2.0,8.0,46.3,Stable
M19264,5220,2.1,7.9,49.5,Stable
L51585,5047,2.0,8.0,44.4,Critical
L51586,5127,2.1,7.9,44.2,Critical
L51587,5353,2.1,7.9,46.5,Stable
L51588,6673,2.7,7.3,67.0,Stable
M19269,5461,2.2,7.8,45.3,Critical
L51590,6052,2.4,7.6,52.9,Stable
L51591,6346,2.5,7.5,56.3,Stable
L51592,5960,2.4,7.6,48.3,Stable
M19273,5946,2.4,7.6,46.6,Stable
L51594,6325,2.5,7.5,50.7,Stable
L51595,6403,2.6,7.4,50.5,Stable
M19276,6529,2.6,7.4,51.1,Stable
L51597,6330,2.5,7.5,45.5,Critical
L51598,6974,2.8,7.2,54.7,Declining
M19279,9132,3.7,6.3,89.2,Critical
H33834,7661,3.1,6.9,62.4,Declining
L51601,6790,2.7,7.3,44.2,Critical
M19282,8544,3.4,6.6,71.9,Declining
M19283,7491,3.0,7.0,52.1,Declining
M19284,7762,3.1,6.9,54.4,Declining
L51605,7729,3.1,6.9,51.6,Declining
L51606,7683,3.1,6.9,49.3,Declining
M19287,7573,3.0,7.0,46.0,Critical
L51608,8762,3.5,6.5,63.5,Declining
M19289,8502,3.4,6.6,57.7,Declining
H33844,8551,3.4,6.6,56.3,Declining
H33845,8286,3.3,6.7,48.1,Declining
L51612,8515,3.4,6.6,48.2,Declining
H33847,8585,3.4,6.6,47.8,Declining
L51614,9052,3.6,6.4,51.9,Declining
L51615,8672,3.5,6.5,44.0,Critical
M19296,9274,3.7,6.3,52.6,Declining
L51617,9411,3.8,6.2,52.6,Declining
L51618,9181,3.7,6.3,47.3,Declining
M19299,9219,3.7,6.3,46.4,Declining
L51620,9462,3.8,6.2,48.2,Declining
L51621,9318,3.7,6.3,44.3,Critical
L51622,9876,4.0,6.0,52.1,Declining
L51623,9650,3.9,6.1,46.8,Declining
L51624,11378,4.6,5.4,74.1,Declining
L51625,10452,4.2,5.8,57.2,Declining
L51626,10278,4.1,5.9,52.8,Declining
M19307,10176,4.1,5.9,49.6,Declining
L51628,10083,4.0,6.0,45.8,Critical
M19309,10181,4.1,5.9,45.9,Critical
L51630,10662,4.3,5.7,51.7,Declining
L51631,10748,4.3,5.7,51.6,Declining
M19312,10634,4.3,5.7,48.2,Declining
L51633,10675,4.3,5.7,46.7,Declining
L51634,10767,4.3,5.7,46.7,Declining
H33869,11249,4.5,5.5,53.2,Declining
L51636,11254,4.5,5.5,49.6,Critical
M19317,11790,4.7,5.3,57.0,Critical
L51638,11461,4.6,5.4,49.3,Critical
L51639,12081,4.8,5.2,58.1,Critical
L51640,11877,4.8,5.2,53.2,Critical
L51641,12059,4.8,5.2,54.7,Critical
L51642,11391,4.6,5.4,42.1,Critical
L51643,12987,5.2,4.8,67.2,Critical
L51644,12387,5.0,5.0,55.7,Critical
L51645,11943,4.8,5.2,46.8,Critical
L51646,12165,4.9,5.1,49.0,Critical
L51647,12549,5.0,5.0,53.9,Critical
L51648,12855,5.1,4.9,57.5,Critical
L51649,12387,5.0,5.0,48.2,Critical
L51650,3128,1.3,8.7,52.1,Stable
L51651,3430,1.4,8.6,55.7,Stable
L51652,3182,1.3,8.7,50.0,Stable
L51653,3372,1.3,8.7,51.7,Stable
L51654,3486,1.4,8.6,52.1,Stable
L51655,3152,1.3,8.7,45.0,Critical
L51656,3370,1.3,8.7,47.2,Stable
L51657,3924,1.6,8.4,54.9,Stable
L51658,3674,1.5,8.5,49.2,Stable
L51659,4656,1.9,8.1,64.1,Stable
H33894,3510,1.4,8.6,43.5,Critical
M19341,4213,1.7,8.3,51.5,Stable
H33896,4396,1.8,8.2,52.3,Stable
L51663,4463,1.8,8.2,49.6,Stable
M19344,4477,1.8,8.2,48.4,Stable
L51665,4794,1.9,8.1,51.4,Stable
M19346,5730,2.3,7.7,65.5,Stable
L51667,4807,1.9,8.1,47.9,Stable
M19348,5043,2.0,8.0,50.3,Stable
L51669,5134,2.1,7.9,49.6,Stable
L51670,6184,2.5,7.5,65.6,Stable
H33905,5158,2.1,7.9,47.0,Stable
M19352,5405,2.2,7.8,47.3,Stable
L51673,5722,2.3,7.7,50.4,Stable
H33908,6088,2.4,7.6,55.0,Stable
L51675,5733,2.3,7.7,45.3,Critical
M19356,6315,2.5,7.5,53.5,Stable
L51677,6286,2.5,7.5,50.8,Stable
H33912,6558,2.6,7.4,53.8,Stable
H33913,6997,2.8,7.2,57.4,Stable
L51680,7056,2.8,7.2,54.6,Declining
L51681,6484,2.6,7.4,43.6,Critical
L51682,7244,2.9,7.1,54.7,Declining
M19363,7552,3.0,7.0,58.4,Declining
L51684,7475,3.0,7.0,54.8,Declining
L51685,7127,2.9,7.1,47.5,Declining
M19366,7405,3.0,7.0,50.7,Declining
L51687,7918,3.2,6.8,57.0,Declining
L51688,7442,3.0,7.0,47.5,Declining
L51689,7538,3.0,7.0,47.6,Declining
L51690,7462,3.0,7.0,44.9,Critical
L51691,7768,3.1,6.9,48.5,Declining
M19372,7772,3.1,6.9,47.0,Declining
L51693,8885,3.6,6.4,63.3,Declining
L51694,8133,3.3,6.7,49.3,Declining
L51695,8095,3.2,6.8,47.2,Declining
L51696,8433,3.4,6.6,51.3,Declining
L51697,8485,3.4,6.6,50.7,Declining
L51698,8495,3.4,6.6,49.3,Declining
L51699,8957,3.6,6.4,55.5,Declining
L51700,8627,3.5,6.5,48.5,Declining
L51701,9535,3.8,6.2,62.2,Declining
M19382,9731,3.9,6.1,63.9,Declining
L51703,9006,3.6,6.4,49.6,Declining
M19384,9174,3.7,6.3,50.9,Declining
M19385,9181,3.7,6.3,48.8,Declining
L51706,9432,3.8,6.2,50.7,Declining
M19387,9224,3.7,6.3,45.7,Critical
L51708,9629,3.9,6.1,50.2,Declining
M19389,9877,4.0,6.0,52.9,Declining
L51710,9814,3.9,6.1,49.6,Declining
L51711,9970,4.0,6.0,50.7,Declining
H33946,9864,3.9,6.1,47.4,Declining
M19393,9995,4.0,6.0,45.8,Critical
L51714,10646,4.3,5.7,54.4,Declining
L51715,10476,4.2,5.8,50.1,Declining
L51716,10262,4.1,5.9,45.0,Critical
L51717,10746,4.3,5.7,51.6,Declining
L51718,11586,4.6,5.4,64.1,Declining
L51719,11014,4.4,5.6,53.1,Declining
M19400,11080,4.4,5.6,52.7,Declining
L51721,10909,4.4,5.6,47.6,Declining
M19402,11307,4.5,5.5,52.7,Critical
M19403,11364,4.5,5.5,51.4,Critical
L51724,11113,4.4,5.6,45.0,Critical
L51725,11431,4.6,5.4,48.8,Critical
M19406,11453,4.6,5.4,47.6,Critical
M19407,11632,4.7,5.3,48.4,Critical
L51728,11887,4.8,5.2,50.4,Critical
L51729,12053,4.8,5.2,51.6,Critical
M19410,12059,4.8,5.2,50.2,Critical
M19411,12228,4.9,5.1,50.8,Critical
M19412,13075,5.2,4.8,62.7,Critical
L51733,2922,1.2,8.8,48.7,Stable
L51734,3586,1.4,8.6,58.3,Stable
L51735,3560,1.4,8.6,56.3,Stable
M19416,2968,1.2,8.8,45.0,Critical
L51737,3777,1.5,8.5,56.2,Stable
L51738,3233,1.3,8.7,45.6,Critical
L51739,3451,1.4,8.6,47.8,Stable
L51740,3869,1.5,8.5,53.2,Stable
L51741,3985,1.6,8.4,53.7,Stable
L51742,3651,1.5,8.5,46.6,Stable
L51743,4899,2.0,8.0,65.9,Stable
L51744,4067,1.6,8.4,50.5,Stable
H33979,3675,1.5,8.5,42.5,Critical
L51746,4154,1.7,8.3,46.7,Stable
M19427,4342,1.7,8.3,48.4,Stable
M19428,4685,1.9,8.1,51.8,Stable
L51749,4982,2.0,8.0,54.5,Stable
L51750,4424,1.8,8.2,43.7,Critical
L51751,5306,2.1,7.9,56.9,Stable
M19432,5092,2.0,8.0,51.9,Stable
H33987,4987,2.0,8.0,47.9,Stable
M19434,5144,2.1,7.9,46.7,Stable
M19435,5349,2.1,7.9,47.9,Stable
M19436,6462,2.6,7.4,64.2,Stable
L51757,6345,2.5,7.5,60.0,Stable
L51758,6117,2.4,7.6,54.7,Stable
L51759,5673,2.3,7.7,45.8,Critical
L51760,6003,2.4,7.6,49.8,Stable
L51761,6307,2.5,7.5,53.4,Stable
L51762,6463,2.6,7.4,54.5,Stable
M19443,6219,2.5,7.5,48.9,Stable
L51764,6520,2.6,7.4,51.7,Stable
L51765,6636,2.7,7.3,52.1,Stable
L51766,6390,2.6,7.4,46.5,Declining
M19447,6704,2.7,7.3,50.2,Declining
L51768,6953,2.8,7.2,52.1,Declining
L51769,7357,2.9,7.1,57.4,Declining
L51770,6917,2.8,7.2,48.5,Declining
H34005,8299,3.3,6.7,70.1,Declining
L51772,7430,3.0,7.0,51.8,Declining
L51773,7228,2.9,7.1,47.0,Declining
M19454,7274,2.9,7.1,46.2,Declining
M19455,7555,3.0,7.0,48.7,Declining
L51776,7492,3.0,7.0,45.4,Critical
M19457,7840,3.1,6.9,49.7,Declining
L51778,7793,3.1,6.9,46.6,Declining
L51779,7925,3.2,6.8,47.3,Declining
L51780,7893,3.2,6.8,45.3,Critical
M19461,8009,3.2,6.8,45.7,Critical
M19462,8218,3.3,6.7,47.0,Declining
H34017,8439,3.4,6.6,48.4,Declining
L51784,9400,3.8,6.2,60.7,Declining
H34019,8788,3.5,6.5,49.0,Declining
L51786,9187,3.7,6.3,51.9,Declining
L51787,10125,4.0,6.0,66.0,Declining
M19468,9293,3.7,6.3,50.6,Declining
L51789,9302,3.7,6.3,48.5,Declining
L51790,9268,3.7,6.3,46.5,Declining
L51791,9300,3.7,6.3,45.5,Critical
L51792,11048,4.4,5.6,73.1,Declining
L51793,9556,3.8,6.2,46.8,Declining
H34028,9846,3.9,6.1,50.1,Declining
L51795,10651,4.3,5.7,59.8,Declining
L51796,10813,4.3,5.7,61.0,Declining
M19477,10907,4.4,5.6,61.0,Declining
M19478,10050,4.0,6.0,44.5,Critical
H34033,11627,4.7,5.3,68.5,Declining
L51800,10412,4.2,5.8,44.5,Critical
L51801,10512,4.2,5.8,44.7,Critical
M19482,10972,4.4,5.6,50.9,Declining
L51803,11105,4.4,5.6,50.8,Declining
M19484,11001,4.4,5.6,47.6,Critical
L51805,11302,4.5,5.5,50.4,Critical
L51806,11698,4.7,5.3,55.5,Critical
M19487,11644,4.7,5.3,53.1,Critical
M19488,11789,4.7,5.3,53.2,Critical
L51809,12200,4.9,5.1,57.8,Critical
L51810,12322,4.9,5.1,58.4,Critical
L51811,11676,4.7,5.3,46.1,Critical
M19492,11660,4.7,5.3,44.3,Critical
L51813,11899,4.8,5.2,46.1,Critical
L51814,12735,5.1,4.9,58.5,Critical
M19495,12543,5.0,5.0,53.8,Critical
L51816,12382,5.0,5.0,48.9,Critical
M19497,13234,5.3,4.7,61.6,Critical
L51818,12623,5.0,5.0,49.1,Critical
L51819,13079,5.2,4.8,55.2,Critical
L51820,12725,5.1,4.9,47.8,Critical
H34055,12933,5.2,4.8,49.8,Critical
L51822,12646,5.1,4.9,41.3,Critical
L51823,12908,5.2,4.8,44.1,Critical
L51824,13378,5.4,4.6,50.5,Critical
L51825,13904,5.6,4.4,57.7,Critical
L51826,13524,5.4,4.6,49.9,Critical
L51827,3916,1.6,8.4,65.3,Stable
L51828,3350,1.3,8.7,54.3,Stable
M19509,2970,1.2,8.8,46.5,Stable
L51830,3631,1.5,8.5,55.3,Stable
L51831,3103,1.2,8.8,45.0,Critical
L51832,3399,1.4,8.6,48.4,Stable
M19513,3773,1.5,8.5,53.1,Stable
M19514,3740,1.5,8.5,50.3,Stable
L51835,4563,1.8,8.2,61.8,Stable
L51836,4197,1.7,8.3,54.2,Stable
L51837,4291,1.7,8.3,54.3,Stable
L51838,4483,1.8,8.2,56.0,Stable
M19519,4193,1.7,8.3,49.6,Stable
L51840,4228,1.7,8.3,48.0,Stable
L51841,4140,1.7,8.3,45.0,Critical
H34076,4744,1.9,8.1,53.6,Stable
L51843,4533,1.8,8.2,46.3,Stable
M19524,4977,2.0,8.0,52.2,Stable
M19525,4594,1.8,8.2,43.6,Critical
M19526,5253,2.1,7.9,52.3,Stable
H34081,5552,2.2,7.8,55.0,Stable
H34082,5859,2.3,7.7,56.4,Stable
M19529,5446,2.2,7.8,45.8,Critical
L51850,6055,2.4,7.6,53.7,Stable
L51851,5947,2.4,7.6,50.4,Stable
L51852,5839,2.3,7.7,47.1,Stable
L51853,6107,2.4,7.6,50.0,Stable
L51854,6023,2.4,7.6,47.1,Stable
H34089,6543,2.6,7.4,54.3,Stable
L51856,7268,2.9,7.1,62.6,Stable
H34091,6532,2.6,7.4,48.9,Declining
H34092,6777,2.7,7.3,49.2,Declining
L51859,7440,3.0,7.0,56.5,Declining
L51860,7122,2.8,7.2,49.7,Declining
M19541,7548,3.0,7.0,55.3,Declining
L51862,7499,3.0,7.0,52.2,Declining
L51863,7927,3.2,6.8,57.9,Declining
M19544,7387,3.0,7.0,47.4,Critical
M19545,7934,3.2,6.8,54.2,Declining
M19546,7939,3.2,6.8,52.1,Declining
L51867,9316,3.7,6.3,72.8,Declining
L51868,8194,3.3,6.7,52.6,Declining
M19549,8250,3.3,6.7,52.0,Declining
M19550,8231,3.3,6.7,49.4,Declining
L51871,8470,3.4,6.6,51.2,Declining
M19552,8702,3.5,6.5,53.5,Declining
M19553,9259,3.7,6.3,60.6,Declining
L51874,8608,3.4,6.6,47.5,Declining
L51875,8878,3.6,6.4,50.5,Declining
L51876,8838,3.5,6.5,48.3,Declining
M19557,9176,3.7,6.3,52.4,Declining
L51878,9293,3.7,6.3,52.1,Declining
L51879,9111,3.6,6.4,47.6,Declining
L51880,9585,3.8,6.2,54.0,Declining
H34115,9603,3.8,6.2,52.8,Declining
L51882,9104,3.6,6.4,40.7,Critical
M19563,9614,3.8,6.2,47.7,Declining
L51884,10007,4.0,6.0,52.0,Declining
L51885,10203,4.1,5.9,53.8,Declining
L51886,10983,4.4,5.6,65.3,Declining
L51887,11043,4.4,5.6,64.8,Declining
L51888,10831,4.3,5.7,59.8,Declining
M19569,10227,4.1,5.9,48.2,Declining
L51890,10816,4.3,5.7,55.8,Declining
M19571,10590,4.2,5.8,50.5,Declining
L51892,10823,4.3,5.7,52.1,Declining
L51893,10687,4.3,5.7,48.4,Declining
H34128,11261,4.5,5.5,56.4,Declining
L51895,11052,4.4,5.6,49.2,Critical
L51896,11614,4.6,5.4,57.1,Critical
M19577,11130,4.5,5.5,47.5,Critical
L51898,11089,4.4,5.6,44.6,Critical
M19579,11885,4.8,5.2,56.3,Critical
M19580,11346,4.5,5.5,45.1,Critical
L51901,12629,5.1,4.9,64.2,Critical
M19582,11647,4.7,5.3,46.4,Critical
L51903,11732,4.7,5.3,45.5,Critical
L51904,12632,5.1,4.9,59.0,Critical
M19585,12210,4.9,5.1,50.5,Critical
M19586,13581,5.4,4.6,71.1,Critical
M19587,12132,4.9,5.1,44.7,Critical
L51908,12397,5.0,5.0,46.9,Critical
L51909,12287,4.9,5.1,43.5,Critical
L51910,12781,5.1,4.9,50.3,Critical
L51911,12457,5.0,5.0,43.4,Critical
L51912,13023,5.2,4.8,51.3,Critical
L51913,13003,5.2,4.8,49.5,Critical
L51914,13139,5.3,4.7,50.2,Critical
L51915,13303,5.3,4.7,51.5,Critical
L51916,3026,1.2,8.8,50.4,Stable
M19597,2762,1.1,8.9,44.5,Critical
M19598,4429,1.8,8.2,70.1,Stable
L51919,3062,1.2,8.8,45.0,Critical
L51920,3652,1.5,8.5,53.4,Stable
L51921,3326,1.3,8.7,46.4,Stable
L51922,3814,1.5,8.5,53.1,Stable
L51923,3538,1.4,8.6,47.0,Stable
L51924,3596,1.4,8.6,46.4,Stable
H34159,3850,1.5,8.5,49.2,Stable
L51926,3979,1.6,8.4,47.6,Stable
L51927,4741,1.9,8.1,58.8,Stable
L51928,4031,1.6,8.4,45.4,Critical
L51929,4203,1.7,8.3,46.8,Stable
M19610,4861,1.9,8.1,56.3,Stable
L51931,4640,1.9,8.1,50.3,Stable
H34166,4714,1.9,8.1,50.1,Stable
H34167,5149,2.1,7.9,53.6,Stable
M19614,4928,2.0,8.0,46.1,Stable
L51935,4885,2.0,8.0,43.2,Critical
H34170,6367,2.5,7.5,66.4,Stable
L51937,5604,2.2,7.8,49.9,Stable
L51938,5630,2.3,7.7,48.8,Stable
L51939,5512,2.2,7.8,45.4,Critical
L51940,5972,2.4,7.6,51.5,Stable
H34175,5634,2.3,7.7,44.4,Critical
M19622,8521,3.4,6.6,88.8,Critical
L51943,6216,2.5,7.5,48.1,Stable
M19624,6224,2.5,7.5,46.7,Stable
L51945,7339,2.9,7.1,63.1,Stable
M19626,6935,2.8,7.2,54.8,Declining
L51947,6726,2.7,7.3,49.1,Declining
L51948,6488,2.6,7.4,43.6,Critical
H34183,7048,2.8,7.2,51.5,Declining
L51950,6873,2.7,7.3,44.8,Critical
M19631,7509,3.0,7.0,53.9,Declining
M19632,7280,2.9,7.1,47.8,Declining
L51953,7327,2.9,7.1,46.4,Declining
L51954,8289,3.3,6.7,60.9,Declining
L51955,8247,3.3,6.7,58.7,Declining
L51956,7859,3.1,6.9,50.7,Declining
M19637,8541,3.4,6.6,60.6,Declining
H34192,7782,3.1,6.9,45.7,Critical
L51959,8287,3.3,6.7,50.4,Declining
L51960,8163,3.3,6.7,46.8,Declining
L51961,8213,3.3,6.7,46.1,Declining
L51962,8271,3.3,6.7,45.6,Declining
L51963,8907,3.6,6.4,54.7,Declining
L51964,8999,3.6,6.4,54.7,Declining
H34199,8607,3.4,6.6,46.7,Declining
L51966,9184,3.7,6.3,52.6,Declining
L51967,8912,3.6,6.4,46.5,Declining
H34202,9238,3.7,6.3,50.5,Declining
L51969,9727,3.9,6.1,54.9,Declining
L51970,9411,3.8,6.2,48.1,Declining
M19651,9553,3.8,6.2,49.0,Declining
H34206,9878,4.0,6.0,52.1,Declining
H34207,9971,4.0,6.0,49.9,Declining
L51974,10598,4.2,5.8,56.6,Declining
L51975,10152,4.1,5.9,47.7,Declining
L51976,10160,4.1,5.9,46.3,Declining
L51977,10230,4.1,5.9,46.0,Declining
L51978,10474,4.2,5.8,48.6,Declining
L51979,10486,4.2,5.8,47.3,Declining
M19660,10446,4.2,5.8,45.1,Declining
L51981,11023,4.4,5.6,52.5,Declining
M19662,10601,4.2,5.8,43.9,Declining
L51983,11520,4.6,5.4,57.0,Critical
L51984,11432,4.6,5.4,54.0,Critical
L51985,11492,4.6,5.4,53.5,Critical
H34220,11120,4.4,5.6,45.8,Critical
L51987,11601,4.6,5.4,50.1,Critical
L51988,11493,4.6,5.4,46.8,Critical
L51989,12087,4.8,5.2,55.2,Critical
M19670,11863,4.7,5.3,50.0,Critical
M19671,12496,5.0,5.0,58.3,Critical
L51992,12197,4.9,5.1,51.0,Critical
M19673,12297,4.9,5.1,51.2,Critical
L51994,12162,4.9,5.1,46.7,Critical
H34229,12518,5.0,5.0,51.1,Critical
L51996,12717,5.1,4.9,50.7,Critical
L51997,3348,1.3,8.7,55.8,Stable
M19678,4024,1.6,8.4,65.6,Stable
L51999,3617,1.4,8.6,56.5,Stable
M19680,3569,1.4,8.6,54.2,Stable
L52001,3260,1.3,8.7,46.8,Stable
L52002,3670,1.5,8.5,52.2,Stable
L52003,3616,1.4,8.6,49.8,Stable
L52004,3718,1.5,8.5,50.0,Stable
L52005,4194,1.7,8.3,56.4,Stable
L52006,5436,2.2,7.8,75.6,Stable
L52007,3866,1.5,8.5,47.9,Stable
L52008,4110,1.6,8.4,50.5,Stable
L52009,4152,1.7,8.3,49.7,Stable
L52010,4772,1.9,8.1,58.5,Stable
L52011,4082,1.6,8.4,45.5,Critical
L52012,4312,1.7,8.3,47.9,Stable
L52013,4284,1.7,8.3,45.9,Critical
M19694,4640,1.9,8.1,50.3,Stable
M19695,4593,1.8,8.2,47.3,Stable
L52016,4520,1.8,8.2,43.8,Critical
H34251,5592,2.2,7.8,60.2,Stable
H34252,5503,2.2,7.8,55.0,Stable
H34253,5234,2.1,7.9,46.7,Stable
L52020,5251,2.1,7.9,43.3,Critical
M19701,5627,2.3,7.7,48.0,Stable
M19702,5858,2.3,7.7,49.6,Stable
L52023,6699,2.7,7.3,61.4,Stable
M19704,5737,2.3,7.7,43.9,Critical
M19705,6406,2.6,7.4,52.8,Stable
M19706,6471,2.6,7.4,51.6,Stable
L52027,6378,2.6,7.4,47.8,Stable
H34262,6394,2.6,7.4,46.6,Declining
M19709,6775,2.7,7.3,49.2,Declining
L52030,6842,2.7,7.3,48.0,Declining
L52031,6776,2.7,7.3,45.4,Critical
L52032,7378,3.0,7.0,54.0,Declining
L52033,7204,2.9,7.1,49.6,Declining
L52034,7456,3.0,7.0,52.3,Declining
L52035,7160,2.9,7.1,45.8,Declining
M19716,7896,3.2,6.8,56.6,Declining
L52037,7847,3.1,6.9,53.5,Declining
L52038,7423,3.0,7.0,45.0,Declining
L52039,7885,3.2,6.8,51.2,Declining
M19720,7913,3.2,6.8,50.1,Declining
L52041,8932,3.6,6.4,64.9,Declining
L52042,7782,3.1,6.9,44.2,Declining
M19723,9050,3.6,6.4,63.8,Declining
L52044,8257,3.3,6.7,48.4,Declining
M19725,8693,3.5,6.5,54.1,Declining
L52046,9142,3.7,6.3,59.4,Declining
L52047,8360,3.3,6.7,44.8,Declining
L52048,8596,3.4,6.6,47.3,Declining
L52049,9286,3.7,6.3,57.3,Declining
M19730,9202,3.7,6.3,54.4,Declining
L52051,9101,3.6,6.4,50.4,Declining
L52052,8797,3.5,6.5,43.9,Declining
M19733,9203,3.7,6.3,49.1,Declining
L52054,9628,3.9,6.1,54.0,Declining
L52055,9884,4.0,6.0,56.7,Declining
M19736,9650,3.9,6.1,51.3,Declining
M19737,9797,3.9,6.1,51.5,Declining
L52058,9536,3.8,6.2,44.9,Declining
H34293,9970,4.0,6.0,50.7,Declining
M19740,10209,4.1,5.9,50.9,Declining
M19741,10102,4.0,6.0,46.9,Declining
L52062,10349,4.1,5.9,48.7,Declining
M19743,10883,4.4,5.6,56.1,Declining
H34298,10960,4.4,5.6,55.2,Declining
H34299,11371,4.5,5.5,58.3,Declining
L52066,10844,4.3,5.7,45.7,Critical
L52067,11152,4.5,5.5,49.4,Critical
L52068,11304,4.5,5.5,50.4,Critical
L52069,11634,4.7,5.3,54.4,Critical
L52070,11510,4.6,5.4,50.8,Critical
M19751,12062,4.8,5.2,58.5,Critical
L52072,12529,5.0,5.0,64.1,Critical
M19753,11671,4.7,5.3,48.3,Critical
H34308,11804,4.7,5.3,48.2,Critical
M19755,12329,4.9,5.1,53.2,Critical
M19756,12554,5.0,5.0,54.7,Critical
H34311,12455,5.0,5.0,50.8,Critical
H34312,12550,5.0,5.0,48.7,Critical
L52079,14191,5.7,4.3,72.3,Critical
L52080,12721,5.1,4.9,46.3,Critical
M19761,13295,5.3,4.7,54.3,Critical
L52082,13402,5.4,4.6,53.9,Critical
L52083,4464,1.8,8.2,74.4,Stable
H34318,3050,1.2,8.8,49.3,Stable
L52085,3041,1.2,8.8,45.4,Stable
H34320,3277,1.3,8.7,47.9,Stable
M19767,3844,1.5,8.5,53.6,Stable
M19768,3683,1.5,8.5,48.6,Stable
L52089,3862,1.5,8.5,49.4,Stable
M19770,4202,1.7,8.3,53.5,Stable
L52091,4487,1.8,8.2,56.0,Stable
L52092,4237,1.7,8.3,50.4,Stable
M19773,4491,1.8,8.2,53.1,Stable
M19774,4504,1.8,8.2,51.1,Stable
H34329,4347,1.7,8.3,46.2,Stable
H34330,5338,2.1,7.9,59.0,Stable
M19777,5147,2.1,7.9,52.0,Stable
L52098,5074,2.0,8.0,48.6,Stable
L52099,5262,2.1,7.9,50.2,Stable
L52100,5014,2.0,8.0,44.6,Critical
L52101,5004,2.0,8.0,42.9,Stable
M19782,5750,2.3,7.7,53.8,Stable
M19783,6599,2.6,7.4,65.7,Stable
H34338,5834,2.3,7.7,50.7,Stable
L52105,6375,2.6,7.4,56.0,Stable
L52106,6109,2.4,7.6,50.1,Stable
M19787,6281,2.5,7.5,51.4,Stable
L52108,6498,2.6,7.4,52.8,Stable
L52109,6100,2.4,7.6,44.7,Stable
L52110,6836,2.7,7.3,55.4,Stable
M19791,6986,2.8,7.2,56.4,Declining
L52112,6571,2.6,7.4,47.3,Declining
H34347,6933,2.8,7.2,51.8,Declining
L52114,7210,2.9,7.1,52.7,Declining
L52115,7098,2.8,7.2,49.3,Declining
L52116,6798,2.7,7.3,42.8,Critical
L52117,7400,3.0,7.0,51.3,Declining
M19798,7622,3.0,7.0,53.5,Declining
L52119,7117,2.8,7.2,42.9,Declining
L52120,7639,3.1,6.9,50.1,Declining
M19801,8123,3.2,6.8,56.6,Declining
L52122,8064,3.2,6.8,53.4,Declining
H34357,7822,3.1,6.9,47.9,Declining
M19804,8705,3.5,6.5,58.8,Declining
L52125,8146,3.3,6.7,47.3,Declining
M19806,8738,3.5,6.5,55.6,Declining
L52127,8325,3.3,6.7,46.5,Declining
M19808,8625,3.4,6.6,50.0,Declining
M19809,8870,3.5,6.5,51.8,Declining
M19810,9733,3.9,6.1,64.0,Declining
L52131,9222,3.7,6.3,53.2,Declining
M19812,8868,3.5,6.5,45.8,Declining
L52133,9595,3.8,6.2,55.7,Declining
L52134,9749,3.9,6.1,56.7,Declining
M19815,9167,3.7,6.3,45.5,Declining
M19816,11258,4.5,5.5,78.1,Declining
M19817,10241,4.1,5.9,58.9,Declining
L52138,9886,4.0,6.0,50.8,Declining
L52139,10400,4.2,5.8,57.8,Declining
L52140,9698,3.9,6.1,44.6,Declining
L52141,10710,4.3,5.7,60.0,Declining
M19822,10112,4.0,6.0,48.5,Declining
L52143,10913,4.4,5.6,59.6,Declining
L52144,10629,4.3,5.7,53.4,Declining
M19825,10243,4.1,5.9,45.5,Declining
L52146,11236,4.5,5.5,59.8,Declining
L52147,10592,4.2,5.8,47.5,Declining
M19828,10800,4.3,5.7,49.5,Declining
L52149,11021,4.4,5.6,50.9,Declining
L52150,11185,4.5,5.5,52.2,Declining
L52151,11821,4.7,5.3,61.3,Critical
H34386,11857,4.7,5.3,60.4,Critical
L52153,11382,4.6,5.4,48.7,Critical
L52154,11378,4.6,5.4,47.1,Critical
L52155,11492,4.6,5.4,47.5,Critical
L52156,11448,4.6,5.4,45.3,Critical
L52157,11900,4.8,5.2,51.3,Critical
L52158,11768,4.7,5.3,47.6,Critical
M19839,12224,4.9,5.1,53.7,Critical
M19840,12505,5.0,5.0,56.2,Critical
M19841,12386,5.0,5.0,51.9,Critical
L52162,13027,5.2,4.8,60.4,Critical
L52163,13233,5.3,4.7,62.3,Critical
L52164,12097,4.8,5.2,41.9,Critical
M19845,13253,5.3,4.7,59.6,Critical
L52166,3004,1.2,8.8,50.1,Stable
M19847,2696,1.1,8.9,43.4,Stable
L52168,5219,2.1,7.9,83.2,Critical
L52169,3313,1.3,8.7,50.0,Stable
L52170,3191,1.3,8.7,46.4,Stable
M19851,3445,1.4,8.6,49.2,Stable
L52172,3776,1.5,8.5,52.4,Stable
L52173,4358,1.7,8.3,60.6,Stable
M19854,4094,1.6,8.4,54.7,Stable
L52175,4025,1.6,8.4,51.3,Stable
M19856,3835,1.5,8.5,46.7,Stable
M19857,6488,2.6,7.4,88.6,Critical
M19858,4955,2.0,8.0,60.8,Stable
M19859,4504,1.8,8.2,51.1,Stable
L52180,5239,2.1,7.9,61.1,Stable
M19861,6013,2.4,7.6,72.5,Stable
L52182,5054,2.0,8.0,54.2,Stable
L52183,4764,1.9,8.1,47.9,Stable
L52184,4708,1.9,8.1,45.5,Stable
M19865,4958,2.0,8.0,48.1,Stable
M19866,4937,2.0,8.0,45.5,Stable
L52187,5224,2.1,7.9,48.1,Stable
H34422,5406,2.2,7.8,49.6,Stable
L52189,5701,2.3,7.7,50.8,Stable
L52190,5831,2.3,7.7,51.4,Stable
M19871,6103,2.4,7.6,54.5,Stable
M19872,6600,2.6,7.4,60.5,Stable
M19873,6293,2.5,7.5,53.1,Stable
L52194,6144,2.5,7.5,48.4,Stable
L52195,6848,2.7,7.3,58.6,Stable
L52196,6236,2.5,7.5,46.9,Stable
L52197,6476,2.6,7.4,49.4,Stable
M19878,6840,2.7,7.3,54.0,Declining
M19879,6667,2.7,7.3,48.9,Declining
L52200,6982,2.8,7.2,51.9,Declining
L52201,6660,2.7,7.3,45.0,Declining
L52202,6858,2.7,7.3,46.8,Declining
M19883,7290,2.9,7.1,52.5,Declining
L52204,7553,3.0,7.0,54.6,Declining
M19885,7311,2.9,7.1,49.1,Declining
L52206,7462,3.0,7.0,49.4,Declining
L52207,7178,2.9,7.1,43.1,Declining
M19888,7940,3.2,6.8,54.3,Declining
M19889,8063,3.2,6.8,54.1,Declining
M19890,7824,3.1,6.9,47.9,Declining
M19891,8113,3.2,6.8,50.5,Declining
M19892,8608,3.4,6.6,56.5,Declining
L52213,8483,3.4,6.6,52.1,Declining
M19894,8473,3.4,6.6,50.5,Declining
M19895,8580,3.4,6.6,50.0,Declining
L52216,8945,3.6,6.4,53.8,Declining
M19897,8977,3.6,6.4,52.9,Declining
L52218,9404,3.8,6.2,57.7,Declining
H34453,9408,3.8,6.2,56.3,Declining
H34454,9427,3.8,6.2,52.9,Declining
L52221,9108,3.6,6.4,43.8,Declining
L52222,9708,3.9,6.1,52.3,Declining
L52223,9596,3.8,6.2,48.9,Declining
L52224,9574,3.8,6.2,47.1,Declining
M19905,9860,3.9,6.1,50.3,Declining
M19906,9795,3.9,6.1,47.0,Declining
M19907,10470,4.2,5.8,56.0,Declining
H34462,9787,3.9,6.1,42.4,Critical
H34463,10414,4.2,5.8,49.1,Declining
H34464,11097,4.4,5.6,56.7,Declining
L52231,10880,4.4,5.6,49.3,Declining
L52232,10876,4.4,5.6,47.8,Declining
L52233,11128,4.5,5.5,50.5,Critical
L52234,11428,4.6,5.4,54.0,Critical
H34469,11036,4.4,5.6,45.9,Critical
M19916,11365,4.5,5.5,47.7,Critical
L52237,11374,4.5,5.5,45.6,Critical
L52238,11782,4.7,5.3,50.9,Critical
L52239,11658,4.7,5.3,47.3,Critical
L52240,11994,4.8,5.2,51.4,Critical
L52241,11726,4.7,5.3,45.4,Critical
L52242,11716,4.7,5.3,43.8,Critical
H34477,2990,1.2,8.8,49.8,Stable
L52244,3039,1.2,8.8,46.9,Stable
L52245,3447,1.4,8.6,52.2,Stable
L52246,3505,1.4,8.6,51.7,Stable
M19927,3287,1.3,8.7,46.5,Stable
M19928,3710,1.5,8.5,51.3,Stable
M19929,3525,1.4,8.6,46.0,Stable
M19930,4116,1.6,8.4,53.6,Stable
H34485,3919,1.6,8.4,48.1,Stable
L52252,4076,1.6,8.4,46.9,Stable
M19933,4258,1.7,8.3,48.5,Stable
L52254,4817,1.9,8.1,55.5,Stable
L52255,4307,1.7,8.3,45.5,Stable
L52256,4593,1.8,8.2,48.8,Stable
L52257,5305,2.1,7.9,59.2,Stable
M19938,4809,1.9,8.1,49.4,Stable
M19939,4802,1.9,8.1,47.0,Stable
L52260,4935,2.0,8.0,47.0,Stable
M19941,5193,2.1,7.9,49.8,Stable
H34496,5520,2.2,7.8,53.0,Stable
L52263,5219,2.1,7.9,44.2,Stable
L52264,6593,2.6,7.4,65.6,Stable
M19945,5499,2.2,7.8,45.9,Stable
L52266,5962,2.4,7.6,51.4,Stable
M19947,6340,2.5,7.5,56.2,Stable
L52268,6035,2.4,7.6,48.8,Stable
M19949,6161,2.5,7.5,49.4,Stable
M19950,6470,2.6,7.4,52.3,Stable
L52271,6155,2.5,7.5,44.8,Stable
M19952,6771,2.7,7.3,53.6,Stable
M19953,6520,2.6,7.4,47.2,Declining
M19954,6765,2.7,7.3,49.0,Declining
M19955,6816,2.7,7.3,47.6,Declining
H34510,7349,2.9,7.1,54.2,Declining
L52277,7234,2.9,7.1,48.6,Declining
L52278,7360,2.9,7.1,49.2,Declining
L52279,7376,3.0,7.0,47.9,Declining
M19960,7464,3.0,7.0,47.9,Declining
M19961,7761,3.1,6.9,50.6,Declining
M19962,8034,3.2,6.8,52.9,Declining
L52283,7793,3.1,6.9,46.6,Declining
L52284,8023,3.2,6.8,49.0,Declining
L52285,7923,3.2,6.8,45.8,Declining
L52286,8303,3.3,6.7,50.6,Declining
L52287,8435,3.4,6.6,51.3,Declining
L52288,8233,3.3,6.7,46.5,Declining
M19969,8313,3.3,6.7,46.3,Declining
M19970,9134,3.7,6.3,57.7,Declining
L52291,8917,3.6,6.4,51.9,Declining
M19972,8777,3.5,6.5,48.0,Declining
L52293,8794,3.5,6.5,46.1,Declining
M19974,9082,3.6,6.4,49.4,Declining
M19975,10481,4.2,5.8,70.4,Declining
L52296,9192,3.7,6.3,46.7,Declining
L52297,9702,3.9,6.1,53.7,Declining
M19978,9594,3.8,6.2,50.4,Declining
L52299,9527,3.8,6.2,47.0,Declining
M19980,9643,3.9,6.1,47.5,Declining
L52301,9868,3.9,6.1,49.0,Declining
H34536,10388,4.2,5.8,56.1,Declining
M19983,10309,4.1,5.9,51.1,Declining
M19984,10494,4.2,5.8,51.9,Declining
M19985,10347,4.1,5.9,47.2,Declining
L52306,11254,4.5,5.5,60.1,Declining
M19987,12230,4.9,5.1,74.8,Declining
L52308,10743,4.3,5.7,47.8,Declining
M19989,11415,4.6,5.4,57.5,Declining
L52310,11436,4.6,5.4,55.6,Critical
L52311,11094,4.4,5.6,48.4,Critical
L52312,11110,4.4,5.6,47.2,Critical
L52313,12018,4.8,5.2,60.8,Critical
L52314,11336,4.5,5.5,47.9,Critical
L52315,12316,4.9,5.1,62.8,Critical
L52316,12110,4.8,5.2,57.8,Critical
L52317,11658,4.7,5.3,48.8,Critical
M19998,11798,4.7,5.3,49.6,Critical
M19999,11975,4.8,5.2,50.3,Critical
M20000,12260,4.9,5.1,52.8,Critical
L52321,12243,4.9,5.1,50.3,Critical
L52322,3136,1.3,8.7,52.3,Stable
M20003,3140,1.3,8.7,50.8,Stable
L52324,3439,1.4,8.6,53.6,Stable
L52325,3655,1.5,8.5,55.7,Stable
L52326,3575,1.4,8.6,52.8,Stable
L52327,3633,1.5,8.5,52.3,Stable
L52328,3599,1.4,8.6,50.2,Stable
L52329,3579,1.4,8.6,48.4,Stable
L52330,3945,1.6,8.4,53.0,Stable
L52331,3673,1.5,8.5,47.0,Stable
L52332,6231,2.5,7.5,88.1,Stable
L52333,4323,1.7,8.3,54.8,Stable
L52334,4261,1.7,8.3,52.3,Stable
H34569,4465,1.8,8.2,54.2,Stable
L52336,4404,1.8,8.2,49.4,Stable
H34571,4324,1.7,8.3,46.6,Stable
L52338,4673,1.9,8.1,48.6,Stable
L52339,4825,1.9,8.1,49.7,Stable
L52340,4803,1.9,8.1,47.8,Stable
M20021,6081,2.4,7.6,67.6,Stable
L52342,5088,2.0,8.0,48.8,Stable
M20023,5676,2.3,7.7,57.1,Stable
M20024,5633,2.3,7.7,54.1,Stable
L52345,5362,2.1,7.9,47.4,Stable
H34580,5702,2.3,7.7,51.5,Stable
L52347,6113,2.4,7.6,54.6,Stable
H34582,6317,2.5,7.5,56.5,Stable
L52349,6090,2.4,7.6,49.0,Stable
M20030,6200,2.5,7.5,49.3,Stable
M20031,6033,2.4,7.6,44.3,Stable
L52352,6990,2.8,7.2,58.0,Stable
M20033,7078,2.8,7.2,58.0,Declining
M20034,6515,2.6,7.4,46.3,Declining
L52355,7350,2.9,7.1,58.0,Declining
M20036,7648,3.1,6.9,61.5,Declining
H34591,6871,2.7,7.3,46.3,Declining
H34592,7354,2.9,7.1,50.6,Declining
M20039,7445,3.0,7.0,48.3,Declining
L52360,7848,3.1,6.9,52.8,Declining
L52361,8210,3.3,6.7,57.3,Declining
L52362,8032,3.2,6.8,52.9,Declining
M20043,8752,3.5,6.5,63.4,Declining
L52364,7879,3.2,6.8,46.6,Declining
L52365,9199,3.7,6.3,67.1,Declining
L52366,9973,4.0,6.0,78.5,Declining
L52367,8651,3.5,6.5,54.9,Declining
L52368,8709,3.5,6.5,54.4,Declining
M20049,8389,3.4,6.6,47.6,Declining
L52370,8574,3.4,6.6,48.4,Declining
L52371,8592,3.4,6.6,47.2,Declining
L52372,8470,3.4,6.6,43.7,Declining
H34607,8756,3.5,6.5,46.9,Declining
M20054,9501,3.8,6.2,55.6,Declining
L52375,9402,3.8,6.2,51.7,Declining
H34610,9424,3.8,6.2,50.6,Declining
H34611,9755,3.9,6.1,52.3,Declining
L52378,9696,3.9,6.1,47.6,Declining
L52379,9936,4.0,6.0,50.1,Declining
L52380,9852,3.9,6.1,47.2,Declining
M20061,9902,4.0,6.0,46.5,Declining
L52382,9915,4.0,6.0,44.5,Declining
M20063,10677,4.3,5.7,55.7,Declining
L52384,11448,4.6,5.4,66.3,Declining
L52385,10496,4.2,5.8,48.9,Declining
H34620,11072,4.4,5.6,57.0,Declining
M20067,10851,4.3,5.7,49.6,Declining
L52388,11338,4.5,5.5,55.5,Declining
M20069,11114,4.4,5.6,50.2,Critical
L52390,11167,4.5,5.5,48.9,Critical
L52391,11191,4.5,5.5,47.8,Critical
L52392,11209,4.5,5.5,46.6,Critical
M20073,11363,4.5,5.5,47.6,Critical
L52394,11784,4.7,5.3,52.4,Critical
M20075,11794,4.7,5.3,51.1,Critical
M20076,11497,4.6,5.4,43.9,Critical
M20077,11840,4.7,5.3,47.3,Critical
L52398,12313,4.9,5.1,53.0,Critical
L52399,11955,4.8,5.2,45.5,Critical
L52400,12581,5.0,5.0,54.4,Critical
L52401,12657,5.1,4.9,54.2,Critical
L52402,3330,1.3,8.7,55.5,Stable
M20083,2790,1.1,8.9,45.0,Stable
L52404,3405,1.4,8.6,53.0,Stable
M20085,3189,1.3,8.7,47.9,Stable
L52406,3256,1.3,8.7,46.8,Stable
L52407,3420,1.4,8.6,48.0,Stable
M20088,3316,1.3,8.7,44.8,Stable
H34643,4345,1.7,8.3,59.7,Stable
M20090,5224,2.1,7.9,70.6,Stable
L52411,4041,1.6,8.4,48.6,Stable
L52412,3977,1.6,8.4,46.0,Stable
L52413,4205,1.7,8.3,48.3,Stable
L52414,4317,1.7,8.3,48.7,Stable
M20095,4507,1.8,8.2,50.4,Stable
L52416,4408,1.8,8.2,46.5,Stable
L52417,4708,1.9,8.1,50.0,Stable
L52418,4714,1.9,8.1,48.6,Stable
L52419,5396,2.2,7.8,58.4,Stable
L52420,5368,2.1,7.9,56.5,Stable
L52421,5436,2.2,7.8,56.1,Stable
L52422,5152,2.1,7.9,49.9,Stable
L52423,5692,2.3,7.7,57.4,Stable
L52424,5526,2.2,7.8,53.1,Stable
L52425,5580,2.2,7.8,52.5,Stable
L52426,5450,2.2,7.8,48.8,Stable
L52427,5420,2.2,7.8,46.8,Stable
M20108,6504,2.6,7.4,63.4,Stable
M20109,5679,2.3,7.7,47.4,Stable
L52430,5634,2.3,7.7,44.4,Stable
M20111,5674,2.3,7.7,43.6,Stable
L52432,5839,2.3,7.7,44.1,Stable
L52433,6379,2.6,7.4,51.6,Stable
L52434,7169,2.9,7.1,63.2,Stable
M20115,6271,2.5,7.5,46.8,Stable
L52436,6386,2.6,7.4,46.4,Declining
L52437,6654,2.7,7.3,49.4,Declining
M20118,6924,2.8,7.2,52.4,Declining
L52439,7003,2.8,7.2,51.5,Declining
M20120,6989,2.8,7.2,49.7,Declining
L52441,7166,2.9,7.1,50.4,Declining
L52442,7128,2.9,7.1,48.3,Declining
L52443,8074,3.2,6.8,62.6,Declining
L52444,7162,2.9,7.1,45.9,Declining
M20125,8266,3.3,6.7,62.8,Declining
M20126,7671,3.1,6.9,50.6,Declining
M20127,7646,3.1,6.9,47.9,Declining
L52448,7683,3.1,6.9,46.3,Declining
L52449,8003,3.2,6.8,50.1,Declining
L52450,7635,3.1,6.9,42.5,Declining
L52451,8243,3.3,6.7,51.1,Declining
M20132,8057,3.2,6.8,46.5,Declining
L52453,8190,3.3,6.7,46.5,Declining
L52454,8724,3.5,6.5,53.9,Declining
L52455,8426,3.4,6.6,47.4,Declining
L52456,8882,3.6,6.4,53.5,Declining
L52457,8762,3.5,6.5,50.0,Declining
M20138,9086,3.6,6.4,53.9,Declining
L52459,9029,3.6,6.4,50.7,Declining
L52460,9035,3.6,6.4,49.3,Declining
M20141,9103,3.6,6.4,49.0,Declining
H34696,9062,3.6,6.4,46.0,Declining
L52463,9575,3.8,6.2,50.8,Declining
M20144,10079,4.0,6.0,57.7,Declining
L52465,9796,3.9,6.1,50.8,Declining
L52466,9684,3.9,6.1,47.4,Declining
H34701,9942,4.0,6.0,50.2,Declining
L52468,10217,4.1,5.9,51.0,Declining
M20149,10259,4.1,5.9,50.2,Declining
L52470,10432,4.2,5.8,50.9,Declining
L52471,10282,4.1,5.9,46.9,Declining
M20152,10694,4.3,5.7,52.2,Declining
M20153,10623,4.2,5.8,48.8,Declining
L52474,10714,4.3,5.7,48.1,Declining
L52475,10592,4.2,5.8,44.5,Declining
H34710,10768,4.3,5.7,46.0,Declining
L52477,11047,4.4,5.6,46.9,Critical
M20158,12585,5.0,5.0,71.0,Critical
L52479,11170,4.5,5.5,45.2,Critical
M20160,11970,4.8,5.2,57.0,Critical
L52481,11303,4.5,5.5,43.6,Critical
L52482,11757,4.7,5.3,49.7,Critical
L52483,11827,4.7,5.3,49.4,Critical
L52484,11805,4.7,5.3,47.5,Critical
H34719,12405,5.0,5.0,56.0,Critical
H34720,12494,5.0,5.0,53.7,Critical
L52487,12555,5.0,5.0,51.0,Critical
L52488,12547,5.0,5.0,49.4,Critical
M20169,12519,5.0,5.0,47.4,Critical
L52490,2854,1.1,8.9,47.6,Stable
H34725,3010,1.2,8.8,48.7,Stable
L52492,4061,1.6,8.4,62.4,Stable
M20173,3537,1.4,8.6,52.2,Stable
L52494,3942,1.6,8.4,56.7,Stable
L52495,4050,1.6,8.4,57.0,Stable
M20176,4098,1.6,8.4,56.3,Stable
L52497,4129,1.7,8.3,54.6,Stable
L52498,3937,1.6,8.4,49.9,Stable
M20179,3839,1.5,8.5,46.7,Stable
L52500,3896,1.6,8.4,45.4,Stable
M20181,4412,1.8,8.2,52.5,Stable
M20182,4109,1.6,8.4,45.2,Stable
M20183,4328,1.7,8.3,46.6,Stable
M20184,4717,1.9,8.1,50.9,Stable
L52505,5188,2.1,7.9,56.5,Stable
M20186,4730,1.9,8.1,47.3,Stable
M20187,6257,2.5,7.5,70.5,Stable
M20188,4972,2.0,8.0,46.9,Stable
L52509,5207,2.1,7.9,48.5,Stable
L52510,5561,2.2,7.8,52.9,Stable
L52511,5371,2.1,7.9,48.3,Stable
H34746,5371,2.1,7.9,46.8,Stable
M20193,5600,2.2,7.8,46.8,Stable
M20194,8337,3.3,6.7,90.2,Critical
M20195,6070,2.4,7.6,50.2,Stable
L52516,6521,2.6,7.4,55.4,Stable
M20197,6249,2.5,7.5,49.4,Stable
M20198,6768,2.7,7.3,55.8,Stable
M20199,6743,2.7,7.3,53.1,Stable
L52520,6476,2.6,7.4,46.4,Declining
H34755,6588,2.6,7.4,46.8,Declining
M20202,6755,2.7,7.3,45.8,Declining
L52523,7354,2.9,7.1,53.6,Declining
L52524,6950,2.8,7.2,45.3,Declining
L52525,7368,2.9,7.1,50.8,Declining
L52526,7478,3.0,7.0,51.1,Declining
L52527,7024,2.8,7.2,42.1,Declining
L52528,7836,3.1,6.9,54.1,Declining
M20209,7964,3.2,6.8,54.7,Declining
M20210,8059,3.2,6.8,54.1,Declining
M20211,8010,3.2,6.8,51.0,Declining
M20212,8265,3.3,6.7,53.0,Declining
L52533,8398,3.4,6.6,53.0,Declining
L52534,8234,3.3,6.7,48.7,Declining
H34769,8056,3.2,6.8,44.3,Declining
H34770,9009,3.6,6.4,56.4,Declining
L52537,9786,3.9,6.1,65.6,Declining
H34772,9594,3.8,6.2,60.9,Declining
M20219,8959,3.6,6.4,46.6,Declining
L52540,9226,3.7,6.3,48.8,Declining
L52541,9676,3.9,6.1,54.8,Declining
L52542,9042,3.6,6.4,42.7,Declining
L52543,9606,3.8,6.2,50.6,Declining
L52544,9862,3.9,6.1,53.4,Declining
L52545,9846,3.9,6.1,51.6,Declining
H34780,9648,3.9,6.1,46.8,Declining
M20227,10597,4.2,5.8,58.9,Declining
M20228,10534,4.2,5.8,55.6,Declining
H34783,10349,4.1,5.9,50.2,Declining
H34784,10814,4.3,5.7,54.2,Declining
L52551,10655,4.3,5.7,47.8,Declining
H34786,10893,4.4,5.6,50.3,Declining
M20233,11718,4.7,5.3,60.3,Critical
L52554,11265,4.5,5.5,50.5,Critical
L52555,11385,4.6,5.4,51.0,Critical
H34790,11087,4.4,5.6,44.5,Critical
L52557,12700,5.1,4.9,67.7,Critical
L52558,11830,4.7,5.3,51.7,Critical
L52559,11712,4.7,5.3,48.2,Critical
L52560,11898,4.8,5.2,49.8,Critical
L52561,12302,4.9,5.1,55.0,Critical
L52562,12486,5.0,5.0,56.6,Critical
L52563,12188,4.9,5.1,50.1,Critical
M20244,12112,4.8,5.2,47.4,Critical
H34799,12913,5.2,4.8,58.5,Critical
L52566,12568,5.0,5.0,49.0,Critical
L52567,12586,5.0,5.0,47.8,Critical
M20248,12674,5.1,4.9,47.7,Critical
L52569,12677,5.1,4.9,45.5,Critical
H34804,13001,5.2,4.8,49.4,Critical
L52571,13404,5.4,4.6,52.4,Critical
L52572,13312,5.3,4.7,49.4,Critical
L52573,13386,5.4,4.6,49.1,Critical
M20254,13054,5.2,4.8,42.1,Critical
L52575,13723,5.5,4.5,51.0,Critical
L52576,13801,5.5,4.5,50.8,Critical
M20257,13677,5.5,4.5,47.2,Critical
L52578,14826,5.9,4.1,64.1,Critical
H34813,13892,5.6,4.4,47.0,Critical
L52580,14249,5.7,4.3,49.2,Critical
M20261,14293,5.7,4.3,48.5,Critical
L52582,2842,1.1,8.9,47.4,Stable
L52583,3806,1.5,8.5,61.9,Stable
H34818,3024,1.2,8.8,47.4,Stable
L52585,3293,1.3,8.7,48.1,Stable
L52586,3215,1.3,8.7,45.3,Stable
L52587,4493,1.8,8.2,65.1,Stable
L52588,3931,1.6,8.4,54.3,Stable
L52589,3631,1.5,8.5,47.8,Stable
M20270,3689,1.5,8.5,47.2,Stable
L52591,3914,1.6,8.4,48.7,Stable
L52592,3736,1.5,8.5,44.3,Stable
H34827,4224,1.7,8.3,50.9,Stable
L52594,4463,1.8,8.2,51.1,Stable
M20275,4305,1.7,8.3,47.0,Stable
L52596,4940,2.0,8.0,55.3,Stable
L52597,4482,1.8,8.2,46.2,Stable
L52598,4596,1.8,8.2,46.6,Stable
L52599,4532,1.8,8.2,44.0,Stable
L52600,5004,2.0,8.0,50.4,Stable
M20281,5202,2.1,7.9,52.2,Stable
M20282,5049,2.0,8.0,47.4,Stable
L52603,5634,2.3,7.7,54.9,Stable
L52604,5184,2.1,7.9,45.9,Stable
L52605,6070,2.4,7.6,59.2,Stable
L52606,5718,2.3,7.7,51.8,Stable
L52607,5546,2.2,7.8,47.4,Stable
L52608,5696,2.3,7.7,48.4,Stable
L52609,6060,2.4,7.6,53.0,Stable
L52610,6358,2.5,7.5,56.5,Stable
L52611,5984,2.4,7.6,48.7,Stable
L52612,5934,2.4,7.6,46.4,Stable
L52613,6340,2.5,7.5,51.7,Stable
L52614,6588,2.6,7.4,54.3,Stable
M20295,6468,2.6,7.4,50.8,Stable
M20296,6913,2.8,7.2,56.0,Stable
M20297,6478,2.6,7.4,46.5,Declining
L52618,7191,2.9,7.1,56.1,Declining
L52619,7167,2.9,7.1,54.2,Declining
H34854,7401,3.0,7.0,56.6,Declining
M20301,7014,2.8,7.2,46.4,Declining
L52622,7071,2.8,7.2,45.1,Declining
M20303,7307,2.9,7.1,47.5,Declining
L52624,8638,3.5,6.5,67.5,Declining
M20305,7976,3.2,6.8,54.9,Declining
L52626,7837,3.1,6.9,50.4,Declining
L52627,7835,3.1,6.9,48.8,Declining
L52628,8097,3.2,6.8,51.7,Declining
L52629,9743,3.9,6.1,77.6,Declining
H34864,8045,3.2,6.8,47.8,Declining
L52631,8122,3.2,6.8,45.4,Declining
M20312,8596,3.4,6.6,51.8,Declining
L52633,8527,3.4,6.6,48.4,Declining
L52634,8637,3.5,6.5,48.7,Declining
M20315,9595,3.8,6.2,63.2,Declining
M20316,9074,3.6,6.4,52.2,Declining
M20317,9279,3.7,6.3,53.4,Declining
L52638,9238,3.7,6.3,50.5,Declining
L52639,9206,3.7,6.3,48.4,Declining
M20320,9442,3.8,6.2,50.9,Declining
M20321,9203,3.7,6.3,44.6,Declining
L52642,10438,4.2,5.8,63.0,Declining
L52643,9872,3.9,6.1,52.0,Declining
M20324,10158,4.1,5.9,55.3,Declining
L52645,9823,3.9,6.1,47.5,Declining
M20326,9917,4.0,6.0,47.5,Declining
L52647,9966,4.0,6.0,46.1,Declining
L52648,10818,4.3,5.7,58.8,Declining
M20329,10258,4.1,5.9,48.0,Declining
M20330,10685,4.3,5.7,52.8,Declining
L52651,10342,4.1,5.9,44.9,Declining
L52652,10512,4.2,5.8,46.2,Declining
L52653,10568,4.2,5.8,45.6,Declining
M20334,10676,4.3,5.7,45.9,Declining
L52655,10727,4.3,5.7,44.5,Declining
M20336,11035,4.4,5.6,48.2,Critical
L52657,11806,4.7,5.3,58.8,Critical
L52658,11592,4.6,5.4,53.7,Critical
M20339,11588,4.6,5.4,52.1,Critical
H34894,11551,4.6,5.4,49.3,Critical
L52661,12382,5.0,5.0,59.4,Critical
L52662,12474,5.0,5.0,59.4,Critical
M20343,13000,5.2,4.8,66.7,Critical
M20344,12787,5.1,4.9,60.9,Critical
L52665,11958,4.8,5.2,44.8,Critical
L52666,12400,5.0,5.0,50.7,Critical
M20347,12672,5.1,4.9,53.7,Critical
L52668,12485,5.0,5.0,48.3,Critical
L52669,12673,5.1,4.9,50.0,Critical
L52670,2576,1.0,9.0,42.9,Critical
M20351,2790,1.1,8.9,45.0,Stable
M20352,2893,1.2,8.8,44.5,Stable
L52673,3112,1.2,8.8,45.9,Stable
L52674,3186,1.3,8.7,45.6,Stable
H34909,3254,1.3,8.7,45.2,Stable
M20356,4613,1.8,8.2,64.1,Stable
M20357,4002,1.6,8.4,51.7,Stable
M20358,4841,1.9,8.1,63.4,Stable
H34913,4004,1.6,8.4,47.2,Stable
L52680,4597,1.8,8.2,53.4,Stable
L52681,4571,1.8,8.2,51.4,Stable
L52682,4453,1.8,8.2,48.0,Stable
H34917,4979,2.0,8.0,55.2,Stable
L52684,4806,1.9,8.1,48.6,Stable
L52685,5472,2.2,7.8,58.2,Stable
L52686,5424,2.2,7.8,55.9,Stable
L52687,5200,2.1,7.9,50.7,Stable
L52688,4984,2.0,8.0,45.6,Stable
L52689,5358,2.1,7.9,50.3,Stable
L52690,5266,2.1,7.9,47.3,Stable
L52691,6436,2.6,7.4,65.3,Stable
L52692,5974,2.4,7.6,56.1,Stable
M20373,5604,2.2,7.8,48.4,Stable
L52694,6491,2.6,7.4,60.9,Stable
H34929,5893,2.4,7.6,49.5,Stable
L52696,6498,2.6,7.4,55.8,Stable
L52697,6136,2.5,7.5,48.3,Stable
M20378,7376,3.0,7.0,67.4,Stable
L52699,6369,2.5,7.5,48.4,Stable
M20380,6547,2.6,7.4,49.9,Stable
L52701,6484,2.6,7.4,46.6,Declining
L52702,6686,2.7,7.3,48.4,Declining
M20383,6918,2.8,7.2,50.8,Declining
L52704,7271,2.9,7.1,54.4,Declining
M20385,6821,2.7,7.3,45.4,Declining
L52706,7270,2.9,7.1,50.7,Declining
M20387,7384,3.0,7.0,51.1,Declining
L52708,7223,2.9,7.1,46.1,Declining
M20389,7623,3.0,7.0,51.3,Declining
M20390,7390,3.0,7.0,45.2,Declining
M20391,7823,3.1,6.9,50.1,Declining
L52712,7902,3.2,6.8,49.2,Declining
L52713,8482,3.4,6.6,57.4,Declining
M20394,8118,3.2,6.8,49.8,Declining
L52715,8195,3.3,6.7,48.8,Declining
M20396,8081,3.2,6.8,45.4,Critical
L52717,8786,3.5,6.5,54.9,Declining
M20398,9338,3.7,6.3,62.6,Declining
H34953,8679,3.5,6.5,49.4,Declining
L52720,8926,3.6,6.4,49.8,Declining
L52721,8896,3.6,6.4,47.8,Declining
L52722,8920,3.6,6.4,46.7,Declining
L52723,8720,3.5,6.5,41.8,Declining
L52724,9242,3.7,6.3,49.0,Declining
H34959,9104,3.6,6.4,45.2,Declining
L52726,9521,3.8,6.2,48.4,Declining
M20407,9785,3.9,6.1,51.3,Declining
L52728,10050,4.0,6.0,53.5,Declining
H34963,9678,3.9,6.1,45.8,Declining
M20410,10171,4.1,5.9,50.3,Declining
H34965,10022,4.0,6.0,45.5,Declining
H34966,10673,4.3,5.7,52.6,Declining
L52733,10352,4.1,5.9,43.5,Declining
M20414,10872,4.3,5.7,50.7,Declining
L52735,10787,4.3,5.7,47.0,Declining
H34970,10769,4.3,5.7,45.2,Declining
M20417,11152,4.5,5.5,47.9,Critical
L52738,11521,4.6,5.4,51.8,Critical
M20419,11407,4.6,5.4,48.4,Critical
L52740,11722,4.7,5.3,51.4,Critical
M20421,11412,4.6,5.4,44.7,Critical
L52742,12161,4.9,5.1,54.9,Critical
M20423,12235,4.9,5.1,54.7,Critical
L52744,11922,4.8,5.2,47.2,Critical
L52745,12522,5.0,5.0,55.7,Critical
L52746,12184,4.9,5.1,48.6,Critical
M20427,2890,1.2,8.8,48.2,Stable
L52748,3203,1.3,8.7,51.1,Stable
L52749,3241,1.3,8.7,50.3,Stable
M20430,3299,1.3,8.7,49.7,Stable
L52751,3574,1.4,8.6,52.1,Stable
L52752,3630,1.5,8.5,51.5,Stable
L52753,4106,1.6,8.4,57.9,Stable
L52754,3330,1.3,8.7,43.5,Stable
H34989,3764,1.5,8.5,49.2,Stable
H34990,3949,1.6,8.4,48.6,Stable
L52757,4170,1.7,8.3,48.5,Stable
L52758,4498,1.8,8.2,52.5,Stable
L52759,4830,1.9,8.1,56.5,Stable
M20440,4446,1.8,8.2,48.6,Stable
M20441,4573,1.8,8.2,48.5,Stable
L52762,5904,2.4,7.6,68.4,Stable
L52763,5236,2.1,7.9,55.8,Stable
L52764,5136,2.1,7.9,52.6,Stable
M20445,5354,2.1,7.9,54.7,Stable
M20446,5319,2.1,7.9,51.9,Stable
L52767,5302,2.1,7.9,49.4,Stable
M20448,5562,2.2,7.8,52.2,Stable
M20449,5161,2.1,7.9,43.3,Stable
M20450,5380,2.2,7.8,44.7,Stable
L52771,5983,2.4,7.6,52.5,Stable
L52772,5799,2.3,7.7,47.9,Stable
L52773,5723,2.3,7.7,45.1,Stable
L52774,6301,2.5,7.5,53.3,Stable
M20455,7083,2.8,7.2,64.8,Stable
M20456,6406,2.6,7.4,51.3,Stable
L52777,6467,2.6,7.4,50.0,Stable
L52778,6437,2.6,7.4,48.0,Stable
M20459,6949,2.8,7.2,55.1,Declining
L52780,6754,2.7,7.3,49.6,Declining
L52781,7080,2.8,7.2,53.5,Declining
L52782,6628,2.7,7.3,44.5,Declining
L52783,6730,2.7,7.3,44.7,Declining
L52784,7166,2.9,7.1,50.4,Declining
L52785,7250,2.9,7.1,50.3,Declining
L52786,7778,3.1,6.9,57.6,Declining
M20467,7900,3.2,6.8,58.2,Declining
M20468,7791,3.1,6.9,54.1,Declining
M20469,7436,3.0,7.0,45.9,Declining
L52790,7629,3.1,6.9,46.9,Declining
M20471,8253,3.3,6.7,55.8,Declining
L52792,8012,3.2,6.8,49.5,Declining
M20473,8096,3.2,6.8,49.4,Declining
H35028,8513,3.4,6.6,54.1,Declining
M20475,8004,3.2,6.8,41.9,Critical
L52796,8585,3.4,6.6,49.3,Declining
L52797,8523,3.4,6.6,46.8,Critical
M20478,9095,3.6,6.4,54.8,Declining
L52799,9804,3.9,6.1,64.4,Declining
L52800,9096,3.6,6.4,51.1,Declining
M20481,8704,3.5,6.5,43.1,Declining
L52802,9397,3.8,6.2,52.4,Declining
L52803,9501,3.8,6.2,52.6,Declining
M20484,9373,3.7,6.3,49.0,Declining
L52805,10026,4.0,6.0,57.6,Declining
H35040,9866,3.9,6.1,53.4,Declining
L52807,10079,4.0,6.0,53.2,Declining
L52808,10351,4.1,5.9,56.3,Declining
L52809,9875,4.0,6.0,46.8,Declining
M20490,10385,4.2,5.8,53.8,Declining
L52811,10320,4.1,5.9,50.5,Declining
L52812,10132,4.1,5.9,45.9,Declining
L52813,10364,4.1,5.9,48.2,Declining
M20494,10266,4.1,5.9,45.1,Declining
L52815,10699,4.3,5.7,50.1,Declining
L52816,10679,4.3,5.7,48.2,Declining
M20497,10849,4.3,5.7,49.6,Declining
L52818,11048,4.4,5.6,50.6,Declining
L52819,11436,4.6,5.4,55.6,Critical
L52820,11030,4.4,5.6,47.3,Critical
L52821,11226,4.5,5.5,49.1,Critical
L52822,11360,4.5,5.5,49.8,Critical
L52823,11608,4.6,5.4,52.5,Critical
L52824,11316,4.5,5.5,46.1,Critical
M20505,11822,4.7,5.3,53.0,Critical
M20506,12063,4.8,5.2,54.8,Critical
H35061,13650,5.5,4.5,79.0,Critical
L52828,11937,4.8,5.2,46.7,Critical
M20509,12053,4.8,5.2,47.1,Critical
L52830,12272,4.9,5.1,48.5,Critical
M20511,12344,4.9,5.1,48.2,Critical
L52832,13039,5.2,4.8,57.6,Critical
L52833,12665,5.1,4.9,49.8,Critical
L52834,3088,1.2,8.8,51.5,Stable
L52835,2864,1.1,8.9,46.2,Stable
M20516,2812,1.1,8.9,43.9,Stable
L52837,3903,1.6,8.4,59.8,Stable
M20518,3149,1.3,8.7,45.7,Stable
M20519,3888,1.6,8.4,55.8,Stable
L52840,3629,1.5,8.5,49.2,Stable
L52841,3559,1.4,8.6,46.6,Stable
L52842,4087,1.6,8.4,53.9,Stable
M20523,4005,1.6,8.4,51.0,Stable
M20524,4158,1.7,8.3,51.3,Stable
L52845,4905,2.0,8.0,61.5,Stable
L52846,4165,1.7,8.3,47.7,Stable
L52847,5555,2.2,7.8,69.3,Stable
M20528,4349,1.7,8.3,47.7,Stable
M20529,4578,1.8,8.2,49.3,Stable
L52850,4603,1.8,8.2,47.5,Stable
H35085,4913,2.0,8.0,51.1,Stable
H35086,5472,2.2,7.8,56.7,Stable
L52853,5219,2.1,7.9,48.7,Stable
M20534,5171,2.1,7.9,46.4,Stable
M20535,5426,2.2,7.8,48.4,Stable
L52856,5785,2.3,7.7,52.2,Stable
L52857,5307,2.1,7.9,42.7,Stable
M20538,6003,2.4,7.6,52.8,Stable
M20539,5902,2.4,7.6,48.9,Stable
M20540,5877,2.4,7.6,46.2,Stable
L52861,6006,2.4,7.6,46.1,Stable
H35096,6212,2.5,7.5,48.0,Stable
M20543,6739,2.7,7.3,53.1,Stable
H35098,6878,2.8,7.2,53.1,Declining
L52865,6879,2.8,7.2,49.4,Declining
L52866,7321,2.9,7.1,55.3,Declining
L52867,8435,3.4,6.6,72.3,Declining
M20548,7031,2.8,7.2,47.4,Declining
L52869,7406,3.0,7.0,51.4,Declining
L52870,7280,2.9,7.1,47.8,Declining
L52871,7140,2.9,7.1,44.0,Declining
M20552,7216,2.9,7.1,43.8,Declining
M20553,7631,3.1,6.9,48.4,Declining
L52874,7876,3.2,6.8,50.3,Declining
L52875,7852,3.1,6.9,48.4,Declining
H35110,8230,3.3,6.7,53.2,Declining
L52877,7973,3.2,6.8,45.1,Declining
L52878,7885,3.2,6.8,42.2,Declining
L52879,9179,3.7,6.3,62.2,Declining
L52880,8529,3.4,6.6,49.9,Declining
M20561,8319,3.3,6.7,44.9,Declining
L52882,8848,3.5,6.5,51.5,Declining
H35117,8762,3.5,6.5,48.5,Declining
L52884,8745,3.5,6.5,44.5,Declining
L52885,9069,3.6,6.4,48.4,Declining
L52886,8835,3.5,6.5,43.0,Critical
L52887,9241,3.7,6.3,48.3,Declining
L52888,9657,3.9,6.1,53.7,Declining
L52889,9637,3.9,6.1,51.9,Declining
H35124,9441,3.8,6.2,47.1,Declining
L52891,9930,4.0,6.0,51.5,Declining
L52892,9590,3.8,6.2,44.3,Declining
L52893,10212,4.1,5.9,53.2,Declining
L52894,10346,4.1,5.9,53.9,Declining
H35129,10394,4.2,5.8,53.2,Declining
L52896,10133,4.1,5.9,45.1,Declining
L52897,11007,4.4,5.6,58.2,Declining
L52898,10847,4.3,5.7,54.0,Declining
L52899,10491,4.2,5.8,46.6,Declining
L52900,10653,4.3,5.7,47.8,Declining
M20581,10761,4.3,5.7,48.1,Declining
L52902,10986,4.4,5.6,49.6,Declining
M20583,11050,4.4,5.6,49.2,Critical
L52904,11101,4.4,5.6,47.8,Critical
M20585,11439,4.6,5.4,51.9,Critical
M20586,11256,4.5,5.5,46.6,Critical
M20587,11713,4.7,5.3,52.0,Critical
M20588,11574,4.6,5.4,47.4,Critical
M20589,11791,4.7,5.3,48.8,Critical
L52910,12586,5.0,5.0,59.8,Critical
L52911,12834,5.1,4.9,62.4,Critical
L52912,12004,4.8,5.2,47.1,Critical
L52913,12244,4.9,5.1,49.6,Critical
L52914,12098,4.8,5.2,45.6,Critical
L52915,12796,5.1,4.9,55.8,Critical
M20596,12418,5.0,5.0,48.0,Critical
L52917,12823,5.1,4.9,52.5,Critical
L52918,2562,1.0,9.0,42.7,Stable
M20599,3396,1.4,8.6,55.1,Stable
M20600,3295,1.3,8.7,51.2,Stable
M20601,3326,1.3,8.7,49.4,Stable
L52922,3323,1.3,8.7,47.1,Stable
M20603,3343,1.3,8.7,46.0,Stable
H35158,3684,1.5,8.5,49.4,Stable
L52925,4919,2.0,8.0,66.2,Stable
M20606,4305,1.7,8.3,54.5,Stable
L52927,4236,1.7,8.3,51.1,Stable
M20608,4412,1.8,8.2,52.5,Stable
H35163,4055,1.6,8.4,44.3,Stable
L52930,5582,2.2,7.8,66.0,Stable
H35165,4660,1.9,8.1,49.2,Stable
H35166,5543,2.2,7.8,60.1,Stable
L52933,4992,2.0,8.0,47.2,Stable
L52934,5704,2.3,7.7,57.6,Stable
L52935,5122,2.0,8.0,46.4,Stable
M20616,5162,2.1,7.9,45.5,Stable
L52937,5297,2.1,7.9,45.5,Stable
L52938,5657,2.3,7.7,50.0,Stable
L52939,5847,2.3,7.7,51.7,Stable
M20620,5879,2.4,7.6,50.7,Stable
L52941,5708,2.3,7.7,45.6,Stable
L52942,5728,2.3,7.7,44.5,Stable
H35177,6052,2.4,7.6,48.4,Stable
L52944,6553,2.6,7.4,53.0,Stable
L52945,6881,2.8,7.2,56.9,Stable
M20626,6381,2.6,7.4,47.1,Stable
M20627,6520,2.6,7.4,47.2,Declining
L52948,6667,2.7,7.3,47.4,Declining
L52949,6611,2.6,7.4,44.9,Declining
L52950,6821,2.7,7.3,46.9,Declining
L52951,7145,2.9,7.1,50.8,Declining
L52952,7597,3.0,7.0,56.9,Declining
H35187,7065,2.8,7.2,46.5,Declining
L52954,7704,3.1,6.9,53.4,Declining
L52955,8404,3.4,6.6,63.6,Declining
L52956,7330,2.9,7.1,44.2,Declining
L52957,7586,3.0,7.0,46.9,Declining
M20638,7838,3.1,6.9,49.6,Declining
L52959,8355,3.3,6.7,56.0,Declining
L52960,8119,3.2,6.8,50.6,Declining
M20641,8411,3.4,6.6,53.9,Declining
L52962,8220,3.3,6.7,48.5,Declining
H35197,8486,3.4,6.6,51.4,Declining
M20644,8423,3.4,6.6,46.6,Declining
L52965,8698,3.5,6.5,49.0,Declining
L52966,8892,3.6,6.4,50.7,Declining
L52967,9108,3.6,6.4,52.8,Declining
L52968,8916,3.6,6.4,48.1,Declining
M20649,8952,3.6,6.4,47.2,Declining
M20650,9381,3.8,6.2,52.1,Declining
M20651,9474,3.8,6.2,51.4,Declining
M20652,9773,3.9,6.1,54.1,Declining
L52973,9602,3.8,6.2,49.0,Declining
M20654,9734,3.9,6.1,49.7,Declining
M20655,9815,3.9,6.1,48.8,Declining
L52976,9818,3.9,6.1,46.6,Declining
L52977,9972,4.0,6.0,47.7,Declining
L52978,10400,4.2,5.8,53.3,Declining
L52979,10476,4.2,5.8,53.1,Declining
L52980,10318,4.1,5.9,49.0,Declining
L52981,10296,4.1,5.9,47.1,Declining
L52982,10540,4.2,5.8,49.7,Declining
L52983,10992,4.4,5.6,55.7,Declining
L52984,10470,4.2,5.8,45.5,Declining
M20665,10944,4.4,5.6,51.9,Declining
L52986,10845,4.3,5.7,48.0,Declining
M20667,11033,4.4,5.6,49.6,Declining
L52988,11656,4.7,5.3,57.8,Critical
H35223,11440,4.6,5.4,52.7,Critical
L52990,12217,4.9,5.1,61.9,Critical
L52991,11503,4.6,5.4,48.5,Critical
L52992,11675,4.7,5.3,49.8,Critical
L52993,12297,4.9,5.1,58.7,Critical
M20674,11669,4.7,5.3,46.7,Critical
L52995,12340,4.9,5.1,55.7,Critical
L52996,12254,4.9,5.1,52.7,Critical
L52997,12264,4.9,5.1,51.4,Critical
L52998,12348,4.9,5.1,51.3,Critical
L52999,12196,4.9,5.1,47.3,Critical
L53000,12896,5.2,4.8,57.4,Critical
L53001,12146,4.9,5.1,43.4,Critical
M20682,12556,5.0,5.0,48.8,Critical
L53003,12853,5.1,4.9,51.5,Critical
L53004,13047,5.2,4.8,53.2,Critical
L53005,12771,5.1,4.9,47.1,Critical
M20686,13019,5.2,4.8,49.7,Critical
L53007,3248,1.3,8.7,54.1,Stable
L53008,3098,1.2,8.8,50.1,Stable
M20689,3328,1.3,8.7,52.5,Stable
M20690,3191,1.3,8.7,47.9,Stable
L53011,3398,1.4,8.6,49.1,Stable
L53012,3890,1.6,8.4,55.8,Stable
L53013,3544,1.4,8.6,48.6,Stable
L53014,3588,1.4,8.6,47.8,Stable
L53015,4146,1.7,8.3,55.6,Stable
L53016,4000,1.6,8.4,51.7,Stable
M20697,4658,1.9,8.1,61.1,Stable
M20698,4077,1.6,8.4,49.2,Stable
M20699,4342,1.7,8.3,51.4,Stable
M20700,4557,1.8,8.2,52.7,Stable
M20701,4886,2.0,8.0,55.9,Stable
L53022,4375,1.8,8.2,45.2,Stable
L53023,5155,2.1,7.9,56.7,Stable
L53024,4769,1.9,8.1,48.7,Stable
M20705,5389,2.2,7.8,57.6,Stable
L53026,5418,2.2,7.8,55.8,Stable
L53027,4954,2.0,8.0,46.6,Stable
L53028,6896,2.8,7.2,77.4,Stable
M20709,5208,2.1,7.9,47.8,Stable
L53030,5595,2.2,7.8,52.0,Stable
L53031,5711,2.3,7.7,52.4,Stable
H35266,6251,2.5,7.5,59.9,Stable
L53033,6014,2.4,7.6,52.2,Stable
L53034,5802,2.3,7.7,47.2,Stable
M20715,5908,2.4,7.6,47.5,Stable
H35270,6391,2.6,7.4,53.3,Stable
L53037,6940,2.8,7.2,58.7,Stable
L53038,6206,2.5,7.5,44.9,Stable
L53039,6684,2.7,7.3,51.4,Declining
L53040,6822,2.7,7.3,52.2,Declining
L53041,6888,2.8,7.2,51.8,Declining
L53042,6810,2.7,7.3,49.0,Declining
M20723,7476,3.0,7.0,58.6,Declining
M20724,7067,2.8,7.2,49.5,Declining
M20725,7034,2.8,7.2,46.7,Declining
L53046,7283,2.9,7.1,48.6,Declining
L53047,7443,3.0,7.0,49.8,Declining
L53048,8007,3.2,6.8,57.7,Declining
L53049,8787,3.5,6.5,69.2,Declining
L53050,8835,3.5,6.5,68.5,Declining
L53051,7753,3.1,6.9,49.0,Declining
M20732,7913,3.2,6.8,50.1,Declining
M20733,7832,3.1,6.9,46.5,Declining
M20734,8495,3.4,6.6,55.3,Declining
M20735,8464,3.4,6.6,52.6,Declining
L53056,8297,3.3,6.7,47.5,Declining
L53057,8451,3.4,6.6,48.6,Declining
L53058,8691,3.5,6.5,51.1,Declining
L53059,9117,3.6,6.4,56.7,Declining
L53060,8673,3.5,6.5,47.8,Declining
L53061,9799,3.9,6.1,65.1,Declining
L53062,8923,3.6,6.4,49.0,Declining
L53063,9675,3.9,6.1,60.0,Declining
M20744,9041,3.6,6.4,47.9,Declining
L53065,9594,3.8,6.2,54.9,Declining
L53066,9378,3.8,6.2,49.8,Declining
H35301,9370,3.7,6.3,48.2,Declining
M20748,9719,3.9,6.1,50.2,Declining
M20749,9308,3.7,6.3,41.1,Declining
L53070,10243,4.1,5.9,54.5,Declining
L53071,9733,3.9,6.1,44.5,Declining
L53072,10099,4.0,6.0,49.1,Declining
M20753,10065,4.0,6.0,47.0,Declining
L53074,10574,4.2,5.8,53.2,Declining
M20755,10390,4.2,5.8,48.7,Declining
L53076,10153,4.1,5.9,42.5,Declining
M20757,10729,4.3,5.7,50.6,Declining
L53078,10430,4.2,5.8,43.3,Declining
H35313,11292,4.5,5.5,56.2,Declining
M20760,11115,4.4,5.6,49.5,Critical
L53081,11208,4.5,5.5,48.8,Critical
L53082,11566,4.6,5.4,53.3,Critical
L53083,12248,4.9,5.1,63.1,Critical
M20764,11210,4.5,5.5,44.3,Critical
H35319,11849,4.7,5.3,52.7,Critical
L53086,11976,4.8,5.2,51.1,Critical
H35321,11838,4.7,5.3,47.3,Critical
M20768,12277,4.9,5.1,50.9,Critical
H35323,12088,4.8,5.2,45.5,Critical
M20770,2916,1.2,8.8,48.6,Stable
M20771,2711,1.1,8.9,42.9,Stable
M20772,3588,1.4,8.6,55.3,Stable
H35327,3363,1.3,8.7,49.3,Stable
L53094,3814,1.5,8.5,53.1,Stable
M20775,3784,1.5,8.5,51.1,Stable
L53096,3965,1.6,8.4,51.8,Stable
L53097,3627,1.5,8.5,44.7,Stable
L53098,4117,1.6,8.4,51.4,Stable
L53099,3953,1.6,8.4,47.1,Stable
L53100,4743,1.9,8.1,58.8,Stable
L53101,3977,1.6,8.4,44.5,Stable
L53102,4265,1.7,8.3,47.8,Stable
M20783,4559,1.8,8.2,51.2,Stable
L53104,4358,1.7,8.3,45.6,Stable
M20785,4948,2.0,8.0,54.0,Stable
L53106,4725,1.9,8.1,48.0,Stable
L53107,5233,2.1,7.9,55.0,Stable
M20788,5125,2.0,8.0,51.7,Stable
L53109,5102,2.0,8.0,49.0,Stable
L53110,5216,2.1,7.9,49.4,Stable
L53111,5012,2.0,8.0,44.5,Stable
L53112,5460,2.2,7.8,50.5,Stable
L53113,5266,2.1,7.9,45.8,Stable
H35348,5518,2.2,7.8,48.5,Stable
L53115,6127,2.5,7.5,54.9,Stable
M20796,6021,2.4,7.6,51.6,Stable
M20797,5984,2.4,7.6,48.7,Stable
L53118,6599,2.6,7.4,56.7,Stable
L53119,6103,2.4,7.6,47.0,Stable
M20800,6229,2.5,7.5,47.6,Stable
L53121,6386,2.6,7.4,47.9,Critical
L53122,6500,2.6,7.4,48.3,Declining
L53123,6772,2.7,7.3,51.4,Declining
M20804,6748,2.7,7.3,49.5,Declining
M20805,6745,2.7,7.3,47.2,Declining
L53126,7042,2.8,7.2,49.9,Declining
M20807,7070,2.8,7.2,48.8,Declining
L53128,8501,3.4,6.6,70.4,Declining
M20809,7377,3.0,7.0,50.2,Declining
L53130,7878,3.2,6.8,56.3,Declining
L53131,7890,3.2,6.8,55.0,Declining
L53132,7806,3.1,6.9,52.1,Declining
M20813,7742,3.1,6.9,49.5,Declining
L53134,8369,3.3,6.7,57.7,Declining
L53135,8301,3.3,6.7,55.1,Declining
L53136,8155,3.3,6.7,51.2,Declining
L53137,8449,3.4,6.6,54.6,Declining
L53138,8331,3.3,6.7,51.1,Declining
L53139,8111,3.2,6.8,45.9,Declining
L53140,8657,3.5,6.5,53.5,Declining
L53141,8613,3.4,6.6,51.3,Declining
L53142,9081,3.6,6.4,57.6,Declining
H35377,9027,3.6,6.4,55.2,Declining
H35378,9202,3.7,6.3,54.4,Declining
H35379,9059,3.6,6.4,48.2,Declining
L53146,9182,3.7,6.3,46.5,Declining
L53147,9260,3.7,6.3,46.3,Declining
L53148,9266,3.7,6.3,44.9,Declining
M20829,9642,3.9,6.1,49.7,Declining
L53150,9835,3.9,6.1,50.7,Declining
L53151,9903,4.0,6.0,50.3,Declining
L53152,9865,3.9,6.1,48.2,Declining
L53153,9773,3.9,6.1,45.1,Declining
L53154,10131,4.1,5.9,49.6,Declining
H35389,10553,4.2,5.8,55.1,Declining
H35390,10226,4.1,5.9,45.9,Declining
L53157,11195,4.5,5.5,58.3,Declining
L53158,10681,4.3,5.7,48.3,Declining
H35393,10877,4.4,5.6,50.0,Declining
M20840,11408,4.6,5.4,55.1,Critical
M20841,10929,4.4,5.6,44.9,Critical
L53162,11342,4.5,5.5,49.5,Critical
H35397,11392,4.6,5.4,48.9,Critical
H35398,11377,4.6,5.4,44.9,Critical
L53165,11538,4.6,5.4,43.8,Critical
L53166,11880,4.8,5.2,48.0,Critical
L53167,12306,4.9,5.1,53.6,Critical
H35402,11772,4.7,5.3,43.2,Critical
L53169,12419,5.0,5.0,50.2,Critical
M20850,12181,4.9,5.1,44.8,Critical
L53171,12462,5.0,5.0,47.2,Critical
L53172,12296,4.9,5.1,42.9,Critical
M20853,12624,5.0,5.0,46.9,Critical
L53174,13161,5.3,4.7,53.6,Critical
L53175,13875,5.6,4.4,64.0,Critical
M20856,12897,5.2,4.8,46.2,Critical
M20857,13402,5.4,4.6,52.4,Critical
M20858,13621,5.4,4.6,53.8,Critical
M20859,13872,5.5,4.5,55.7,Critical
H35414,2862,1.1,8.9,47.7,Stable
M20861,2985,1.2,8.8,46.0,Stable
L53182,3726,1.5,8.5,56.1,Stable
L53183,3508,1.4,8.6,51.0,Stable
L53184,4062,1.6,8.4,58.7,Stable
L53185,3770,1.5,8.5,52.3,Stable
M20866,5032,2.0,8.0,71.9,Stable
M20867,3553,1.4,8.6,45.0,Stable
L53188,3852,1.5,8.5,47.7,Stable
L53189,4942,2.0,8.0,64.4,Stable
H35424,4026,1.6,8.4,47.6,Stable
L53191,4523,1.8,8.2,52.1,Stable
H35426,4335,1.7,8.3,47.5,Stable
L53193,4904,2.0,8.0,53.2,Stable
H35428,5036,2.0,8.0,53.9,Stable
M20875,5065,2.0,8.0,50.7,Stable
L53196,5010,2.0,8.0,47.5,Stable
L53197,5046,2.0,8.0,46.6,Stable
M20878,5454,2.2,7.8,51.9,Stable
L53199,5513,2.2,7.8,50.6,Stable
L53200,5803,2.3,7.7,54.0,Stable
L53201,6283,2.5,7.5,60.5,Stable
L53202,5787,2.3,7.7,50.7,Stable
M20883,5573,2.2,7.8,45.6,Stable
L53204,5682,2.3,7.7,45.2,Critical
L53205,5732,2.3,7.7,44.5,Stable
L53206,5956,2.4,7.6,46.8,Stable
M20887,6066,2.4,7.6,47.1,Stable
L53208,6319,2.5,7.5,49.1,Stable
M20889,6369,2.5,7.5,48.4,Stable
L53210,6394,2.6,7.4,46.6,Declining
L53211,6600,2.6,7.4,48.5,Declining
L53212,7288,2.9,7.1,58.5,Declining
L53213,6812,2.7,7.3,49.0,Declining
M20894,6738,2.7,7.3,46.3,Declining
M20895,7499,3.0,7.0,56.7,Declining
M20896,7032,2.8,7.2,46.7,Declining
L53217,7217,2.9,7.1,47.5,Declining
L53218,7447,3.0,7.0,49.9,Declining
L53219,7411,3.0,7.0,47.8,Declining
M20900,7511,3.0,7.0,47.9,Declining
M20901,7606,3.0,7.0,47.3,Declining
M20902,8065,3.2,6.8,52.7,Declining
M20903,7976,3.2,6.8,48.9,Declining
M20904,8219,3.3,6.7,50.7,Declining
L53225,7932,3.2,6.8,43.7,Declining
L53226,8032,3.2,6.8,43.9,Declining
H35461,9196,3.7,6.3,61.8,Declining
M20908,8827,3.5,6.5,51.9,Declining
M20909,8984,3.6,6.4,52.2,Declining
M20910,9077,3.6,6.4,51.5,Declining
L53231,8884,3.6,6.4,46.1,Declining
L53232,10216,4.1,5.9,66.8,Declining
L53233,9796,3.9,6.1,58.3,Declining
H35468,9426,3.8,6.2,50.6,Declining
L53235,9565,3.8,6.2,49.2,Declining
L53236,9973,4.0,6.0,54.5,Declining
L53237,10173,4.1,5.9,56.3,Declining
M20918,10157,4.1,5.9,54.5,Declining
L53239,11490,4.6,5.4,74.5,Declining
L53240,10340,4.1,5.9,53.8,Declining
H35475,10436,4.2,5.8,53.9,Declining
M20922,10239,4.1,5.9,46.9,Declining
L53243,10460,4.2,5.8,48.3,Declining
L53244,11428,4.6,5.4,63.0,Declining
L53245,10876,4.4,5.6,52.3,Declining
L53246,11438,4.6,5.4,60.1,Declining
L53247,11084,4.4,5.6,52.7,Declining
M20928,12104,4.8,5.2,68.2,Declining
L53249,11347,4.5,5.5,53.4,Critical
L53250,11465,4.6,5.4,53.8,Critical
M20931,11229,4.5,5.5,48.4,Critical
M20932,11850,4.7,5.3,56.5,Critical
M20933,12175,4.9,5.1,59.7,Critical
M20934,11796,4.7,5.3,51.1,Critical
L53255,12491,5.0,5.0,60.4,Critical
L53256,11939,4.8,5.2,49.7,Critical
L53257,12003,4.8,5.2,49.3,Critical
L53258,11813,4.7,5.3,44.6,Critical
M20939,11967,4.8,5.2,45.7,Critical
L53260,12296,4.9,5.1,48.9,Critical
L53261,12484,5.0,5.0,50.6,Critical
L53262,12244,4.9,5.1,45.1,Critical
L53263,12408,5.0,5.0,46.3,Critical
M20944,3010,1.2,8.8,50.2,Stable
L53265,3211,1.3,8.7,51.3,Stable
L53266,3189,1.3,8.7,49.4,Stable
M20947,3513,1.4,8.6,53.3,Stable
L53268,3402,1.4,8.6,49.2,Stable
L53269,3558,1.4,8.6,50.3,Stable
L53270,4046,1.6,8.4,56.9,Stable
L53271,3544,1.4,8.6,47.1,Stable
L53272,4126,1.7,8.3,55.3,Stable
L53273,3650,1.5,8.5,45.8,Stable
M20954,3794,1.5,8.5,46.7,Stable
M20955,4029,1.6,8.4,48.4,Stable
M20956,4226,1.7,8.3,49.4,Stable
H35511,4349,1.7,8.3,49.2,Stable
M20958,5468,2.2,7.8,64.1,Stable
H35513,4973,2.0,8.0,53.6,Stable
M20960,5752,2.3,7.7,62.9,Stable
L53281,5347,2.1,7.9,53.9,Stable
L53282,5089,2.0,8.0,48.1,Stable
L53283,5109,2.0,8.0,46.9,Stable
M20964,5307,2.1,7.9,48.7,Stable
M20965,5564,2.2,7.8,50.7,Stable
L53286,5519,2.2,7.8,47.7,Stable
L53287,5621,2.2,7.8,47.9,Stable
M20968,6191,2.5,7.5,55.9,Stable
M20969,5998,2.4,7.6,50.5,Stable
L53290,6173,2.5,7.5,51.1,Stable
M20971,6167,2.5,7.5,49.5,Stable
L53292,7180,2.9,7.1,64.2,Stable
M20973,6868,2.7,7.3,57.5,Stable
M20974,6653,2.7,7.3,51.6,Stable
L53295,6604,2.6,7.4,48.6,Declining
L53296,6686,2.7,7.3,48.4,Declining
L53297,7026,2.8,7.2,52.6,Declining
M20978,6610,2.6,7.4,44.2,Declining
L53299,7037,2.8,7.2,49.0,Declining
M20980,7129,2.9,7.1,49.1,Declining
L53301,7234,2.9,7.1,48.6,Declining
L53302,7214,2.9,7.1,46.7,Declining
L53303,7454,3.0,7.0,49.2,Declining
M20984,8044,3.2,6.8,57.6,Declining
L53305,8715,3.5,6.5,66.5,Declining
L53306,7555,3.0,7.0,45.7,Declining
L53307,7361,2.9,7.1,40.9,Declining
L53308,7993,3.2,6.8,50.0,Declining
M20989,8101,3.2,6.8,50.3,Declining
L53310,8166,3.3,6.7,49.1,Declining
H35545,8590,3.4,6.6,54.7,Declining
L53312,8393,3.4,6.6,47.6,Declining
L53313,8565,3.4,6.6,49.0,Declining
L53314,8877,3.6,6.4,52.7,Declining
L53315,9285,3.7,6.3,58.0,Declining
H35550,8675,3.5,6.5,46.3,Declining
M20997,10096,4.0,6.0,66.3,Declining
M20998,9159,3.7,6.3,48.4,Declining
L53319,9562,3.8,6.2,52.9,Declining
L53320,9658,3.9,6.1,53.0,Declining
L53321,9542,3.8,6.2,49.5,Declining
L53322,10170,4.1,5.9,58.5,Declining
M21003,9900,4.0,6.0,52.5,Declining
M21004,10115,4.0,6.0,53.8,Declining
M21005,9892,4.0,6.0,47.9,Declining
M21006,10095,4.0,6.0,49.0,Declining
M21007,11468,4.6,5.4,69.6,Declining
L53328,10553,4.2,5.8,52.1,Declining
M21009,10355,4.1,5.9,47.3,Declining
L53330,11072,4.4,5.6,57.0,Declining
L53331,10850,4.3,5.7,51.8,Declining
M21012,11014,4.4,5.6,53.1,Declining
L53333,10437,4.2,5.8,41.2,Critical
M21014,11585,4.6,5.4,58.8,Declining
L53335,11458,4.6,5.4,54.5,Critical
L53336,11296,4.5,5.5,50.3,Critical
L53337,11918,4.8,5.2,59.1,Critical
L53338,11814,4.7,5.3,55.9,Critical
L53339,11348,4.5,5.5,46.6,Critical
L53340,11780,4.7,5.3,52.3,Critical
L53341,11688,4.7,5.3,49.3,Critical
L53342,11936,4.8,5.2,51.9,Critical
L53343,11626,4.7,5.3,45.3,Critical
H35578,12312,4.9,5.1,55.2,Critical
L53345,12271,4.9,5.1,50.8,Critical
H35580,12121,4.8,5.2,46.8,Critical
M21027,12264,4.9,5.1,45.4,Critical
M21028,13231,5.3,4.7,59.3,Critical
L53349,12706,5.1,4.9,48.3,Critical
H35584,13018,5.2,4.8,52.0,Critical
L53351,12957,5.2,4.8,47.2,Critical
L53352,13369,5.3,4.7,52.6,Critical
L53353,3266,1.3,8.7,54.4,Stable
L53354,3236,1.3,8.7,52.4,Stable
L53355,3214,1.3,8.7,50.6,Stable
L53356,3300,1.3,8.7,50.5,Stable
L53357,3414,1.4,8.6,50.9,Stable
L53358,3014,1.2,8.8,42.7,Critical
M21039,3332,1.3,8.7,46.5,Stable
L53360,3659,1.5,8.5,49.7,Stable
L53361,4715,1.9,8.1,65.8,Stable
L53362,3805,1.5,8.5,49.2,Stable
H35597,3935,1.6,8.4,49.8,Stable
L53364,4276,1.7,8.3,51.8,Stable
L53365,5096,2.0,8.0,63.9,Stable
M21046,4176,1.7,8.3,47.1,Stable
L53367,4359,1.7,8.3,47.9,Stable
L53368,4475,1.8,8.2,48.3,Stable
M21049,5485,2.2,7.8,63.7,Stable
L53370,5298,2.1,7.9,58.3,Stable
H35605,5722,2.3,7.7,63.9,Stable
L53372,4971,2.0,8.0,47.6,Stable
L53373,5361,2.1,7.9,52.6,Stable
L53374,5437,2.2,7.8,52.4,Stable
L53375,5843,2.3,7.7,57.6,Stable
L53376,5877,2.4,7.6,56.7,Stable
L53377,5551,2.2,7.8,49.8,Stable
M21058,5763,2.3,7.7,51.8,Stable
L53379,5784,2.3,7.7,49.9,Stable
L53380,6238,2.5,7.5,56.0,Stable
M21061,5990,2.4,7.6,50.3,Stable
L53382,5697,2.3,7.7,43.2,Stable
L53383,6003,2.4,7.6,46.8,Stable
M21064,6323,2.5,7.5,50.6,Stable
M21065,6812,2.7,7.3,56.5,Stable
M21066,6893,2.8,7.2,55.6,Stable
L53387,6584,2.6,7.4,48.2,Declining
M21068,6616,2.6,7.4,47.3,Declining
L53389,6729,2.7,7.3,46.9,Declining
L53390,6873,2.7,7.3,47.8,Declining
L53391,6815,2.7,7.3,45.3,Declining
L53392,6989,2.8,7.2,46.7,Declining
L53393,7379,3.0,7.0,51.7,Declining
L53394,7149,2.9,7.1,46.4,Declining
L53395,7497,3.0,7.0,50.7,Declining
L53396,7993,3.2,6.8,57.5,Declining
M21077,7545,3.0,7.0,48.5,Declining
H35632,7502,3.0,7.0,45.5,Declining
H35633,7809,3.1,6.9,46.9,Declining
L53400,8160,3.3,6.7,49.0,Declining
M21081,8028,3.2,6.8,45.3,Declining
H35636,9029,3.6,6.4,59.7,Declining
M21083,8774,3.5,6.5,51.7,Declining
L53404,9029,3.6,6.4,53.7,Declining
M21085,8743,3.5,6.5,47.5,Declining
H35640,8712,3.5,6.5,44.7,Declining
L53407,9213,3.7,6.3,49.3,Declining
L53408,9171,3.7,6.3,47.1,Declining
L53409,10765,4.3,5.7,72.2,Declining
M21090,9807,3.9,6.1,54.7,Declining
M21091,9650,3.9,6.1,49.8,Declining
L53412,9947,4.0,6.0,52.5,Declining
L53413,9819,3.9,6.1,48.9,Declining
L53414,9933,4.0,6.0,49.3,Declining
L53415,10257,4.1,5.9,53.2,Declining
M21096,10179,4.1,5.9,50.4,Declining
L53417,10118,4.0,6.0,47.1,Declining
L53418,10160,4.1,5.9,46.3,Declining
L53419,10758,4.3,5.7,54.8,Declining
M21100,10348,4.1,5.9,46.5,Declining
L53421,10343,4.1,5.9,44.1,Declining
L53422,10737,4.3,5.7,49.2,Declining
L53423,12283,4.9,5.1,73.5,Declining
M21104,11295,4.5,5.5,55.5,Declining
L53425,10990,4.4,5.6,48.2,Critical
H35660,11104,4.4,5.6,48.6,Critical
L53427,11399,4.6,5.4,49.7,Critical
L53428,11315,4.5,5.5,46.8,Critical
L53429,11679,4.7,5.3,51.4,Critical
L53430,11725,4.7,5.3,50.7,Critical
M21111,11971,4.8,5.2,53.3,Critical
L53432,11986,4.8,5.2,51.3,Critical
L53433,12230,4.9,5.1,53.8,Critical
L53434,11906,4.8,5.2,46.9,Critical
L53435,11938,4.8,5.2,46.0,Critical
L53436,12256,4.9,5.1,49.8,Critical
L53437,2752,1.1,8.9,45.9,Stable
M21118,3256,1.3,8.7,52.8,Stable
M21119,3017,1.2,8.8,46.5,Stable
L53440,3232,1.3,8.7,47.9,Stable
L53441,3284,1.3,8.7,47.2,Stable
L53442,3822,1.5,8.5,54.7,Stable
M21123,4026,1.6,8.4,56.6,Stable
L53444,3847,1.5,8.5,51.4,Stable
L53445,3621,1.4,8.6,46.1,Stable
L53446,3681,1.5,8.5,45.6,Stable
L53447,4175,1.7,8.3,52.3,Stable
L53448,4357,1.7,8.3,53.9,Stable
M21129,4103,1.6,8.4,48.1,Stable
L53450,5392,2.2,7.8,67.4,Stable
M21131,4844,1.9,8.1,56.7,Stable
M21132,4433,1.8,8.2,47.6,Stable
L53453,5132,2.1,7.9,57.0,Stable
M21134,4886,2.0,8.0,51.4,Stable
L53455,5191,2.1,7.9,54.3,Stable
L53456,4491,1.8,8.2,41.1,Stable
L53457,5037,2.0,8.0,48.7,Stable
L53458,5341,2.1,7.9,52.3,Stable
L53459,5159,2.1,7.9,47.7,Stable
M21140,5439,2.2,7.8,50.9,Stable
M21141,5430,2.2,7.8,48.5,Stable
M21142,5491,2.2,7.8,47.3,Stable
L53463,6228,2.5,7.5,57.3,Stable
M21144,6348,2.5,7.5,57.8,Stable
M21145,5867,2.3,7.7,47.5,Stable
L53466,6372,2.5,7.5,53.7,Stable
M21147,6198,2.5,7.5,49.3,Stable
L53468,6009,2.4,7.6,43.9,Stable
L53469,5961,2.4,7.6,41.6,Stable
L53470,7419,3.0,7.0,64.4,Stable
M21151,6739,2.7,7.3,51.6,Declining
L53472,7008,2.8,7.2,53.8,Declining
H35707,6894,2.8,7.2,50.4,Declining
L53474,7153,2.9,7.1,51.0,Declining
H35709,7749,3.1,6.9,59.4,Declining
L53476,7268,2.9,7.1,47.6,Declining
M21157,7118,2.8,7.2,43.6,Declining
L53478,7491,3.0,7.0,47.6,Declining
L53479,7495,3.0,7.0,46.2,Declining
L53480,7849,3.1,6.9,50.6,Declining
M21161,8057,3.2,6.8,52.5,Declining
L53482,7914,3.2,6.8,47.9,Declining
H35717,8044,3.2,6.8,48.6,Declining
L53484,8419,3.4,6.6,51.1,Declining
M21165,8651,3.5,6.5,53.4,Declining
L53486,8706,3.5,6.5,52.1,Declining
L53487,8904,3.6,6.4,53.9,Declining
M21168,9132,3.7,6.3,56.2,Declining
L53489,8659,3.5,6.5,46.1,Declining
L53490,10165,4.1,5.9,69.7,Declining
L53491,8967,3.6,6.4,48.2,Declining
M21172,9231,3.7,6.3,51.1,Declining
L53493,9180,3.7,6.3,48.0,Declining
M21174,9976,4.0,6.0,59.8,Declining
M21175,9559,3.8,6.2,50.6,Declining
L53496,9748,3.9,6.1,51.5,Declining
L53497,9392,3.8,6.2,44.0,Declining
M21178,9672,3.9,6.1,47.2,Declining
L53499,10003,4.0,6.0,50.5,Declining
M21180,9673,3.9,6.1,43.5,Declining
L53501,9772,3.9,6.1,42.9,Declining
M21182,10256,4.1,5.9,49.4,Declining
L53503,10127,4.1,5.9,45.0,Declining
M21184,10249,4.1,5.9,45.6,Declining
L53505,11092,4.4,5.6,57.4,Declining
L53506,10650,4.3,5.7,48.5,Declining
L53507,10680,4.3,5.7,47.5,Declining
L53508,11264,4.5,5.5,55.7,Declining
M21189,11292,4.5,5.5,54.7,Declining
M21190,11305,4.5,5.5,52.7,Critical
H35745,11270,4.5,5.5,49.8,Critical
M21192,12493,5.0,5.0,66.5,Critical
M21193,11470,4.6,5.4,47.2,Critical
M21194,12225,4.9,5.1,57.5,Critical
M21195,11770,4.7,5.3,47.7,Critical
L53516,11835,4.7,5.3,46.5,Critical
M21197,12005,4.8,5.2,47.8,Critical
L53518,12632,5.1,4.9,56.0,Critical
L53519,12262,4.9,5.1,48.4,Critical
H35754,12244,4.9,5.1,46.6,Critical
M21201,2842,1.1,8.9,47.4,Stable
M21202,3023,1.2,8.8,48.1,Stable
L53523,3924,1.6,8.4,60.9,Stable
H35758,3108,1.2,8.8,45.8,Stable
L53525,3885,1.6,8.4,55.0,Stable
L53526,3225,1.3,8.7,42.5,Stable
L53527,3607,1.4,8.6,47.4,Stable
L53528,3969,1.6,8.4,51.9,Stable
L53529,3957,1.6,8.4,50.2,Stable
L53530,3759,1.5,8.5,45.4,Stable
L53531,4209,1.7,8.3,51.4,Stable
L53532,4207,1.7,8.3,49.9,Stable
M21213,4287,1.7,8.3,49.7,Stable
L53534,4570,1.8,8.2,52.2,Stable
L53535,4492,1.8,8.2,49.4,Stable
M21216,4460,1.8,8.2,47.3,Stable
L53537,4551,1.8,8.2,46.6,Stable
M21218,4777,1.9,8.1,48.9,Stable
L53539,4840,1.9,8.1,47.7,Stable
L53540,4952,2.0,8.0,48.0,Stable
M21221,4856,1.9,8.1,44.9,Stable
L53542,5771,2.3,7.7,57.9,Stable
M21223,5621,2.2,7.8,53.9,Stable
M21224,5498,2.2,7.8,49.6,Stable
M21225,5479,2.2,7.8,47.1,Stable
M21226,6920,2.8,7.2,68.8,Stable
L53547,6067,2.4,7.6,52.4,Stable
M21228,5861,2.3,7.7,47.4,Stable
H35783,6712,2.7,7.3,59.4,Stable
L53550,6017,2.4,7.6,44.0,Stable
L53551,6557,2.6,7.4,51.5,Stable
M21232,7313,2.9,7.1,62.6,Stable
H35787,7160,2.9,7.1,57.8,Declining
L53554,6927,2.8,7.2,50.2,Declining
H35789,7263,2.9,7.1,54.3,Declining
L53556,7618,3.0,7.0,56.5,Declining
L53557,7402,3.0,7.0,51.4,Declining
L53558,7438,3.0,7.0,50.5,Declining
L53559,7470,3.0,7.0,49.5,Declining
L53560,7450,3.0,7.0,47.7,Declining
L53561,8222,3.3,6.7,59.0,Declining
L53562,7732,3.1,6.9,49.4,Declining
H35797,7826,3.1,6.9,49.4,Declining
H35798,8011,3.2,6.8,48.8,Declining
L53565,8130,3.3,6.7,47.0,Declining
L53566,8712,3.5,6.5,55.2,Declining
M21247,8464,3.4,6.6,49.6,Declining
H35802,8643,3.5,6.5,50.3,Declining
H35803,9204,3.7,6.3,55.9,Declining
L53570,8975,3.6,6.4,48.3,Declining
M21251,8991,3.6,6.4,47.1,Declining
L53572,9660,3.9,6.1,56.0,Declining
L53573,9746,3.9,6.1,55.9,Declining
M21254,9296,3.7,6.3,46.9,Declining
M21255,9367,3.7,6.3,45.9,Declining
L53576,9802,3.9,6.1,50.9,Declining
M21257,10014,4.0,6.0,52.9,Declining
L53578,9677,3.9,6.1,45.0,Declining
M21259,10067,4.0,6.0,50.0,Declining
L53580,10402,4.2,5.8,53.4,Declining
M21261,10436,4.2,5.8,52.4,Declining
M21262,10593,4.2,5.8,52.8,Declining
L53583,10858,4.3,5.7,55.0,Declining
M21264,10016,4.0,6.0,39.4,Declining
L53585,12087,4.8,5.2,71.7,Declining
L53586,10927,4.4,5.6,50.9,Declining
M21267,11187,4.5,5.5,53.7,Declining
L53588,11302,4.5,5.5,53.4,Critical
L53589,11310,4.5,5.5,52.0,Critical
L53590,11368,4.5,5.5,51.5,Critical
M21271,11490,4.6,5.4,52.0,Critical
L53592,11351,4.5,5.5,47.4,Critical
L53593,11823,4.7,5.3,53.8,Critical
M21274,11599,4.6,5.4,48.6,Critical
L53595,11826,4.7,5.3,50.1,Critical
H35830,11878,4.8,5.2,49.5,Critical
L53597,12215,4.9,5.1,51.3,Critical
H35832,12035,4.8,5.2,46.8,Critical
H35833,12238,4.9,5.1,46.5,Critical
L53600,3036,1.2,8.8,50.6,Stable
L53601,3144,1.3,8.7,50.9,Stable
L53602,2934,1.2,8.8,45.9,Stable
M21283,3344,1.3,8.7,51.2,Stable
M21284,3223,1.3,8.7,47.0,Stable
L53605,3326,1.3,8.7,46.4,Stable
L53606,3526,1.4,8.6,48.3,Stable
L53607,3556,1.4,8.6,47.3,Stable
M21288,4296,1.7,8.3,58.1,Stable
M21289,3733,1.5,8.5,46.5,Stable
L53610,4126,1.7,8.3,50.8,Stable
L53611,3876,1.6,8.4,45.1,Stable
M21292,4154,1.7,8.3,48.2,Stable
L53613,4535,1.8,8.2,52.3,Stable
M21294,4473,1.8,8.2,49.8,Stable
L53615,4862,1.9,8.1,54.0,Stable
L53616,5248,2.1,7.9,59.0,Stable
L53617,4364,1.7,8.3,42.7,Stable
L53618,5052,2.0,8.0,52.7,Stable
L53619,5292,2.1,7.9,55.2,Stable
L53620,5366,2.1,7.9,54.9,Stable
L53621,5438,2.2,7.8,54.6,Stable
L53622,4946,2.0,8.0,44.9,Stable
L53623,5414,2.2,7.8,51.2,Stable
M21304,4970,2.0,8.0,42.3,Stable
L53625,5889,2.4,7.6,55.4,Stable
M21306,5597,2.2,7.8,49.0,Stable
L53627,5464,2.2,7.8,44.6,Stable
H35862,6634,2.7,7.3,62.6,Stable
L53629,6143,2.5,7.5,50.6,Stable
L53630,5951,2.4,7.6,45.9,Stable
L53631,6677,2.7,7.3,56.5,Stable
L53632,6127,2.5,7.5,45.9,Stable
L53633,7079,2.8,7.2,60.2,Stable
L53634,6751,2.7,7.3,53.3,Stable
L53635,6775,2.7,7.3,52.2,Declining
L53636,6509,2.6,7.4,46.2,Declining
L53637,6615,2.6,7.4,46.5,Declining
M21318,6519,2.6,7.4,43.4,Declining
M21319,6844,2.7,7.3,46.6,Declining
L53640,6811,2.7,7.3,43.8,Declining
L53641,7285,2.9,7.1,50.2,Declining
H35876,7331,2.9,7.1,49.4,Declining
H35877,7306,2.9,7.1,45.3,Declining
M21324,8285,3.3,6.7,57.8,Declining
M21325,7782,3.1,6.9,47.2,Declining
L53646,8565,3.4,6.6,58.0,Declining
L53647,8559,3.4,6.6,56.4,Declining
L53648,8279,3.3,6.7,50.2,Declining
M21329,8397,3.4,6.6,50.7,Declining
L53650,8248,3.3,6.7,46.0,Declining
L53651,8626,3.5,6.5,50.8,Declining
H35886,8812,3.5,6.5,52.4,Declining
H35887,8989,3.6,6.4,51.6,Declining
M21334,8814,3.5,6.5,44.9,Declining
L53655,9375,3.8,6.2,52.0,Declining
L53656,9113,3.6,6.4,46.1,Declining
L53657,10117,4.0,6.0,61.4,Declining
L53658,9851,3.9,6.1,55.4,Critical
L53659,9451,3.8,6.2,47.3,Declining
L53660,10255,4.1,5.9,59.2,Declining
L53661,9607,3.8,6.2,46.9,Declining
L53662,9845,3.9,6.1,49.3,Declining
L53663,9799,3.9,6.1,47.1,Declining
H35898,10891,4.4,5.6,63.8,Declining
L53665,10548,4.2,5.8,54.3,Declining
L53666,11258,4.5,5.5,64.6,Declining
H35901,10552,4.2,5.8,51.4,Declining
L53668,10355,4.1,5.9,44.3,Declining
M21349,10765,4.3,5.7,49.7,Declining
L53670,10686,4.3,5.7,46.1,Declining
L53671,10946,4.4,5.6,48.9,Declining
M21352,10988,4.4,5.6,48.1,Critical
L53673,10961,4.4,5.6,45.4,Critical
L53674,11559,4.6,5.4,53.9,Critical
M21355,11803,4.7,5.3,56.5,Critical
L53676,12180,4.9,5.1,60.5,Critical
L53677,11264,4.5,5.5,43.7,Critical
H35912,12812,5.1,4.9,68.0,Critical
L53679,12297,4.9,5.1,55.7,Critical
M21360,11877,4.8,5.2,47.2,Critical
M21361,12380,5.0,5.0,53.3,Critical
L53682,14505,5.8,4.2,86.5,Critical
M21363,12335,4.9,5.1,48.8,Critical
M21364,12902,5.2,4.8,56.0,Critical
L53685,12589,5.0,5.0,48.6,Critical
H35920,12673,5.1,4.9,48.5,Critical
L53687,3116,1.2,8.8,51.9,Stable
H35922,3602,1.4,8.6,58.5,Stable
L53689,3443,1.4,8.6,52.1,Stable
L53690,3315,1.3,8.7,48.5,Stable
M21371,5055,2.0,8.0,76.0,Stable
M21372,3496,1.4,8.6,47.8,Stable
L53693,3791,1.5,8.5,50.4,Stable
L53694,3869,1.5,8.5,50.2,Stable
L53695,3905,1.6,8.4,49.3,Stable
H35930,3975,1.6,8.4,49.0,Stable
L53697,4340,1.7,8.3,51.3,Stable
H35932,3774,1.5,8.5,40.4,Stable
L53699,4409,1.8,8.2,47.2,Stable
M21380,4997,2.0,8.0,55.5,Stable
L53701,5132,2.1,7.9,55.5,Stable
L53702,4868,1.9,8.1,49.6,Stable
M21383,5680,2.3,7.7,61.7,Stable
L53704,5863,2.3,7.7,62.5,Stable
L53705,4829,1.9,8.1,43.7,Critical
L53706,5325,2.1,7.9,50.5,Stable
L53707,5417,2.2,7.8,50.5,Stable
L53708,5567,2.2,7.8,51.5,Stable
L53709,5527,2.2,7.8,49.4,Stable
H35944,5865,2.3,7.7,53.5,Stable
H35945,6192,2.5,7.5,55.2,Stable
H35946,5809,2.3,7.7,45.1,Stable
L53713,6338,2.5,7.5,50.1,Stable
L53714,6292,2.5,7.5,47.9,Stable
H35949,6520,2.6,7.4,50.2,Stable
L53716,6547,2.6,7.4,46.9,Declining
M21397,6787,2.7,7.3,49.4,Declining
L53718,6934,2.8,7.2,49.6,Declining
L53719,6922,2.8,7.2,47.9,Declining
M21400,6876,2.8,7.2,45.6,Critical
L53721,7293,2.9,7.1,50.3,Declining
L53722,7451,3.0,7.0,51.4,Declining
L53723,7851,3.1,6.9,56.6,Declining
M21404,7485,3.0,7.0,49.0,Declining
M21405,8156,3.3,6.7,57.9,Declining
M21406,7875,3.2,6.8,51.0,Declining
L53727,8430,3.4,6.6,58.0,Declining
L53728,8580,3.4,6.6,59.0,Declining
H35963,8184,3.3,6.7,50.9,Declining
L53730,8387,3.4,6.6,50.5,Declining
L53731,8677,3.5,6.5,53.9,Declining
L53732,9107,3.6,6.4,59.5,Declining
L53733,8403,3.4,6.6,46.3,Declining
M21414,8993,3.6,6.4,54.6,Declining
H35969,8638,3.5,6.5,46.5,Declining
L53736,9447,3.8,6.2,56.2,Declining
M21417,9441,3.8,6.2,54.6,Declining
M21418,9194,3.7,6.3,48.2,Declining
H35973,9459,3.8,6.2,50.4,Declining
L53740,10582,4.2,5.8,65.4,Declining
L53741,9942,4.0,6.0,53.2,Declining
M21422,10582,4.2,5.8,62.4,Declining
L53743,10859,4.3,5.7,64.7,Declining
L53744,10179,4.1,5.9,51.9,Declining
L53745,10255,4.1,5.9,51.7,Declining
L53746,11177,4.5,5.5,65.5,Declining
M21427,10333,4.1,5.9,50.0,Declining
L53748,10512,4.2,5.8,50.7,Declining
M21429,10310,4.1,5.9,45.8,Declining
L53750,10963,4.4,5.6,54.5,Declining
M21431,10541,4.2,5.8,45.9,Declining
L53752,10776,4.3,5.7,47.6,Declining
M21433,11720,4.7,5.3,61.8,Declining
L53754,11301,4.5,5.5,52.6,Critical
M21435,11137,4.5,5.5,48.4,Critical
L53756,11658,4.7,5.3,54.8,Critical
L53757,11236,4.5,5.5,46.3,Critical
L53758,11636,4.7,5.3,51.4,Critical
L53759,11642,4.7,5.3,50.0,Critical
L53760,11744,4.7,5.3,50.2,Critical
L53761,11938,4.8,5.2,52.0,Critical
L53762,11966,4.8,5.2,50.9,Critical
M21443,12006,4.8,5.2,50.1,Critical
L53764,11879,4.8,5.2,45.7,Critical
M21445,12425,5.0,5.0,53.3,Critical
L53766,12266,4.9,5.1,48.4,Critical
M21447,13076,5.2,4.8,60.4,Critical
L53768,12499,5.0,5.0,48.6,Critical
M21449,3106,1.2,8.8,51.8,Stable
L53770,3661,1.5,8.5,58.8,Stable
L53771,4271,1.7,8.3,67.4,Stable
M21452,3229,1.3,8.7,48.6,Stable
L53773,3808,1.5,8.5,56.0,Stable
L53774,4746,1.9,8.1,70.1,Stable
M21455,3550,1.4,8.6,48.7,Stable
M21456,3673,1.5,8.5,48.5,Stable
L53777,3862,1.5,8.5,49.4,Stable
L53778,3838,1.5,8.5,47.5,Stable
L53779,4068,1.6,8.4,49.8,Stable
M21460,4018,1.6,8.4,47.5,Stable
M21461,3999,1.6,8.4,44.9,Stable
L53782,4188,1.7,8.3,45.8,Stable
M21463,4336,1.7,8.3,46.8,Stable
M21464,4811,1.9,8.1,52.4,Stable
M21465,5182,2.1,7.9,56.4,Stable
H36020,5011,2.0,8.0,51.3,Stable
L53787,5272,2.1,7.9,51.9,Stable
M21468,5436,2.2,7.8,53.1,Stable
L53789,5333,2.1,7.9,49.1,Stable
L53790,5561,2.2,7.8,51.4,Stable
H36025,5739,2.3,7.7,52.9,Stable
L53792,5234,2.1,7.9,40.7,Stable
L53793,5906,2.4,7.6,50.4,Stable
L53794,6290,2.5,7.5,55.3,Stable
L53795,6150,2.5,7.5,51.5,Stable
M21476,5910,2.4,7.6,46.0,Stable
L53797,5927,2.4,7.6,44.0,Stable
M21478,5993,2.4,7.6,43.6,Critical
M21479,6764,2.7,7.3,54.2,Stable
M21480,7227,2.9,7.1,59.7,Declining
M21481,7502,3.0,7.0,62.0,Declining
L53802,6901,2.8,7.2,49.8,Declining
M21483,6889,2.8,7.2,48.1,Declining
L53804,7204,2.9,7.1,51.1,Declining
M21485,7072,2.8,7.2,47.4,Declining
L53806,7591,3.0,7.0,53.8,Declining
M21487,8207,3.3,6.7,62.5,Declining
L53808,7776,3.1,6.9,53.1,Declining
L53809,7474,3.0,7.0,46.6,Declining
M21490,7598,3.0,7.0,47.1,Declining
M21491,7661,3.1,6.9,45.9,Declining
L53812,7642,3.1,6.9,43.4,Declining
M21493,8604,3.4,6.6,57.9,Declining
L53814,8057,3.2,6.8,46.5,Declining
L53815,8423,3.4,6.6,51.1,Declining
M21496,8993,3.6,6.4,59.1,Declining
H36051,8486,3.4,6.6,48.4,Declining
L53818,8711,3.5,6.5,48.4,Declining
L53819,8655,3.5,6.5,46.0,Declining
L53820,8653,3.5,6.5,44.5,Declining
L53821,9479,3.8,6.2,56.7,Declining
L53822,9027,3.6,6.4,47.7,Declining
M21503,8871,3.5,6.5,43.6,Declining
L53824,9520,3.8,6.2,52.2,Declining
M21505,9452,3.8,6.2,49.5,Declining
L53826,9573,3.8,6.2,49.3,Declining
L53827,10559,4.2,5.8,64.2,Declining
L53828,9771,3.9,6.1,49.6,Declining
M21509,9585,3.8,6.2,45.0,Declining
L53830,10142,4.1,5.9,52.0,Declining
M21511,9662,3.9,6.1,42.5,Declining
H36066,10405,4.2,5.8,52.7,Declining
M21513,10690,4.3,5.7,53.7,Declining
L53834,12011,4.8,5.2,73.4,Declining
L53835,10973,4.4,5.6,54.6,Declining
M21516,10891,4.4,5.6,51.8,Declining
L53837,10668,4.3,5.7,45.8,Declining
L53838,10870,4.3,5.7,47.7,Declining
L53839,11352,4.5,5.5,54.2,Critical
H36074,11032,4.4,5.6,47.4,Critical
M21521,11417,4.6,5.4,50.0,Critical
M21522,12736,5.1,4.9,69.8,Critical
L53843,11693,4.7,5.3,50.1,Critical
L53844,11851,4.7,5.3,51.3,Critical
L53845,11745,4.7,5.3,48.0,Critical
L53846,11783,4.7,5.3,47.1,Critical
H36081,12117,4.8,5.2,51.2,Critical
L53848,12222,4.9,5.1,49.2,Critical
L53849,12502,5.0,5.0,52.4,Critical
L53850,13446,5.4,4.6,66.6,Critical
L53851,12254,4.9,5.1,45.2,Critical
L53852,12478,5.0,5.0,47.5,Critical
L53853,12480,5.0,5.0,46.0,Critical
L53854,13046,5.2,4.8,53.9,Critical
L53855,13058,5.2,4.8,52.6,Critical
L53856,12836,5.1,4.9,47.4,Critical
L53857,12950,5.2,4.8,47.8,Critical
M21538,2672,1.1,8.9,44.5,Critical
L53859,2919,1.2,8.8,46.4,Stable
L53860,3059,1.2,8.8,47.2,Stable
L53861,3165,1.3,8.7,47.5,Stable
L53862,3429,1.4,8.6,50.4,Stable
L53863,3131,1.3,8.7,43.9,Stable
L53864,3661,1.5,8.5,51.3,Stable
L53865,3739,1.5,8.5,51.1,Stable
L53866,4195,1.7,8.3,57.2,Stable
L53867,4255,1.7,8.3,56.7,Stable
L53868,4041,1.6,8.4,51.6,Stable
L53869,4127,1.7,8.3,51.5,Stable
L53870,3811,1.5,8.5,44.8,Stable
M21551,4235,1.7,8.3,50.3,Stable
M21552,5028,2.0,8.0,61.3,Stable
M21553,4997,2.0,8.0,58.5,Stable
M21554,4220,1.7,8.3,43.3,Stable
M21555,4377,1.8,8.2,43.7,Stable
L53876,5162,2.1,7.9,54.5,Stable
L53877,5266,2.1,7.9,54.8,Stable
L53878,4906,2.0,8.0,47.3,Stable
M21559,5192,2.1,7.9,50.5,Stable
H36114,5133,2.1,7.9,47.3,Stable
L53881,5766,2.3,7.7,54.1,Stable
M21562,5938,2.4,7.6,55.5,Stable
M21563,6233,2.5,7.5,58.1,Stable
M21564,5900,2.4,7.6,50.3,Stable
M21565,5779,2.3,7.7,46.1,Stable
L53886,5912,2.4,7.6,46.0,Stable
L53887,6352,2.5,7.5,51.9,Stable
M21568,6258,2.5,7.5,48.8,Stable
L53889,6427,2.6,7.4,49.4,Stable
L53890,6201,2.5,7.5,44.1,Stable
L53891,6497,2.6,7.4,47.5,Declining
H36126,6767,2.7,7.3,50.5,Declining
L53893,6792,2.7,7.3,47.2,Declining
L53894,6930,2.8,7.2,48.0,Declining
L53895,7292,2.9,7.1,52.5,Declining
L53896,7004,2.8,7.2,46.2,Declining
M21577,7248,2.9,7.1,48.8,Declining
L53898,8729,3.5,6.5,71.2,Declining
M21579,7407,3.0,7.0,47.7,Declining
L53900,7596,3.0,7.0,48.6,Declining
L53901,7330,2.9,7.1,42.7,Declining
L53902,8174,3.3,6.7,55.2,Declining
M21583,8080,3.2,6.8,52.2,Declining
L53904,8205,3.3,6.7,52.0,Declining
M21585,7893,3.2,6.8,45.3,Declining
L53906,8310,3.3,6.7,50.0,Declining
L53907,8970,3.6,6.4,59.5,Declining
L53908,9272,3.7,6.3,63.0,Declining
H36143,8628,3.5,6.5,50.8,Declining
M21590,8667,3.5,6.5,47.7,Declining
L53911,8710,3.5,6.5,46.2,Declining
L53912,9036,3.6,6.4,50.1,Declining
M21593,8742,3.5,6.5,43.7,Declining
M21594,9405,3.8,6.2,52.5,Declining
L53915,9360,3.7,6.3,49.5,Declining
L53916,9534,3.8,6.2,50.9,Declining
M21597,9644,3.9,6.1,51.2,Declining
H36152,9631,3.9,6.1,48.8,Declining
L53919,9894,4.0,6.0,49.4,Declining
L53920,9854,3.9,6.1,47.2,Declining
M21601,10122,4.0,6.0,50.2,Declining
H36156,10523,4.2,5.8,54.6,Declining
L53923,10306,4.1,5.9,47.3,Declining
M21604,10156,4.1,5.9,43.3,Declining
M21605,10485,4.2,5.8,46.5,Declining
M21606,10986,4.4,5.6,52.6,Declining
M21607,11159,4.5,5.5,53.2,Declining
H36162,12132,4.9,5.1,67.2,Critical
L53929,11495,4.6,5.4,52.8,Critical
M21610,11425,4.6,5.4,50.2,Critical
M21611,11560,4.6,5.4,50.2,Critical
L53932,12097,4.8,5.2,56.9,Critical
L53933,11545,4.6,5.4,46.2,Critical
L53934,11855,4.7,5.3,49.8,Critical
M21615,12281,4.9,5.1,55.4,Critical
L53936,12770,5.1,4.9,61.3,Critical
L53937,12824,5.1,4.9,60.7,Critical
L53938,12558,5.0,5.0,54.8,Critical
L53939,12242,4.9,5.1,48.0,Critical
L53940,2902,1.2,8.8,48.4,Stable
L53941,2890,1.2,8.8,46.7,Stable
L53942,2904,1.2,8.8,45.4,Stable
M21623,3834,1.5,8.5,59.4,Stable
L53944,3477,1.4,8.6,51.2,Stable
L53945,3655,1.5,8.5,52.7,Stable
M21626,3439,1.4,8.6,47.6,Stable
L53947,3738,1.5,8.5,50.3,Stable
H36182,3678,1.5,8.5,47.8,Stable
L53949,3819,1.5,8.5,46.4,Stable
M21630,4143,1.7,8.3,50.3,Stable
M21631,5184,2.1,7.9,65.4,Stable
L53952,4467,1.8,8.2,51.2,Stable
L53953,4247,1.7,8.3,46.0,Stable
H36188,5069,2.0,8.0,58.2,Stable
L53955,5140,2.1,7.9,55.7,Stable
L53956,4792,1.9,8.1,48.4,Stable
L53957,5882,2.4,7.6,65.0,Stable
M21638,5708,2.3,7.7,60.6,Stable
M21639,4949,2.0,8.0,45.7,Stable
L53960,5460,2.2,7.8,52.0,Stable
M21641,5418,2.2,7.8,49.8,Stable
L53962,5627,2.3,7.7,51.0,Stable
L53963,5555,2.2,7.8,48.3,Stable
M21644,5527,2.2,7.8,46.4,Stable
L53965,5658,2.3,7.7,46.3,Stable
L53966,5788,2.3,7.7,47.0,Stable
H36201,5836,2.3,7.7,46.3,Stable
M21648,6105,2.4,7.6,47.0,Stable
M21649,6712,2.7,7.3,54.9,Stable
M21650,7993,3.2,6.8,74.0,Stable
L53971,6792,2.7,7.3,51.7,Declining
L53972,7402,3.0,7.0,60.4,Declining
L53973,7086,2.8,7.2,53.6,Declining
L53974,6816,2.7,7.3,47.6,Declining
L53975,7004,2.8,7.2,49.2,Declining
M21656,6740,2.7,7.3,43.3,Declining
M21657,7505,3.0,7.0,53.8,Declining
L53978,7762,3.1,6.9,55.9,Declining
M21659,9772,3.9,6.1,87.9,Critical
M21660,7255,2.9,7.1,43.7,Declining
L53981,7438,3.0,7.0,44.5,Declining
M21662,8102,3.2,6.8,54.0,Declining
M21663,7729,3.1,6.9,45.6,Declining
L53984,8306,3.3,6.7,52.9,Declining
M21665,8214,3.3,6.7,49.9,Declining
L53986,8571,3.4,6.6,53.6,Declining
L53987,8543,3.4,6.6,51.6,Declining
L53988,8317,3.3,6.7,46.4,Declining
L53989,8605,3.4,6.6,49.7,Declining
L53990,9169,3.7,6.3,57.6,Declining
L53991,8813,3.5,6.5,50.1,Declining
L53992,8595,3.4,6.6,45.0,Declining
M21673,8825,3.5,6.5,47.3,Declining
H36228,9050,3.6,6.4,48.8,Declining
L53995,9199,3.7,6.3,47.6,Declining
L53996,9389,3.8,6.2,49.2,Declining
M21677,9511,3.8,6.2,49.8,Declining
M21678,9974,4.0,6.0,55.2,Declining
L53999,9513,3.8,6.2,45.3,Declining
L54000,9987,4.0,6.0,51.7,Declining
M21681,10065,4.0,6.0,51.5,Declining
M21682,10528,4.2,5.8,57.0,Declining
M21683,9781,3.9,6.1,42.3,Declining
L54004,10860,4.3,5.7,58.0,Declining
L54005,11126,4.5,5.5,60.9,Declining
L54006,11204,4.5,5.5,60.7,Declining
M21687,10680,4.3,5.7,50.5,Declining
L54008,10569,4.2,5.8,46.4,Declining
H36243,10823,4.3,5.7,49.1,Declining
M21690,10818,4.3,5.7,45.3,Critical
L54011,11365,4.5,5.5,52.2,Critical
M21692,11093,4.4,5.6,46.1,Critical
L54013,11234,4.5,5.5,46.2,Critical
L54014,11306,4.5,5.5,45.9,Critical
L54015,12258,4.9,5.1,60.3,Critical
H36250,11408,4.6,5.4,44.6,Critical
M21697,11801,4.7,5.3,47.4,Critical
L54018,12230,4.9,5.1,52.3,Critical
L54019,12296,4.9,5.1,51.9,Critical
L54020,12868,5.1,4.9,60.0,Critical
M21701,12542,5.0,5.0,53.0,Critical
L54022,12765,5.1,4.9,54.5,Critical
L54023,12603,5.0,5.0,50.3,Critical
M21704,13351,5.3,4.7,61.3,Critical
M21705,3296,1.3,8.7,54.9,Stable
M21706,3131,1.3,8.7,49.9,Stable
L54027,3784,1.5,8.5,58.6,Stable
M21708,3138,1.3,8.7,46.3,Stable
L54029,3491,1.4,8.6,49.9,Stable
M21710,3627,1.5,8.5,50.7,Stable
M21711,3508,1.4,8.6,46.5,Stable
H36266,4059,1.6,8.4,53.4,Stable
L54033,3914,1.6,8.4,47.2,Stable
L54034,4192,1.7,8.3,50.4,Stable
M21715,4568,1.8,8.2,55.1,Stable
M21716,5067,2.0,8.0,61.2,Stable
L54037,4774,1.9,8.1,54.1,Stable
L54038,4554,1.8,8.2,48.9,Stable
M21719,5528,2.2,7.8,63.6,Stable
L54040,5665,2.3,7.7,63.7,Stable
H36275,6349,2.5,7.5,73.6,Stable
M21722,4928,2.0,8.0,46.1,Stable
L54043,5555,2.2,7.8,54.3,Stable
L54044,4921,2.0,8.0,42.3,Stable
L54045,5537,2.2,7.8,51.0,Stable
M21726,5473,2.2,7.8,48.5,Stable
L54047,5384,2.2,7.8,44.7,Stable
L54048,5516,2.2,7.8,45.4,Stable
L54049,5704,2.3,7.7,47.1,Stable
H36284,6164,2.5,7.5,53.2,Stable
L54051,5893,2.4,7.6,45.0,Stable
L54052,6229,2.5,7.5,49.1,Stable
L54053,6331,2.5,7.5,49.3,Stable
H36288,6055,2.4,7.6,43.2,Stable
M21735,6874,2.7,7.3,53.1,Declining
L54056,6685,2.7,7.3,47.7,Declining
M21737,6891,2.8,7.2,49.6,Declining
H36292,7086,2.8,7.2,50.6,Declining
H36293,8749,3.5,6.5,74.6,Declining
M21740,8102,3.2,6.8,60.0,Declining
L54061,7781,3.1,6.9,52.4,Declining
L54062,8871,3.5,6.5,69.1,Declining
L54063,8721,3.5,6.5,65.1,Declining
L54064,7889,3.2,6.8,49.7,Declining
L54065,7789,3.1,6.9,46.6,Declining
M21746,8015,3.2,6.8,48.8,Declining
L54067,8784,3.5,6.5,59.4,Declining
M21748,8178,3.3,6.7,47.8,Declining
H36303,8219,3.3,6.7,46.2,Declining
M21750,8734,3.5,6.5,51.1,Declining
L54071,8815,3.5,6.5,50.2,Declining
L54072,8775,3.5,6.5,48.0,Declining
L54073,8925,3.6,6.4,49.0,Declining
L54074,8891,3.6,6.4,46.9,Declining
M21755,8879,3.6,6.4,45.2,Declining
M21756,9208,3.7,6.3,48.5,Declining
L54077,9139,3.7,6.3,45.1,Declining
M21758,9421,3.8,6.2,48.3,Declining
L54079,10002,4.0,6.0,55.7,Declining
L54080,10090,4.0,6.0,55.7,Declining
L54081,9934,4.0,6.0,51.6,Declining
L54082,9852,3.9,6.1,48.7,Declining
M21763,10238,4.1,5.9,53.6,Declining
M21764,10563,4.2,5.8,56.8,Declining
M21765,10390,4.2,5.8,51.7,Declining
M21766,10485,4.2,5.8,51.0,Declining
L54087,10458,4.2,5.8,48.3,Declining
L54088,10876,4.4,5.6,53.8,Declining
L54089,10492,4.2,5.8,45.9,Declining
L54090,10698,4.3,5.7,47.8,Declining
L54091,10880,4.4,5.6,49.3,Declining
M21772,11278,4.5,5.5,54.5,Declining
L54093,11107,4.4,5.6,49.4,Critical
H36328,11571,4.6,5.4,55.6,Critical
L54095,11428,4.6,5.4,49.5,Critical
M21776,11756,4.7,5.3,53.4,Critical
L54097,11647,4.7,5.3,49.4,Critical
L54098,11893,4.8,5.2,52.0,Critical
L54099,11753,4.7,5.3,48.1,Critical
M21780,11801,4.7,5.3,47.4,Critical
L54101,11954,4.8,5.2,47.7,Critical
L54102,12106,4.8,5.2,48.8,Critical
L54103,12136,4.9,5.1,47.8,Critical
L54104,12282,4.9,5.1,48.7,Critical
M21785,11982,4.8,5.2,42.2,Critical
H36340,2834,1.1,8.9,47.2,Stable
L54107,3201,1.3,8.7,49.6,Stable
L54108,3947,1.6,8.4,60.5,Stable
M21789,3007,1.2,8.8,43.4,Stable
M21790,4212,1.7,8.3,61.2,Stable
M21791,3717,1.5,8.5,50.7,Stable
L54112,3454,1.4,8.6,44.1,Critical
L54113,3884,1.6,8.4,49.7,Stable
L54114,4062,1.6,8.4,51.2,Stable
L54115,4836,1.9,8.1,62.6,Stable
L54116,4112,1.6,8.4,49.0,Stable
H36351,4164,1.7,8.3,48.4,Stable
L54118,4389,1.8,8.2,48.4,Stable
M21799,4271,1.7,8.3,44.9,Stable
H36354,4616,1.8,8.2,48.4,Stable
L54121,4567,1.8,8.2,43.9,Stable
M21802,5489,2.2,7.8,57.7,Stable
L54123,5204,2.1,7.9,50.7,Stable
M21804,5224,2.1,7.9,49.6,Stable
M21805,6089,2.4,7.6,61.7,Stable
L54126,5492,2.2,7.8,49.5,Stable
M21807,5734,2.3,7.7,52.1,Stable
L54128,5659,2.3,7.7,48.6,Stable
M21809,6373,2.5,7.5,59.0,Stable
H36364,5718,2.3,7.7,45.8,Stable
L54131,6243,2.5,7.5,50.8,Stable
L54132,6281,2.5,7.5,49.9,Stable
L54133,6299,2.5,7.5,48.7,Stable
M21814,6323,2.5,7.5,47.6,Stable
L54135,6398,2.6,7.4,46.6,Declining
M21816,6558,2.6,7.4,47.8,Declining
L54137,6473,2.6,7.4,44.1,Declining
L54138,7041,2.8,7.2,52.1,Declining
L54139,7091,2.8,7.2,51.4,Declining
L54140,6921,2.8,7.2,47.1,Declining
M21821,6941,2.8,7.2,45.9,Declining
M21822,7066,2.8,7.2,45.8,Declining
H36377,8417,3.4,6.6,66.0,Declining
M21824,7206,2.9,7.1,42.1,Declining
L54145,7439,3.0,7.0,43.7,Declining
L54146,8843,3.5,6.5,65.6,Declining
M21827,7725,3.1,6.9,45.5,Declining
L54148,8708,3.5,6.5,59.6,Declining
M21829,8386,3.4,6.6,52.8,Declining
L54150,8227,3.3,6.7,47.9,Declining
M21831,8563,3.4,6.6,52.0,Declining
L54152,8334,3.3,6.7,45.9,Declining
L54153,8594,3.4,6.6,48.7,Declining
L54154,8396,3.4,6.6,43.9,Declining
M21835,8606,3.4,6.6,45.9,Declining
L54156,8673,3.5,6.5,44.8,Declining
L54157,10829,4.3,5.7,79.2,Declining
L54158,9019,3.6,6.4,47.6,Declining
L54159,8961,3.6,6.4,45.1,Declining
L54160,9355,3.7,6.3,50.2,Declining
H36395,9659,3.9,6.1,53.7,Declining
L54162,9540,3.8,6.2,48.0,Declining
M21843,9418,3.8,6.2,44.5,Declining
M21844,10297,4.1,5.9,56.9,Declining
H36399,10416,4.2,5.8,56.6,Declining
L54166,10621,4.2,5.8,56.3,Declining
L54167,12209,4.9,5.1,81.2,Declining
L54168,10381,4.2,5.8,49.3,Declining
M21849,10731,4.3,5.7,53.6,Declining
L54170,12606,5.0,5.0,82.6,Critical
L54171,10758,4.3,5.7,50.3,Declining
L54172,11022,4.4,5.6,53.2,Declining
M21853,11400,4.6,5.4,58.0,Declining
L54174,10805,4.3,5.7,45.8,Declining
M21855,11555,4.6,5.4,56.8,Critical
M21856,11522,4.6,5.4,54.0,Critical
M21857,11547,4.6,5.4,52.2,Critical
M21858,11326,4.5,5.5,46.3,Critical
M21859,11599,4.6,5.4,48.6,Critical
M21860,11746,4.7,5.3,48.8,Critical
L54181,12083,4.8,5.2,52.1,Critical
H36416,11867,4.7,5.3,47.0,Critical
L54183,12350,4.9,5.1,51.3,Critical
L54184,13260,5.3,4.7,65.0,Critical
M21865,2678,1.1,8.9,44.6,Stable
H36420,2973,1.2,8.8,47.3,Stable
L54187,3358,1.3,8.7,50.0,Stable
L54188,3186,1.3,8.7,45.6,Stable
L54189,3612,1.4,8.6,51.2,Stable
M21870,3568,1.4,8.6,49.0,Stable
L54191,6031,2.4,7.6,87.8,Critical
L54192,3451,1.4,8.6,43.3,Stable
M21873,4033,1.6,8.4,51.5,Stable
H36428,3886,1.6,8.4,46.8,Stable
L54195,4209,1.7,8.3,48.4,Stable
L54196,4413,1.8,8.2,50.3,Stable
M21877,4433,1.8,8.2,49.1,Stable
M21878,4374,1.7,8.3,45.9,Stable
L54199,5237,2.1,7.9,58.0,Stable
L54200,4765,1.9,8.1,48.7,Stable
H36435,5197,2.1,7.9,54.4,Stable
L54202,5282,2.1,7.9,52.0,Stable
M21883,5394,2.2,7.8,52.4,Stable
L54204,6639,2.7,7.3,70.9,Stable
H36439,5371,2.1,7.9,48.3,Stable
L54206,5786,2.3,7.7,51.4,Stable
L54207,5806,2.3,7.7,50.3,Stable
M21888,5686,2.3,7.7,46.8,Stable
L54209,5923,2.4,7.6,48.5,Stable
L54210,6649,2.7,7.3,59.1,Stable
L54211,6153,2.5,7.5,49.3,Stable
L54212,6731,2.7,7.3,57.4,Stable
M21893,6313,2.5,7.5,49.0,Stable
H36448,7170,2.9,7.1,61.0,Stable
L54215,6729,2.7,7.3,49.9,Declining
L54216,6905,2.8,7.2,51.3,Declining
L54217,6943,2.8,7.2,50.5,Declining
L54218,7313,2.9,7.1,55.1,Declining
H36453,7133,2.9,7.1,50.6,Declining
L54220,7760,3.1,6.9,57.3,Declining
L54221,7350,2.9,7.1,49.0,Declining
L54222,7784,3.1,6.9,54.7,Declining
M21903,8602,3.4,6.6,66.9,Declining
M21904,7735,3.1,6.9,50.2,Declining
M21905,8078,3.2,6.8,53.6,Declining
M21906,8721,3.5,6.5,62.1,Declining
L54227,7932,3.2,6.8,46.7,Declining
L54228,9234,3.7,6.3,66.9,Declining
L54229,8298,3.3,6.7,49.8,Declining
L54230,8314,3.3,6.7,48.6,Declining
L54231,8602,3.4,6.6,51.9,Declining
H36466,8600,3.4,6.6,50.3,Declining
H36467,8939,3.6,6.4,52.2,Declining
H36468,8982,3.6,6.4,49.2,Declining
L54235,9581,3.8,6.2,55.4,Declining
M21916,9163,3.7,6.3,47.0,Declining
L54237,9812,3.9,6.1,55.5,Declining
L54238,9610,3.8,6.2,50.7,Declining
L54239,9948,4.0,6.0,54.8,Declining
H36474,9708,3.9,6.1,49.3,Declining
L54241,9867,3.9,6.1,48.2,Declining
M21922,9879,4.0,6.0,46.9,Declining
L54243,9668,3.9,6.1,41.1,Declining
M21924,10682,4.3,5.7,56.5,Declining
L54245,10193,4.1,5.9,46.1,Declining
M21926,10659,4.3,5.7,52.4,Declining
M21927,10422,4.2,5.8,46.2,Declining
L54248,10707,4.3,5.7,48.7,Declining
L54249,10925,4.4,5.6,50.8,Declining
L54250,10631,4.3,5.7,44.4,Declining
H36485,11065,4.4,5.6,50.2,Declining
M21932,11158,4.5,5.5,48.0,Critical
L54253,11397,4.6,5.4,49.7,Critical
M21934,11481,4.6,5.4,49.6,Critical
L54255,11712,4.7,5.3,51.2,Critical
L54256,12650,5.1,4.9,65.3,Critical
M21937,12008,4.8,5.2,53.1,Critical
L54258,11669,4.7,5.3,45.2,Critical
L54259,11935,4.8,5.2,48.2,Critical
L54260,12221,4.9,5.1,51.4,Critical
L54261,11957,4.8,5.2,45.5,Critical
L54262,12231,4.9,5.1,48.6,Critical
L54263,12237,4.9,5.1,47.2,Critical
L54264,13083,5.2,4.8,59.8,Critical
L54265,12553,5.0,5.0,49.5,Critical
L54266,14703,5.9,4.1,83.8,Critical
L54267,13061,5.2,4.8,54.9,Critical
M21948,3228,1.3,8.7,53.8,Stable
L54269,3379,1.4,8.6,54.1,Stable
M21950,3181,1.3,8.7,49.3,Stable
L54271,2996,1.2,8.8,43.9,Stable
L54272,3436,1.4,8.6,49.8,Stable
H36507,3278,1.3,8.7,45.6,Stable
L54274,3659,1.5,8.5,48.2,Stable
L54275,3825,1.5,8.5,49.5,Stable
L54276,3923,1.6,8.4,49.6,Stable
M21957,3501,1.4,8.6,41.1,Stable
L54278,4454,1.8,8.2,54.7,Stable
M21959,4006,1.6,8.4,45.8,Stable
L54280,4533,1.8,8.2,52.3,Stable
L54281,5185,2.1,7.9,61.7,Stable
M21962,4563,1.8,8.2,49.8,Stable
H36517,5264,2.1,7.9,59.2,Stable
L54284,4843,1.9,8.1,48.5,Stable
L54285,5097,2.0,8.0,51.2,Stable
L54286,5079,2.0,8.0,49.4,Stable
H36521,5229,2.1,7.9,50.4,Stable
M21968,5452,2.2,7.8,50.4,Stable
L54289,5763,2.3,7.7,53.3,Stable
M21970,5691,2.3,7.7,50.6,Stable
M21971,5690,2.3,7.7,48.3,Stable
L54292,5779,2.3,7.7,47.6,Stable
L54293,6137,2.5,7.5,52.0,Stable
H36528,6019,2.4,7.6,48.6,Stable
M21975,6250,2.5,7.5,48.7,Stable
L54296,6667,2.7,7.3,53.4,Stable
L54297,6695,2.7,7.3,52.3,Stable
L54298,6775,2.7,7.3,52.2,Declining
L54299,6491,2.6,7.4,45.9,Declining
L54300,8401,3.4,6.6,76.3,Declining
M21981,6665,2.7,7.3,45.8,Declining
L54302,7626,3.1,6.9,59.6,Declining
M21983,7292,2.9,7.1,52.5,Declining
M21984,8011,3.2,6.8,62.3,Declining
L54305,6932,2.8,7.2,42.0,Declining
M21986,7584,3.0,7.0,51.4,Declining
L54307,7511,3.0,7.0,47.9,Declining
L54308,7747,3.1,6.9,50.4,Declining
L54309,8085,3.2,6.8,54.5,Declining
L54310,7761,3.1,6.9,47.6,Declining
M21991,7815,3.1,6.9,47.0,Declining
L54312,7976,3.2,6.8,47.4,Declining
M21993,8324,3.3,6.7,51.7,Declining
M21994,8167,3.3,6.7,46.9,Declining
L54315,8376,3.4,6.6,48.1,Declining
M21996,8266,3.3,6.7,44.8,Declining
M21997,8687,3.5,6.5,49.5,Declining
L54318,8444,3.4,6.6,43.2,Declining
L54319,8930,3.6,6.4,49.8,Declining
L54320,8794,3.5,6.5,46.1,Declining
M22001,8832,3.5,6.5,45.2,Declining
H36556,9159,3.7,6.3,48.4,Declining
H36557,9644,3.9,6.1,52.7,Declining
M22004,9739,3.9,6.1,50.6,Declining
L54325,9666,3.9,6.1,47.1,Declining
L54326,9922,4.0,6.0,49.9,Declining
L54327,9952,4.0,6.0,48.9,Declining
M22008,10344,4.1,5.9,53.9,Declining
L54329,10257,4.1,5.9,50.2,Declining
L54330,10137,4.1,5.9,46.7,Declining
H36565,11237,4.5,5.5,63.5,Declining
L54332,10782,4.3,5.7,52.2,Declining
L54333,10726,4.3,5.7,49.8,Declining
L54334,10796,4.3,5.7,49.4,Declining
M22015,11058,4.4,5.6,52.3,Declining
M22016,11383,4.6,5.4,55.5,Declining
L54337,11162,4.5,5.5,49.5,Critical
L54338,11058,4.4,5.6,46.3,Critical
L54339,11392,4.6,5.4,50.4,Critical
M22020,11430,4.6,5.4,49.5,Critical
L54341,11475,4.6,5.4,48.0,Critical
L54342,11441,4.6,5.4,45.9,Critical
M22023,11777,4.7,5.3,50.0,Critical
M22024,11858,4.7,5.3,49.1,Critical
L54345,11829,4.7,5.3,46.4,Critical
M22026,11993,4.8,5.2,47.6,Critical
L54347,11994,4.8,5.2,45.4,Critical
L54348,3408,1.4,8.6,56.8,Stable
L54349,3074,1.2,8.8,49.7,Stable
M22030,3064,1.2,8.8,48.1,Stable
M22031,3191,1.3,8.7,47.9,Stable
M22032,3254,1.3,8.7,46.7,Stable
L54353,3953,1.6,8.4,56.1,Stable
L54354,3735,1.5,8.5,51.0,Stable
L54355,3903,1.6,8.4,52.3,Stable
L54356,4155,1.7,8.3,55.0,Stable
L54357,3775,1.5,8.5,47.2,Stable
L54358,4235,1.7,8.3,53.3,Stable
L54359,4171,1.7,8.3,50.8,Stable
M22040,4471,1.8,8.2,54.3,Stable
L54361,4012,1.6,8.4,44.4,Stable
L54362,5756,2.3,7.7,71.9,Stable
L54363,4420,1.8,8.2,48.2,Stable
M22044,4806,1.9,8.1,53.1,Stable
L54365,5099,2.0,8.0,55.7,Stable
M22046,5133,2.1,7.9,54.8,Stable
L54367,4784,1.9,8.1,46.7,Stable
L54368,4642,1.9,8.1,42.9,Stable
L54369,5132,2.1,7.9,49.5,Stable
L54370,4940,2.0,8.0,44.8,Stable
L54371,5598,2.2,7.8,54.3,Stable
M22052,5288,2.1,7.9,47.6,Stable
L54373,5177,2.1,7.9,43.5,Stable
L54374,5415,2.2,7.8,46.0,Stable
M22055,5631,2.3,7.7,48.1,Stable
H36610,5732,2.3,7.7,47.5,Stable
L54377,6077,2.4,7.6,49.5,Stable
M22058,6255,2.5,7.5,51.0,Stable
L54379,6344,2.5,7.5,50.2,Stable
L54380,6636,2.7,7.3,53.6,Stable
L54381,6458,2.6,7.4,49.1,Stable
L54382,6252,2.5,7.5,44.2,Declining
M22063,6558,2.6,7.4,47.8,Declining
L54384,6877,2.8,7.2,50.9,Declining
L54385,6881,2.8,7.2,49.4,Declining
L54386,6919,2.8,7.2,48.6,Declining
M22067,7175,2.9,7.1,51.3,Declining
L54388,7644,3.1,6.9,56.9,Declining
L54389,7568,3.0,7.0,54.1,Declining
M22070,7072,2.8,7.2,44.4,Declining
L54391,7407,3.0,7.0,47.7,Declining
M22072,8045,3.2,6.8,56.8,Declining
M22073,7624,3.0,7.0,47.6,Declining
M22074,8155,3.3,6.7,54.2,Declining
L54395,7994,3.2,6.8,49.2,Declining
M22076,8432,3.4,6.6,55.0,Declining
L54397,8697,3.5,6.5,57.2,Declining
H36632,8155,3.3,6.7,46.7,Declining
M22079,8692,3.5,6.5,51.9,Declining
L54400,8573,3.4,6.6,47.6,Declining
H36635,8671,3.5,6.5,47.8,Declining
M22082,8670,3.5,6.5,44.0,Declining
L54403,8913,3.6,6.4,45.8,Declining
L54404,9451,3.8,6.2,53.3,Declining
M22085,10165,4.1,5.9,63.7,Declining
L54406,9278,3.7,6.3,46.6,Declining
L54407,10010,4.0,6.0,57.3,Declining
H36642,9396,3.8,6.2,45.6,Declining
L54409,10383,4.2,5.8,58.3,Declining
L54410,10059,4.0,6.0,51.4,Declining
L54411,10171,4.1,5.9,51.8,Declining
M22092,10433,4.2,5.8,54.6,Declining
L54413,10184,4.1,5.9,48.2,Declining
M22094,10174,4.1,5.9,46.6,Declining
L54415,10237,4.1,5.9,45.4,Declining
M22096,10525,4.2,5.8,48.7,Declining
M22097,11004,4.4,5.6,54.4,Declining
L54418,11269,4.5,5.5,56.6,Declining
L54419,11071,4.4,5.6,51.8,Declining
M22100,10779,4.3,5.7,45.4,Declining
M22101,11158,4.5,5.5,49.5,Critical
H36656,11219,4.5,5.5,48.2,Critical
M22103,11336,4.5,5.5,46.4,Critical
L54424,12205,4.9,5.1,58.7,Critical
L54425,11729,4.7,5.3,49.2,Critical
L54426,12227,4.9,5.1,56.0,Critical
M22107,11583,4.6,5.4,43.8,Critical
L54428,12614,5.0,5.0,58.7,Critical
L54429,11984,4.8,5.2,46.7,Critical
M22110,12128,4.9,5.1,47.6,Critical
M22111,12301,4.9,5.1,48.3,Critical
H36666,12542,5.0,5.0,50.0,Critical
L54433,12809,5.1,4.9,50.7,Critical
L54434,12841,5.1,4.9,49.8,Critical
M22115,13353,5.3,4.7,56.8,Critical
H36670,2816,1.1,8.9,46.9,Stable
L54437,3261,1.3,8.7,50.6,Stable
L54438,3799,1.5,8.5,58.1,Stable
M22119,3405,1.4,8.6,50.0,Stable
L54440,5388,2.2,7.8,80.8,Stable
L54441,4266,1.7,8.3,60.6,Stable
M22122,3810,1.5,8.5,51.5,Stable
L54443,3713,1.5,8.5,47.6,Stable
M22124,3841,1.5,8.5,48.3,Stable
L54445,3848,1.5,8.5,46.1,Stable
L54446,4326,1.7,8.3,52.6,Stable
L54447,4650,1.9,8.1,56.5,Stable
L54448,4436,1.8,8.2,51.4,Stable
M22129,4520,1.8,8.2,51.3,Stable
L54450,5191,2.1,7.9,60.3,Stable
M22131,4251,1.7,8.3,43.1,Stable
L54452,4204,1.7,8.3,40.1,Stable
M22133,5298,2.1,7.9,56.8,Stable
M22134,4981,2.0,8.0,49.3,Stable
L54455,5188,2.1,7.9,50.5,Stable
M22136,4950,2.0,8.0,45.0,Stable
L54457,5335,2.1,7.9,49.2,Stable
H36692,5903,2.4,7.6,57.1,Stable
L54459,5630,2.3,7.7,48.8,Stable
L54460,5366,2.1,7.9,42.9,Critical
L54461,6230,2.5,7.5,55.8,Stable
L54462,5942,2.4,7.6,49.5,Stable
M22143,5946,2.4,7.6,48.1,Stable
M22144,5885,2.4,7.6,44.8,Stable
M22145,5734,2.3,7.7,40.1,Stable
M22146,6425,2.6,7.4,49.3,Stable
M22147,6660,2.7,7.3,51.0,Declining
M22148,7701,3.1,6.9,66.1,Declining
L54469,6736,2.7,7.3,47.8,Declining
L54470,7572,3.0,7.0,60.2,Declining
L54471,6882,2.8,7.2,47.2,Declining
M22152,7252,2.9,7.1,51.9,Declining
L54473,7529,3.0,7.0,54.2,Declining
L54474,7983,3.2,6.8,60.3,Declining
M22155,7113,2.8,7.2,44.3,Declining
H36710,8352,3.3,6.7,62.7,Declining
L54477,7815,3.1,6.9,50.0,Declining
L54478,7969,3.2,6.8,51.1,Declining
L54479,7979,3.2,6.8,49.7,Declining
L54480,7947,3.2,6.8,47.7,Declining
L54481,8283,3.3,6.7,51.8,Declining
L54482,8253,3.3,6.7,49.8,Declining
L54483,8103,3.2,6.8,45.8,Declining
L54484,8233,3.3,6.7,46.5,Declining
M22165,9115,3.6,6.4,59.7,Declining
L54486,8382,3.4,6.6,45.2,Declining
M22167,8530,3.4,6.6,46.2,Declining
L54488,8561,3.4,6.6,44.4,Declining
L54489,8995,3.6,6.4,50.2,Declining
L54490,9287,3.7,6.3,53.5,Declining
H36725,9281,3.7,6.3,51.9,Declining
L54492,9214,3.7,6.3,47.1,Declining
L54493,9296,3.7,6.3,46.9,Declining
L54494,9106,3.6,6.4,42.3,Declining
L54495,9600,3.8,6.2,49.0,Declining
L54496,9744,3.9,6.1,49.9,Declining
L54497,10116,4.0,6.0,54.6,Declining
H36732,10000,4.0,6.0,51.2,Declining
L54499,10463,4.2,5.8,55.1,Declining
H36734,10067,4.0,6.0,47.0,Declining
L54501,11292,4.5,5.5,63.7,Declining
H36736,10706,4.3,5.7,52.4,Declining
L54503,10743,4.3,5.7,49.3,Declining
M22184,11515,4.6,5.4,60.7,Declining
L54505,10848,4.3,5.7,47.3,Declining
M22186,10770,4.3,5.7,44.5,Critical
M22187,11387,4.6,5.4,52.5,Critical
L54508,11404,4.6,5.4,50.6,Critical
M22189,11612,4.6,5.4,52.5,Critical
H36744,11669,4.7,5.3,51.2,Critical
L54511,11868,4.7,5.3,50.8,Critical
M22192,12520,5.0,5.0,60.2,Critical
M22193,11779,4.7,5.3,45.6,Critical
L54514,12568,5.0,5.0,56.5,Critical
L54515,11926,4.8,5.2,44.3,Critical
H36750,12458,5.0,5.0,51.6,Critical
L54517,12663,5.1,4.9,51.3,Critical
L54518,12667,5.1,4.9,49.9,Critical
L54519,3158,1.3,8.7,52.6,Stable
L54520,2862,1.1,8.9,46.2,Stable
L54521,3190,1.3,8.7,50.2,Stable
M22202,3592,1.4,8.6,55.4,Stable
L54523,3341,1.3,8.7,48.9,Stable
L54524,3263,1.3,8.7,46.1,Stable
L54525,3347,1.3,8.7,46.0,Stable
L54526,3613,1.4,8.6,49.0,Stable
L54527,4019,1.6,8.4,54.2,Stable
H36762,3779,1.5,8.5,48.7,Stable
L54529,4346,1.7,8.3,54.4,Stable
L54530,4108,1.6,8.4,49.0,Stable
L54531,4176,1.7,8.3,48.6,Stable
M22212,4230,1.7,8.3,48.0,Stable
L54533,4859,1.9,8.1,56.2,Stable
M22214,4433,1.8,8.2,47.6,Stable
L54535,4886,2.0,8.0,52.9,Stable
L54536,4466,1.8,8.2,44.4,Stable
L54537,4864,1.9,8.1,49.6,Stable
M22218,5298,2.1,7.9,55.3,Stable
M22219,5139,2.1,7.9,50.4,Stable
L54540,5420,2.2,7.8,52.8,Stable
L54541,5344,2.1,7.9,50.1,Stable
L54542,5618,2.2,7.8,53.1,Stable
L54543,5344,2.1,7.9,47.1,Stable
L54544,5414,2.2,7.8,46.7,Stable
L54545,6814,2.7,7.3,68.6,Stable
H36780,5852,2.3,7.7,51.0,Stable
M22227,5733,2.3,7.7,45.3,Stable
M22228,6390,2.6,7.4,54.0,Stable
M22229,6577,2.6,7.4,54.9,Stable
M22230,6330,2.5,7.5,48.5,Stable
L54551,6579,2.6,7.4,50.4,Stable
L54552,6591,2.6,7.4,49.1,Declining
L54553,6841,2.7,7.3,51.8,Declining
L54554,6583,2.6,7.4,46.0,Declining
M22235,7049,2.8,7.2,52.2,Declining
L54556,7012,2.8,7.2,49.4,Declining
L54557,6838,2.7,7.3,45.0,Declining
L54558,7006,2.8,7.2,46.3,Declining
M22239,7034,2.8,7.2,45.2,Declining
L54560,7941,3.2,6.8,58.1,Declining
L54561,7535,3.0,7.0,49.8,Declining
L54562,8031,3.2,6.8,56.6,Declining
M22243,7545,3.0,7.0,47.0,Declining
L54564,8088,3.2,6.8,53.8,Declining
M22245,7700,3.1,6.9,45.8,Declining
M22246,8233,3.3,6.7,52.5,Declining
H36801,8066,3.2,6.8,47.4,Declining
M22248,8833,3.5,6.5,56.5,Declining
L54569,8994,3.6,6.4,56.9,Declining
M22250,8650,3.5,6.5,49.7,Declining
L54571,9155,3.7,6.3,55.8,Declining
M22252,8879,3.6,6.4,49.7,Declining
M22253,9218,3.7,6.3,53.1,Declining
L54574,9123,3.6,6.4,49.3,Declining
M22255,9399,3.8,6.2,52.4,Declining
L54576,9622,3.8,6.2,53.9,Declining
L54577,9954,4.0,6.0,57.9,Declining
M22258,9566,3.8,6.2,49.9,Declining
L54579,9989,4.0,6.0,54.7,Declining
M22260,10061,4.0,6.0,54.4,Declining
L54581,9748,3.9,6.1,47.0,Declining
M22262,9946,4.0,6.0,48.8,Declining
L54583,9907,4.0,6.0,45.9,Declining
L54584,10351,4.1,5.9,51.8,Declining
M22265,10395,4.2,5.8,51.0,Declining
L54586,10560,4.2,5.8,51.5,Declining
H36821,10414,4.2,5.8,47.6,Declining
L54588,10369,4.1,5.9,43.1,Declining
L54589,12043,4.8,5.2,69.5,Declining
L54590,11459,4.6,5.4,58.2,Declining
L54591,10905,4.4,5.6,47.5,Declining
L54592,11419,4.6,5.4,54.6,Critical
M22273,11467,4.6,5.4,53.9,Critical
L54594,11608,4.6,5.4,54.0,Critical
L54595,11438,4.6,5.4,49.6,Critical
M22276,11454,4.6,5.4,48.4,Critical
M22277,11675,4.7,5.3,49.8,Critical
M22278,11674,4.7,5.3,47.6,Critical
L54599,12099,4.8,5.2,52.4,Critical
L54600,12139,4.9,5.1,51.6,Critical
M22281,11819,4.7,5.3,44.7,Critical
L54602,11972,4.8,5.2,45.0,Critical
L54603,12174,4.9,5.1,46.9,Critical
M22284,12600,5.0,5.0,52.5,Critical
M22285,13167,5.3,4.7,59.7,Critical
M22286,13104,5.2,4.8,56.4,Critical
L54607,3268,1.3,8.7,54.5,Stable
M22288,3818,1.5,8.5,62.1,Stable
L54609,3405,1.4,8.6,53.0,Stable
M22290,3083,1.2,8.8,46.1,Stable
M22291,3154,1.3,8.7,45.1,Stable
L54612,3553,1.4,8.6,49.5,Stable
M22293,4501,1.8,8.2,63.8,Stable
L54614,3826,1.5,8.5,50.3,Stable
L54615,3908,1.6,8.4,50.1,Stable
L54616,3964,1.6,8.4,49.6,Stable
L54617,4534,1.8,8.2,57.6,Stable
L54618,4464,1.8,8.2,54.9,Stable
L54619,4246,1.7,8.3,49.8,Stable
L54620,4660,1.9,8.1,55.2,Stable
M22301,4114,1.6,8.4,44.6,Stable
L54622,4777,1.9,8.1,53.4,Stable
H36857,4843,1.9,8.1,53.0,Stable
L54624,4462,1.8,8.2,42.9,Stable
L54625,5086,2.0,8.0,51.8,Stable
L54626,4828,1.9,8.1,46.0,Stable
M22307,5514,2.2,7.8,55.9,Stable
L54628,5271,2.1,7.9,49.6,Stable
L54629,5221,2.1,7.9,47.3,Stable
L54630,5377,2.2,7.8,48.4,Stable
L54631,5581,2.2,7.8,50.3,Stable
L54632,5813,2.3,7.7,52.6,Stable
H36867,5609,2.2,7.8,47.7,Stable
L54634,5862,2.3,7.7,48.2,Stable
M22315,6254,2.5,7.5,53.2,Stable
M22316,5989,2.4,7.6,46.6,Stable
L54637,6390,2.6,7.4,51.0,Stable
M22318,6286,2.5,7.5,47.8,Stable
L54639,6737,2.7,7.3,53.0,Stable
L54640,6535,2.6,7.4,48.2,Declining
L54641,7233,2.9,7.1,58.3,Declining
L54642,7231,2.9,7.1,56.8,Declining
H36877,6951,2.8,7.2,50.6,Declining
L54644,7210,2.9,7.1,51.2,Declining
M22325,7010,2.8,7.2,46.3,Declining
H36880,7967,3.2,6.8,60.0,Declining
H36881,7516,3.0,7.0,48.8,Declining
L54648,7935,3.2,6.8,52.0,Declining
L54649,8119,3.2,6.8,53.6,Declining
L54650,7659,3.1,6.9,44.4,Declining
L54651,7815,3.1,6.9,45.5,Declining
M22332,8409,3.4,6.6,53.9,Declining
M22333,7918,3.2,6.8,43.5,Declining
L54654,9423,3.8,6.2,66.3,Declining
H36889,8213,3.3,6.7,44.6,Declining
L54656,8744,3.5,6.5,49.7,Declining
M22337,8886,3.6,6.4,50.6,Declining
L54658,8943,3.6,6.4,49.3,Declining
M22339,9121,3.6,6.4,50.8,Declining
M22340,9350,3.7,6.3,52.3,Declining
H36895,9357,3.7,6.3,50.2,Declining
M22342,9590,3.8,6.2,50.3,Declining
L54663,10047,4.0,6.0,55.7,Declining
M22344,9419,3.8,6.2,43.7,Declining
L54665,10120,4.0,6.0,53.2,Declining
L54666,10290,4.1,5.9,54.5,Declining
L54667,10524,4.2,5.8,56.9,Declining
L54668,10290,4.1,5.9,51.5,Declining
M22349,10792,4.3,5.7,58.4,Declining
M22350,10839,4.3,5.7,56.9,Declining
L54671,10200,4.1,5.9,44.0,Declining
M22352,10288,4.1,5.9,44.0,Declining
L54673,10681,4.3,5.7,48.3,Declining
L54674,10747,4.3,5.7,47.9,Declining
L54675,11183,4.5,5.5,53.6,Declining
L54676,10983,4.4,5.6,48.8,Declining
M22357,11111,4.4,5.6,49.4,Critical
M22358,11776,4.7,5.3,58.3,Critical
L54679,11907,4.8,5.2,58.2,Critical
L54680,11325,4.5,5.5,47.0,Critical
L54681,11875,4.8,5.2,54.7,Critical
H36916,11995,4.8,5.2,55.2,Critical
M22363,12202,4.9,5.1,54.9,Critical
L54684,12223,4.9,5.1,53.0,Critical
L54685,12227,4.9,5.1,51.5,Critical
L54686,12247,4.9,5.1,50.4,Critical
L54687,12815,5.1,4.9,58.3,Critical
M22368,12865,5.1,4.9,57.7,Critical
L54689,12284,4.9,5.1,45.7,Critical
L54690,12678,5.1,4.9,50.8,Critical
L54691,3202,1.3,8.7,53.4,Stable
M22372,3362,1.3,8.7,54.5,Stable
L54693,4747,1.9,8.1,75.4,Stable
L54694,3587,1.4,8.6,54.5,Stable
M22375,3075,1.2,8.8,44.5,Stable
M22376,3012,1.2,8.8,41.2,Stable
L54697,3565,1.4,8.6,48.2,Stable
L54698,3765,1.5,8.5,50.0,Stable
L54699,4853,1.9,8.1,66.6,Stable
L54700,4003,1.6,8.4,51.0,Stable
M22381,3969,1.6,8.4,48.9,Stable
L54702,3838,1.5,8.5,44.5,Stable
M22383,3946,1.6,8.4,44.8,Stable
L54704,4673,1.9,8.1,54.6,Stable
H36939,4251,1.7,8.3,46.1,Stable
L54706,5030,2.0,8.0,55.3,Stable
L54707,4740,1.9,8.1,49.0,Stable
M22388,5386,2.2,7.8,58.3,Stable
L54709,4959,2.0,8.0,48.9,Stable
M22390,5349,2.1,7.9,53.9,Stable
H36945,5004,2.0,8.0,45.9,Stable
M22392,5733,2.3,7.7,54.3,Stable
L54713,5618,2.2,7.8,50.1,Stable
L54714,5536,2.2,7.8,47.3,Stable
L54715,6048,2.4,7.6,54.3,Stable
L54716,8038,3.2,6.8,86.0,Critical
L54717,5580,2.2,7.8,43.5,Stable
M22398,5960,2.4,7.6,48.3,Stable
L54719,6169,2.5,7.5,49.6,Stable
M22400,6459,2.6,7.4,52.9,Stable
M22401,6476,2.6,7.4,50.9,Stable
M22402,6357,2.5,7.5,46.7,Stable
L54723,6582,2.6,7.4,48.2,Declining
L54724,6630,2.7,7.3,47.5,Declining
L54725,7652,3.1,6.9,63.0,Declining
H36960,6868,2.7,7.3,48.5,Declining
L54727,7045,2.8,7.2,47.7,Declining
L54728,7265,2.9,7.1,49.8,Declining
L54729,7453,3.0,7.0,51.5,Declining
M22410,7563,3.0,7.0,51.8,Declining
M22411,7572,3.0,7.0,49.7,Declining
L54732,7775,3.1,6.9,50.8,Declining
L54733,7825,3.1,6.9,50.2,Declining
M22414,7647,3.1,6.9,45.7,Declining
L54735,7704,3.1,6.9,44.4,Declining
L54736,8072,3.2,6.8,49.0,Declining
M22417,8720,3.5,6.5,58.3,Declining
M22418,8127,3.3,6.7,46.2,Declining
M22419,8200,3.3,6.7,45.2,Declining
M22420,8379,3.4,6.6,45.9,Declining
L54741,8536,3.4,6.6,46.3,Declining
M22422,8550,3.4,6.6,45.0,Declining
M22423,9647,3.9,6.1,61.0,Declining
M22424,8882,3.6,6.4,46.0,Critical
M22425,9821,3.9,6.1,59.4,Declining
L54746,9616,3.8,6.2,53.8,Declining
M22427,11220,4.5,5.5,79.0,Declining
L54748,9869,3.9,6.1,54.2,Declining
L54749,9215,3.7,6.3,41.8,Critical
H36984,10349,4.1,5.9,59.2,Declining
L54751,10232,4.1,5.9,53.5,Declining
L54752,10462,4.2,5.8,55.9,Declining
L54753,10410,4.2,5.8,53.5,Declining
L54754,10264,4.1,5.9,49.6,Declining
L54755,10322,4.1,5.9,49.0,Declining
M22436,10424,4.2,5.8,49.2,Declining
L54757,10665,4.3,5.7,51.0,Declining
L54758,11041,4.4,5.6,55.8,Declining
L54759,10657,4.3,5.7,47.9,Declining
L54760,10865,4.3,5.7,49.8,Declining
M22441,10697,4.3,5.7,45.5,Declining
H36996,11078,4.4,5.6,49.6,Critical
L54763,11285,4.5,5.5,49.3,Critical
L54764,11359,4.5,5.5,49.1,Critical
L54765,11299,4.5,5.5,46.6,Critical
L54766,11773,4.7,5.3,53.0,Critical
L54767,11495,4.6,5.4,46.8,Critical
L54768,12801,5.1,4.9,67.1,Critical
L54769,12469,5.0,5.0,60.1,Critical
M22450,11821,4.7,5.3,47.8,Critical
M22451,11682,4.7,5.3,43.2,Critical
M22452,12327,4.9,5.1,51.7,Critical
L54773,11900,4.8,5.2,42.3,Critical
L54774,3062,1.2,8.8,51.0,Stable
H37009,2884,1.2,8.8,46.6,Stable
L54776,3409,1.4,8.6,51.6,Stable
L54777,4553,1.8,8.2,69.1,Stable
L54778,3477,1.4,8.6,49.7,Stable
L54779,4103,1.6,8.4,58.6,Stable
M22460,3865,1.5,8.5,53.2,Stable
L54781,3512,1.4,8.6,45.0,Stable
L54782,4310,1.7,8.3,56.8,Stable
L54783,3802,1.5,8.5,46.9,Stable
L54784,4358,1.7,8.3,54.6,Stable
H37019,5222,2.1,7.9,67.5,Stable
M22466,4095,1.6,8.4,45.0,Stable
M22467,4466,1.8,8.2,48.9,Stable
L54788,4949,2.0,8.0,54.7,Stable
L54789,4735,1.9,8.1,49.7,Stable
M22470,4859,1.9,8.1,50.2,Stable
L54791,5202,2.1,7.9,53.7,Stable
M22472,5556,2.2,7.8,58.1,Stable
L54793,5155,2.1,7.9,49.2,Stable
L54794,5159,2.1,7.9,47.7,Stable
L54795,5269,2.1,7.9,48.1,Stable
M22476,5411,2.2,7.8,48.9,Stable
L54797,5722,2.3,7.7,51.9,Stable
M22478,5324,2.1,7.9,43.7,Stable
L54799,5753,2.3,7.7,48.6,Stable
L54800,6227,2.5,7.5,55.0,Stable
L54801,5995,2.4,7.6,49.7,Stable
M22482,6051,2.4,7.6,49.1,Stable
L54803,6708,2.7,7.3,57.8,Stable
L54804,6344,2.5,7.5,50.2,Stable
L54805,6532,2.6,7.4,51.9,Stable
H37040,6212,2.5,7.5,45.0,Stable
L54807,6625,2.6,7.4,48.2,Declining
L54808,7063,2.8,7.2,54.0,Declining
M22489,6453,2.6,7.4,42.3,Declining
L54810,7118,2.8,7.2,51.1,Declining
L54811,7028,2.8,7.2,48.1,Declining
L54812,7718,3.1,6.9,58.1,Declining
L54813,7202,2.9,7.1,48.0,Declining
M22494,7422,3.0,7.0,50.2,Declining
L54815,7597,3.0,7.0,50.9,Declining
L54816,8043,3.2,6.8,56.8,Declining
H37051,7615,3.0,7.0,48.2,Declining
L54818,8272,3.3,6.7,55.4,Declining
L54819,7972,3.2,6.8,48.9,Declining
L54820,8346,3.3,6.7,53.6,Declining
M22501,7924,3.2,6.8,45.1,Declining
M22502,8563,3.4,6.6,53.5,Declining
H37057,8344,3.3,6.7,47.6,Declining
L54824,8563,3.4,6.6,47.5,Declining
L54825,9129,3.7,6.3,55.4,Declining
L54826,9767,3.9,6.1,64.5,Declining
L54827,9441,3.8,6.2,57.6,Declining
L54828,9179,3.7,6.3,51.7,Declining
H37063,9489,3.8,6.2,55.4,Declining
L54830,9076,3.6,6.4,44.8,Declining
M22511,9432,3.8,6.2,49.2,Declining
L54832,9307,3.7,6.3,44.9,Declining
L54833,9689,3.9,6.1,49.7,Declining
M22514,9875,4.0,6.0,51.3,Declining
L54835,10122,4.0,6.0,53.2,Declining
L54836,10102,4.0,6.0,51.4,Declining
L54837,10432,4.2,5.8,55.4,Declining
M22518,9918,4.0,6.0,45.3,Declining
L54839,10391,4.2,5.8,50.9,Declining
M22520,9917,4.0,6.0,41.5,Declining
L54841,10710,4.3,5.7,52.5,Declining
M22522,10966,4.4,5.6,55.3,Declining
L54843,10555,4.2,5.8,46.2,Declining
H37078,10783,4.3,5.7,48.5,Declining
L54845,11094,4.4,5.6,49.9,Critical
M22526,11038,4.4,5.6,47.5,Critical
L54847,11381,4.6,5.4,50.9,Critical
L54848,11493,4.6,5.4,51.3,Critical
L54849,11177,4.5,5.5,44.5,Critical
L54850,11645,4.7,5.3,50.8,Critical
M22531,11597,4.6,5.4,48.5,Critical
M22532,13102,5.2,4.8,71.4,Critical
M22533,11907,4.8,5.2,49.2,Critical
L54854,12108,4.8,5.2,50.3,Critical
L54855,12074,4.8,5.2,48.2,Critical
L54856,12166,4.9,5.1,48.3,Critical
L54857,12216,4.9,5.1,47.6,Critical
M22538,12228,4.9,5.1,46.3,Critical
L54859,12855,5.1,4.9,54.5,Critical
L54860,12465,5.0,5.0,46.5,Critical
L54861,12651,5.1,4.9,48.1,Critical
M22542,12679,5.1,4.9,47.1,Critical
L54863,13038,5.2,4.8,50.8,Critical
M22544,12894,5.2,4.8,46.9,Critical
L54865,13009,5.2,4.8,46.6,Critical
M22546,13313,5.3,4.7,50.1,Critical
M22547,14634,5.9,4.1,69.9,Critical
L54868,3106,1.2,8.8,51.8,Stable
L54869,2954,1.2,8.8,47.7,Stable
M22550,3334,1.3,8.7,52.6,Stable
M22551,3055,1.2,8.8,45.7,Stable
H37106,3462,1.4,8.6,50.2,Stable
L54873,4603,1.8,8.2,65.5,Stable
H37108,3765,1.5,8.5,50.0,Stable
L54875,3966,1.6,8.4,49.6,Stable
H37110,3644,1.5,8.5,42.7,Stable
L54877,4105,1.6,8.4,46.7,Stable
L54878,4233,1.7,8.3,47.3,Stable
M22559,4367,1.7,8.3,48.0,Stable
M22560,4316,1.7,8.3,44.9,Stable
H37115,4691,1.9,8.1,48.9,Stable
M22562,5382,2.2,7.8,56.7,Stable
H37117,5843,2.3,7.7,62.1,Stable
M22564,5600,2.2,7.8,54.3,Stable
L54885,5107,2.0,8.0,43.9,Stable
L54886,5981,2.4,7.6,56.9,Stable
H37121,6013,2.4,7.6,56.0,Stable
L54888,6298,2.5,7.5,57.0,Stable
L54889,5860,2.3,7.7,48.2,Stable
M22570,5840,2.3,7.7,46.3,Stable
L54891,5813,2.3,7.7,43.6,Stable
L54892,6283,2.5,7.5,50.0,Stable
M22573,7519,3.0,7.0,69.1,Stable
L54894,6484,2.6,7.4,49.6,Stable
L54895,6204,2.5,7.5,43.4,Declining
M22576,6446,2.6,7.4,45.9,Declining
L54897,6555,2.6,7.4,45.5,Declining
H37132,6769,2.7,7.3,47.6,Declining
H37133,7210,2.9,7.1,51.2,Declining
H37134,7317,2.9,7.1,49.2,Declining
L54901,7440,3.0,7.0,47.5,Declining
L54902,7498,3.0,7.0,47.0,Declining
L54903,8230,3.3,6.7,57.7,Declining
M22584,7768,3.1,6.9,48.5,Declining
L54905,8483,3.4,6.6,58.1,Declining
M22586,8607,3.4,6.6,58.7,Declining
M22587,8534,3.4,6.6,55.2,Declining
L54908,8195,3.3,6.7,47.3,Declining
H37143,8103,3.2,6.8,44.3,Declining
L54910,8614,3.4,6.6,49.1,Declining
L54911,8892,3.6,6.4,52.2,Declining
L54912,8710,3.5,6.5,47.7,Declining
L54913,8902,3.6,6.4,49.4,Declining
L54914,9370,3.7,6.3,55.7,Declining
L54915,8932,3.6,6.4,46.9,Declining
H37150,8918,3.6,6.4,45.1,Declining
M22597,10405,4.2,5.8,66.2,Declining
M22598,9096,3.6,6.4,42.1,Declining
L54919,9857,3.9,6.1,52.5,Declining
L54920,9701,3.9,6.1,48.4,Declining
L54921,9841,3.9,6.1,49.3,Declining
M22602,9621,3.8,6.2,44.1,Declining
L54923,10530,4.2,5.8,57.0,Declining
L54924,9828,3.9,6.1,43.8,Declining
L54925,10210,4.1,5.9,48.7,Declining
M22606,10396,4.2,5.8,50.3,Declining
M22607,10177,4.1,5.9,44.4,Declining
L54928,10680,4.3,5.7,50.5,Declining
L54929,11088,4.4,5.6,55.8,Declining
L54930,10718,4.3,5.7,48.1,Declining
M22611,10716,4.3,5.7,46.6,Declining
M22612,11719,4.7,5.3,61.1,Declining
M22613,11372,4.5,5.5,53.0,Critical
M22614,11281,4.5,5.5,49.3,Critical
M22615,11184,4.5,5.5,45.4,Critical
L54936,11331,4.5,5.5,45.6,Critical
M22617,12131,4.9,5.1,57.4,Critical
L54938,12198,4.9,5.1,56.3,Critical
L54939,11454,4.6,5.4,42.4,Critical
M22620,12022,4.8,5.2,50.4,Critical
H37175,12565,5.0,5.0,57.2,Critical
M22622,2800,1.1,8.9,46.7,Stable
L54943,2535,1.0,9.0,40.0,Critical
M22624,3335,1.3,8.7,51.8,Stable
H37179,3214,1.3,8.7,47.6,Stable
L54946,3221,1.3,8.7,43.9,Stable
H37181,3313,1.3,8.7,44.0,Stable
M22628,4820,1.9,8.1,65.3,Stable
L54949,4139,1.7,8.3,51.7,Stable
L54950,4221,1.7,8.3,51.6,Stable
L54951,4633,1.9,8.1,57.0,Stable
H37186,4233,1.7,8.3,48.8,Stable
L54953,5048,2.0,8.0,58.6,Stable
L54954,4888,2.0,8.0,54.5,Stable
L54955,5036,2.0,8.0,55.4,Stable
M22636,4690,1.9,8.1,48.2,Stable
L54957,5325,2.1,7.9,56.5,Stable
L54958,5059,2.0,8.0,50.6,Stable
L54959,5737,2.3,7.7,60.4,Stable
L54960,5835,2.3,7.7,60.5,Stable
L54961,5321,2.1,7.9,50.4,Stable
M22642,5421,2.2,7.8,50.6,Stable
L54963,5854,2.3,7.7,55.6,Stable
L54964,5416,2.2,7.8,46.8,Stable
L54965,5466,2.2,7.8,46.1,Stable
L54966,5722,2.3,7.7,48.9,Stable
L54967,5636,2.3,7.7,45.9,Stable
M22648,6064,2.4,7.6,51.6,Stable
L54969,6095,2.4,7.6,49.8,Stable
L54970,6653,2.7,7.3,57.6,Stable
L54971,6121,2.4,7.6,47.3,Stable
H37206,6345,2.5,7.5,49.5,Stable
L54973,6468,2.6,7.4,47.8,Declining
M22654,6520,2.6,7.4,47.2,Declining
H37209,7173,2.9,7.1,55.8,Declining
L54976,6958,2.8,7.2,48.5,Declining
L54977,7092,2.8,7.2,49.2,Declining
L54978,7854,3.1,6.9,60.4,Declining
L54979,7068,2.8,7.2,45.8,Declining
M22660,7458,3.0,7.0,50.8,Declining
L54981,7311,2.9,7.1,46.1,Declining
L54982,7493,3.0,7.0,47.6,Declining
M22663,7759,3.1,6.9,50.6,Declining
M22664,7820,3.1,6.9,49.3,Declining
L54985,8407,3.4,6.6,56.9,Declining
L54986,7783,3.1,6.9,45.0,Declining
M22667,8077,3.2,6.8,48.4,Declining
L54988,8564,3.4,6.6,54.2,Declining
M22669,8474,3.4,6.6,51.2,Declining
L54990,9971,4.0,6.0,73.9,Declining
M22671,8557,3.4,6.6,48.9,Declining
L54992,9092,3.6,6.4,55.5,Declining
L54993,8760,3.5,6.5,48.5,Declining
L54994,9794,3.9,6.1,64.2,Declining
M22675,9436,3.8,6.2,56.8,Declining
L54996,9231,3.7,6.3,51.1,Declining
H37231,9825,3.9,6.1,59.5,Declining
L54998,10764,4.3,5.7,71.4,Declining
L54999,9308,3.7,6.3,45.6,Declining
M22680,10072,4.0,6.0,56.9,Declining
L55001,10399,4.2,5.8,60.1,Declining
H37236,9711,3.9,6.1,47.1,Declining
L55003,10078,4.0,6.0,49.5,Declining
L55004,10270,4.1,5.9,51.2,Declining
M22685,10448,4.2,5.8,52.6,Declining
L55006,10025,4.0,6.0,43.3,Declining
M22687,10419,4.2,5.8,48.4,Declining
M22688,10774,4.3,5.7,52.1,Declining
L55009,11113,4.4,5.6,55.5,Declining
H37244,10865,4.3,5.7,49.8,Declining
M22691,11166,4.5,5.5,51.1,Critical
L55012,11203,4.5,5.5,49.5,Critical
L55013,11533,4.6,5.4,53.5,Critical
L55014,11381,4.6,5.4,49.4,Critical
L55015,11603,4.6,5.4,51.6,Critical
L55016,11803,4.7,5.3,53.5,Critical
L55017,12055,4.8,5.2,56.2,Critical
L55018,11519,4.6,5.4,45.7,Critical
L55019,11613,4.6,5.4,45.8,Critical
L55020,12167,4.9,5.1,53.5,Critical
L55021,11987,4.8,5.2,49.0,Critical
L55022,12453,5.0,5.0,55.3,Critical
M22703,12025,4.8,5.2,46.7,Critical
L55024,12366,4.9,5.1,50.1,Critical
L55025,13046,5.2,4.8,59.9,Critical
M22706,12756,5.1,4.9,53.6,Critical
L55027,12319,4.9,5.1,44.1,Critical
H37262,12859,5.1,4.9,51.6,Critical
M22709,12738,5.1,4.9,45.8,Critical
M22710,2894,1.2,8.8,48.2,Stable
L55031,2881,1.2,8.8,45.8,Stable
L55032,3255,1.3,8.7,50.5,Stable
L55033,2949,1.2,8.8,43.9,Stable
L55034,3507,1.4,8.6,51.7,Stable
M22715,3679,1.5,8.5,53.1,Stable
L55036,3496,1.4,8.6,47.8,Stable
L55037,3584,1.4,8.6,47.7,Stable
L55038,3510,1.4,8.6,45.0,Stable
M22719,3640,1.5,8.5,45.7,Stable
L55040,3865,1.5,8.5,47.2,Stable
L55041,4121,1.6,8.4,49.9,Stable
M22722,3979,1.6,8.4,46.1,Stable
M22723,4372,1.7,8.3,50.4,Stable
L55044,4145,1.7,8.3,44.3,Stable
L55045,4341,1.7,8.3,46.1,Stable
L55046,4527,1.8,8.2,47.7,Stable
L55047,4677,1.9,8.1,48.7,Stable
H37282,4721,1.9,8.1,47.9,Stable
M22729,5628,2.3,7.7,59.3,Stable
M22730,4791,1.9,8.1,43.1,Stable
L55051,4956,2.0,8.0,43.6,Stable
L55052,5494,2.2,7.8,51.1,Stable
L55053,5460,2.2,7.8,49.0,Stable
L55054,5706,2.3,7.7,51.6,Stable
L55055,6496,2.6,7.4,63.3,Stable
H37290,5460,2.2,7.8,44.5,Stable
L55057,5855,2.3,7.7,47.3,Stable
L55058,5941,2.4,7.6,47.3,Stable
M22739,6265,2.5,7.5,51.2,Stable
H37294,6244,2.5,7.5,48.6,Stable
L55061,6541,2.6,7.4,49.8,Stable
H37296,6985,2.8,7.2,55.7,Declining
H37297,6762,2.7,7.3,48.2,Declining
L55064,7025,2.8,7.2,48.8,Critical
L55065,7365,2.9,7.1,53.0,Declining
M22746,8623,3.4,6.6,72.5,Declining
L55067,7590,3.0,7.0,53.0,Declining
L55068,7654,3.1,6.9,52.6,Declining
M22749,7332,2.9,7.1,45.7,Declining
L55070,8259,3.3,6.7,58.9,Declining
L55071,7849,3.1,6.9,50.6,Declining
M22752,8015,3.2,6.8,51.8,Declining
L55073,7872,3.1,6.9,47.2,Declining
M22754,8306,3.3,6.7,52.9,Declining
L55075,8109,3.2,6.8,47.4,Declining
L55076,8107,3.2,6.8,45.9,Declining
L55077,8313,3.3,6.7,47.8,Declining
L55078,8381,3.4,6.6,47.4,Declining
L55079,8353,3.3,6.7,45.5,Declining
L55080,9365,3.7,6.3,60.8,Declining
L55081,8535,3.4,6.6,45.5,Declining
M22762,8755,3.5,6.5,47.7,Declining
L55083,8900,3.6,6.4,47.8,Declining
M22764,9742,3.9,6.1,60.4,Declining
M22765,9185,3.7,6.3,48.8,Declining
L55086,9134,3.7,6.3,45.7,Declining
L55087,10196,4.1,5.9,61.9,Declining
L55088,10000,4.0,6.0,57.2,Declining
L55089,9840,3.9,6.1,53.0,Declining
M22770,10078,4.0,6.0,55.5,Declining
L55091,9909,4.0,6.0,50.4,Declining
L55092,9971,4.0,6.0,49.9,Declining
L55093,9855,3.9,6.1,46.5,Declining
H37328,10135,4.1,5.9,49.7,Declining
H37329,10434,4.2,5.8,50.9,Declining
L55096,10629,4.3,5.7,50.4,Declining
L55097,10643,4.3,5.7,49.1,Declining
L55098,10795,4.3,5.7,50.2,Declining
L55099,10867,4.3,5.7,49.9,Declining
L55100,10729,4.3,5.7,46.1,Declining
L55101,10893,4.4,5.6,47.3,Declining
L55102,11069,4.4,5.6,48.7,Critical
M22783,11135,4.5,5.5,48.3,Critical
H37338,11148,4.5,5.5,46.3,Critical
M22785,11989,4.8,5.2,56.6,Critical
L55106,11400,4.6,5.4,44.5,Critical
L55107,11772,4.7,5.3,49.2,Critical
L55108,11904,4.8,5.2,49.9,Critical
M22789,12338,4.9,5.1,55.6,Critical
L55110,12045,4.8,5.2,48.5,Critical
L55111,12223,4.9,5.1,50.0,Critical
L55112,12271,4.9,5.1,49.3,Critical
L55113,13261,5.3,4.7,64.3,Critical
M22794,12737,5.1,4.9,54.0,Critical
M22795,12342,4.9,5.1,45.2,Critical
L55116,12745,5.1,4.9,49.7,Critical
L55117,13011,5.2,4.8,52.6,Critical
L55118,13307,5.3,4.7,56.0,Critical
L55119,12869,5.1,4.9,47.2,Critical
M22800,3064,1.2,8.8,51.1,Stable
M22801,3133,1.3,8.7,50.0,Stable
L55122,3134,1.3,8.7,47.7,Stable
L55123,3866,1.5,8.5,58.4,Stable
L55124,3278,1.3,8.7,47.1,Stable
L55125,3850,1.5,8.5,55.2,Stable
L55126,3662,1.5,8.5,50.5,Stable
L55127,3572,1.4,8.6,47.5,Stable
L55128,3768,1.5,8.5,49.3,Stable
M22809,4038,1.6,8.4,52.3,Stable
L55130,4171,1.7,8.3,52.3,Stable
M22811,4811,1.9,8.1,61.4,Stable
M22812,4220,1.7,8.3,49.3,Stable
L55133,4289,1.7,8.3,48.2,Stable
L55134,4393,1.8,8.2,48.5,Stable
M22815,4195,1.7,8.3,43.7,Stable
H37370,4736,1.9,8.1,50.4,Stable
H37371,6215,2.5,7.5,71.3,Stable
L55138,4914,2.0,8.0,45.9,Stable
L55139,5420,2.2,7.8,52.8,Stable
H37374,5322,2.1,7.9,49.7,Stable
L55141,5093,2.0,8.0,42.1,Stable
L55142,5399,2.2,7.8,45.7,Stable
L55143,5765,2.3,7.7,50.3,Stable
L55144,5681,2.3,7.7,47.4,Stable
L55145,5853,2.3,7.7,48.8,Stable
L55146,6219,2.5,7.5,53.4,Stable
M22827,6363,2.5,7.5,54.3,Stable
L55148,6862,2.7,7.3,60.4,Stable
L55149,6752,2.7,7.3,57.0,Stable
M22830,6014,2.4,7.6,43.2,Stable
L55151,6365,2.5,7.5,46.8,Stable
L55152,6439,2.6,7.4,46.6,Declining
L55153,7099,2.8,7.2,56.1,Declining
L55154,6881,2.8,7.2,50.9,Declining
M22835,7011,2.8,7.2,51.6,Declining
H37390,6840,2.7,7.3,46.5,Declining
L55157,7031,2.8,7.2,45.9,Declining
L55158,7325,2.9,7.1,49.3,Declining
M22839,7311,2.9,7.1,47.6,Declining
M22840,7600,3.0,7.0,50.2,Declining
L55161,7615,3.0,7.0,48.2,Declining
L55162,7791,3.1,6.9,49.6,Declining
L55163,8107,3.2,6.8,53.4,Declining
L55164,8095,3.2,6.8,51.7,Declining
L55165,8165,3.3,6.7,51.3,Declining
L55166,8349,3.3,6.7,52.9,Declining
H37401,8243,3.3,6.7,49.6,Declining
L55168,8462,3.4,6.6,49.5,Declining
L55169,8440,3.4,6.6,47.7,Declining
M22850,9288,3.7,6.3,60.3,Declining
L55171,8873,3.5,6.5,51.1,Declining
M22852,9599,3.8,6.2,61.7,Declining
L55173,9220,3.7,6.3,53.2,Declining
L55174,8968,3.6,6.4,47.5,Declining
L55175,9762,3.9,6.1,59.2,Declining
M22856,9298,3.7,6.3,50.0,Declining
M22857,11855,4.7,5.3,90.3,Critical
L55178,9288,3.7,6.3,45.3,Declining
M22859,9894,4.0,6.0,53.9,Declining
M22860,9681,3.9,6.1,48.1,Declining
L55181,9678,3.9,6.1,45.8,Declining
M22862,10722,4.3,5.7,61.7,Declining
M22863,9703,3.9,6.1,42.5,Declining
L55184,10356,4.1,5.9,51.1,Declining
L55185,10334,4.1,5.9,49.2,Declining
L55186,10394,4.2,5.8,48.7,Declining
M22867,10888,4.4,5.6,55.5,Declining
L55188,10523,4.2,5.8,47.1,Declining
H37423,12043,4.8,5.2,71.0,Declining
L55190,10656,4.3,5.7,44.1,Declining
L55191,10954,4.4,5.6,47.6,Critical
M22872,10940,4.4,5.6,45.8,Critical
M22873,11129,4.5,5.5,46.7,Critical
L55194,11460,4.6,5.4,50.0,Critical
M22875,11666,4.7,5.3,51.9,Critical
M22876,11579,4.6,5.4,48.2,Critical
L55197,11856,4.7,5.3,50.6,Critical
L55198,12688,5.1,4.9,63.0,Critical
L55199,12350,4.9,5.1,55.8,Critical
H37434,12530,5.0,5.0,57.3,Critical
M22881,12313,4.9,5.1,50.0,Critical
L55202,12332,4.9,5.1,48.0,Critical
H37437,12334,4.9,5.1,46.6,Critical
L55204,12751,5.1,4.9,49.8,Critical
M22885,12699,5.1,4.9,47.4,Critical
L55206,12788,5.1,4.9,46.6,Critical
L55207,12930,5.2,4.8,47.5,Critical
L55208,13172,5.3,4.7,50.0,Critical
M22889,3258,1.3,8.7,54.3,Stable
L55210,3115,1.2,8.8,49.7,Stable
L55211,3325,1.3,8.7,51.7,Stable
L55212,3147,1.3,8.7,47.2,Stable
L55213,3375,1.4,8.6,49.5,Stable
L55214,3623,1.4,8.6,52.1,Stable
L55215,4405,1.8,8.2,63.7,Stable
L55216,3595,1.4,8.6,48.7,Stable
L55217,3971,1.6,8.4,53.4,Stable
L55218,3827,1.5,8.5,49.5,Stable
L55219,4065,1.6,8.4,52.0,Stable
L55220,4031,1.6,8.4,49.9,Stable
H37455,3987,1.6,8.4,47.7,Stable
L55222,4322,1.7,8.3,49.5,Stable
L55223,4412,1.8,8.2,49.5,Stable
L55224,4412,1.8,8.2,48.0,Stable
M22905,4352,1.7,8.3,45.5,Stable
L55226,4697,1.9,8.1,49.0,Stable
L55227,4771,1.9,8.1,48.8,Stable
L55228,4761,1.9,8.1,47.1,Stable
H37463,5233,2.1,7.9,53.5,Stable
L55230,5052,2.0,8.0,46.7,Stable
L55231,5644,2.3,7.7,55.1,Stable
L55232,5236,2.1,7.9,46.8,Stable
L55233,6294,2.5,7.5,62.9,Stable
L55234,5420,2.2,7.8,46.8,Stable
H37469,5692,2.3,7.7,49.9,Stable
L55236,5923,2.4,7.6,50.0,Stable
L55237,6113,2.4,7.6,51.6,Stable
L55238,6135,2.5,7.5,50.5,Stable
L55239,6275,2.5,7.5,51.3,Stable
H37474,6137,2.5,7.5,47.5,Stable
M22921,6440,2.6,7.4,48.8,Stable
M22922,6363,2.5,7.5,45.3,Declining
M22923,6882,2.8,7.2,51.7,Declining
L55244,7107,2.8,7.2,53.2,Declining
M22925,7345,2.9,7.1,55.7,Declining
L55246,7876,3.2,6.8,62.3,Declining
M22927,7210,2.9,7.1,49.7,Declining
M22928,7717,3.1,6.9,55.9,Declining
M22929,8250,3.3,6.7,62.5,Declining
M22930,8369,3.3,6.7,62.2,Declining
L55251,8062,3.2,6.8,54.9,Declining
H37486,7610,3.0,7.0,45.8,Declining
L55253,8201,3.3,6.7,51.9,Declining
L55254,8437,3.4,6.6,54.4,Declining
L55255,7997,3.2,6.8,45.5,Declining
L55256,8075,3.2,6.8,45.3,Declining
L55257,8539,3.4,6.6,51.6,Declining
L55258,8677,3.5,6.5,52.4,Declining
L55259,8681,3.5,6.5,50.9,Declining
H37494,8579,3.4,6.6,47.7,Declining
L55261,8652,3.5,6.5,45.2,Declining
H37496,8874,3.5,6.5,47.4,Declining
L55263,9131,3.7,6.3,47.9,Declining
L55264,9311,3.7,6.3,49.4,Declining
L55265,9097,3.6,6.4,44.4,Declining
L55266,9451,3.8,6.2,48.8,Declining
L55267,9507,3.8,6.2,48.2,Declining
L55268,9417,3.8,6.2,45.2,Declining
L55269,10147,4.1,5.9,55.9,Declining
L55270,10705,4.3,5.7,63.7,Declining
L55271,9725,3.9,6.1,45.8,Declining
M22952,10091,4.0,6.0,50.4,Declining
L55273,10222,4.1,5.9,50.4,Declining
H37508,10614,4.2,5.8,55.4,Declining
L55275,10501,4.2,5.8,49.8,Declining
M22956,10715,4.3,5.7,51.8,Declining
L55277,10644,4.3,5.7,48.4,Declining
L55278,10830,4.3,5.7,50.0,Declining
L55279,11126,4.5,5.5,53.4,Declining
L55280,11374,4.5,5.5,56.1,Declining
L55281,11234,4.5,5.5,52.2,Critical
L55282,11016,4.4,5.6,47.1,Critical
M22963,11138,4.5,5.5,47.6,Critical
L55284,11799,4.7,5.3,56.4,Critical
L55285,11457,4.6,5.4,49.2,Critical
M22966,11787,4.7,5.3,53.2,Critical
H37521,11510,4.6,5.4,46.3,Critical
M22968,12169,4.9,5.1,53.6,Critical
L55289,12732,5.1,4.9,60.7,Critical
H37524,13462,5.4,4.6,71.4,Critical
M22971,12511,5.0,5.0,51.8,Critical
M22972,2884,1.2,8.8,48.1,Stable
L55293,3053,1.2,8.8,48.6,Stable
H37528,5217,2.1,7.9,83.2,Stable
L55295,3184,1.3,8.7,45.6,Stable
L55296,4548,1.8,8.2,66.8,Stable
L55297,3442,1.4,8.6,46.9,Stable
L55298,3816,1.5,8.5,51.6,Stable
L55299,3476,1.4,8.6,44.4,Stable
L55300,4434,1.8,8.2,58.9,Stable
L55301,4644,1.9,8.1,60.9,Stable
M22982,4146,1.7,8.3,51.1,Stable
H37537,4245,1.7,8.3,50.5,Stable
L55304,4576,1.8,8.2,52.3,Stable
L55305,4434,1.8,8.2,48.4,Stable
L55306,4486,1.8,8.2,47.8,Stable
M22987,5010,2.0,8.0,55.0,Stable
L55308,5103,2.0,8.0,54.3,Stable
L55309,4975,2.0,8.0,50.7,Stable
H37544,4811,1.9,8.1,46.4,Stable
H37545,4978,2.0,8.0,45.5,Stable
M22992,5253,2.1,7.9,46.3,Stable
L55313,5542,2.2,7.8,48.9,Stable
L55314,6000,2.4,7.6,55.0,Stable
L55315,5898,2.4,7.6,51.8,Stable
M22996,5828,2.3,7.7,49.1,Stable
H37551,6215,2.5,7.5,53.3,Stable
L55318,5952,2.4,7.6,45.2,Stable
L55319,6472,2.6,7.4,52.4,Stable
L55320,6736,2.7,7.3,55.3,Stable
L55321,6296,2.5,7.5,46.4,Stable
M23002,6496,2.6,7.4,48.3,Declining
L55323,6689,2.7,7.3,49.2,Declining
M23004,6837,2.7,7.3,50.2,Declining
M23005,7330,2.9,7.1,56.2,Declining
L55326,7161,2.9,7.1,51.1,Declining
L55327,7079,2.8,7.2,48.2,Declining
M23008,7251,2.9,7.1,49.6,Declining
M23009,7264,2.9,7.1,47.6,Declining
M23010,7393,3.0,7.0,47.5,Declining
L55331,7624,3.0,7.0,49.1,Declining
L55332,7646,3.1,6.9,47.9,Declining
L55333,7874,3.1,6.9,50.2,Declining
L55334,7736,3.1,6.9,46.4,Declining
L55335,7606,3.0,7.0,42.8,Declining
L55336,8418,3.4,6.6,54.8,Declining
L55337,8216,3.3,6.7,49.9,Declining
L55338,8110,3.2,6.8,46.7,Declining
H37573,8758,3.5,6.5,56.0,Declining
M23020,8861,3.5,6.5,53.9,Declining
H37575,9188,3.7,6.3,57.1,Declining
L55342,9133,3.7,6.3,52.5,Declining
L55343,9223,3.7,6.3,52.5,Declining
L55344,9109,3.6,6.4,49.1,Declining
L55345,9359,3.7,6.3,51.7,Declining
L55346,9551,3.8,6.2,53.4,Declining
H37581,9141,3.7,6.3,45.1,Declining
L55348,10040,4.0,6.0,56.3,Declining
M23029,10240,4.1,5.9,58.2,Declining
L55350,9929,4.0,6.0,50.7,Declining
H37585,10257,4.1,5.9,54.7,Declining
L55352,10392,4.2,5.8,53.2,Declining
H37587,10284,4.1,5.9,49.9,Declining
L55354,10257,4.1,5.9,45.7,Declining
M23035,10495,4.2,5.8,48.2,Declining
L55356,10868,4.3,5.7,52.1,Declining
L55357,10708,4.3,5.7,48.0,Declining
L55358,10624,4.2,5.8,45.1,Declining
L55359,11130,4.5,5.5,52.0,Declining
M23040,11332,4.5,5.5,53.9,Critical
L55361,11905,4.8,5.2,61.2,Critical
M23042,11623,4.6,5.4,55.0,Critical
L55363,11364,4.5,5.5,48.4,Critical
L55364,12838,5.1,4.9,71.5,Critical
L55365,11748,4.7,5.3,51.8,Critical
L55366,12384,5.0,5.0,60.9,Critical
L55367,11716,4.7,5.3,48.3,Critical
M23048,11970,4.8,5.2,51.0,Critical
L55369,13011,5.2,4.8,66.1,Critical
M23050,12375,5.0,5.0,54.0,Critical
M23051,12530,5.0,5.0,54.3,Critical
L55372,11863,4.7,5.3,41.0,Critical
L55373,13241,5.3,4.7,62.4,Critical
L55374,12437,5.0,5.0,47.5,Critical
L55375,12427,5.0,5.0,45.9,Critical
L55376,13009,5.2,4.8,54.1,Critical
M23057,12839,5.1,4.9,49.7,Critical
M23058,12738,5.1,4.9,45.8,Critical
L55379,13599,5.4,4.6,57.9,Critical
L55380,2852,1.1,8.9,47.5,Stable
M23061,3742,1.5,8.5,60.9,Stable
L55382,3563,1.4,8.6,55.6,Stable
M23063,3261,1.3,8.7,49.1,Stable
L55384,3952,1.6,8.4,58.4,Stable
M23065,3432,1.4,8.6,48.2,Stable
L55386,3641,1.5,8.5,49.4,Stable
L55387,3835,1.5,8.5,51.2,Stable
L55388,3809,1.5,8.5,49.2,Stable
L55389,3727,1.5,8.5,46.4,Stable
H37624,4307,1.7,8.3,54.5,Stable
L55391,4610,1.8,8.2,55.8,Stable
H37626,4008,1.6,8.4,44.3,Stable
M23073,4671,1.9,8.1,51.6,Stable
L55394,4492,1.8,8.2,46.4,Stable
L55395,4674,1.9,8.1,47.9,Stable
L55396,4630,1.9,8.1,45.7,Stable
L55397,5134,2.1,7.9,52.6,Stable
L55398,5040,2.0,8.0,49.5,Stable
L55399,5168,2.1,7.9,50.1,Stable
M23080,5352,2.1,7.9,51.7,Stable
M23081,5241,2.1,7.9,47.6,Stable
L55402,6030,2.4,7.6,58.5,Stable
L55403,5268,2.1,7.9,44.3,Stable
L55404,5692,2.3,7.7,49.9,Stable
L55405,5854,2.3,7.7,51.1,Stable
L55406,5658,2.3,7.7,46.3,Stable
M23087,6018,2.4,7.6,50.8,Stable
M23088,5949,2.4,7.6,47.4,Stable
L55409,6718,2.7,7.3,58.0,Stable
L55410,6802,2.7,7.3,57.9,Stable
L55411,6258,2.5,7.5,47.3,Stable
L55412,6162,2.5,7.5,44.2,Stable
M23093,6498,2.6,7.4,48.3,Declining
L55414,6803,2.7,7.3,51.1,Declining
M23095,6711,2.7,7.3,48.1,Declining
L55416,6956,2.8,7.2,49.9,Declining
L55417,7642,3.1,6.9,59.9,Declining
L55418,7178,2.9,7.1,50.6,Declining
L55419,6908,2.8,7.2,44.6,Declining
L55420,7286,2.9,7.1,49.4,Declining
M23101,8608,3.4,6.6,70.0,Declining
M23102,7923,3.2,6.8,56.3,Declining
H37657,7418,3.0,7.0,45.6,Declining
L55424,7929,3.2,6.8,50.4,Declining
M23105,7601,3.0,7.0,43.4,Critical
L55426,8234,3.3,6.7,51.7,Declining
L55427,8646,3.5,6.5,57.1,Declining
L55428,8222,3.3,6.7,48.5,Declining
L55429,8448,3.4,6.6,50.8,Declining
M23110,8278,3.3,6.7,46.5,Declining
L55431,9587,3.8,6.2,66.0,Declining
L55432,8845,3.5,6.5,52.2,Declining
L55433,9119,3.6,6.4,55.2,Declining
M23114,9145,3.7,6.3,54.2,Declining
L55435,9242,3.7,6.3,53.5,Declining
H37670,8792,3.5,6.5,44.5,Declining
M23117,9519,3.8,6.2,52.9,Declining
L55438,9684,3.9,6.1,53.4,Declining
L55439,9512,3.8,6.2,49.0,Declining
H37674,9324,3.7,6.3,44.4,Declining
H37675,9753,3.9,6.1,47.8,Declining
L55442,10952,4.4,5.6,64.0,Declining
H37677,10608,4.2,5.8,56.8,Declining
M23124,10219,4.1,5.9,46.6,Declining
H37679,11142,4.5,5.5,59.7,Declining
L55446,11421,4.6,5.4,60.6,Declining
L55447,10955,4.4,5.6,51.3,Declining
M23128,10969,4.4,5.6,50.1,Declining
H37683,11622,4.6,5.4,58.7,Critical
M23130,11359,4.5,5.5,50.6,Critical
L55451,11078,4.4,5.6,43.6,Critical
L55452,11276,4.5,5.5,45.4,Critical
M23133,12214,4.9,5.1,59.6,Critical
L55454,12055,4.8,5.2,54.7,Critical
M23135,12305,4.9,5.1,57.3,Critical
L55456,11768,4.7,5.3,46.1,Critical
H37691,11678,4.7,5.3,43.1,Critical
L55458,12243,4.9,5.1,48.8,Critical
L55459,13011,5.2,4.8,60.1,Critical
L55460,12699,5.1,4.9,53.4,Critical
H37695,12623,5.0,5.0,50.6,Critical
M23142,13086,5.2,4.8,54.6,Critical
H37697,13175,5.3,4.7,53.8,Critical
L55464,3302,1.3,8.7,55.0,Stable
L55465,2864,1.1,8.9,46.2,Stable
M23146,3536,1.4,8.6,55.9,Stable
L55467,3485,1.4,8.6,52.8,Stable
M23148,3685,1.5,8.5,54.7,Stable
L55469,3352,1.3,8.7,46.9,Stable
M23150,3988,1.6,8.4,56.0,Stable
L55471,4199,1.7,8.3,57.2,Stable
H37706,3713,1.5,8.5,47.6,Stable
M23153,4146,1.7,8.3,51.1,Stable
M23154,4265,1.7,8.3,50.8,Stable
L55475,4828,1.9,8.1,58.0,Stable
L55476,4312,1.7,8.3,47.9,Stable
M23157,4720,1.9,8.1,53.2,Stable
H37712,4535,1.8,8.2,47.8,Stable
L55479,5164,2.1,7.9,54.6,Stable
L55480,5096,2.0,8.0,51.9,Stable
M23161,5358,2.1,7.9,54.8,Stable
L55482,5487,2.2,7.8,54.7,Stable
L55483,5303,2.1,7.9,50.1,Stable
M23164,5397,2.2,7.8,50.2,Stable
H37719,5280,2.1,7.9,46.0,Stable
M23166,5843,2.3,7.7,51.6,Stable
M23167,5684,2.3,7.7,46.7,Critical
L55488,5817,2.3,7.7,46.7,Stable
M23169,6023,2.4,7.6,48.6,Stable
L55490,6170,2.5,7.5,48.8,Stable
M23171,5920,2.4,7.6,43.2,Stable
M23172,6523,2.6,7.4,51.0,Stable
M23173,6568,2.6,7.4,49.5,Declining
L55494,7213,2.9,7.1,58.0,Declining
H37729,6669,2.7,7.3,47.4,Declining
L55496,6976,2.8,7.2,48.8,Declining
L55497,7474,3.0,7.0,55.6,Declining
H37732,7360,2.9,7.1,52.2,Declining
L55499,7241,2.9,7.1,46.4,Declining
M23180,7451,3.0,7.0,48.4,Declining
L55501,7564,3.0,7.0,48.1,Declining
L55502,7498,3.0,7.0,45.5,Declining
H37737,7766,3.1,6.9,48.4,Declining
M23184,7873,3.1,6.9,46.5,Declining
M23185,8220,3.3,6.7,50.0,Declining
H37740,8401,3.4,6.6,50.8,Declining
M23187,8088,3.2,6.8,41.8,Declining
L55508,8365,3.3,6.7,44.2,Declining
L55509,8653,3.5,6.5,47.5,Declining
L55510,8905,3.6,6.4,50.2,Declining
M23191,8769,3.5,6.5,46.4,Declining
L55512,9178,3.7,6.3,51.0,Declining
M23193,9164,3.7,6.3,49.2,Declining
M23194,9263,3.7,6.3,48.6,Declining
M23195,10960,4.4,5.6,74.7,Declining
L55516,9513,3.8,6.2,48.3,Declining
M23197,9883,4.0,6.0,53.0,Declining
L55518,10320,4.1,5.9,58.0,Declining
M23199,9928,4.0,6.0,50.0,Declining
M23200,10025,4.0,6.0,49.3,Declining
L55521,10702,4.3,5.7,58.4,Declining
L55522,10310,4.1,5.9,50.3,Declining
H37757,10254,4.1,5.9,47.9,Declining
L55524,10823,4.3,5.7,53.6,Declining
H37759,10675,4.3,5.7,49.7,Declining
L55526,11122,4.4,5.6,53.4,Declining
L55527,11340,4.5,5.5,55.5,Declining
M23208,11004,4.4,5.6,48.4,Critical
M23209,11209,4.5,5.5,49.6,Critical
M23210,11134,4.5,5.5,46.1,Critical
M23211,11877,4.8,5.2,56.2,Critical
L55532,11622,4.6,5.4,49.7,Critical
L55533,11614,4.6,5.4,48.1,Critical
L55534,11600,4.6,5.4,46.3,Critical
L55535,11914,4.8,5.2,50.1,Critical
M23216,11688,4.7,5.3,44.8,Critical
L55537,11905,4.8,5.2,46.2,Critical
L55538,3094,1.2,8.8,51.6,Stable
M23219,3140,1.3,8.7,50.8,Stable
L55540,3305,1.3,8.7,51.3,Stable
L55541,3215,1.3,8.7,48.3,Stable
L55542,3111,1.2,8.8,45.1,Stable
L55543,3659,1.5,8.5,52.7,Stable
L55544,3377,1.4,8.6,46.5,Stable
M23225,3777,1.5,8.5,51.7,Stable
M23226,4482,1.8,8.2,61.2,Stable
L55547,3725,1.5,8.5,46.3,Stable
L55548,4103,1.6,8.4,51.1,Stable
L55549,5031,2.0,8.0,65.1,Stable
L55550,4483,1.8,8.2,54.5,Stable
L55551,5067,2.0,8.0,62.7,Stable
M23232,4291,1.7,8.3,48.3,Stable
M23233,4254,1.7,8.3,45.4,Stable
L55554,4115,1.6,8.4,40.8,Stable
M23235,4523,1.8,8.2,46.1,Stable
L55556,4558,1.8,8.2,44.5,Stable
L55557,4652,1.9,8.1,44.5,Stable
M23238,4732,1.9,8.1,44.4,Stable
L55559,5463,2.2,7.8,54.3,Stable
L55560,5847,2.3,7.7,59.2,Stable
H37795,5445,2.2,7.8,51.0,Stable
L55562,6048,2.4,7.6,57.3,Stable
M23243,5690,2.3,7.7,49.8,Stable
L55564,5735,2.3,7.7,48.3,Stable
H37799,6051,2.4,7.6,52.1,Stable
M23246,6152,2.5,7.5,50.0,Stable
L55567,5987,2.4,7.6,45.0,Stable
L55568,6105,2.4,7.6,45.5,Stable
L55569,6515,2.6,7.4,50.8,Stable
M23250,6131,2.5,7.5,42.9,Stable
L55571,6536,2.6,7.4,47.4,Declining
M23252,6784,2.7,7.3,50.1,Declining
L55573,6771,2.7,7.3,47.6,Declining
M23254,7137,2.9,7.1,52.2,Declining
M23255,7106,2.8,7.2,49.4,Declining
H37810,7461,3.0,7.0,53.1,Declining
L55577,7948,3.2,6.8,57.5,Declining
L55578,9824,3.9,6.1,87.2,Critical
L55579,7268,2.9,7.1,43.1,Declining
L55580,7836,3.1,6.9,51.1,Declining
H37815,8202,3.3,6.7,55.7,Declining
L55582,7825,3.1,6.9,45.7,Declining
L55583,8099,3.2,6.8,48.7,Declining
L55584,8355,3.3,6.7,51.5,Declining
M23265,8323,3.3,6.7,49.5,Declining
M23266,8178,3.3,6.7,44.8,Declining
L55587,8339,3.3,6.7,45.2,Declining
M23268,8859,3.5,6.5,52.4,Declining
L55589,9572,3.8,6.2,62.0,Declining
L55590,9036,3.6,6.4,51.6,Declining
L55591,9022,3.6,6.4,49.9,Declining
M23272,8748,3.5,6.5,43.8,Declining
M23273,9099,3.6,6.4,47.4,Declining
L55594,10074,4.0,6.0,61.4,Declining
M23275,9348,3.7,6.3,47.8,Declining
M23276,9785,3.9,6.1,52.8,Declining
H37831,10158,4.1,5.9,56.8,Declining
L55598,10917,4.4,5.6,65.7,Declining
L55599,9927,4.0,6.0,47.7,Declining
L55600,10247,4.1,5.9,51.5,Declining
L55601,10237,4.1,5.9,49.9,Declining
H37836,9821,3.9,6.1,41.4,Declining
L55603,10464,4.2,5.8,48.4,Declining
L55604,10410,4.2,5.8,46.0,Declining
L55605,10874,4.3,5.7,52.2,Declining
L55606,11086,4.4,5.6,54.3,Declining
L55607,10930,4.4,5.6,50.2,Declining
M23288,11664,4.7,5.3,60.9,Declining
L55609,11299,4.5,5.5,52.6,Critical
L55610,10843,4.3,5.7,43.5,Critical
H37845,10973,4.4,5.6,44.1,Critical
L55612,11624,4.6,5.4,51.2,Critical
M23293,11642,4.7,5.3,50.0,Critical
M23294,12083,4.8,5.2,55.1,Critical
M23295,11948,4.8,5.2,50.6,Critical
L55616,11787,4.7,5.3,45.7,Critical
L55617,11497,4.6,5.4,39.4,Critical
L55618,12163,4.9,5.1,49.0,Critical
L55619,12589,5.0,5.0,54.6,Critical
L55620,2740,1.1,8.9,45.7,Stable
L55621,3350,1.3,8.7,54.3,Stable
L55622,3214,1.3,8.7,50.6,Stable
M23303,3606,1.4,8.6,55.6,Stable
M23304,4041,1.6,8.4,60.6,Stable
M23305,3622,1.4,8.6,51.4,Stable
L55626,3639,1.5,8.5,49.4,Stable
L55627,3643,1.5,8.5,48.0,Stable
L55628,3839,1.5,8.5,49.7,Stable
L55629,4395,1.8,8.2,57.5,Stable
L55630,4153,1.7,8.3,52.0,Stable
L55631,3995,1.6,8.4,47.8,Stable
M23312,4239,1.7,8.3,50.4,Stable
L55633,4478,1.8,8.2,52.1,Stable
L55634,4484,1.8,8.2,50.7,Stable
L55635,4242,1.7,8.3,45.2,Stable
L55636,4732,1.9,8.1,51.9,Stable
L55637,4496,1.8,8.2,46.4,Stable
L55638,5306,2.1,7.9,58.4,Stable
L55639,5192,2.1,7.9,55.0,Stable
L55640,4724,1.9,8.1,45.7,Stable
L55641,4962,2.0,8.0,48.2,Stable
M23322,5162,2.1,7.9,50.0,Stable
M23323,5117,2.0,8.0,47.0,Stable
H37878,5774,2.3,7.7,55.7,Stable
M23325,5605,2.2,7.8,49.2,Stable
L55646,5728,2.3,7.7,49.0,Stable
L55647,6288,2.5,7.5,56.8,Stable
H37882,5896,2.4,7.6,48.8,Stable
M23329,5755,2.3,7.7,42.7,Stable
L55650,6258,2.5,7.5,48.8,Stable
L55651,6084,2.4,7.6,44.4,Stable
L55652,6778,2.7,7.3,54.5,Stable
M23333,6460,2.6,7.4,47.7,Declining
M23334,6781,2.7,7.3,50.8,Declining
M23335,6984,2.8,7.2,51.9,Declining
L55656,7175,2.9,7.1,52.8,Declining
H37891,7253,2.9,7.1,52.6,Declining
M23338,7028,2.8,7.2,45.1,Declining
L55659,7709,3.1,6.9,54.2,Declining
L55660,7499,3.0,7.0,49.2,Declining
M23341,7825,3.1,6.9,53.2,Declining
L55662,7810,3.1,6.9,50.7,Declining
L55663,8096,3.2,6.8,53.9,Declining
L55664,7744,3.1,6.9,46.6,Declining
L55665,7940,3.2,6.8,48.3,Declining
M23346,8132,3.3,6.7,50.0,Declining
L55667,8049,3.2,6.8,46.4,Declining
L55668,8125,3.2,6.8,46.2,Declining
L55669,8367,3.3,6.7,48.7,Declining
M23350,8263,3.3,6.7,45.5,Declining
L55671,8828,3.5,6.5,52.6,Declining
M23352,8788,3.5,6.5,50.5,Declining
M23353,9015,3.6,6.4,52.0,Declining
L55674,9114,3.6,6.4,51.4,Declining
L55675,9456,3.8,6.2,55.6,Declining
M23356,9842,3.9,6.1,60.5,Declining
M23357,9363,3.7,6.3,50.3,Declining
L55678,9438,3.8,6.2,49.3,Declining
L55679,9880,4.0,6.0,55.2,Declining
L55680,10082,4.0,6.0,57.0,Declining
L55681,9912,4.0,6.0,52.7,Declining
H37916,9398,3.8,6.2,42.6,Declining
L55683,10001,4.0,6.0,48.9,Declining
L55684,9993,4.0,6.0,47.3,Declining
L55685,10305,4.1,5.9,51.0,Declining
L55686,10755,4.3,5.7,57.0,Critical
L55687,10461,4.2,5.8,50.6,Declining
M23368,10873,4.3,5.7,56.0,Declining
M23369,11390,4.6,5.4,62.3,Declining
L55690,10753,4.3,5.7,49.5,Declining
L55691,10789,4.3,5.7,48.6,Declining
H37926,11057,4.4,5.6,51.5,Declining
M23373,11146,4.5,5.5,49.3,Critical
L55694,11219,4.5,5.5,48.2,Critical
L55695,11301,4.5,5.5,48.1,Critical
L55696,11559,4.6,5.4,50.9,Critical
M23377,11533,4.6,5.4,49.0,Critical
M23378,12092,4.8,5.2,56.0,Critical
L55699,11705,4.7,5.3,47.3,Critical
M23380,12041,4.8,5.2,51.4,Critical
L55701,11842,4.7,5.3,45.9,Critical
H37936,3262,1.3,8.7,54.4,Stable
H37937,3283,1.3,8.7,51.0,Stable
L55704,3386,1.4,8.6,48.9,Stable
L55705,3296,1.3,8.7,45.9,Stable
L55706,3432,1.4,8.6,46.7,Stable
L55707,3782,1.5,8.5,51.0,Stable
L55708,3834,1.5,8.5,50.4,Stable
M23389,3944,1.6,8.4,50.7,Stable
M23390,4265,1.7,8.3,53.8,Stable
L55711,4068,1.6,8.4,48.3,Stable
L55712,3890,1.6,8.4,43.8,Stable
M23393,4280,1.7,8.3,48.8,Stable
M23394,4293,1.7,8.3,46.8,Stable
L55715,4714,1.9,8.1,51.6,Stable
M23396,4562,1.8,8.2,47.5,Stable
L55717,5305,2.1,7.9,57.7,Stable
L55718,5031,2.0,8.0,51.6,Stable
L55719,5059,2.0,8.0,50.6,Stable
L55720,5489,2.2,7.8,56.2,Stable
L55721,5681,2.3,7.7,57.9,Stable
H37956,5319,2.1,7.9,50.4,Stable
M23403,5250,2.1,7.9,45.5,Stable
H37958,6677,2.7,7.3,67.0,Stable
L55725,6492,2.6,7.4,60.2,Stable
L55726,6402,2.6,7.4,57.2,Stable
M23407,6392,2.6,7.4,55.5,Stable
L55728,6351,2.5,7.5,52.6,Stable
L55729,6401,2.6,7.4,51.9,Stable
L55730,6287,2.5,7.5,48.5,Stable
M23411,6379,2.6,7.4,48.6,Stable
L55732,6534,2.6,7.4,48.9,Declining
M23413,7012,2.8,7.2,55.4,Declining
L55734,7009,2.8,7.2,53.1,Declining
L55735,7107,2.8,7.2,53.2,Declining
L55736,6983,2.8,7.2,49.6,Declining
L55737,7037,2.8,7.2,49.0,Declining
M23418,7195,2.9,7.1,50.2,Declining
L55739,7358,2.9,7.1,50.6,Declining
L55740,7226,2.9,7.1,46.9,Declining
L55741,7164,2.9,7.1,44.4,Declining
L55742,7292,2.9,7.1,45.0,Declining
L55743,7680,3.1,6.9,50.0,Declining
M23424,7998,3.2,6.8,53.8,Declining
L55745,7883,3.2,6.8,49.6,Declining
M23426,8497,3.4,6.6,58.4,Declining
L55747,8152,3.3,6.7,50.4,Declining
L55748,8602,3.4,6.6,56.4,Declining
L55749,8824,3.5,6.5,58.6,Declining
H37984,8490,3.4,6.6,51.5,Declining
L55751,10149,4.1,5.9,75.4,Declining
M23432,8833,3.5,6.5,52.0,Declining
L55753,9102,3.6,6.4,54.2,Declining
L55754,8788,3.5,6.5,47.5,Declining
M23435,9326,3.7,6.3,54.9,Declining
L55756,9211,3.7,6.3,50.8,Declining
L55757,9259,3.7,6.3,50.1,Declining
L55758,9323,3.7,6.3,49.6,Declining
M23439,9675,3.9,6.1,54.0,Declining
L55760,9832,3.9,6.1,54.4,Declining
M23441,9518,3.8,6.2,47.6,Declining
M23442,9463,3.8,6.2,44.5,Critical
L55763,9776,3.9,6.1,47.4,Declining
L55764,9800,3.9,6.1,46.3,Declining
M23445,9786,3.9,6.1,44.6,Declining
H38000,10167,4.1,5.9,48.7,Declining
M23447,10724,4.3,5.7,54.2,Declining
L55768,10375,4.2,5.8,46.2,Declining
M23449,10771,4.3,5.7,51.3,Declining
L55770,10944,4.4,5.6,51.9,Declining
L55771,11132,4.5,5.5,53.5,Declining
M23452,10870,4.3,5.7,47.7,Declining
M23453,11347,4.5,5.5,53.4,Critical
L55774,10992,4.4,5.6,45.2,Critical
M23455,11618,4.6,5.4,54.1,Critical
L55776,11159,4.5,5.5,44.2,Critical
L55777,11415,4.6,5.4,47.0,Critical
L55778,11641,4.7,5.3,49.3,Critical
L55779,11695,4.7,5.3,48.7,Critical
L55780,11735,4.7,5.3,47.8,Critical
H38015,11673,4.7,5.3,45.3,Critical
L55782,12638,5.1,4.9,57.6,Critical
H38017,12038,4.8,5.2,46.1,Critical
L55784,12089,4.8,5.2,43.2,Critical
L55785,12851,5.1,4.9,54.4,Critical
M23466,12685,5.1,4.9,50.2,Critical
L55787,12676,5.1,4.9,47.8,Critical
L55788,12638,5.1,4.9,45.6,Critical
L55789,12940,5.2,4.8,49.2,Critical
L55790,3122,1.2,8.8,52.0,Stable
L55791,3034,1.2,8.8,49.1,Stable
L55792,3062,1.2,8.8,48.0,Stable
M23473,3072,1.2,8.8,46.7,Stable
L55794,3787,1.5,8.5,56.4,Stable
L55795,3259,1.3,8.7,46.1,Stable
L55796,3295,1.3,8.7,45.2,Stable
L55797,3733,1.5,8.5,51.0,Stable
L55798,4423,1.8,8.2,61.0,Stable
H38033,3815,1.5,8.5,49.3,Stable
L55800,4030,1.6,8.4,49.2,Stable
M23481,4032,1.6,8.4,47.7,Stable
L55802,4179,1.7,8.3,47.9,Stable
M23483,4347,1.7,8.3,49.2,Stable
H38038,4510,1.8,8.2,49.7,Stable
L55805,5019,2.0,8.0,54.4,Stable
L55806,4649,1.9,8.1,46.7,Stable
L55807,4629,1.9,8.1,44.9,Stable
L55808,5519,2.2,7.8,58.2,Stable
H38043,5229,2.1,7.9,51.9,Stable
L55810,5082,2.0,8.0,45.7,Stable
H38045,5442,2.2,7.8,50.2,Stable
L55812,5835,2.3,7.7,53.0,Stable
L55813,5417,2.2,7.8,44.5,Stable
L55814,5657,2.3,7.7,47.0,Stable
L55815,6333,2.5,7.5,56.8,Stable
L55816,6461,2.6,7.4,57.4,Stable
L55817,6023,2.4,7.6,48.6,Stable
L55818,6339,2.5,7.5,52.4,Stable
L55819,6053,2.4,7.6,46.1,Stable
L55820,6141,2.5,7.5,46.1,Stable
M23501,6185,2.5,7.5,45.3,Stable
M23502,6792,2.7,7.3,53.2,Declining
L55823,6631,2.7,7.3,48.3,Declining
M23504,6711,2.7,7.3,48.1,Declining
M23505,6944,2.8,7.2,49.7,Declining
L55826,7089,2.8,7.2,49.9,Declining
L55827,7245,2.9,7.1,51.0,Declining
M23508,7231,2.9,7.1,49.3,Declining
L55829,7066,2.8,7.2,44.3,Declining
H38064,8042,3.2,6.8,59.0,Declining
M23511,7853,3.1,6.9,52.1,Declining
H38066,7782,3.1,6.9,48.7,Declining
M23513,7755,3.1,6.9,44.5,Declining
M23514,8102,3.2,6.8,48.0,Declining
L55835,7891,3.2,6.8,42.3,Declining
M23516,8839,3.5,6.5,56.6,Declining
L55837,8422,3.4,6.6,47.4,Declining
L55838,8662,3.5,6.5,49.9,Declining
L55839,8510,3.4,6.6,45.8,Declining
L55840,8440,3.4,6.6,43.2,Declining
L55841,9226,3.7,6.3,54.8,Declining
L55842,9058,3.6,6.4,50.5,Declining
L55843,9462,3.8,6.2,55.7,Declining
H38078,8920,3.6,6.4,45.2,Declining
L55845,9165,3.7,6.3,45.5,Declining
L55846,9339,3.7,6.3,46.9,Declining
M23527,9525,3.8,6.2,48.5,Declining
L55848,9754,3.9,6.1,50.1,Declining
M23529,9782,3.9,6.1,49.0,Declining
L55850,10137,4.1,5.9,52.7,Declining
L55851,10125,4.0,6.0,51.0,Declining
L55852,9779,3.9,6.1,43.7,Declining
L55853,10233,4.1,5.9,49.8,Declining
M23534,10391,4.2,5.8,50.9,Declining
H38089,10846,4.3,5.7,56.3,Declining
M23536,10735,4.3,5.7,50.7,Declining
M23537,11158,4.5,5.5,55.5,Declining
L55858,10993,4.4,5.6,50.5,Declining
L55859,10967,4.4,5.6,48.5,Declining
L55860,11133,4.5,5.5,49.8,Critical
L55861,11445,4.6,5.4,53.5,Critical
M23542,11031,4.4,5.6,45.1,Critical
L55863,11354,4.5,5.5,48.2,Critical
L55864,11726,4.7,5.3,52.9,Critical
H38099,11688,4.7,5.3,50.8,Critical
M23546,12087,4.8,5.2,53.7,Critical
M23547,12208,4.9,5.1,53.5,Critical
L55868,12101,4.8,5.2,49.4,Critical
L55869,12311,4.9,5.1,51.4,Critical
L55870,11961,4.8,5.2,44.1,Critical
L55871,3110,1.2,8.8,51.8,Stable
L55872,3256,1.3,8.7,52.8,Stable
M23553,3348,1.3,8.7,52.8,Stable
L55874,3847,1.5,8.5,58.9,Stable
M23555,3401,1.4,8.6,49.9,Stable
L55876,3366,1.3,8.7,47.1,Stable
L55877,3640,1.5,8.5,50.2,Stable
H38112,3596,1.4,8.6,47.9,Stable
M23559,4255,1.7,8.3,55.2,Stable
M23560,3982,1.6,8.4,48.4,Stable
M23561,4147,1.7,8.3,48.9,Stable
L55882,4898,2.0,8.0,59.1,Stable
M23563,4008,1.6,8.4,42.8,Stable
L55884,4425,1.8,8.2,47.5,Stable
L55885,4539,1.8,8.2,47.9,Stable
L55886,4425,1.8,8.2,44.5,Stable
L55887,4787,1.9,8.1,49.0,Stable
M23568,4663,1.9,8.1,45.5,Stable
L55889,5226,2.1,7.9,52.6,Stable
L55890,5584,2.2,7.8,57.1,Stable
L55891,5716,2.3,7.7,57.8,Stable
L55892,5644,2.3,7.7,55.1,Stable
L55893,6264,2.5,7.5,63.9,Stable
M23574,5408,2.2,7.8,48.1,Stable
L55895,5539,2.2,7.8,48.1,Stable
M23576,6179,2.5,7.5,57.2,Stable
L55897,5828,2.3,7.7,49.1,Stable
L55898,5988,2.4,7.6,50.3,Stable
L55899,5962,2.4,7.6,48.4,Stable
L55900,6258,2.5,7.5,51.8,Stable
L55901,6578,2.6,7.4,55.6,Stable
L55902,6062,2.4,7.6,45.5,Stable
L55903,6576,2.6,7.4,52.6,Stable
M23584,6536,2.6,7.4,50.4,Stable
M23585,6675,2.7,7.3,50.5,Declining
L55906,6904,2.8,7.2,52.1,Declining
L55907,6872,2.7,7.3,50.0,Declining
M23588,6756,2.7,7.3,46.6,Declining
L55909,6799,2.7,7.3,45.1,Declining
H38144,7323,2.9,7.1,52.3,Declining
H38145,7382,3.0,7.0,49.5,Declining
L55912,8363,3.3,6.7,62.1,Declining
M23593,7619,3.0,7.0,48.2,Declining
L55914,7644,3.1,6.9,46.4,Declining
L55915,7666,3.1,6.9,45.3,Declining
L55916,8022,3.2,6.8,49.7,Declining
L55917,8242,3.3,6.7,51.9,Declining
L55918,8282,3.3,6.7,51.0,Declining
H38153,8168,3.3,6.7,47.6,Declining
M23600,8681,3.5,6.5,52.4,Declining
L55921,8746,3.5,6.5,51.3,Declining
L55922,8694,3.5,6.5,48.9,Declining
H38157,8496,3.4,6.6,44.1,Declining
M23604,9671,3.9,6.1,59.9,Declining
L55925,9032,3.6,6.4,47.0,Declining
L55926,9356,3.7,6.3,50.9,Declining
L55927,9398,3.8,6.2,50.1,Declining
L55928,9248,3.7,6.3,46.1,Declining
L55929,9924,4.0,6.0,55.9,Declining
L55930,10188,4.1,5.9,58.8,Declining
M23611,9694,3.9,6.1,49.1,Declining
M23612,9815,3.9,6.1,48.8,Declining
M23613,10334,4.1,5.9,55.2,Declining
L55934,10425,4.2,5.8,54.5,Declining
M23615,10409,4.2,5.8,52.7,Declining
L55936,10902,4.4,5.6,58.7,Declining
L55937,10644,4.3,5.7,52.9,Declining
M23618,10452,4.2,5.8,48.2,Declining
M23619,10399,4.2,5.8,45.1,Declining
M23620,10614,4.2,5.8,46.4,Declining
L55941,10799,4.3,5.7,47.2,Declining
H38176,11703,4.7,5.3,60.8,Declining
L55943,11486,4.6,5.4,53.4,Critical
L55944,11610,4.6,5.4,54.0,Critical
L55945,11166,4.5,5.5,45.1,Critical
L55946,11270,4.5,5.5,45.3,Critical
L55947,11400,4.6,5.4,46.0,Critical
M23628,11456,4.6,5.4,45.4,Critical
M23629,11769,4.7,5.3,48.4,Critical
L55950,12360,4.9,5.1,56.0,Critical
L55951,12162,4.9,5.1,51.2,Critical
L55952,3242,1.3,8.7,54.0,Stable
L55953,3260,1.3,8.7,52.8,Stable
M23634,2996,1.2,8.8,46.9,Stable
H38189,3387,1.4,8.6,51.2,Stable
L55956,3244,1.3,8.7,45.1,Stable
H38191,3592,1.4,8.6,49.4,Stable
L55958,3763,1.5,8.5,48.5,Stable
M23639,3643,1.5,8.5,45.0,Stable
M23640,3734,1.5,8.5,44.2,Stable
L55961,4319,1.7,8.3,51.7,Stable
L55962,4217,1.7,8.3,48.5,Stable
M23643,3903,1.6,8.4,41.8,Stable
L55964,4404,1.8,8.2,47.9,Stable
L55965,5008,2.0,8.0,56.5,Stable
L55966,4322,1.7,8.3,43.5,Stable
M23647,5198,2.1,7.9,56.6,Stable
L55968,4673,1.9,8.1,45.6,Stable
L55969,4967,2.0,8.0,49.0,Stable
L55970,4935,2.0,8.0,47.0,Stable
M23651,5029,2.0,8.0,47.1,Stable
L55972,5176,2.1,7.9,47.3,Stable
L55973,5994,2.4,7.6,59.4,Stable
M23654,5514,2.2,7.8,49.9,Stable
L55975,5573,2.2,7.8,48.6,Stable
L55976,6337,2.5,7.5,59.9,Stable
L55977,5973,2.4,7.6,52.3,Stable
L55978,5863,2.3,7.7,49.0,Stable
L55979,5959,2.4,7.6,49.1,Stable
L55980,6055,2.4,7.6,49.2,Stable
L55981,6171,2.5,7.5,49.6,Stable
L55982,6333,2.5,7.5,50.8,Stable
L55983,6347,2.5,7.5,49.5,Stable
M23664,5975,2.4,7.6,41.8,Stable
M23665,6538,2.6,7.4,49.0,Declining
L55986,7119,2.8,7.2,56.4,Declining
M23667,7033,2.8,7.2,53.5,Declining
L55988,6852,2.7,7.3,48.2,Declining
L55989,7056,2.8,7.2,50.1,Declining
M23670,7390,3.0,7.0,54.2,Declining
L55991,7423,3.0,7.0,52.5,Declining
M23672,7121,2.8,7.2,45.9,Declining
L55993,7886,3.2,6.8,56.4,Declining
L55994,7514,3.0,7.0,48.7,Declining
H38229,7550,3.0,7.0,47.8,Declining
M23676,7755,3.1,6.9,47.5,Declining
H38231,7792,3.1,6.9,45.9,Declining
M23678,8227,3.3,6.7,49.4,Declining
H38233,8098,3.2,6.8,45.0,Declining
L56000,8727,3.5,6.5,51.7,Declining
H38235,8961,3.6,6.4,54.1,Declining
L56002,8864,3.5,6.5,48.7,Declining
M23683,8924,3.6,6.4,48.2,Declining
M23684,9763,3.9,6.1,60.0,Declining
M23685,9396,3.8,6.2,51.6,Declining
M23686,9405,3.8,6.2,49.5,Declining
L56007,9496,3.8,6.2,48.8,Declining
L56008,9834,3.9,6.1,52.9,Declining
M23689,9688,3.9,6.1,49.0,Declining
H38244,9745,3.9,6.1,47.7,Declining
H38245,10562,4.2,5.8,57.5,Declining
L56012,10637,4.3,5.7,55.0,Declining
L56013,10483,4.2,5.8,51.0,Declining
L56014,10461,4.2,5.8,49.1,Declining
H38249,10253,4.1,5.9,44.1,Declining
L56016,11246,4.5,5.5,56.9,Declining
M23697,11000,4.4,5.6,51.3,Declining
L56018,10695,4.3,5.7,44.0,Declining
M23699,10897,4.4,5.6,45.9,Critical
M23700,11364,4.5,5.5,51.4,Critical
L56021,11427,4.6,5.4,50.2,Critical
L56022,11489,4.6,5.4,49.7,Critical
H38257,11723,4.7,5.3,52.1,Critical
H38258,12110,4.8,5.2,54.8,Critical
M23705,11741,4.7,5.3,44.9,Critical
M23706,11830,4.7,5.3,44.2,Critical
L56027,2886,1.2,8.8,48.1,Stable
M23708,2962,1.2,8.8,47.9,Stable
L56029,3417,1.4,8.6,53.2,Stable
L56030,3297,1.3,8.7,49.7,Stable
M23711,3551,1.4,8.6,52.4,Stable
L56032,3690,1.5,8.5,52.5,Stable
L56033,3546,1.4,8.6,48.6,Stable
M23714,3586,1.4,8.6,47.8,Stable
L56035,4179,1.7,8.3,55.4,Stable
M23716,3599,1.4,8.6,44.2,Stable
L56037,4564,1.8,8.2,58.1,Stable
L56038,4182,1.7,8.3,50.2,Stable
L56039,4174,1.7,8.3,48.6,Stable
M23720,4326,1.7,8.3,49.6,Stable
L56041,4723,1.9,8.1,54.0,Stable
M23722,4691,1.9,8.1,51.9,Stable
L56043,5172,2.1,7.9,57.7,Stable
M23724,4948,2.0,8.0,52.5,Stable
L56045,4515,1.8,8.2,43.0,Stable
H38280,4857,1.9,8.1,47.2,Stable
L56047,5382,2.2,7.8,52.2,Stable
L56048,5252,2.1,7.9,48.5,Stable
L56049,5486,2.2,7.8,50.9,Stable
M23730,5196,2.1,7.9,44.6,Stable
M23731,5771,2.3,7.7,51.9,Stable
M23732,6018,2.4,7.6,53.8,Stable
H38287,6039,2.4,7.6,51.9,Stable
L56054,6036,2.4,7.6,48.1,Stable
H38289,5904,2.4,7.6,44.4,Stable
M23736,6969,2.8,7.2,58.4,Stable
M23737,6520,2.6,7.4,48.7,Declining
L56058,7339,2.9,7.1,60.1,Declining
L56059,6879,2.8,7.2,50.9,Declining
L56060,6831,2.7,7.3,48.6,Declining
H38295,7045,2.8,7.2,50.7,Declining
L56062,6986,2.8,7.2,45.9,Declining
M23743,7378,3.0,7.0,51.0,Declining
L56064,7509,3.0,7.0,50.9,Declining
M23745,7421,3.0,7.0,47.9,Declining
L56066,7846,3.1,6.9,52.8,Declining
L56067,7830,3.1,6.9,51.0,Declining
M23748,7920,3.2,6.8,51.0,Declining
M23749,9173,3.7,6.3,69.6,Declining
L56070,8362,3.3,6.7,53.9,Declining
M23751,8582,3.4,6.6,56.0,Declining
L56072,8305,3.3,6.7,49.2,Declining
L56073,8187,3.3,6.7,45.7,Declining
M23754,8627,3.5,6.5,51.5,Declining
H38309,8592,3.4,6.6,48.7,Declining
L56076,9171,3.7,6.3,54.6,Declining
M23757,9139,3.7,6.3,52.6,Declining
L56078,9184,3.7,6.3,51.1,Declining
M23759,9630,3.9,6.1,57.0,Declining
M23760,9513,3.8,6.2,52.8,Declining
L56081,9372,3.7,6.3,48.2,Declining
H38316,9614,3.8,6.2,50.7,Declining
M23763,9559,3.8,6.2,46.1,Declining
L56084,10098,4.0,6.0,52.8,Declining
L56085,9790,3.9,6.1,46.2,Declining
L56086,10294,4.1,5.9,53.1,Declining
M23767,10008,4.0,6.0,46.8,Declining
L56088,10371,4.1,5.9,50.6,Declining
L56089,10483,4.2,5.8,51.0,Declining
L56090,10615,4.2,5.8,51.7,Declining
L56091,11151,4.5,5.5,59.1,Declining
L56092,10587,4.2,5.8,48.2,Declining
M23773,10759,4.3,5.7,49.6,Declining
M23774,10968,4.4,5.6,50.8,Declining
L56095,10861,4.3,5.7,46.8,Declining
L56096,12679,5.1,4.9,75.6,Critical
M23777,11293,4.5,5.5,51.0,Critical
L56098,11174,4.5,5.5,46.7,Critical
L56099,11846,4.7,5.3,56.4,Critical
L56100,11542,4.6,5.4,49.9,Critical
L56101,11906,4.8,5.2,54.4,Critical
L56102,11528,4.6,5.4,46.6,Critical
M23783,11546,4.6,5.4,45.4,Critical
H38338,12009,4.8,5.2,50.9,Critical
M23785,11990,4.8,5.2,46.8,Critical
M23786,12233,4.9,5.1,48.6,Critical
M23787,13028,5.2,4.8,59.6,Critical
L56108,12647,5.1,4.9,51.0,Critical
M23789,12915,5.2,4.8,54.0,Critical
L56110,3142,1.3,8.7,52.4,Stable
L56111,2958,1.2,8.8,47.8,Stable
L56112,3128,1.3,8.7,49.1,Stable
M23793,3358,1.3,8.7,51.5,Stable
L56114,3607,1.4,8.6,53.4,Stable
L56115,4097,1.6,8.4,60.0,Stable
L56116,3515,1.4,8.6,48.8,Stable
M23797,3355,1.3,8.7,44.7,Stable
M23798,3844,1.5,8.5,50.6,Stable
M23799,3813,1.5,8.5,47.8,Stable
H38354,4950,2.0,8.0,64.5,Stable
M23801,4495,1.8,8.2,53.2,Stable
L56122,5816,2.3,7.7,72.9,Stable
M23803,4428,1.8,8.2,48.3,Stable
L56124,4607,1.8,8.2,49.0,Stable
L56125,5033,2.0,8.0,54.6,Stable
M23806,5537,2.2,7.8,61.5,Stable
M23807,4884,2.0,8.0,48.4,Stable
M23808,5081,2.0,8.0,49.4,Stable
L56129,4818,1.9,8.1,42.8,Stable
L56130,5178,2.1,7.9,47.3,Stable
L56131,5956,2.4,7.6,58.8,Stable
M23812,5476,2.2,7.8,49.3,Stable
L56133,5691,2.3,7.7,50.6,Stable
L56134,5639,2.3,7.7,48.2,Stable
M23815,5545,2.2,7.8,45.2,Stable
L56136,5666,2.3,7.7,44.9,Stable
L56137,5756,2.3,7.7,44.9,Stable
M23818,6618,2.6,7.4,57.8,Stable
L56139,6125,2.4,7.6,47.3,Stable
L56140,6969,2.8,7.2,59.9,Stable
M23821,6271,2.5,7.5,46.8,Stable
L56142,6856,2.7,7.3,54.3,Declining
M23823,7064,2.8,7.2,56.2,Declining
M23824,6737,2.7,7.3,48.5,Declining
L56145,6952,2.8,7.2,49.9,Declining
L56146,7322,2.9,7.1,54.5,Declining
L56147,7212,2.9,7.1,51.2,Declining
L56148,7138,2.9,7.1,48.5,Declining
L56149,7112,2.8,7.2,46.5,Declining
L56150,7560,3.0,7.0,52.5,Declining
L56151,7528,3.0,7.0,50.5,Declining
M23832,7500,3.0,7.0,48.5,Declining
L56153,7823,3.1,6.9,51.6,Declining
L56154,7763,3.1,6.9,49.1,Declining
H38389,8227,3.3,6.7,55.4,Declining
L56156,8200,3.3,6.7,51.2,Declining
M23837,8332,3.3,6.7,51.9,Declining
L56158,8225,3.3,6.7,47.8,Declining
M23839,8109,3.2,6.8,44.4,Declining
L56160,8606,3.4,6.6,50.4,Declining
L56161,8674,3.5,6.5,50.1,Declining
L56162,8390,3.4,6.6,43.8,Declining
M23843,8372,3.3,6.7,42.0,Declining
L56164,8797,3.5,6.5,46.9,Declining
L56165,9243,3.7,6.3,52.8,Declining
M23846,9051,3.6,6.4,48.1,Declining
L56167,9460,3.8,6.2,52.7,Declining
L56168,10040,4.0,6.0,60.8,Declining
L56169,9418,3.8,6.2,49.0,Declining
L56170,9556,3.8,6.2,49.8,Declining
M23851,9856,3.9,6.1,53.3,Declining
H38406,9695,3.9,6.1,48.3,Declining
M23853,10284,4.1,5.9,54.4,Declining
M23854,11115,4.4,5.6,66.0,Declining
L56175,10238,4.1,5.9,49.1,Declining
L56176,10460,4.2,5.8,51.3,Declining
M23857,10688,4.3,5.7,53.6,Declining
L56178,10539,4.2,5.8,48.9,Declining
L56179,10679,4.3,5.7,49.7,Declining
L56180,10771,4.3,5.7,49.8,Declining
L56181,10875,4.4,5.6,50.0,Declining
L56182,10919,4.4,5.6,49.2,Declining
L56183,10739,4.3,5.7,44.7,Declining
M23864,11221,4.5,5.5,51.3,Critical
L56185,10954,4.4,5.6,44.6,Critical
L56186,11204,4.5,5.5,47.2,Critical
L56187,11226,4.5,5.5,46.1,Critical
M23868,11430,4.6,5.4,48.0,Critical
L56189,11843,4.7,5.3,52.6,Critical
L56190,11657,4.7,5.3,48.0,Critical
M23871,11925,4.8,5.2,51.0,Critical
L56192,12410,5.0,5.0,56.8,Critical
H38427,11960,4.8,5.2,47.8,Critical
M23874,11995,4.8,5.2,44.7,Critical
L56195,12312,4.9,5.1,47.7,Critical
L56196,12332,4.9,5.1,46.5,Critical
M23877,12368,4.9,5.1,45.6,Critical
L56198,12995,5.2,4.8,53.8,Critical
L56199,3324,1.3,8.7,55.4,Stable
L56200,3196,1.3,8.7,51.8,Stable
M23881,3252,1.3,8.7,51.2,Stable
L56202,3411,1.4,8.6,51.6,Stable
L56203,3817,1.5,8.5,56.9,Stable
L56204,3227,1.3,8.7,45.5,Stable
L56205,3465,1.4,8.6,48.0,Stable
M23886,4045,1.6,8.4,56.2,Stable
M23887,3698,1.5,8.5,48.1,Stable
L56208,3735,1.5,8.5,46.5,Stable
L56209,4001,1.6,8.4,49.4,Stable
M23890,3931,1.6,8.4,46.8,Stable
H38445,4846,1.9,8.1,59.8,Stable
L56212,4931,2.0,8.0,57.4,Stable
L56213,4347,1.7,8.3,46.2,Stable
H38448,4835,1.9,8.1,52.8,Stable
M23895,5352,2.1,7.9,57.7,Stable
L56216,5063,2.0,8.0,50.6,Stable
L56217,5907,2.4,7.6,63.2,Stable
L56218,6921,2.8,7.2,78.6,Stable
M23899,4977,2.0,8.0,44.7,Stable
L56220,5530,2.2,7.8,51.7,Stable
L56221,5138,2.1,7.9,43.6,Stable
M23902,5808,2.3,7.7,53.3,Stable
L56223,5431,2.2,7.8,44.8,Stable
L56224,5591,2.2,7.8,45.9,Stable
L56225,6131,2.5,7.5,53.4,Stable
L56226,6343,2.5,7.5,55.5,Stable
L56227,6081,2.4,7.6,49.6,Stable
M23908,5935,2.4,7.6,45.7,Stable
L56229,6420,2.6,7.4,51.5,Stable
M23910,6552,2.6,7.4,52.2,Stable
L56231,7195,2.9,7.1,60.7,Stable
M23912,7447,3.0,7.0,63.4,Declining
M23913,7056,2.8,7.2,54.6,Declining
M23914,6957,2.8,7.2,50.7,Declining
H38469,7778,3.1,6.9,62.1,Declining
L56236,7135,2.9,7.1,47.7,Declining
M23917,7737,3.1,6.9,56.2,Declining
M23918,7152,2.9,7.1,44.2,Declining
L56239,8245,3.3,6.7,60.2,Declining
H38474,7631,3.1,6.9,48.4,Declining
M23921,8676,3.5,6.5,62.1,Declining
L56242,8237,3.3,6.7,52.5,Declining
L56243,8013,3.2,6.8,47.3,Declining
L56244,8931,3.6,6.4,61.1,Declining
H38479,9719,3.9,6.1,72.7,Declining
L56246,8892,3.6,6.4,55.2,Declining
L56247,8372,3.3,6.7,45.0,Declining
H38482,9340,3.7,6.3,59.7,Declining
M23929,9341,3.7,6.3,55.9,Declining
L56250,8974,3.6,6.4,47.6,Declining
L56251,9068,3.6,6.4,47.6,Declining
H38486,9840,3.9,6.1,59.0,Declining
L56253,9903,4.0,6.0,56.3,Declining
M23934,9723,3.9,6.1,51.8,Declining
L56255,9762,3.9,6.1,50.2,Declining
L56256,9788,3.9,6.1,49.1,Declining
L56257,10454,4.2,5.8,58.7,Declining
L56258,10152,4.1,5.9,52.2,Declining
H38493,10218,4.1,5.9,51.8,Declining
L56260,11073,4.4,5.6,62.3,Declining
L56261,10479,4.2,5.8,50.9,Declining
L56262,10133,4.1,5.9,43.6,Declining
M23943,10687,4.3,5.7,51.4,Declining
L56264,10392,4.2,5.8,44.2,Critical
H38499,10560,4.2,5.8,45.5,Declining
L56266,10911,4.4,5.6,47.6,Declining
L56267,11507,4.6,5.4,56.0,Critical
M23948,11559,4.6,5.4,55.4,Critical
L56269,12348,4.9,5.1,66.3,Critical
M23950,11954,4.8,5.2,58.2,Critical
M23951,12125,4.8,5.2,58.8,Critical
L56272,11866,4.7,5.3,52.3,Critical
M23953,12238,4.9,5.1,57.0,Critical
M23954,11695,4.7,5.3,45.7,Critical
L56275,12006,4.8,5.2,48.6,Critical
L56276,12604,5.0,5.0,57.1,Critical
L56277,12554,5.0,5.0,54.7,Critical
L56278,2936,1.2,8.8,48.9,Stable
H38513,3044,1.2,8.8,49.2,Stable
L56280,3207,1.3,8.7,48.2,Stable
H38515,3711,1.5,8.5,55.1,Stable
L56282,3618,1.4,8.6,49.8,Stable
L56283,3700,1.5,8.5,49.7,Stable
M23964,3910,1.6,8.4,51.7,Stable
M23965,4299,1.7,8.3,55.9,Stable
L56286,4788,1.9,8.1,61.8,Stable
M23967,4494,1.8,8.2,55.4,Stable
M23968,4185,1.7,8.3,48.0,Stable
L56289,4466,1.8,8.2,50.4,Stable
M23970,4308,1.7,8.3,46.3,Stable
L56291,4367,1.7,8.3,45.0,Stable
M23972,4719,1.9,8.1,49.4,Stable
L56293,5378,2.2,7.8,58.1,Stable
L56294,4932,2.0,8.0,49.2,Stable
M23975,4958,2.0,8.0,48.1,Stable
H38530,5523,2.2,7.8,55.3,Stable
M23977,5380,2.2,7.8,49.2,Stable
L56298,5617,2.2,7.8,50.9,Stable
M23979,6005,2.4,7.6,55.8,Stable
L56300,5840,2.3,7.7,50.8,Stable
L56301,5672,2.3,7.7,46.5,Stable
L56302,6130,2.5,7.5,52.7,Stable
L56303,5984,2.4,7.6,48.7,Stable
L56304,6002,2.4,7.6,47.5,Stable
L56305,6378,2.6,7.4,52.3,Stable
L56306,6284,2.5,7.5,49.2,Stable
L56307,6942,2.8,7.2,58.7,Stable
M23988,6482,2.6,7.4,49.5,Stable
L56309,6973,2.8,7.2,55.5,Declining
L56310,6887,2.8,7.2,52.5,Declining
H38545,6751,2.7,7.3,48.8,Declining
M23992,7220,2.9,7.1,52.8,Declining
L56313,7143,2.9,7.1,49.3,Declining
L56314,7173,2.9,7.1,48.3,Declining
H38549,7173,2.9,7.1,46.8,Declining
L56316,7978,3.2,6.8,56.5,Declining
L56317,8142,3.3,6.7,57.7,Declining
L56318,7814,3.1,6.9,50.7,Declining
L56319,7932,3.2,6.8,51.2,Declining
L56320,7696,3.1,6.9,45.8,Declining
L56321,8234,3.3,6.7,53.2,Declining
L56322,8486,3.4,6.6,55.9,Declining
L56323,8124,3.2,6.8,48.4,Declining
M24004,8204,3.3,6.7,48.2,Declining
L56325,8593,3.4,6.6,52.5,Declining
L56326,8591,3.4,6.6,50.9,Declining
L56327,9001,3.6,6.4,56.3,Declining
L56328,8501,3.4,6.6,46.4,Declining
M24009,8663,3.5,6.5,47.6,Declining
M24010,8634,3.5,6.5,44.9,Declining
L56331,9181,3.7,6.3,51.8,Declining
L56332,8685,3.5,6.5,42.0,Declining
L56333,9347,3.7,6.3,51.5,Declining
L56334,9537,3.8,6.2,53.2,Declining
L56335,9115,3.6,6.4,44.7,Declining
M24016,9263,3.7,6.3,45.6,Declining
L56337,9584,3.8,6.2,48.7,Declining
H38572,9724,3.9,6.1,49.6,Declining
M24019,9995,4.0,6.0,50.3,Declining
H38574,10452,4.2,5.8,55.7,Declining
M24021,10559,4.2,5.8,53.7,Declining
M24022,10488,4.2,5.8,50.3,Declining
L56343,10435,4.2,5.8,47.2,Declining
L56344,12463,5.0,5.0,79.5,Declining
L56345,10437,4.2,5.8,44.2,Declining
M24026,10655,4.3,5.7,46.3,Declining
M24027,10794,4.3,5.7,46.4,Declining
H38582,10915,4.4,5.6,46.2,Critical
L56349,12162,4.9,5.1,63.2,Critical
L56350,11408,4.6,5.4,49.1,Critical
M24031,11326,4.5,5.5,46.3,Critical
L56352,12115,4.8,5.2,57.2,Critical
H38587,12075,4.8,5.2,55.0,Critical
L56354,12742,5.1,4.9,62.4,Critical
L56355,2806,1.1,8.9,46.8,Critical
L56356,3126,1.3,8.7,50.6,Stable
L56357,3188,1.3,8.7,50.1,Stable
L56358,2950,1.2,8.8,44.7,Stable
H38593,3230,1.3,8.7,47.8,Stable
L56360,3599,1.4,8.6,50.2,Stable
L56361,3717,1.5,8.5,50.7,Stable
M24042,3917,1.6,8.4,52.5,Stable
L56363,3986,1.6,8.4,51.4,Stable
L56364,4320,1.7,8.3,55.5,Stable
L56365,3964,1.6,8.4,48.1,Stable
L56366,4428,1.8,8.2,54.3,Stable
L56367,4018,1.6,8.4,46.0,Stable
L56368,4354,1.7,8.3,50.1,Stable
L56369,4630,1.9,8.1,53.2,Stable
M24050,4408,1.8,8.2,48.0,Stable
M24051,5605,2.2,7.8,65.7,Stable
L56372,4924,2.0,8.0,52.1,Stable
M24053,4950,2.0,8.0,51.0,Stable
L56374,4811,1.9,8.1,46.4,Stable
L56375,5179,2.1,7.9,51.1,Stable
L56376,5419,2.2,7.8,53.6,Stable
M24057,5233,2.1,7.9,49.0,Stable
M24058,5506,2.2,7.8,51.3,Stable
L56379,5791,2.3,7.7,53.8,Stable
M24060,5859,2.3,7.7,53.4,Stable
L56381,5598,2.2,7.8,46.8,Stable
L56382,5976,2.4,7.6,51.6,Stable
L56383,6088,2.4,7.6,52.0,Stable
L56384,6302,2.5,7.5,54.0,Stable
L56385,6308,2.5,7.5,52.6,Stable
M24066,6334,2.5,7.5,51.6,Stable
L56387,6147,2.5,7.5,46.2,Stable
L56388,6277,2.5,7.5,46.9,Stable
M24069,6341,2.5,7.5,46.4,Stable
M24070,8602,3.4,6.6,81.9,Declining
M24071,6643,2.7,7.3,47.0,Declining
L56392,6740,2.7,7.3,46.3,Declining
L56393,7408,3.0,7.0,56.0,Declining
L56394,7156,2.9,7.1,50.3,Declining
L56395,7592,3.0,7.0,56.0,Declining
H38630,7258,2.9,7.1,49.0,Declining
L56397,7387,3.0,7.0,47.4,Declining
L56398,7343,2.9,7.1,45.1,Declining
M24079,7425,3.0,7.0,45.0,Declining
L56400,7424,3.0,7.0,42.7,Declining
M24081,8300,3.3,6.7,55.8,Declining
M24082,8135,3.3,6.7,50.8,Declining
L56403,7984,3.2,6.8,46.1,Declining
L56404,8210,3.3,6.7,48.3,Declining
L56405,9040,3.6,6.4,60.7,Declining
L56406,9134,3.7,6.3,60.7,Declining
L56407,8526,3.4,6.6,49.1,Declining
M24088,8814,3.5,6.5,52.4,Declining
M24089,9889,4.0,6.0,68.1,Declining
L56410,9784,3.9,6.1,64.1,Declining
L56411,9108,3.6,6.4,51.3,Declining
L56412,8820,3.5,6.5,45.0,Declining
L56413,9016,3.6,6.4,46.8,Declining
L56414,10108,4.0,6.0,63.5,Declining
M24095,9574,3.8,6.2,53.1,Declining
L56416,9637,3.9,6.1,51.9,Declining
M24097,10237,4.1,5.9,60.4,Declining
M24098,9662,3.9,6.1,48.5,Declining
H38653,9757,3.9,6.1,47.9,Declining
M24100,9834,3.9,6.1,45.4,Declining
L56421,10611,4.2,5.8,56.1,Declining
M24102,9873,3.9,6.1,42.3,Declining
L56423,10378,4.2,5.8,48.5,Declining
L56424,11094,4.4,5.6,58.9,Declining
L56425,11066,4.4,5.6,56.9,Declining
L56426,11464,4.6,5.4,62.1,Declining
L56427,11220,4.5,5.5,56.5,Declining
M24108,10896,4.4,5.6,49.6,Declining
L56429,11369,4.5,5.5,55.2,Declining
H38664,11791,4.7,5.3,60.8,Critical
M24111,11672,4.7,5.3,55.0,Critical
M24112,11571,4.6,5.4,51.1,Critical
M24113,11656,4.7,5.3,50.3,Critical
L56434,12007,4.8,5.2,53.9,Critical
L56435,12167,4.9,5.1,55.0,Critical
L56436,12093,4.8,5.2,52.3,Critical
M24117,11637,4.7,5.3,43.2,Critical
H38672,2758,1.1,8.9,46.0,Stable
M24119,3613,1.4,8.6,56.5,Stable
L56440,3114,1.2,8.8,45.9,Stable
H38675,3390,1.4,8.6,49.0,Stable
M24122,3483,1.4,8.6,46.8,Stable
L56443,3996,1.6,8.4,53.1,Stable
M24124,3952,1.6,8.4,50.9,Stable
M24125,3815,1.5,8.5,46.3,Stable
L56446,4644,1.9,8.1,57.9,Stable
L56447,3984,1.6,8.4,45.4,Stable
L56448,4682,1.9,8.1,55.5,Stable
L56449,4148,1.7,8.3,45.1,Stable
L56450,4134,1.7,8.3,43.4,Stable
L56451,5602,2.2,7.8,66.4,Stable
L56452,4416,1.8,8.2,45.1,Stable
H38687,4840,1.9,8.1,50.7,Stable
L56454,4881,2.0,8.0,47.6,Stable
L56455,5325,2.1,7.9,53.5,Stable
L56456,5587,2.2,7.8,56.4,Stable
L56457,5189,2.1,7.9,48.2,Stable
H38692,5597,2.2,7.8,53.5,Stable
M24139,5900,2.4,7.6,54.8,Stable
H38694,5685,2.3,7.7,49.0,Stable
L56461,5642,2.3,7.7,44.5,Stable
M24142,5888,2.4,7.6,47.1,Stable
M24143,6799,2.7,7.3,60.1,Stable
L56464,6696,2.7,7.3,56.1,Stable
M24145,6240,2.5,7.5,47.0,Stable
L56466,6765,2.7,7.3,53.5,Stable
L56467,7063,2.8,7.2,57.0,Declining
L56468,6623,2.6,7.4,48.1,Declining
L56469,6559,2.6,7.4,45.6,Declining
L56470,6751,2.7,7.3,47.3,Declining
L56471,6711,2.7,7.3,45.1,Declining
L56472,7381,3.0,7.0,54.8,Declining
L56473,7059,2.8,7.2,47.9,Declining
L56474,7149,2.9,7.1,47.9,Declining
M24155,7191,2.9,7.1,47.1,Declining
H38710,7548,3.0,7.0,50.8,Declining
M24157,7683,3.1,6.9,49.3,Declining
L56478,7486,3.0,7.0,43.8,Declining
M24159,7620,3.0,7.0,44.5,Declining
L56480,7819,3.1,6.9,45.6,Declining
M24161,8093,3.2,6.8,48.6,Declining
M24162,8918,3.6,6.4,60.1,Declining
L56483,8427,3.4,6.6,49.7,Declining
L56484,8609,3.4,6.6,51.2,Declining
H38719,8917,3.6,6.4,54.9,Declining
M24166,9416,3.8,6.2,59.4,Declining
L56487,8775,3.5,6.5,46.5,Declining
L56488,8921,3.6,6.4,47.4,Declining
L56489,9289,3.7,6.3,52.1,Declining
L56490,9353,3.7,6.3,51.6,Declining
L56491,9425,3.8,6.2,51.3,Declining
H38726,9581,3.8,6.2,52.4,Declining
L56493,9496,3.8,6.2,47.3,Declining
M24174,9880,4.0,6.0,52.2,Declining
L56495,10023,4.0,6.0,52.3,Declining
H38730,9809,3.9,6.1,47.2,Declining
L56497,10160,4.1,5.9,49.3,Declining
L56498,10018,4.0,6.0,45.5,Declining
L56499,11202,4.5,5.5,63.7,Declining
L56500,10288,4.1,5.9,47.0,Declining
L56501,10230,4.1,5.9,44.5,Declining
M24182,10674,4.3,5.7,50.4,Declining
L56503,10679,4.3,5.7,48.2,Declining
L56504,10949,4.4,5.6,51.2,Declining
M24185,10985,4.4,5.6,50.3,Declining
L56506,11454,4.6,5.4,55.9,Critical
L56507,11198,4.5,5.5,50.1,Critical
H38742,12382,5.0,5.0,68.4,Critical
L56509,11453,4.6,5.4,49.1,Critical
M24190,11609,4.6,5.4,50.2,Critical
L56511,11722,4.7,5.3,49.9,Critical
M24192,12662,5.1,4.9,64.0,Critical
L56513,11855,4.7,5.3,48.3,Critical
L56514,11849,4.7,5.3,46.7,Critical
L56515,12137,4.9,5.1,50.0,Critical
L56516,12675,5.1,4.9,57.5,Critical
H38751,12315,4.9,5.1,50.0,Critical
H38752,12602,5.0,5.0,51.0,Critical
L56519,12681,5.1,4.9,48.6,Critical
H38754,3154,1.3,8.7,52.6,Stable
M24201,2951,1.2,8.8,45.4,Stable
H38756,3772,1.5,8.5,56.9,Stable
M24203,3367,1.3,8.7,46.4,Stable
L56524,3952,1.6,8.4,53.9,Stable
L56525,3694,1.5,8.5,48.1,Stable
M24206,4152,1.7,8.3,54.2,Stable
M24207,3887,1.6,8.4,47.5,Stable
L56528,4042,1.6,8.4,47.9,Stable
M24209,4458,1.8,8.2,53.3,Stable
L56530,5767,2.3,7.7,72.9,Stable
L56531,4775,1.9,8.1,54.8,Stable
L56532,5135,2.1,7.9,59.3,Stable
L56533,4355,1.7,8.3,44.8,Stable
M24214,4969,2.0,8.0,53.6,Stable
L56535,5306,2.1,7.9,56.9,Stable
L56536,4520,1.8,8.2,42.3,Stable
M24217,5362,2.1,7.9,54.9,Stable
L56538,5019,2.0,8.0,46.9,Stable
M24219,5457,2.2,7.8,52.7,Stable
L56540,5494,2.2,7.8,51.1,Stable
L56541,5740,2.3,7.7,53.7,Stable
M24222,5974,2.4,7.6,56.1,Stable
L56543,5783,2.3,7.7,50.6,Stable
L56544,6201,2.5,7.5,56.1,Stable
M24225,5433,2.2,7.8,41.8,Stable
L56546,5982,2.4,7.6,48.7,Stable
L56547,6094,2.4,7.6,49.1,Stable
L56548,6260,2.5,7.5,50.3,Stable
M24229,6424,2.6,7.4,51.6,Stable
H38784,6301,2.5,7.5,47.3,Stable
L56551,6268,2.5,7.5,43.0,Declining
L56552,6754,2.7,7.3,49.6,Declining
L56553,6776,2.7,7.3,48.4,Declining
M24234,6892,2.8,7.2,48.9,Declining
H38789,6671,2.7,7.3,42.9,Declining
H38790,7796,3.1,6.9,57.9,Declining
H38791,7521,3.0,7.0,49.6,Declining
L56558,8402,3.4,6.6,60.5,Declining
L56559,7698,3.1,6.9,47.3,Declining
L56560,7820,3.1,6.9,47.8,Declining
M24241,8000,3.2,6.8,49.3,Declining
L56562,8395,3.4,6.6,53.7,Declining
H38797,8361,3.3,6.7,51.6,Declining
M24244,8248,3.3,6.7,46.0,Declining
M24245,9439,3.8,6.2,63.6,Declining
M24246,9826,3.9,6.1,67.8,Declining
H38801,8675,3.5,6.5,46.3,Declining
M24248,9208,3.7,6.3,51.5,Declining
L56569,8771,3.5,6.5,41.9,Declining
M24250,9465,3.8,6.2,52.0,Declining
H38805,10622,4.2,5.8,69.0,Declining
L56572,9579,3.8,6.2,47.9,Declining
H38807,9773,3.9,6.1,49.6,Declining
L56574,9688,3.9,6.1,44.5,Declining
L56575,10110,4.0,6.0,50.0,Declining
L56576,10196,4.1,5.9,49.9,Declining
M24257,10030,4.0,6.0,45.7,Declining
H38812,10477,4.2,5.8,50.9,Declining
L56579,10604,4.2,5.8,49.2,Declining
L56580,10632,4.3,5.7,48.2,Declining
M24261,11270,4.5,5.5,57.3,Declining
L56582,11433,4.6,5.4,57.8,Declining
L56583,11449,4.6,5.4,56.6,Declining
L56584,12159,4.9,5.1,66.9,Critical
M24265,11173,4.5,5.5,49.0,Critical
M24266,12748,5.1,4.9,73.0,Critical
L56587,11375,4.6,5.4,47.8,Critical
H38822,11869,4.7,5.3,54.6,Critical
L56589,12148,4.9,5.1,55.5,Critical
M24270,12242,4.9,5.1,55.5,Critical
L56591,11853,4.7,5.3,46.8,Critical
L56592,12539,5.0,5.0,56.7,Critical
L56593,12103,4.8,5.2,48.0,Critical
L56594,12023,4.8,5.2,45.1,Critical
M24275,2722,1.1,8.9,45.4,Stable
M24276,3061,1.2,8.8,48.8,Stable
H38831,3300,1.3,8.7,50.5,Stable
L56598,3359,1.3,8.7,47.7,Stable
L56599,4407,1.8,8.2,63.7,Stable
L56600,3619,1.4,8.6,49.1,Stable
M24281,3529,1.4,8.6,46.1,Stable
L56602,4230,1.7,8.3,55.5,Stable
L56603,4342,1.7,8.3,55.9,Stable
M24284,4250,1.7,8.3,52.8,Stable
M24285,4045,1.6,8.4,47.2,Stable
L56606,4032,1.6,8.4,44.7,Stable
L56607,4520,1.8,8.2,51.3,Stable
H38842,5204,2.1,7.9,61.2,Stable
L56609,4751,1.9,8.1,49.9,Stable
L56610,5187,2.1,7.9,55.7,Stable
L56611,4795,1.9,8.1,47.7,Stable
L56612,5263,2.1,7.9,54.0,Stable
M24293,4975,2.0,8.0,47.7,Stable
L56614,5502,2.2,7.8,54.2,Stable
L56615,5226,2.1,7.9,48.1,Stable
L56616,5392,2.2,7.8,49.4,Stable
M24297,5574,2.2,7.8,50.9,Stable
M24298,5285,2.1,7.9,43.8,Stable
M24299,5656,2.3,7.7,47.8,Stable
M24300,5681,2.3,7.7,45.9,Stable
L56621,5924,2.4,7.6,47.7,Stable
M24302,5938,2.4,7.6,46.5,Stable
H38857,6107,2.4,7.6,47.0,Stable
L56624,7782,3.1,6.9,71.2,Stable
M24305,6492,2.6,7.4,48.2,Declining
H38860,6511,2.6,7.4,46.3,Declining
M24307,6606,2.6,7.4,44.1,Declining
L56628,7655,3.1,6.9,59.3,Declining
M24309,7053,2.8,7.2,47.8,Declining
M24310,7308,2.9,7.1,49.8,Declining
H38865,7527,3.0,7.0,51.2,Declining
M24312,7464,3.0,7.0,46.4,Declining
H38867,7535,3.0,7.0,45.3,Declining
L56634,8206,3.3,6.7,52.8,Declining
L56635,9096,3.6,6.4,66.1,Declining
L56636,8480,3.4,6.6,54.3,Declining
M24317,8694,3.5,6.5,56.4,Declining
L56638,8279,3.3,6.7,47.2,Declining
L56639,8693,3.5,6.5,52.6,Declining
M24320,8423,3.4,6.6,46.6,Declining
M24321,8588,3.4,6.6,47.1,Declining
L56642,9035,3.6,6.4,52.3,Declining
M24323,9089,3.6,6.4,51.7,Declining
L56644,9000,3.6,6.4,48.0,Declining
M24325,9130,3.7,6.3,48.7,Declining
L56646,9287,3.7,6.3,49.0,Declining
L56647,9839,3.9,6.1,56.7,Declining
L56648,9275,3.7,6.3,45.8,Declining
L56649,10011,4.0,6.0,56.6,Declining
H38884,9583,3.8,6.2,48.0,Declining
M24331,10478,4.2,5.8,59.1,Declining
M24332,9815,3.9,6.1,45.8,Declining
L56653,10092,4.0,6.0,48.2,Declining
M24334,10200,4.1,5.9,48.5,Declining
L56655,10471,4.2,5.8,50.8,Declining
M24336,10899,4.4,5.6,56.4,Declining
M24337,11036,4.4,5.6,56.4,Declining
L56658,11565,4.6,5.4,63.0,Declining
H38893,11075,4.4,5.6,53.3,Declining
M24340,10968,4.4,5.6,47.8,Critical
L56661,10965,4.4,5.6,45.5,Critical
H38896,10943,4.4,5.6,43.6,Critical
H38897,11642,4.7,5.3,51.5,Critical
L56664,12101,4.8,5.2,55.4,Critical
L56665,12043,4.8,5.2,53.0,Critical
M24346,11899,4.8,5.2,49.1,Critical
L56667,12256,4.9,5.1,52.8,Critical
M24348,12314,4.9,5.1,52.2,Critical
L56669,12129,4.9,5.1,46.9,Critical
M24350,12241,4.9,5.1,47.3,Critical
M24351,12518,5.0,5.0,49.6,Critical
L56672,12847,5.1,4.9,52.9,Critical
L56673,12561,5.0,5.0,46.6,Critical
L56674,12887,5.2,4.8,50.5,Critical
H38909,12691,5.1,4.9,45.8,Critical
M24356,12868,5.1,4.9,45.0,Critical
H38911,2886,1.2,8.8,48.1,Stable
H38912,3309,1.3,8.7,51.4,Stable
L56679,3518,1.4,8.6,51.1,Stable
L56680,3934,1.6,8.4,56.6,Stable
L56681,3422,1.4,8.6,46.5,Stable
L56682,3710,1.5,8.5,49.8,Stable
M24363,3912,1.6,8.4,51.7,Stable
L56684,3825,1.5,8.5,48.0,Stable
L56685,3893,1.6,8.4,47.6,Stable
H38920,4221,1.7,8.3,51.6,Stable
L56687,4360,1.7,8.3,50.2,Stable
L56688,4662,1.9,8.1,53.7,Stable
M24369,4534,1.8,8.2,50.1,Stable
M24370,4673,1.9,8.1,50.1,Stable
L56691,4698,1.9,8.1,48.3,Stable
L56692,5040,2.0,8.0,52.5,Stable
M24373,5176,2.1,7.9,53.3,Stable
L56694,4947,2.0,8.0,47.2,Stable
L56695,5569,2.2,7.8,56.1,Stable
L56696,4977,2.0,8.0,44.7,Stable
L56697,5431,2.2,7.8,50.8,Stable
L56698,5635,2.3,7.7,52.7,Stable
L56699,5627,2.3,7.7,51.0,Stable
L56700,5405,2.2,7.8,45.8,Stable
M24381,5713,2.3,7.7,49.5,Stable
M24382,6194,2.5,7.5,55.2,Stable
L56703,6003,2.4,7.6,49.8,Stable
H38938,6421,2.6,7.4,55.3,Stable
L56705,6152,2.5,7.5,47.0,Stable
M24386,6210,2.5,7.5,46.5,Stable
L56707,6655,2.7,7.3,51.7,Stable
M24388,6111,2.4,7.6,41.1,Declining
L56709,6698,2.7,7.3,48.6,Declining
H38944,6680,2.7,7.3,46.8,Declining
L56711,7011,2.8,7.2,48.6,Declining
L56712,6953,2.8,7.2,46.1,Declining
L56713,7685,3.1,6.9,56.8,Declining
L56714,7251,2.9,7.1,48.1,Declining
M24395,7673,3.1,6.9,53.6,Declining
L56716,8226,3.3,6.7,60.6,Declining
M24397,7594,3.0,7.0,48.6,Declining
L56718,7775,3.1,6.9,49.3,Declining
L56719,7753,3.1,6.9,47.5,Declining
M24400,8251,3.3,6.7,54.3,Declining
M24401,8638,3.5,6.5,58.5,Declining
L56722,8697,3.5,6.5,57.2,Declining
M24403,8111,3.2,6.8,45.9,Declining
L56724,8906,3.6,6.4,56.9,Declining
L56725,8440,3.4,6.6,47.7,Declining
M24406,8790,3.5,6.5,52.0,Declining
L56727,9163,3.7,6.3,56.0,Declining
L56728,8937,3.6,6.4,50.7,Declining
M24409,9283,3.7,6.3,55.0,Declining
M24410,9022,3.6,6.4,48.4,Declining
L56731,9037,3.6,6.4,46.4,Declining
M24412,9391,3.8,6.2,50.8,Declining
L56733,9470,3.8,6.2,49.8,Declining
M24414,9450,3.8,6.2,48.0,Declining
H38969,9875,4.0,6.0,52.8,Declining
L56736,9678,3.9,6.1,45.8,Declining
M24417,10034,4.0,6.0,50.2,Declining
M24418,10309,4.1,5.9,52.6,Declining
L56739,10282,4.1,5.9,49.9,Declining
L56740,10354,4.1,5.9,49.6,Declining
L56741,11176,4.5,5.5,61.8,Declining
M24422,10430,4.2,5.8,47.8,Declining
M24423,11221,4.5,5.5,58.8,Declining
L56744,11470,4.6,5.4,60.7,Declining
M24425,10916,4.4,5.6,49.9,Declining
L56746,11261,4.5,5.5,53.4,Declining
L56747,10969,4.4,5.6,47.1,Critical
L56748,11411,4.6,5.4,52.9,Critical
M24429,12221,4.9,5.1,64.9,Critical
L56750,11228,4.5,5.5,46.1,Critical
L56751,11728,4.7,5.3,53.0,Critical
M24432,11450,4.6,5.4,46.8,Critical
L56753,11757,4.7,5.3,49.7,Critical
H38988,11701,4.7,5.3,47.3,Critical
M24435,12296,4.9,5.1,53.4,Critical
L56756,13069,5.2,4.8,64.1,Critical
M24437,2728,1.1,8.9,45.5,Stable
L56758,3237,1.3,8.7,51.7,Stable
L56759,3403,1.4,8.6,53.0,Stable
M24440,3161,1.3,8.7,47.4,Stable
L56761,3286,1.3,8.7,47.3,Stable
M24442,3348,1.3,8.7,46.8,Stable
L56763,3237,1.3,8.7,42.7,Stable
L56764,3823,1.5,8.5,51.0,Stable
M24445,3981,1.6,8.4,52.1,Stable
L56766,3686,1.5,8.5,44.9,Stable
M24447,4004,1.6,8.4,48.7,Stable
H39002,4235,1.7,8.3,50.3,Stable
L56769,4384,1.8,8.2,49.1,Stable
M24450,4180,1.7,8.3,44.2,Stable
L56771,4805,1.9,8.1,52.3,Stable
L56772,4513,1.8,8.2,46.0,Stable
L56773,4549,1.8,8.2,45.1,Stable
L56774,5389,2.2,7.8,57.6,Stable
H39009,4889,2.0,8.0,47.7,Stable
L56776,5182,2.1,7.9,48.9,Stable
L56777,5360,2.1,7.9,50.3,Stable
L56778,5410,2.2,7.8,49.7,Stable
L56779,5446,2.2,7.8,48.8,Stable
M24460,5732,2.3,7.7,52.0,Stable
L56781,6963,2.8,7.2,70.3,Stable
L56782,6245,2.5,7.5,56.8,Stable
M24463,6023,2.4,7.6,51.6,Stable
H39018,6334,2.5,7.5,54.6,Stable
M24465,6253,2.5,7.5,49.5,Stable
L56786,6222,2.5,7.5,46.7,Stable
L56787,6652,2.7,7.3,52.4,Stable
M24468,6626,2.7,7.3,50.4,Declining
L56789,6675,2.7,7.3,49.0,Declining
L56790,6835,2.7,7.3,50.2,Declining
L56791,6779,2.7,7.3,47.7,Declining
M24472,7255,2.9,7.1,54.2,Declining
L56793,6894,2.8,7.2,45.9,Critical
M24474,7112,2.8,7.2,48.0,Declining
M24475,7493,3.0,7.0,52.1,Declining
L56796,7660,3.1,6.9,52.7,Declining
L56797,7622,3.0,7.0,50.5,Declining
L56798,7574,3.0,7.0,48.2,Declining
M24479,7416,3.0,7.0,44.1,Declining
L56800,7845,3.1,6.9,49.0,Declining
M24481,9093,3.6,6.4,68.3,Declining
L56802,8718,3.5,6.5,59.8,Declining
L56803,7932,3.2,6.8,45.2,Declining
H39038,8420,3.4,6.6,51.8,Declining
M24485,8509,3.4,6.6,49.6,Declining
M24486,8352,3.3,6.7,44.7,Declining
M24487,8779,3.5,6.5,49.6,Declining
H39042,9078,3.6,6.4,52.3,Declining
H39043,10271,4.1,5.9,68.4,Declining
L56810,9556,3.8,6.2,52.8,Declining
L56811,9824,3.9,6.1,55.7,Declining
M24492,9244,3.7,6.3,44.6,Declining
H39047,9547,3.8,6.2,47.4,Declining
L56814,9780,3.9,6.1,47.5,Declining
L56815,10238,4.1,5.9,53.6,Declining
L56816,10124,4.0,6.0,50.2,Declining
L56817,10126,4.1,5.9,48.8,Declining
H39052,10076,4.0,6.0,46.4,Declining
L56819,10965,4.4,5.6,57.5,Declining
L56820,10633,4.3,5.7,50.5,Declining
L56821,10425,4.2,5.8,45.5,Declining
L56822,10529,4.2,5.8,45.7,Declining
L56823,10893,4.4,5.6,50.3,Declining
L56824,11223,4.5,5.5,54.3,Declining
L56825,11553,4.6,5.4,58.3,Declining
L56826,11309,4.5,5.5,52.7,Critical
L56827,11151,4.5,5.5,48.6,Critical
L56828,11157,4.5,5.5,47.2,Critical
H39063,11729,4.7,5.3,55.2,Critical
M24510,11514,4.6,5.4,47.9,Critical
M24511,11935,4.8,5.2,52.7,Critical
M24512,11886,4.8,5.2,49.6,Critical
L56833,11791,4.7,5.3,45.8,Critical
L56834,11869,4.7,5.3,45.6,Critical
H39069,12087,4.8,5.2,47.7,Critical
L56836,12696,5.1,4.9,54.1,Critical
L56837,12508,5.0,5.0,49.5,Critical
L56838,12726,5.1,4.9,51.6,Critical
L56839,12294,4.9,5.1,42.9,Critical
M24520,12594,5.0,5.0,46.4,Critical
H39075,12861,5.1,4.9,48.6,Critical
M24522,13310,5.3,4.7,52.3,Critical
L56843,13175,5.3,4.7,47.8,Critical
L56844,13029,5.2,4.8,43.9,Critical
L56845,13705,5.5,4.5,53.7,Critical
M24526,14251,5.7,4.3,61.3,Critical
L56847,13414,5.4,4.6,45.1,Critical
L56848,14038,5.6,4.4,54.0,Critical
L56849,14128,5.7,4.3,54.0,Critical
L56850,14360,5.7,4.3,56.3,Critical
L56851,13894,5.6,4.4,47.1,Critical
H39086,3488,1.4,8.6,58.1,Stable
M24533,3411,1.4,8.6,53.1,Stable
L56854,3750,1.5,8.5,56.5,Stable
M24535,3046,1.2,8.8,43.3,Stable
L56856,4357,1.7,8.3,62.9,Stable
L56857,4741,1.9,8.1,67.8,Stable
M24538,4187,1.7,8.3,57.0,Stable
L56859,4096,1.6,8.4,53.3,Stable
L56860,4778,1.9,8.1,63.1,Stable
M24541,3904,1.6,8.4,47.1,Stable
L56862,4003,1.6,8.4,46.5,Stable
M24543,3981,1.6,8.4,44.6,Stable
H39098,4192,1.7,8.3,45.9,Stable
L56865,4385,1.8,8.2,45.3,Stable
L56866,4727,1.9,8.1,49.5,Stable
M24547,5143,2.1,7.9,55.0,Stable
L56868,4714,1.9,8.1,45.6,Stable
L56869,4794,1.9,8.1,45.4,Stable
M24550,5200,2.1,7.9,50.7,Stable
L56871,5459,2.2,7.8,52.7,Stable
M24552,5719,2.3,7.7,55.6,Stable
L56873,5906,2.4,7.6,56.4,Stable
L56874,5728,2.3,7.7,52.0,Stable
L56875,5884,2.4,7.6,53.1,Stable
L56876,5598,2.2,7.8,46.8,Stable
M24557,5706,2.3,7.7,47.1,Stable
L56878,6341,2.5,7.5,55.4,Stable
L56879,6121,2.4,7.6,50.3,Stable
M24560,5901,2.4,7.6,45.1,Stable
L56881,6300,2.5,7.5,49.5,Stable
L56882,6686,2.7,7.3,54.4,Stable
L56883,6354,2.5,7.5,47.4,Stable
L56884,6754,2.7,7.3,52.6,Declining
L56885,6654,2.7,7.3,49.4,Declining
M24566,7190,2.9,7.1,56.8,Declining
L56887,7313,2.9,7.1,56.6,Declining
L56888,7333,2.9,7.1,55.5,Declining
M24569,7067,2.8,7.2,49.5,Declining
L56890,6902,2.8,7.2,44.5,Declining
H39125,7178,2.9,7.1,47.6,Declining
M24572,7457,3.0,7.0,48.5,Declining
L56893,7672,3.1,6.9,49.9,Declining
L56894,8558,3.4,6.6,63.1,Declining
L56895,7606,3.0,7.0,45.8,Declining
H39130,7724,3.1,6.9,46.2,Declining
L56897,8175,3.3,6.7,50.0,Declining
L56898,8299,3.3,6.7,50.6,Declining
L56899,7973,3.2,6.8,43.6,Declining
M24580,8159,3.3,6.7,45.2,Declining
L56901,8560,3.4,6.6,49.7,Declining
H39136,9492,3.8,6.2,63.7,Declining
L56903,9093,3.6,6.4,53.3,Declining
M24584,10181,4.1,5.9,69.9,Declining
M24585,9378,3.8,6.2,54.3,Declining
L56906,9369,3.7,6.3,51.9,Declining
L56907,9267,3.7,6.3,48.7,Declining
L56908,9561,3.8,6.2,52.1,Declining
L56909,9915,4.0,6.0,56.5,Declining
L56910,9671,3.9,6.1,50.9,Declining
L56911,9483,3.8,6.2,46.3,Declining
L56912,11257,4.5,5.5,74.4,Declining
M24593,9769,3.9,6.1,48.1,Declining
H39148,9936,4.0,6.0,48.6,Declining
L56915,10133,4.1,5.9,48.1,Declining
M24596,10031,4.0,6.0,44.9,Declining
L56917,11052,4.4,5.6,59.7,Declining
L56918,10578,4.2,5.8,50.3,Declining
L56919,10680,4.3,5.7,50.5,Declining
M24600,11050,4.4,5.6,55.2,Declining
L56921,10865,4.3,5.7,49.8,Declining
L56922,11211,4.5,5.5,54.1,Declining
L56923,11179,4.5,5.5,52.1,Declining
L56924,11293,4.5,5.5,52.5,Critical
L56925,11457,4.6,5.4,53.7,Critical
L56926,11131,4.5,5.5,46.8,Critical
L56927,11377,4.6,5.4,49.4,Critical
M24608,11387,4.6,5.4,48.0,Critical
H39163,11606,4.6,5.4,49.4,Critical
L56930,11975,4.8,5.2,51.8,Critical
L56931,12185,4.9,5.1,53.8,Critical
L56932,12167,4.9,5.1,52.0,Critical
L56933,12321,4.9,5.1,53.1,Critical
M24614,12329,4.9,5.1,51.7,Critical
H39169,12482,5.0,5.0,52.0,Critical
L56936,12779,5.1,4.9,53.2,Critical
M24617,12709,5.1,4.9,50.6,Critical
L56938,14352,5.7,4.3,75.7,Critical
L56939,3226,1.3,8.7,53.8,Stable
M24620,3108,1.2,8.8,50.3,Stable
L56941,3631,1.5,8.5,56.8,Stable
L56942,4165,1.7,8.3,64.2,Stable
M24623,3675,1.5,8.5,54.5,Stable
L56944,3128,1.3,8.7,43.1,Critical
L56945,3574,1.4,8.6,49.1,Stable
H39180,3618,1.4,8.6,48.3,Stable
L56947,4071,1.6,8.4,52.1,Stable
L56948,4257,1.7,8.3,53.7,Stable
L56949,3897,1.6,8.4,46.2,Stable
H39184,4383,1.8,8.2,52.8,Stable
M24631,4288,1.7,8.3,47.5,Stable
L56952,4697,1.9,8.1,52.0,Stable
L56953,4785,1.9,8.1,52.0,Stable
H39188,4505,1.8,8.2,45.8,Stable
M24635,5348,2.1,7.9,56.1,Stable
M24636,4909,2.0,8.0,46.6,Stable
L56957,5024,2.0,8.0,46.2,Stable
H39192,4962,2.0,8.0,43.7,Stable
L56959,5583,2.2,7.8,50.3,Stable
M24640,5609,2.2,7.8,49.2,Stable
L56961,5672,2.3,7.7,48.0,Stable
L56962,5688,2.3,7.7,46.8,Stable
H39197,5902,2.4,7.6,48.9,Stable
M24644,6065,2.4,7.6,47.8,Stable
H39199,6724,2.7,7.3,56.6,Stable
M24646,7031,2.8,7.2,57.9,Stable
H39201,6530,2.6,7.4,47.3,Declining
M24648,6985,2.8,7.2,51.2,Declining
L56969,7480,3.0,7.0,57.2,Declining
L56970,7106,2.8,7.2,49.4,Declining
M24651,7272,2.9,7.1,50.7,Declining
H39206,7511,3.0,7.0,52.4,Declining
H39207,7418,3.0,7.0,47.1,Declining
L56974,7995,3.2,6.8,53.0,Declining
L56975,8151,3.3,6.7,54.1,Declining
H39210,8383,3.4,6.6,56.5,Declining
M24657,8414,3.4,6.6,53.2,Declining
L56978,8297,3.3,6.7,49.0,Declining
M24659,8547,3.4,6.6,51.7,Declining
H39214,8422,3.4,6.6,47.4,Declining
M24661,8797,3.5,6.5,49.9,Declining
H39216,9908,4.0,6.0,66.1,Declining
L56983,9549,3.8,6.2,56.4,Declining
L56984,9189,3.7,6.3,48.9,Declining
L56985,9647,3.9,6.1,55.0,Declining
L56986,9269,3.7,6.3,47.2,Declining
L56987,9351,3.7,6.3,47.1,Declining
M24668,9497,3.8,6.2,48.0,Declining
M24669,9456,3.8,6.2,45.1,Declining
L56990,9889,4.0,6.0,50.1,Declining
L56991,10195,4.1,5.9,53.7,Declining
M24672,9887,4.0,6.0,47.0,Declining
L56993,9974,4.0,6.0,46.2,Declining
H39228,10150,4.1,5.9,47.7,Declining
M24675,10667,4.3,5.7,52.5,Declining
M24676,11092,4.4,5.6,57.4,Declining
M24677,10715,4.3,5.7,48.8,Declining
M24678,10734,4.3,5.7,46.9,Declining
M24679,10983,4.4,5.6,48.8,Declining
M24680,11326,4.5,5.5,52.3,Critical
L57001,11659,4.7,5.3,55.6,Critical
L57002,11135,4.5,5.5,45.3,Critical
M24683,11481,4.6,5.4,49.6,Critical
L57004,11648,4.7,5.3,50.1,Critical
L57005,11950,4.8,5.2,53.7,Critical
L57006,11510,4.6,5.4,44.8,Critical
M24687,11662,4.7,5.3,45.9,Critical
L57008,11815,4.7,5.3,46.2,Critical
M24689,11993,4.8,5.2,47.6,Critical
L57010,11944,4.8,5.2,44.6,Critical
L57011,12444,5.0,5.0,51.4,Critical
L57012,13686,5.5,4.5,70.6,Critical
L57013,12312,4.9,5.1,46.2,Critical
M24694,3264,1.3,8.7,54.4,Stable
L57015,3225,1.3,8.7,51.5,Stable
M24696,3005,1.2,8.8,46.3,Stable
M24697,3070,1.2,8.8,45.2,Stable
L57018,3345,1.3,8.7,47.5,Stable
M24699,3567,1.4,8.6,49.7,Stable
H39254,3692,1.5,8.5,49.5,Stable
M24701,3663,1.5,8.5,45.3,Stable
L57022,3870,1.5,8.5,46.5,Stable
L57023,3936,1.6,8.4,46.1,Stable
H39258,4228,1.7,8.3,49.5,Stable
L57025,4327,1.7,8.3,47.4,Stable
L57026,4253,1.7,8.3,44.6,Stable
L57027,4389,1.8,8.2,45.4,Stable
H39262,4891,2.0,8.0,52.3,Stable
L57029,6604,2.6,7.4,77.1,Stable
M24710,5066,2.0,8.0,49.9,Stable
M24711,5727,2.3,7.7,58.7,Stable
L57032,4972,2.0,8.0,43.9,Stable
L57033,5480,2.2,7.8,50.8,Stable
H39268,5244,2.1,7.9,45.4,Stable
L57035,5777,2.3,7.7,50.5,Stable
L57036,5735,2.3,7.7,48.3,Stable
M24717,5657,2.3,7.7,45.5,Stable
L57038,6154,2.5,7.5,51.6,Stable
M24719,6310,2.5,7.5,52.7,Stable
H39274,6795,2.7,7.3,58.5,Stable
M24721,7110,2.8,7.2,60.0,Stable
M24722,6523,2.6,7.4,48.0,Declining
L57043,6602,2.6,7.4,47.0,Declining
M24724,7160,2.9,7.1,54.8,Declining
M24725,8905,3.6,6.4,81.7,Declining
L57046,7400,3.0,7.0,54.3,Declining
L57047,7052,2.8,7.2,47.0,Declining
L57048,7372,2.9,7.1,50.9,Declining
L57049,7590,3.0,7.0,53.0,Declining
H39284,8268,3.3,6.7,62.8,Declining
M24731,8619,3.4,6.6,64.9,Declining
L57052,7606,3.0,7.0,45.8,Declining
L57053,8182,3.3,6.7,53.9,Declining
M24734,7938,3.2,6.8,48.3,Declining
M24735,7901,3.2,6.8,45.4,Declining
H39290,8232,3.3,6.7,48.7,Declining
L57057,8283,3.3,6.7,45.8,Declining
L57058,8211,3.3,6.7,43.1,Declining
M24739,8695,3.5,6.5,49.7,Declining
L57060,9356,3.7,6.3,58.4,Declining
L57061,8926,3.6,6.4,49.8,Declining
L57062,9820,3.9,6.1,63.2,Declining
H39297,9428,3.8,6.2,55.1,Declining
L57064,9691,3.9,6.1,55.8,Declining
L57065,9661,3.9,6.1,53.8,Declining
L57066,10331,4.1,5.9,63.4,Declining
L57067,9351,3.7,6.3,45.6,Declining
M24748,9855,3.9,6.1,52.5,Declining
H39303,9872,3.9,6.1,50.5,Declining
L57070,10355,4.1,5.9,54.8,Declining
L57071,9903,4.0,6.0,45.8,Declining
H39306,10059,4.0,6.0,46.9,Declining
M24753,10038,4.0,6.0,42.8,Declining
L57074,10895,4.4,5.6,54.8,Declining
L57075,10469,4.2,5.8,46.2,Declining
M24756,11021,4.4,5.6,53.9,Declining
L57077,10634,4.3,5.7,45.2,Declining
L57078,10802,4.3,5.7,46.5,Declining
L57079,11272,4.5,5.5,52.9,Critical
H39314,11088,4.4,5.6,48.3,Critical
M24761,11261,4.5,5.5,47.4,Critical
H39316,11354,4.5,5.5,46.7,Critical
M24763,11649,4.7,5.3,47.9,Critical
L57084,11984,4.8,5.2,51.2,Critical
M24765,11846,4.7,5.3,47.4,Critical
M24766,12309,4.9,5.1,52.9,Critical
M24767,12244,4.9,5.1,49.6,Critical
L57088,2912,1.2,8.8,48.5,Stable
L57089,3304,1.3,8.7,53.6,Stable
L57090,3118,1.2,8.8,49.0,Stable
M24771,3232,1.3,8.7,49.4,Stable
L57092,3059,1.2,8.8,44.2,Stable
L57093,3673,1.5,8.5,53.0,Stable
L57094,3925,1.6,8.4,55.7,Stable
M24775,3999,1.6,8.4,55.4,Stable
M24776,3916,1.6,8.4,51.8,Stable
M24777,4059,1.6,8.4,51.9,Stable
L57098,3784,1.5,8.5,45.1,Stable
L57099,3780,1.5,8.5,43.5,Stable
H39334,4160,1.7,8.3,48.3,Stable
M24781,4179,1.7,8.3,44.9,Stable
H39336,4752,1.9,8.1,52.2,Stable
M24783,5075,2.0,8.0,53.8,Stable
M24784,4748,1.9,8.1,46.1,Stable
M24785,4849,1.9,8.1,45.6,Stable
M24786,6044,2.4,7.6,63.2,Stable
L57107,5429,2.2,7.8,50.7,Stable
M24788,5627,2.3,7.7,52.5,Stable
H39343,5568,2.2,7.8,49.3,Stable
L57110,5739,2.3,7.7,48.4,Stable
L57111,5789,2.3,7.7,47.7,Stable
L57112,6341,2.5,7.5,55.4,Stable
L57113,6299,2.5,7.5,53.2,Stable
L57114,6139,2.5,7.5,49.1,Stable
L57115,6189,2.5,7.5,48.4,Stable
H39350,6443,2.6,7.4,51.1,Stable
L57117,6610,2.6,7.4,50.2,Declining
L57118,6746,2.7,7.3,50.9,Declining
H39353,9052,3.6,6.4,87.9,Declining
M24800,7449,3.0,7.0,57.4,Declining
L57121,6930,2.8,7.2,46.5,Declining
L57122,6980,2.8,7.2,45.8,Declining
M24803,7852,3.1,6.9,58.9,Declining
L57124,7253,2.9,7.1,46.6,Declining
L57125,7701,3.1,6.9,52.6,Declining
L57126,7639,3.1,6.9,50.1,Declining
M24807,7783,3.1,6.9,51.0,Declining
L57128,8468,3.4,6.6,60.1,Declining
M24809,7772,3.1,6.9,47.0,Declining
L57130,7911,3.2,6.8,47.1,Declining
L57131,7885,3.2,6.8,45.2,Declining
L57132,8123,3.2,6.8,47.6,Declining
L57133,8485,3.4,6.6,52.2,Declining
M24814,8337,3.3,6.7,48.2,Declining
M24815,8504,3.4,6.6,48.7,Declining
M24816,8871,3.5,6.5,52.6,Declining
L57137,9062,3.6,6.4,53.5,Declining
M24818,8990,3.6,6.4,50.8,Declining
L57139,8833,3.5,6.5,46.0,Declining
L57140,9315,3.7,6.3,52.5,Declining
L57141,9053,3.6,6.4,46.6,Declining
L57142,9203,3.7,6.3,47.6,Declining
L57143,9305,3.7,6.3,47.8,Declining
L57144,10057,4.0,6.0,58.9,Declining
L57145,10021,4.0,6.0,56.8,Declining
L57146,9719,3.9,6.1,50.2,Declining
M24827,10013,4.0,6.0,53.6,Declining
L57148,10140,4.1,5.9,53.5,Declining
L57149,10002,4.0,6.0,49.7,Declining
H39384,10892,4.4,5.6,63.0,Declining
H39385,10461,4.2,5.8,52.1,Declining
L57152,10340,4.1,5.9,46.3,Declining
L57153,10538,4.2,5.8,48.1,Declining
L57154,10462,4.2,5.8,45.4,Critical
M24835,11008,4.4,5.6,53.0,Declining
L57156,11375,4.6,5.4,56.8,Declining
L57157,10899,4.4,5.6,47.4,Declining
H39392,10899,4.4,5.6,45.9,Critical
L57159,11038,4.4,5.6,44.5,Critical
L57160,11578,4.6,5.4,52.0,Critical
L57161,11256,4.5,5.5,45.1,Critical
M24842,11654,4.7,5.3,50.2,Critical
L57163,12163,4.9,5.1,56.5,Critical
H39398,11729,4.7,5.3,47.7,Critical
H39399,12234,4.9,5.1,52.4,Critical
M24846,12329,4.9,5.1,50.2,Critical
M24847,12450,5.0,5.0,50.0,Critical
L57168,13127,5.3,4.7,59.0,Critical
M24849,3154,1.3,8.7,52.6,Stable
L57170,3189,1.3,8.7,50.9,Stable
M24851,3879,1.6,8.4,60.9,Stable
L57172,3328,1.3,8.7,49.5,Stable
L57173,3252,1.3,8.7,46.7,Stable
L57174,3808,1.5,8.5,54.5,Stable
M24855,3838,1.5,8.5,53.5,Stable
H39410,4029,1.6,8.4,54.4,Stable
M24857,4280,1.7,8.3,54.8,Stable
H39412,3941,1.6,8.4,46.9,Stable
M24859,4350,1.7,8.3,50.0,Stable
