machine_id,machine_type,air_temperature,process_temperature,rotational_speed,torque,tool_wear,health
M14860,M,298.1,308.6,1551,42.8,0,Healthy
L47181,L,298.2,308.7,1408,46.3,3,Healthy
L47182,L,298.1,308.5,1498,49.4,5,Healthy
L47183,L,298.2,308.6,1433,39.5,7,Healthy
L47184,L,298.2,308.7,1408,40.0,9,Healthy
M14865,M,298.1,308.6,1425,41.9,11,Healthy
L47186,L,298.1,308.6,1558,42.4,14,Healthy
L47187,L,298.1,308.6,1527,40.2,16,Healthy
M14868,M,298.3,308.7,1667,28.6,18,Healthy
M14869,M,298.5,309.0,1741,28.0,21,Healthy
H29424,H,298.4,308.9,1782,23.9,24,Healthy
H29425,H,298.6,309.1,1423,44.3,29,Healthy
M14872,M,298.6,309.1,1339,51.1,34,Healthy
M14873,M,298.6,309.2,1742,30.0,37,Healthy
L47194,L,298.6,309.2,2035,19.6,40,Healthy
L47195,L,298.6,309.2,1542,48.4,42,Healthy
M14876,M,298.6,309.2,1311,46.6,44,Healthy
M14877,M,298.7,309.2,1410,45.6,47,Healthy
H29432,H,298.8,309.2,1306,54.5,50,Healthy
M14879,M,298.9,309.3,1632,32.5,55,Healthy
H29434,H,298.9,309.3,1375,42.7,58,Healthy
L47201,L,298.8,309.3,1450,44.8,63,Healthy
M14882,M,298.9,309.3,1581,30.7,65,Healthy
L47203,L,299.0,309.4,1758,25.7,68,Healthy
M14884,M,299.0,309.4,1561,37.3,70,Healthy
L47205,L,299.0,309.5,1861,23.3,73,Healthy
L47206,L,299.1,309.5,1512,39.0,75,Healthy
H29441,H,299.1,309.4,1811,24.6,77,Healthy
L47208,L,299.1,309.4,1439,44.2,82,Medium
L47209,L,299.0,309.4,1693,30.1,84,Medium
M14890,M,299.1,309.5,1339,48.2,86,Medium
L47211,L,299.0,309.4,1798,25.5,89,Medium
L47212,L,299.0,309.4,1419,48.3,91,Medium
L47213,L,298.9,309.3,1665,32.5,93,Medium
M14894,M,298.8,309.1,1559,34.7,95,Medium
M14895,M,298.8,309.2,1452,48.6,98,Medium
M14896,M,298.9,309.2,1581,36.7,101,Medium
L47217,L,298.8,309.1,1439,39.2,104,Medium
H29452,H,298.9,309.2,1379,50.7,106,Medium
L47219,L,298.8,309.1,1350,52.5,111,Medium
L47220,L,298.8,309.1,1362,45.4,113,Medium
L47221,L,298.8,309.1,1368,50.8,115,Medium
M14902,M,298.8,309.1,1368,49.1,117,Medium
H29457,H,298.8,309.2,1372,48.5,120,Medium
M14904,M,298.8,309.1,1472,47.5,125,Medium
L47225,L,298.8,309.1,1489,49.1,128,Medium
M14906,M,298.7,309.0,1843,25.8,130,Medium
L47227,L,298.8,309.1,1418,46.3,133,Medium
H29462,H,298.8,309.2,1425,53.9,135,Medium
M14909,M,298.9,309.2,1412,44.1,140,Medium
L47230,L,298.9,309.1,2861,4.6,143,Critical
L47231,L,298.9,309.1,1383,54.9,145,Medium
H29466,H,298.8,309.0,1497,43.8,147,Medium
L47233,L,298.7,309.0,1565,35.1,152,Medium
L47234,L,298.7,309.0,1691,30.1,154,Medium
L47235,L,298.8,309.1,1512,40.7,156,Medium
L47236,L,298.8,309.1,1477,42.4,158,Medium
L47237,L,298.8,309.1,1513,40.3,160,Medium
M14918,M,298.8,309.0,1661,29.5,162,Medium
L47239,L,298.8,309.1,1378,54.4,165,Medium
L47240,L,298.8,309.1,1393,52.6,167,Medium
M14921,M,298.8,309.0,1592,38.2,169,Medium
L47242,L,298.8,309.0,1829,22.9,172,Medium
M14923,M,298.9,309.0,1812,25.9,174,Medium
L47244,L,299.0,309.1,1523,38.6,177,Medium
L47245,L,299.0,309.1,1394,45.1,179,Medium
M14926,M,298.9,308.9,1679,28.7,181,Critical
H29481,H,298.8,308.9,1466,44.1,184,Critical
L47248,L,298.8,308.9,1527,32.4,189,Critical
L47249,L,298.9,309.0,1410,65.7,191,Critical
M14930,M,298.9,309.0,1924,22.6,193,Critical
L47251,L,298.9,309.1,1452,45.5,196,Critical
L47252,L,298.9,309.1,1369,44.4,198,Critical
L47253,L,299.0,309.1,1592,35.0,200,Critical
L47254,L,298.9,309.0,1601,32.3,202,Critical
L47255,L,298.8,308.9,1379,46.7,204,Critical
L47256,L,298.8,308.9,1461,47.9,206,Critical
L47257,L,298.8,308.9,1455,41.3,208,Critical
L47258,L,298.8,308.9,1398,51.5,0,Healthy
L47259,L,298.8,308.9,1402,37.9,2,Healthy
H29494,H,298.8,308.8,1445,49.9,4,Healthy
L47261,L,298.9,308.9,1450,47.5,9,Healthy
L47262,L,298.9,308.9,1453,40.8,11,Healthy
L47263,L,299.0,309.0,1469,40.1,13,Healthy
L47264,L,298.9,308.9,1422,47.6,15,Healthy
M14945,M,299.0,309.0,1804,26.8,17,Healthy
H29500,H,299.0,309.0,1436,43.9,20,Healthy
L47267,L,299.0,309.0,1544,31.8,25,Healthy
M14948,M,299.0,309.0,1419,45.2,27,Healthy
M14949,M,298.9,308.9,1487,39.5,30,Healthy
L47270,L,298.9,308.9,1753,25.8,33,Healthy
L47271,L,298.9,308.9,1830,24.9,35,Healthy
M14952,M,298.9,308.9,1727,27.1,37,Healthy
L47273,L,299.1,309.0,1450,43.0,40,Healthy
L47274,L,299.0,308.9,1622,31.9,42,Healthy
M14955,M,299.0,309.0,1351,52.2,44,Healthy
M14956,M,299.0,309.0,1575,35.3,47,Healthy
M14957,M,298.9,308.9,1750,29.9,50,Healthy
L47278,L,298.9,308.8,1529,32.7,53,Healthy
L47279,L,298.8,308.8,1523,44.4,55,Healthy
L47280,L,298.8,308.9,1852,25.0,57,Healthy
L47281,L,298.8,308.8,1991,20.7,59,Healthy
L47282,L,298.8,308.8,1555,40.6,61,Healthy
M14963,M,298.8,308.8,1441,40.5,63,Healthy
L47284,L,298.8,308.7,1450,43.4,66,Healthy
L47285,L,298.8,308.7,1591,31.1,68,Healthy
L47286,L,298.8,308.7,1445,48.5,70,Healthy
M14967,M,298.8,308.8,1497,46.8,72,Healthy
H29522,H,298.9,308.8,1621,32.7,75,Healthy
L47289,L,298.9,308.7,1572,34.1,80,Medium
L47290,L,298.8,308.6,1872,22.5,82,Medium
H29525,H,298.7,308.6,1499,43.5,84,Medium
M14972,M,298.8,308.7,1498,39.5,89,Medium
M14973,M,298.8,308.6,1486,41.9,92,Medium
L47294,L,298.8,308.6,1680,29.4,95,Medium
L47295,L,298.8,308.6,1431,45.7,97,Medium
L47296,L,298.9,308.7,1564,34.1,99,Medium
L47297,L,298.8,308.6,1599,33.0,101,Medium
M14978,M,298.8,308.6,1707,28.1,103,Medium
L47299,L,298.7,308.5,1467,40.7,106,Medium
L47300,L,298.9,308.7,1433,44.7,108,Medium
L47301,L,298.9,308.7,1558,41.2,110,Medium
L47302,L,299.0,308.8,1310,50.7,112,Medium
L47303,L,298.9,308.7,1546,43.4,114,Medium
L47304,L,298.9,308.7,1727,29.4,116,Medium
L47305,L,298.9,308.6,1560,32.2,118,Medium
L47306,L,299.0,308.6,1329,60.5,120,Medium
L47307,L,298.9,308.6,1413,46.5,122,Medium
L47308,L,299.0,308.6,1587,38.6,124,Medium
L47309,L,298.9,308.5,1559,34.3,126,Medium
L47310,L,298.8,308.4,1473,41.1,128,Medium
L47311,L,298.8,308.4,1737,27.7,130,Medium
M14992,M,298.7,308.4,1441,43.2,132,Medium
M14993,M,298.7,308.4,1430,49.6,135,Medium
L47314,L,298.8,308.4,1369,53.0,138,Medium
M14995,M,298.8,308.5,1711,28.5,140,Medium
H29550,H,298.7,308.5,1420,45.7,143,Medium
L47317,L,298.7,308.6,1297,55.3,148,Medium
H29552,H,298.8,308.6,1449,49.4,150,Medium
L47319,L,298.8,308.6,1268,55.8,155,Medium
L47320,L,298.8,308.6,1511,36.1,157,Medium
L47321,L,298.7,308.5,1544,35.2,159,Medium
M15002,M,298.6,308.4,1778,28.2,161,Medium
H29557,H,298.6,308.4,1407,50.5,164,Medium
M15004,M,298.6,308.4,1391,42.4,169,Medium
L47325,L,298.5,308.4,1513,33.6,172,Medium
H29560,H,298.5,308.4,1612,36.1,174,Medium
L47327,L,298.4,308.4,1515,40.1,179,Medium
M15008,M,298.3,308.3,1379,48.0,181,Critical
L47329,L,298.4,308.3,1473,39.9,184,Critical
L47330,L,298.4,308.3,1422,42.7,186,Critical
M15011,M,298.4,308.2,1463,37.6,188,Critical
M15012,M,298.4,308.2,1584,41.0,191,Critical
L47333,L,298.4,308.2,1850,27.0,194,Critical
L47334,L,298.4,308.2,1528,36.2,196,Critical
H29569,H,298.4,308.2,1987,19.8,198,Critical
M15016,M,298.4,308.1,1495,46.0,203,Critical
H29571,H,298.4,308.2,1478,43.5,206,Critical
M15018,M,298.4,308.2,1499,40.0,211,Critical
L47339,L,298.4,308.2,1471,47.0,214,Critical
L47340,L,298.4,308.2,1282,60.7,216,Critical
L47341,L,298.3,308.1,1412,52.3,218,Critical
L47342,L,298.3,308.1,1586,35.5,0,Healthy
M15023,M,298.4,308.2,1468,43.8,2,Healthy
M15024,M,298.5,308.3,1440,43.6,5,Healthy
L47345,L,298.5,308.4,1733,26.0,8,Healthy
H29580,H,298.4,308.2,1612,32.6,10,Healthy
H29581,H,298.4,308.3,1458,42.9,15,Healthy
L47348,L,298.4,308.3,1433,62.3,20,Critical
L47349,L,298.4,308.3,1318,59.1,22,Healthy
M15030,M,298.4,308.2,1610,35.0,24,Healthy
L47351,L,298.2,308.1,1462,50.8,27,Healthy
M15032,M,298.1,308.0,1924,20.8,29,Healthy
M15033,M,298.2,308.0,1591,33.7,32,Healthy
L47354,L,298.2,308.1,1306,58.3,35,Healthy
L47355,L,298.2,308.1,1382,43.5,37,Healthy
L47356,L,298.2,308.1,1618,34.7,39,Healthy
L47357,L,298.2,308.2,1988,21.4,41,Healthy
L47358,L,298.2,308.2,1436,50.2,43,Healthy
L47359,L,298.2,308.3,1304,49.8,45,Healthy
L47360,L,298.2,308.3,1475,49.9,47,Healthy
H29595,H,298.2,308.3,1824,24.2,49,Healthy
M15042,M,298.1,308.2,1342,48.1,54,Healthy
L47363,L,298.1,308.2,1485,40.7,57,Healthy
L47364,L,298.2,308.2,1667,30.6,59,Healthy
L47365,L,298.2,308.2,1446,38.2,61,Healthy
L47366,L,298.1,308.3,1301,56.0,63,Healthy
L47367,L,298.2,308.4,1379,43.1,65,Healthy
L47368,L,298.3,308.5,1606,33.6,67,Healthy
M15049,M,298.3,308.4,1539,43.4,69,Healthy
L47370,L,298.2,308.4,1477,49.9,72,Healthy
L47371,L,298.2,308.4,1666,34.6,74,Healthy
H29606,H,298.2,308.4,1398,51.8,76,Healthy
H29607,H,298.2,308.4,1678,34.6,81,Medium
M15054,M,298.2,308.5,2678,10.7,86,Critical
L47375,L,298.3,308.5,1453,42.9,89,Medium
H29610,H,298.3,308.6,1432,49.5,91,Medium
M15057,M,298.4,308.6,1527,40.9,96,Medium
L47378,L,298.4,308.7,1588,35.0,99,Medium
L47379,L,298.4,308.6,1433,47.1,101,Medium
L47380,L,298.4,308.6,1609,35.0,103,Medium
L47381,L,298.3,308.5,1575,41.2,105,Medium
M15062,M,298.4,308.5,1636,35.7,107,Medium
L47383,L,298.4,308.5,1490,37.9,110,Medium
L47384,L,298.4,308.5,1741,32.8,112,Medium
M15065,M,298.5,308.6,1344,53.0,114,Medium
L47386,L,298.5,308.7,1609,35.3,117,Medium
M15067,M,298.4,308.7,1421,60.7,119,Critical
L47388,L,298.4,308.6,1591,36.7,122,Medium
L47389,L,298.4,308.6,1477,44.0,124,Medium
L47390,L,298.4,308.7,1523,36.1,126,Medium
L47391,L,298.5,308.7,1575,33.9,128,Medium
H29626,H,298.4,308.7,1344,52.9,130,Medium
L47393,L,298.4,308.7,1386,44.9,135,Medium
M15074,M,298.3,308.6,1589,37.1,137,Medium
L47395,L,298.3,308.6,1548,40.3,140,Medium
L47396,L,298.3,308.6,1499,38.3,142,Medium
L47397,L,298.3,308.5,1664,31.6,144,Medium
L47398,L,298.3,308.6,1447,38.1,146,Medium
M15079,M,298.3,308.5,1434,46.2,148,Medium
L47400,L,298.3,308.5,1416,52.7,151,Medium
H29635,H,298.4,308.5,1827,24.3,153,Medium
L47402,L,298.4,308.6,1304,45.0,158,Medium
L47403,L,298.4,308.6,1569,34.4,160,Medium
L47404,L,298.3,308.6,1584,29.3,162,Medium
L47405,L,298.3,308.5,1362,53.8,164,Medium
L47406,L,298.3,308.4,1329,49.2,166,Medium
L47407,L,298.3,308.5,1539,36.1,168,Medium
M15088,M,298.3,308.5,1629,37.1,170,Medium
L47409,L,298.3,308.5,1538,32.2,173,Medium
L47410,L,298.3,308.6,1570,34.8,175,Medium
L47411,L,298.3,308.4,1408,43.1,177,Medium
L47412,L,298.2,308.4,1424,47.6,179,Medium
L47413,L,298.2,308.4,1512,34.9,181,Critical
L47414,L,298.2,308.4,1478,42.9,183,Critical
M15095,M,298.1,308.3,1680,33.7,185,Critical
L47416,L,298.1,308.3,1495,38.7,188,Critical
M15097,M,298.0,308.1,1552,36.6,190,Critical
L47418,L,297.9,308.1,1393,50.3,193,Critical
L47419,L,298.0,308.2,1611,30.6,195,Critical
M15100,M,298.0,308.1,1339,51.6,197,Critical
L47421,L,298.0,308.1,1777,24.3,200,Critical
L47422,L,298.0,308.2,1348,58.8,202,Critical
L47423,L,298.0,308.2,1442,44.1,204,Critical
M15104,M,298.0,308.2,1395,49.1,206,Critical
M15105,M,297.9,308.1,1627,31.4,209,Critical
L47426,L,297.9,308.1,1585,33.5,212,Critical
L47427,L,298.0,308.2,1469,45.5,214,Critical
L47428,L,298.0,308.3,1362,56.8,216,Critical
L47429,L,298.0,308.3,1405,56.2,218,Critical
L47430,L,298.0,308.3,1662,32.7,0,Healthy
M15111,M,298.0,308.2,1466,42.6,2,Healthy
L47432,L,298.0,308.2,1620,35.8,5,Healthy
L47433,L,298.0,308.2,1357,48.2,7,Healthy
L47434,L,298.0,308.2,1514,37.9,9,Healthy
L47435,L,298.0,308.2,1489,40.4,11,Healthy
L47436,L,298.1,308.3,1331,63.0,13,Healthy
L47437,L,298.0,308.0,1615,29.5,15,Healthy
L47438,L,298.1,308.2,1482,37.9,17,Healthy
M15119,M,298.1,308.2,1420,63.9,19,Critical
M15120,M,298.2,308.3,1522,49.1,22,Healthy
L47441,L,298.1,308.2,1654,32.1,25,Healthy
M15122,M,298.1,308.2,1736,26.8,27,Healthy
M15123,M,298.0,308.1,1587,32.3,30,Healthy
L47444,L,298.1,308.2,1390,47.5,33,Healthy
L47445,L,298.0,308.1,1454,37.1,35,Healthy
H29680,H,298.0,308.1,1440,43.7,37,Healthy
L47447,L,297.9,308.0,1954,21.1,42,Healthy
H29682,H,297.9,308.0,1800,24.8,44,Healthy
L47449,L,298.0,308.0,1524,37.0,49,Healthy
H29684,H,298.0,308.0,1520,39.6,51,Healthy
M15131,M,298.1,308.1,1452,40.8,56,Healthy
L47452,L,298.1,308.1,1484,40.4,59,Healthy
L47453,L,298.1,308.0,1426,46.0,61,Healthy
L47454,L,298.1,308.0,1652,28.5,63,Healthy
L47455,L,298.0,308.0,1401,54.7,65,Healthy
M15136,M,298.0,307.9,1750,26.6,67,Healthy
H29691,H,298.0,308.0,1479,50.7,70,Healthy
M15138,M,298.0,308.0,1620,29.4,75,Healthy
L47459,L,298.0,308.1,1819,23.4,78,Healthy
M15140,M,298.1,308.1,1456,43.7,80,Medium
L47461,L,298.1,308.0,1626,36.5,83,Medium
M15142,M,298.1,308.1,1390,49.8,85,Medium
L47463,L,298.2,308.2,1469,43.0,88,Medium
L47464,L,298.2,308.3,2051,19.2,90,Medium
L47465,L,298.2,308.3,1568,36.0,92,Medium
L47466,L,298.2,308.3,1589,33.2,94,Medium
L47467,L,298.2,308.3,1805,31.6,96,Medium
H29702,H,298.2,308.4,1385,42.2,98,Medium
L47469,L,298.1,308.4,1436,46.7,103,Medium
L47470,L,298.1,308.4,1438,45.6,105,Medium
L47471,L,298.0,308.3,1473,42.6,107,Medium
L47472,L,298.1,308.4,1335,40.2,109,Medium
H29707,H,298.1,308.5,1392,44.8,111,Medium
M15154,M,298.1,308.5,1372,51.1,116,Medium
M15155,M,298.1,308.6,1716,30.7,119,Medium
L47476,L,298.0,308.5,1395,46.2,122,Medium
L47477,L,298.0,308.5,1713,25.3,124,Medium
H29712,H,297.9,308.5,2129,18.7,126,Medium
M15159,M,297.8,308.3,1567,35.6,131,Medium
L47480,L,297.8,308.4,1622,38.3,134,Medium
L47481,L,297.7,308.4,1740,27.1,136,Medium
H29716,H,297.8,308.4,1512,35.1,138,Medium
M15163,M,297.8,308.4,1479,43.5,143,Medium
L47484,L,297.8,308.4,1737,27.5,146,Medium
L47485,L,297.8,308.4,2129,19.2,148,Medium
L47486,L,297.8,308.4,1374,47.1,150,Medium
M15167,M,297.8,308.4,1579,36.6,152,Medium
L47488,L,297.9,308.5,1305,47.2,155,Medium
M15169,M,297.9,308.5,1449,40.8,157,Medium
H29724,H,298.0,308.6,1526,41.8,160,Medium
M15171,M,298.0,308.6,1453,44.1,165,Medium
L47492,L,297.9,308.6,1468,36.0,168,Medium
L47493,L,298.0,308.6,1313,50.8,170,Medium
M15174,M,297.9,308.5,1300,53.0,172,Medium
L47495,L,297.9,308.4,1646,40.6,175,Medium
L47496,L,297.8,308.4,1714,33.2,177,Medium
L47497,L,297.8,308.4,1685,28.4,179,Medium
L47498,L,297.8,308.4,1512,39.9,181,Critical
L47499,L,297.8,308.4,1612,32.1,183,Critical
H29734,H,297.8,308.4,1550,38.2,185,Critical
L47501,L,297.8,308.4,1518,32.5,190,Critical
L47502,L,297.8,308.5,1448,40.0,192,Critical
L47503,L,297.8,308.5,1561,46.3,194,Critical
M15184,M,297.8,308.5,1488,41.9,196,Critical
L47505,L,297.8,308.5,1699,27.8,199,Critical
L47506,L,297.7,308.5,1501,41.4,201,Critical
L47507,L,297.7,308.5,1373,56.7,203,Critical
H29742,H,297.6,308.4,1703,31.4,205,Critical
H29743,H,297.7,308.5,1720,29.9,210,Critical
M15190,M,297.6,308.4,1398,41.9,215,Critical
M15191,M,297.6,308.4,1391,51.9,218,Critical
M15192,M,297.6,308.3,1538,40.2,0,Healthy
L47513,L,297.5,308.2,1647,31.3,3,Healthy
M15194,M,297.5,308.1,1469,44.8,5,Healthy
L47515,L,297.4,308.1,1749,25.9,8,Healthy
M15196,M,297.6,308.2,1995,20.5,10,Healthy
L47517,L,297.6,308.3,1742,27.7,13,Healthy
L47518,L,297.5,308.2,1563,38.2,15,Healthy
M15199,M,297.5,308.2,1713,32.2,17,Healthy
L47520,L,297.4,308.1,1474,39.4,20,Healthy
M15201,M,297.4,308.2,1530,32.6,22,Healthy
L47522,L,297.4,308.2,1471,46.5,25,Healthy
L47523,L,297.5,308.3,1388,48.6,27,Healthy
M15204,M,297.5,308.2,2448,13.8,29,Healthy
L47525,L,297.5,308.3,1585,32.9,32,Healthy
M15206,M,297.5,308.3,1459,45.2,34,Healthy
L47527,L,297.5,308.3,1544,40.8,37,Healthy
L47528,L,297.6,308.3,1617,31.7,39,Healthy
L47529,L,297.6,308.3,1595,34.3,41,Healthy
H29764,H,297.6,308.3,1400,44.3,43,Healthy
M15211,M,297.6,308.4,1611,31.0,48,Healthy
M15212,M,297.6,308.4,1507,46.0,51,Healthy
H29767,H,297.5,308.3,1674,30.0,54,Healthy
L47534,L,297.6,308.3,1658,34.3,59,Healthy
L47535,L,297.6,308.3,1623,36.9,61,Healthy
M15216,M,297.6,308.4,1398,48.9,63,Healthy
L47537,L,297.6,308.4,1517,34.2,66,Healthy
M15218,M,297.6,308.3,1467,36.7,68,Healthy
M15219,M,297.6,308.3,1567,34.6,71,Healthy
M15220,M,297.5,308.3,1521,38.2,74,Healthy
L47541,L,297.5,308.3,1596,36.8,77,Healthy
H29776,H,297.6,308.3,1640,30.9,79,Healthy
L47543,L,297.6,308.3,1438,47.8,84,Medium
L47544,L,297.6,308.4,1407,55.2,86,Medium
L47545,L,297.6,308.4,1353,57.5,88,Medium
M15226,M,297.6,308.5,1552,40.9,90,Medium
M15227,M,297.6,308.4,1569,38.3,93,Medium
L47548,L,297.5,308.4,1489,39.5,96,Medium
H29783,H,297.5,308.4,1587,36.1,98,Medium
M15230,M,297.5,308.3,1622,37.2,103,Medium
L47551,L,297.5,308.4,1604,38.1,106,Medium
M15232,M,297.4,308.3,1405,51.7,108,Medium
L47553,L,297.4,308.3,1412,42.0,111,Medium
L47554,L,297.4,308.3,1431,43.0,113,Medium
L47555,L,297.4,308.2,1533,37.4,115,Medium
M15236,M,297.4,308.2,1401,51.9,117,Medium
M15237,M,297.4,308.2,1424,53.9,120,Medium
L47558,L,297.3,308.2,1754,29.4,123,Medium
L47559,L,297.3,308.2,1754,26.8,125,Medium
L47560,L,297.5,308.3,2564,12.8,127,Critical
L47561,L,297.5,308.5,1546,40.4,129,Medium
L47562,L,297.5,308.5,1335,48.0,131,Medium
M15243,M,297.5,308.6,1842,27.0,133,Medium
L47564,L,297.5,308.5,1712,26.8,136,Medium
M15245,M,297.6,308.6,1414,45.4,138,Medium
L47566,L,297.6,308.7,1319,50.9,141,Medium
L47567,L,297.7,308.7,1249,60.4,143,Medium
L47568,L,297.6,308.7,1455,48.2,145,Medium
M15249,M,297.6,308.7,1408,54.8,147,Medium
L47570,L,297.6,308.7,1460,46.7,150,Medium
L47571,L,297.6,308.6,1491,38.1,152,Medium
M15252,M,297.6,308.5,1490,43.4,154,Medium
M15253,M,297.5,308.4,1350,52.2,157,Medium
L47574,L,297.5,308.4,1528,39.9,160,Medium
L47575,L,297.4,308.3,1571,37.7,162,Medium
L47576,L,297.4,308.3,1490,42.6,164,Medium
M15257,M,297.4,308.3,1774,28.9,166,Medium
H29812,H,297.4,308.3,1502,43.6,169,Medium
L47579,L,297.4,308.4,1392,49.7,174,Medium
L47580,L,297.4,308.5,2100,16.9,176,Medium
L47581,L,297.5,308.5,1722,30.4,178,Medium
L47582,L,297.4,308.6,1678,32.3,180,Critical
L47583,L,297.3,308.6,1273,59.8,182,Critical
L47584,L,297.3,308.6,1297,45.9,184,Critical
L47585,L,297.3,308.5,1350,57.6,186,Critical
L47586,L,297.4,308.6,1439,51.9,188,Critical
M15267,M,297.4,308.5,1600,42.1,190,Critical
M15268,M,297.4,308.6,1434,44.4,193,Critical
L47589,L,297.4,308.6,1459,41.3,196,Critical
M15270,M,297.5,308.6,1472,44.9,198,Critical
L47591,L,297.5,308.7,1429,44.3,201,Critical
L47592,L,297.5,308.6,1388,48.2,203,Critical
L47593,L,297.4,308.4,1573,34.5,205,Critical
L47594,L,297.4,308.4,1588,32.5,207,Critical
L47595,L,297.5,308.4,1511,42.8,209,Critical
L47596,L,297.4,308.5,1495,37.8,211,Critical
L47597,L,297.4,308.4,1394,50.1,213,Critical
L47598,L,297.4,308.4,2151,17.7,0,Healthy
M15279,M,297.3,308.3,1501,38.2,2,Healthy
M15280,M,297.3,308.3,1301,39.6,5,Healthy
M15281,M,297.3,308.3,1657,31.1,8,Healthy
L47602,L,297.3,308.3,1333,55.2,11,Healthy
L47603,L,297.3,308.3,1484,43.9,13,Healthy
L47604,L,297.3,308.4,1430,45.7,15,Healthy
M15285,M,297.3,308.4,1665,28.9,17,Healthy
L47606,L,297.4,308.5,1501,44.9,20,Healthy
M15287,M,297.5,308.5,1496,42.2,22,Healthy
M15288,M,297.6,308.6,1595,36.9,25,Healthy
L47609,L,297.5,308.6,1208,62.3,28,Healthy
L47610,L,297.5,308.6,1596,37.1,30,Healthy
L47611,L,297.5,308.5,1446,41.9,32,Healthy
M15292,M,297.6,308.5,1466,39.7,34,Healthy
M15293,M,297.6,308.5,1848,23.7,37,Healthy
M15294,M,297.5,308.5,1484,44.7,40,Healthy
L47615,L,297.4,308.3,1493,41.2,43,Healthy
L47616,L,297.3,308.3,1504,36.3,45,Healthy
L47617,L,297.3,308.3,1538,38.5,47,Healthy
L47618,L,297.4,308.4,1341,52.2,49,Healthy
M15299,M,297.4,308.3,1535,34.6,51,Healthy
L47620,L,297.4,308.5,1389,39.2,54,Healthy
H29855,H,297.5,308.5,1393,46.6,56,Healthy
L47622,L,297.4,308.5,1399,61.5,61,Critical
H29857,H,297.4,308.5,1469,45.1,63,Healthy
L47624,L,297.4,308.4,1582,37.2,68,Healthy
L47625,L,297.5,308.6,1793,26.7,70,Healthy
L47626,L,297.5,308.6,1452,39.0,72,Healthy
M15307,M,297.6,308.7,1376,59.9,74,Healthy
L47628,L,297.5,308.6,1552,44.9,77,Healthy
L47629,L,297.6,308.7,1622,37.9,79,Healthy
M15310,M,297.6,308.7,1419,41.7,81,Medium
H29865,H,297.5,308.6,1440,46.1,84,Medium
M15312,M,297.4,308.6,1643,31.0,89,Medium
L47633,L,297.4,308.7,1510,36.2,92,Medium
L47634,L,297.4,308.7,1468,46.6,94,Medium
L47635,L,297.4,308.7,1429,57.4,96,Medium
H29870,H,297.3,308.7,1478,47.6,98,Medium
L47637,L,297.4,308.6,1276,53.6,103,Medium
L47638,L,297.3,308.6,1486,42.6,105,Medium
L47639,L,297.4,308.6,1476,42.3,107,Medium
H29874,H,297.3,308.6,1431,42.0,109,Medium
L47641,L,297.4,308.7,1402,40.2,114,Medium
L47642,L,297.4,308.7,1433,43.4,116,Medium
L47643,L,297.4,308.7,2874,4.2,118,Critical
L47644,L,297.3,308.6,1511,35.7,120,Medium
M15325,M,297.3,308.6,1456,42.9,122,Medium
L47646,L,297.2,308.5,1550,41.5,125,Medium
L47647,L,297.2,308.5,2182,16.5,127,Medium
L47648,L,297.3,308.7,1619,31.6,129,Medium
M15329,M,297.3,308.8,1586,32.7,131,Medium
H29884,H,297.3,308.8,1499,44.2,134,Medium
H29885,H,297.3,308.8,1419,42.4,139,Medium
M15332,M,297.4,309.0,1497,41.8,144,Medium
M15333,M,297.4,309.0,1520,37.0,147,Medium
L47654,L,297.4,309.1,1478,49.8,150,Medium
L47655,L,297.4,309.1,1380,41.1,152,Medium
L47656,L,297.4,309.0,1570,37.9,154,Medium
H29891,H,297.4,309.0,1468,41.4,156,Medium
L47658,L,297.4,309.0,1833,22.6,161,Medium
M15339,M,297.4,308.9,1323,57.3,163,Medium
L47660,L,297.4,309.0,1583,32.0,166,Medium
M15341,M,297.3,309.0,1556,39.5,168,Medium
L47662,L,297.3,309.0,1548,37.4,171,Medium
L47663,L,297.4,309.0,1324,56.9,173,Medium
L47664,L,297.4,309.0,1568,33.7,175,Medium
M15345,M,297.4,309.0,1685,30.7,177,Medium
M15346,M,297.4,309.1,1582,35.9,180,Critical
M15347,M,297.4,309.1,1463,35.0,183,Critical
L47668,L,297.4,309.2,1584,42.8,186,Critical
M15349,M,297.5,309.2,1347,55.8,188,Critical
L47670,L,297.4,309.2,1459,37.9,191,Critical
L47671,L,297.4,309.2,1420,45.6,193,Critical
L47672,L,297.5,309.3,1404,43.5,195,Critical
L47673,L,297.5,309.3,1470,38.8,197,Critical
L47674,L,297.6,309.4,1326,49.8,199,Critical
H29909,H,297.5,309.3,1459,49.7,201,Critical
M15356,M,297.5,309.2,1530,40.0,206,Critical
L47677,L,297.4,309.0,1505,39.2,209,Critical
L47678,L,297.5,309.1,1611,30.2,211,Critical
L47679,L,297.5,309.1,1515,35.1,213,Critical
M15360,M,297.5,309.2,1804,27.4,215,Critical
M15361,M,297.6,309.3,1464,46.2,218,Critical
L47682,L,297.6,309.2,1390,43.3,221,Critical
M15363,M,297.6,309.2,1442,48.1,0,Healthy
M15364,M,297.6,309.3,1529,41.9,3,Healthy
L47685,L,297.6,309.3,1610,35.0,6,Healthy
L47686,L,297.6,309.3,1543,34.3,8,Healthy
H29921,H,297.8,309.4,1445,48.2,10,Healthy
L47688,L,297.7,309.3,1893,24.6,15,Healthy
M15369,M,297.6,309.3,1415,41.3,17,Healthy
L47690,L,297.5,309.3,1564,37.5,20,Healthy
L47691,L,297.5,309.3,1479,39.4,22,Healthy
L47692,L,297.5,309.2,1426,44.8,24,Healthy
L47693,L,297.4,309.2,1428,38.8,26,Healthy
L47694,L,297.4,309.2,1620,33.2,28,Healthy
L47695,L,297.5,309.2,1715,28.0,30,Healthy
L47696,L,297.5,309.3,1732,29.9,32,Healthy
M15377,M,297.5,309.4,1391,58.2,34,Healthy
L47698,L,297.6,309.5,1924,20.6,37,Healthy
M15379,M,297.7,309.5,2027,19.8,39,Healthy
L47700,L,297.6,309.5,1617,36.2,42,Healthy
L47701,L,297.5,309.4,1497,35.8,44,Healthy
M15382,M,297.5,309.5,1448,43.7,46,Healthy
L47703,L,297.4,309.4,1401,45.9,49,Healthy
L47704,L,297.4,309.4,1620,35.4,51,Healthy
L47705,L,297.4,309.4,1466,45.5,53,Healthy
L47706,L,297.6,309.5,1373,50.6,55,Healthy
M15387,M,297.6,309.6,1592,35.8,57,Healthy
M15388,M,297.5,309.5,1553,42.4,60,Healthy
L47709,L,297.6,309.5,1569,36.2,63,Healthy
M15390,M,297.6,309.5,1709,32.2,65,Healthy
L47711,L,297.6,309.5,1549,34.9,68,Healthy
L47712,L,297.5,309.4,1443,45.4,70,Healthy
L47713,L,297.5,309.3,1675,29.8,72,Healthy
L47714,L,297.5,309.3,1623,33.4,74,Healthy
H29949,H,297.4,309.3,1365,52.4,76,Healthy
L47716,L,297.4,309.3,1759,24.8,81,Medium
H29951,H,297.4,309.3,1516,43.0,83,Medium
M15398,M,297.4,309.3,1499,36.8,88,Medium
M15399,M,297.4,309.3,1775,25.8,91,Medium
L47720,L,297.4,309.4,1473,45.5,94,Medium
L47721,L,297.4,309.4,1296,52.3,96,Medium
L47722,L,297.5,309.4,1803,24.7,98,Medium
H29957,H,297.5,309.3,1563,36.1,100,Medium
M15404,M,297.5,309.4,1831,26.6,105,Medium
L47725,L,297.6,309.4,1958,22.1,108,Medium
L47726,L,297.5,309.4,1809,24.3,110,Medium
M15407,M,297.5,309.4,1482,39.3,112,Medium
L47728,L,297.4,309.3,1332,53.2,115,Medium
L47729,L,297.4,309.2,1437,40.4,117,Medium
L47730,L,297.4,309.2,1698,29.4,119,Medium
L47731,L,297.4,309.2,1274,54.3,121,Medium
M15412,M,297.4,309.3,1622,35.0,123,Medium
M15413,M,297.4,309.3,1564,36.0,126,Medium
H29968,H,297.5,309.4,1368,45.3,129,Medium
M15415,M,297.4,309.4,1539,42.2,134,Medium
L47736,L,297.5,309.4,1357,50.1,137,Medium
M15417,M,297.5,309.4,1433,48.3,139,Medium
L47738,L,297.5,309.4,1650,34.6,142,Medium
L47739,L,297.5,309.4,1503,40.6,144,Medium
L47740,L,297.5,309.4,1318,58.2,146,Medium
M15421,M,297.5,309.4,1678,34.4,148,Medium
L47742,L,297.6,309.5,1574,30.9,151,Medium
L47743,L,297.7,309.6,1529,35.2,153,Medium
H29978,H,297.6,309.6,1669,32.1,155,Medium
H29979,H,297.7,309.7,1570,35.8,160,Medium
M15426,M,297.6,309.7,1541,33.7,165,Medium
M15427,M,297.7,309.7,1680,30.2,168,Medium
L47748,L,297.8,309.7,1935,22.1,171,Medium
M15429,M,297.7,309.6,1596,35.2,173,Medium
L47750,L,297.7,309.7,1498,41.0,176,Medium
M15431,M,297.8,309.8,1676,29.0,178,Medium
L47752,L,297.8,309.9,1351,49.0,181,Critical
L47753,L,297.9,309.9,1472,45.0,183,Critical
M15434,M,297.9,310.0,1439,41.7,185,Critical
M15435,M,297.9,309.9,1410,55.4,188,Critical
H29990,H,297.7,309.7,1440,51.1,191,Critical
L47757,L,297.7,309.7,1591,37.7,196,Critical
L47758,L,297.8,309.8,1533,36.8,198,Critical
M15439,M,297.8,309.7,1700,31.3,200,Critical
M15440,M,297.8,309.8,1798,25.5,203,Critical
L47761,L,297.8,309.7,1394,42.9,206,Critical
L47762,L,297.8,309.7,1341,49.2,208,Critical
H29997,H,297.7,309.6,1697,32.2,210,Critical
H29998,H,297.6,309.6,1419,48.2,215,Critical
L47765,L,297.6,309.5,2001,20.5,220,Critical
L47766,L,297.6,309.6,1501,49.8,222,Critical
H30001,H,297.6,309.5,1623,33.1,224,Critical
L47768,L,297.6,309.4,1628,33.4,229,Critical
L47769,L,297.6,309.4,1491,40.2,231,Critical
L47770,L,297.5,309.4,1517,36.7,233,Critical
H30005,H,297.5,309.3,1525,41.7,235,Critical
H30006,H,297.5,309.5,1668,27.9,240,Critical
L47773,L,297.5,309.6,1312,50.7,0,Healthy
H30008,H,297.6,309.6,1278,50.4,2,Healthy
M15455,M,297.6,309.6,1330,53.1,7,Healthy
M15456,M,297.6,309.6,1530,37.3,10,Healthy
H30011,H,297.6,309.6,1428,46.6,13,Healthy
L47778,L,297.7,309.6,1480,47.9,18,Healthy
H30013,H,297.7,309.7,1616,31.1,20,Healthy
L47780,L,297.8,309.7,1547,37.3,25,Healthy
L47781,L,297.9,309.7,2194,16.8,27,Healthy
L47782,L,297.9,309.8,2000,21.3,29,Healthy
L47783,L,297.9,309.8,1336,71.6,31,Critical
L47784,L,297.9,309.9,1542,33.8,33,Healthy
M15465,M,297.9,309.8,1693,29.9,35,Healthy
L47786,L,297.9,309.8,1461,50.5,38,Healthy
M15467,M,298.0,309.9,1565,33.9,40,Healthy
L47788,L,298.0,309.9,1403,47.7,43,Healthy
L47789,L,298.1,309.9,1629,32.5,45,Healthy
L47790,L,298.1,310.0,1534,33.7,47,Healthy
L47791,L,298.1,310.0,1553,40.9,49,Healthy
L47792,L,298.1,309.9,1563,32.8,51,Healthy
L47793,L,298.1,309.9,1634,30.0,53,Healthy
M15474,M,298.0,309.9,1445,45.2,55,Healthy
L47795,L,298.1,309.9,1642,30.4,58,Healthy
H30030,H,298.1,309.9,1686,29.1,60,Healthy
M15477,M,298.1,310.0,1393,43.1,65,Healthy
H30032,H,298.2,310.0,1433,44.2,68,Healthy
L47799,L,298.3,310.0,1507,44.7,73,Healthy
M15480,M,298.3,310.1,1389,49.6,75,Healthy
L47801,L,298.3,310.1,1408,45.3,78,Healthy
M15482,M,298.4,310.2,1725,32.0,80,Medium
L47803,L,298.4,310.1,1926,23.7,83,Medium
H30038,H,298.3,310.1,1509,37.6,85,Medium
L47805,L,298.3,310.1,1545,36.3,90,Medium
L47806,L,298.4,310.1,1533,35.2,92,Medium
L47807,L,298.4,310.1,1455,42.2,94,Medium
M15488,M,298.4,310.1,1335,57.8,96,Medium
L47809,L,298.3,310.1,1523,45.9,99,Medium
L47810,L,298.3,310.0,1460,47.6,101,Medium
L47811,L,298.4,310.0,1554,37.3,103,Medium
H30046,H,298.3,310.0,1419,47.1,105,Medium
L47813,L,298.3,310.0,1442,43.9,110,Medium
L47814,L,298.3,309.9,1507,41.6,112,Medium
L47815,L,298.3,310.0,1858,23.9,114,Medium
L47816,L,298.3,309.9,1463,43.9,116,Medium
L47817,L,298.2,309.7,1585,37.4,118,Medium
L47818,L,298.0,309.6,1536,37.3,120,Medium
L47819,L,298.0,309.6,1403,51.3,122,Medium
M15500,M,297.9,309.6,1515,38.8,124,Medium
L47821,L,297.9,309.5,1390,47.9,127,Medium
M15502,M,297.8,309.4,1226,58.7,129,Medium
M15503,M,297.8,309.4,1495,36.5,132,Medium
H30058,H,297.7,309.4,1608,30.2,135,Medium
L47825,L,297.7,309.4,1392,44.1,140,Medium
M15506,M,297.7,309.4,1461,43.7,142,Medium
L47827,L,297.7,309.3,1559,36.9,145,Medium
H30062,H,297.7,309.3,1400,48.9,147,Medium
M15509,M,297.7,309.2,1732,28.8,152,Medium
L47830,L,297.6,309.2,1611,33.1,155,Medium
L47831,L,297.6,309.1,1503,38.9,157,Medium
L47832,L,297.7,309.2,1391,44.5,159,Medium
L47833,L,297.8,309.3,2015,20.1,161,Medium
L47834,L,297.8,309.2,1683,30.9,163,Medium
L47835,L,297.7,309.1,1435,38.8,165,Medium
M15516,M,297.7,309.1,1732,28.1,167,Medium
L47837,L,297.7,309.2,1365,58.6,170,Medium
L47838,L,297.7,309.1,1562,36.8,172,Medium
L47839,L,297.6,309.1,1449,49.1,174,Medium
M15520,M,297.7,309.2,1700,27.4,176,Medium
M15521,M,297.6,309.0,1427,45.6,179,Medium
M15522,M,297.6,308.9,1479,38.1,182,Critical
L47843,L,297.5,308.9,1469,44.0,185,Critical
L47844,L,297.5,308.9,1390,47.4,187,Critical
L47845,L,297.5,308.9,1729,28.1,189,Critical
L47846,L,297.5,309.0,1470,43.5,191,Critical
L47847,L,297.5,308.9,1459,48.5,193,Critical
L47848,L,297.5,308.9,1738,24.0,195,Critical
H30083,H,297.5,308.9,1471,37.7,197,Critical
L47850,L,297.6,309.0,1822,25.4,202,Critical
L47851,L,297.5,308.9,1554,34.8,204,Critical
M15532,M,297.6,308.9,1433,43.2,206,Critical
L47853,L,297.6,308.9,1449,47.7,209,Critical
L47854,L,297.8,309.0,1456,41.2,0,Healthy
M15535,M,297.8,309.1,1424,45.5,2,Healthy
H30090,H,297.9,309.2,1577,34.7,5,Healthy
L47857,L,297.9,309.2,1478,39.7,10,Healthy
M15538,M,297.8,309.2,1295,61.2,12,Healthy
L47859,L,297.8,309.2,1372,47.3,15,Healthy
M15540,M,297.8,309.1,1432,42.6,17,Healthy
M15541,M,297.7,309.0,1656,33.2,20,Healthy
H30096,H,297.8,309.0,1410,48.8,23,Healthy
L47863,L,297.7,309.0,1874,24.4,28,Healthy
L47864,L,297.7,309.0,1538,43.2,30,Healthy
M15545,M,297.7,309.0,1636,29.7,32,Healthy
M15546,M,297.7,309.0,1504,40.4,35,Healthy
M15547,M,297.7,309.0,1531,42.4,38,Healthy
H30102,H,297.6,309.0,1735,26.4,41,Healthy
H30103,H,297.6,309.0,1354,55.6,46,Healthy
H30104,H,297.6,309.0,1413,40.2,51,Healthy
L47871,L,297.7,309.1,1563,39.3,56,Healthy
L47872,L,297.7,309.1,1479,42.1,58,Healthy
L47873,L,297.7,309.1,1477,38.3,60,Healthy
L47874,L,297.6,309.1,1394,50.0,62,Healthy
L47875,L,297.6,309.0,1487,45.4,64,Healthy
M15556,M,297.6,309.0,1815,25.3,66,Healthy
M15557,M,297.6,308.8,1453,39.7,69,Healthy
L47878,L,297.6,308.8,1539,40.2,72,Healthy
H30113,H,297.5,308.7,1416,39.2,74,Healthy
M15560,M,297.6,308.8,1683,31.6,79,Healthy
L47881,L,297.7,308.8,1515,40.1,82,Medium
M15562,M,297.7,308.9,1531,48.3,84,Medium
H30117,H,297.7,308.9,1479,40.9,87,Medium
L47884,L,297.7,308.9,1516,33.7,92,Medium
L47885,L,297.7,309.0,1507,38.2,94,Medium
M15566,M,297.8,309.0,1434,43.3,96,Medium
L47887,L,297.7,308.9,1838,27.3,99,Medium
M15568,M,297.6,308.8,1416,45.9,101,Medium
M15569,M,297.6,308.8,1357,49.7,104,Medium
M15570,M,297.5,308.7,1697,28.1,107,Medium
L47891,L,297.5,308.7,1443,46.2,110,Medium
L47892,L,297.5,308.7,1453,37.6,112,Medium
L47893,L,297.4,308.6,1439,46.4,114,Medium
L47894,L,297.4,308.6,1609,36.2,116,Medium
L47895,L,297.4,308.6,1324,59.1,118,Medium
H30130,H,297.4,308.6,1420,45.8,120,Medium
L47897,L,297.4,308.7,1545,36.9,125,Medium
L47898,L,297.5,308.8,1477,39.0,127,Medium
L47899,L,297.4,308.8,1447,58.1,129,Medium
L47900,L,297.4,308.9,1809,23.8,131,Medium
L47901,L,297.5,308.9,1696,30.9,133,Medium
L47902,L,297.5,308.9,1427,44.7,135,Medium
M15583,M,297.4,308.9,1500,46.3,137,Medium
L47904,L,297.5,308.9,1390,44.6,140,Medium
L47905,L,297.4,308.8,1640,34.2,142,Medium
M15586,M,297.4,308.8,1628,37.4,144,Medium
H30141,H,297.3,308.6,1499,37.6,147,Medium
M15588,M,297.4,308.7,1425,50.3,152,Medium
L47909,L,297.3,308.6,1586,37.7,155,Medium
M15590,M,297.3,308.6,1471,50.7,157,Medium
M15591,M,297.3,308.6,1431,53.0,160,Medium
L47912,L,297.2,308.6,1924,22.1,163,Medium
M15593,M,297.1,308.4,1421,42.0,165,Medium
H30148,H,297.0,308.4,1305,54.6,168,Medium
L47915,L,296.9,308.4,1557,32.4,173,Medium
L47916,L,296.9,308.3,1555,38.2,175,Medium
H30151,H,296.9,308.3,1474,39.2,177,Medium
L47918,L,296.8,308.3,1506,45.9,182,Critical
L47919,L,296.9,308.4,1390,41.8,184,Critical
M15600,M,296.9,308.4,1450,46.9,186,Critical
L47921,L,296.9,308.3,1513,38.8,189,Critical
L47922,L,296.8,308.2,1643,34.7,191,Critical
L47923,L,296.8,308.2,1361,53.8,193,Critical
L47924,L,296.7,308.1,1450,40.9,195,Critical
L47925,L,296.7,308.0,1451,50.7,197,Critical
L47926,L,296.8,308.1,1289,62.0,199,Critical
L47927,L,296.8,308.1,1356,48.3,201,Critical
H30162,H,296.7,308.1,1528,46.3,203,Critical
L47929,L,296.6,308.0,1978,22.3,208,Critical
L47930,L,296.7,308.0,1535,36.8,210,Critical
M15611,M,296.8,308.1,1843,24.2,212,Critical
L47932,L,296.9,308.1,1422,48.7,215,Critical
L47933,L,296.8,308.0,1536,40.4,217,Critical
M15614,M,296.9,308.1,1483,44.3,219,Critical
H30169,H,296.8,308.1,1492,43.7,222,Critical
L47936,L,296.8,308.0,1584,40.4,227,Critical
L47937,L,296.9,308.1,1555,33.7,229,Critical
L47938,L,296.8,308.0,1497,41.7,231,Critical
M15619,M,296.7,307.8,1537,36.3,233,Critical
L47940,L,296.7,307.8,1505,39.4,236,Critical
L47941,L,296.7,307.8,1646,34.6,238,Critical
M15622,M,296.7,307.8,1286,60.5,0,Healthy
L47943,L,296.7,307.8,1400,47.5,3,Healthy
L47944,L,296.8,307.9,1337,56.5,5,Healthy
L47945,L,296.9,308.0,1332,53.9,7,Healthy
L47946,L,296.8,308.0,1561,38.3,9,Healthy
L47947,L,296.9,308.0,1546,31.1,11,Healthy
L47948,L,296.9,308.0,1713,29.3,13,Healthy
L47949,L,296.9,308.0,1343,44.5,15,Healthy
L47950,L,296.8,308.0,1391,54.4,17,Healthy
H30185,H,296.8,308.0,1311,58.6,19,Healthy
H30186,H,296.8,308.0,1453,51.0,24,Healthy
L47953,L,296.8,308.0,1510,39.4,29,Healthy
L47954,L,296.8,307.9,1448,48.8,31,Healthy
L47955,L,296.7,307.8,1453,46.0,33,Healthy
L47956,L,296.7,307.8,1468,39.2,35,Healthy
L47957,L,296.7,307.8,1382,47.5,37,Healthy
L47958,L,296.7,308.0,1580,32.2,39,Healthy
L47959,L,296.8,308.0,1666,29.8,41,Healthy
M15640,M,296.9,308.0,1409,50.7,43,Healthy
L47961,L,296.8,308.0,1675,29.7,46,Healthy
L47962,L,296.8,307.9,1698,30.8,48,Healthy
H30197,H,296.7,307.9,1579,33.4,50,Healthy
L47964,L,296.7,307.9,1743,27.9,55,Healthy
M15645,M,296.9,308.0,1497,44.8,57,Healthy
L47966,L,296.9,308.1,1741,28.8,60,Healthy
L47967,L,296.9,308.1,1435,45.3,62,Healthy
M15648,M,296.9,308.1,1440,46.3,64,Healthy
M15649,M,296.9,308.0,1641,33.3,67,Healthy
L47970,L,296.8,307.9,1420,45.4,70,Healthy
L47971,L,296.8,307.9,1611,35.4,72,Healthy
L47972,L,296.8,307.8,1373,42.9,74,Healthy
M15653,M,296.8,307.9,1683,31.8,76,Healthy
H30208,H,296.9,307.9,1547,32.6,79,Healthy
L47975,L,296.9,307.8,1605,37.0,84,Medium
M15656,M,296.9,307.9,2010,18.9,86,Medium
L47977,L,296.8,307.7,1565,40.1,89,Medium
M15658,M,296.9,307.8,1828,24.6,91,Medium
M15659,M,297.0,307.8,1579,34.1,94,Medium
M15660,M,297.0,307.9,1882,24.2,97,Medium
L47981,L,296.9,307.8,1285,52.1,100,Medium
L47982,L,296.9,307.8,1571,35.0,102,Medium
H30217,H,296.9,307.8,1549,37.8,104,Medium
M15664,M,296.9,307.8,1544,37.6,109,Medium
M15665,M,297.0,307.9,1412,47.4,112,Medium
M15666,M,297.0,307.9,1422,53.0,115,Medium
L47987,L,297.0,307.7,1867,22.8,118,Medium
L47988,L,296.9,307.7,1424,43.3,120,Medium
L47989,L,296.9,307.6,1452,45.7,122,Medium
L47990,L,296.9,307.7,1550,39.7,124,Medium
L47991,L,296.8,307.6,1588,37.6,126,Medium
L47992,L,296.8,307.6,1338,44.4,128,Medium
L47993,L,296.8,307.6,1513,40.0,130,Medium
M15674,M,296.8,307.5,1470,45.9,132,Medium
M15675,M,296.8,307.5,1516,36.7,135,Medium
L47996,L,296.8,307.6,1434,48.3,138,Medium
L47997,L,296.8,307.6,1368,52.0,140,Medium
L47998,L,296.8,307.6,1304,48.7,142,Medium
L47999,L,296.8,307.6,1398,46.7,144,Medium
L48000,L,296.7,307.6,1516,37.4,146,Medium
L48001,L,296.7,307.6,1474,41.7,148,Medium
M15682,M,296.7,307.6,1547,34.7,150,Medium
M15683,M,296.6,307.5,1482,39.9,153,Medium
L48004,L,296.6,307.4,1436,42.8,156,Medium
L48005,L,296.6,307.3,1474,40.0,158,Medium
L48006,L,296.5,307.2,1481,38.2,160,Medium
L48007,L,296.5,307.3,1501,42.1,162,Medium
L48008,L,296.5,307.3,1566,37.2,164,Medium
L48009,L,296.5,307.3,1579,34.5,166,Medium
L48010,L,296.6,307.4,1631,35.0,168,Medium
M15691,M,296.6,307.4,1544,42.3,170,Medium
L48012,L,296.6,307.4,1521,38.6,173,Medium
L48013,L,296.6,307.4,1616,28.0,175,Medium
H30248,H,296.6,307.4,1333,50.2,177,Medium
M15695,M,296.7,307.4,1533,32.5,182,Critical
L48016,L,296.6,307.4,1368,45.1,185,Critical
L48017,L,296.6,307.4,1465,47.8,187,Critical
H30252,H,296.6,307.4,1406,41.5,189,Critical
M15699,M,296.5,307.4,1565,43.5,194,Critical
L48020,L,296.6,307.5,1582,37.9,197,Critical
L48021,L,296.6,307.5,1439,45.5,199,Critical
M15702,M,296.6,307.5,1566,35.0,201,Critical
L48023,L,296.6,307.5,1485,42.7,204,Critical
L48024,L,296.5,307.5,1566,35.1,206,Critical
L48025,L,296.3,307.3,1439,41.5,208,Critical
M15706,M,296.4,307.4,1416,50.0,210,Critical
L48027,L,296.4,307.4,2833,5.6,213,Critical
L48028,L,296.3,307.4,1465,47.1,215,Critical
H30263,H,296.4,307.4,1586,35.5,0,Healthy
L48030,L,296.3,307.3,1567,31.4,5,Healthy
M15711,M,296.2,307.2,1389,48.6,7,Healthy
M15712,M,296.3,307.3,1368,49.5,10,Healthy
L48033,L,296.3,307.3,1444,49.0,13,Healthy
M15714,M,296.3,307.3,1498,41.6,15,Healthy
L48035,L,296.1,307.2,1615,30.8,18,Healthy
L48036,L,296.1,307.1,1898,22.7,20,Healthy
M15717,M,296.1,307.1,1350,53.3,22,Healthy
M15718,M,296.2,307.0,1516,37.6,25,Healthy
H30273,H,296.2,307.0,1542,40.6,28,Healthy
H30274,H,296.1,306.9,1541,32.6,33,Healthy
M15721,M,296.1,306.9,1951,23.3,38,Healthy
H30276,H,296.1,306.8,1645,31.0,41,Healthy
L48043,L,296.0,306.7,1416,44.2,46,Healthy
M15724,M,296.0,306.7,2044,22.3,48,Healthy
L48045,L,295.9,306.6,1414,50.2,51,Healthy
L48046,L,295.9,306.6,1678,26.7,53,Healthy
H30281,H,295.9,306.5,1594,33.2,55,Healthy
M15728,M,295.8,306.5,1514,37.7,60,Healthy
L48049,L,295.8,306.5,1358,49.2,63,Healthy
L48050,L,295.8,306.4,1325,56.2,65,Healthy
L48051,L,295.8,306.4,1339,53.2,67,Healthy
M15732,M,295.8,306.4,1335,51.7,69,Healthy
L48053,L,295.9,306.4,1892,21.7,72,Healthy
L48054,L,295.9,306.4,1575,28.5,74,Healthy
M15735,M,295.8,306.3,1444,45.5,76,Healthy
L48056,L,295.7,306.3,1915,22.4,79,Healthy
M15737,M,295.6,306.2,1584,33.6,81,Medium
M15738,M,295.7,306.3,1685,34.9,84,Medium
L48059,L,295.8,306.3,1337,54.6,87,Medium
M15740,M,295.8,306.3,1235,76.2,89,Critical
L48061,L,295.7,306.2,1464,46.2,92,Medium
M15742,M,295.7,306.2,1739,25.9,94,Medium
L48063,L,295.7,306.3,1490,34.3,97,Medium
L48064,L,295.8,306.4,1356,48.0,99,Medium
L48065,L,295.7,306.2,1397,52.0,101,Medium
L48066,L,295.7,306.2,1458,40.6,103,Medium
H30301,H,295.7,306.2,2161,16.5,105,Medium
M15748,M,295.6,306.1,1651,28.1,110,Medium
L48069,L,295.6,306.1,1389,46.2,113,Medium
L48070,L,295.6,306.0,1370,52.4,115,Medium
L48071,L,295.7,306.1,1408,47.9,117,Medium
L48072,L,295.7,306.1,1343,54.4,119,Medium
M15753,M,295.7,306.2,1423,42.5,121,Medium
L48074,L,295.6,306.2,1426,48.6,124,Medium
M15755,M,295.6,306.2,1435,51.6,126,Medium
L48076,L,295.5,306.1,1573,35.1,129,Medium
L48077,L,295.6,306.2,1612,31.2,131,Medium
L48078,L,295.6,306.2,1446,49.9,133,Medium
H30313,H,295.6,306.2,1329,55.3,135,Medium
L48080,L,295.6,306.2,1569,35.1,140,Medium
H30315,H,295.6,306.1,1256,62.3,142,Medium
L48082,L,295.6,306.1,1383,48.7,147,Medium
L48083,L,295.7,306.2,2270,14.6,149,Critical
H30318,H,295.7,306.2,1458,49.8,151,Medium
L48085,L,295.6,306.1,1474,41.2,156,Medium
M15766,M,295.6,306.1,1462,49.2,158,Medium
M15767,M,295.6,306.1,1669,29.0,161,Medium
M15768,M,295.5,306.1,1822,24.3,164,Medium
L48089,L,295.5,306.0,1456,39.2,167,Medium
L48090,L,295.5,306.0,1546,35.9,169,Medium
M15771,M,295.6,306.1,1490,42.7,171,Medium
L48092,L,295.6,306.0,1569,40.4,174,Medium
L48093,L,295.5,306.0,1621,29.5,176,Medium
M15774,M,295.4,305.9,1518,40.6,178,Medium
M15775,M,295.4,305.8,1526,38.2,181,Critical
M15776,M,295.3,305.8,1589,36.2,184,Critical
L48097,L,295.3,305.7,1475,51.0,187,Critical
M15778,M,295.3,305.7,1473,38.5,189,Critical
L48099,L,295.4,305.8,1407,50.7,192,Critical
M15780,M,295.5,305.9,1518,44.1,194,Critical
H30335,H,295.5,305.9,1593,37.2,197,Critical
M15782,M,295.5,305.9,1380,52.4,202,Critical
M15783,M,295.5,306.0,1423,45.3,205,Critical
L48104,L,295.5,306.0,1800,27.6,208,Critical
H30339,H,295.6,306.1,1623,30.9,210,Critical
L48106,L,295.6,306.1,1372,55.6,215,Critical
H30341,H,295.6,306.0,1396,52.4,0,Healthy
L48108,L,295.6,306.0,1949,21.9,5,Healthy
L48109,L,295.6,306.0,1419,51.1,7,Healthy
M15790,M,295.5,305.9,1453,47.3,9,Healthy
L48111,L,295.5,305.9,1542,36.2,12,Healthy
L48112,L,295.6,306.0,1363,50.0,14,Healthy
L48113,L,295.5,306.0,1597,37.2,16,Healthy
M15794,M,295.5,306.0,1326,50.8,18,Healthy
M15795,M,295.5,306.0,1641,36.6,21,Healthy
M15796,M,295.6,306.1,1418,46.2,24,Healthy
L48117,L,295.6,306.2,1263,61.8,27,Healthy
L48118,L,295.6,306.2,1823,25.8,29,Healthy
L48119,L,295.5,306.1,1488,40.7,31,Healthy
L48120,L,295.6,306.2,1443,48.9,33,Healthy
L48121,L,295.6,306.2,1650,28.2,35,Healthy
M15802,M,295.7,306.3,1462,44.3,37,Healthy
M15803,M,295.6,306.2,1477,45.0,40,Healthy
M15804,M,295.7,306.3,1712,28.5,43,Healthy
M15805,M,295.7,306.3,1347,50.4,46,Healthy
L48126,L,295.6,306.2,1287,54.8,49,Healthy
L48127,L,295.6,306.2,1428,44.5,51,Healthy
M15808,M,295.6,306.3,1426,45.5,53,Healthy
L48129,L,295.6,306.3,1636,32.7,56,Healthy
L48130,L,295.6,306.2,1424,42.5,58,Healthy
H30365,H,295.6,306.3,1509,35.8,60,Healthy
L48132,L,295.5,306.2,1448,48.9,65,Healthy
L48133,L,295.5,306.1,1650,32.8,67,Healthy
H30368,H,295.6,306.2,1414,42.5,69,Healthy
L48135,L,295.6,306.3,1911,20.9,74,Healthy
H30370,H,295.6,306.2,1632,32.2,76,Healthy
M15817,M,295.7,306.4,1387,40.1,81,Medium
L48138,L,295.8,306.4,1399,47.6,84,Medium
L48139,L,295.8,306.5,1505,35.2,86,Medium
L48140,L,295.8,306.5,1534,37.9,88,Medium
L48141,L,295.8,306.5,1493,40.5,90,Medium
M15822,M,295.8,306.6,1480,43.2,92,Medium
L48143,L,295.8,306.6,1621,31.6,95,Medium
L48144,L,295.7,306.5,1737,26.2,97,Medium
L48145,L,295.8,306.6,1508,46.5,99,Medium
M15826,M,295.8,306.5,1641,32.2,101,Medium
M15827,M,295.9,306.6,1532,38.6,104,Medium
L48148,L,295.9,306.7,1547,40.9,107,Medium
L48149,L,295.9,306.6,1412,41.0,109,Medium
L48150,L,295.8,306.5,1568,35.1,111,Medium
L48151,L,295.9,306.6,1557,41.1,113,Medium
L48152,L,295.8,306.6,1644,35.2,115,Medium
L48153,L,295.9,306.6,1679,30.4,117,Medium
L48154,L,296.0,306.6,1511,35.2,119,Medium
M15835,M,296.0,306.6,1628,36.8,121,Medium
M15836,M,296.0,306.6,1392,51.3,124,Medium
L48157,L,296.0,306.7,1917,21.0,127,Medium
M15838,M,296.2,306.8,1526,42.3,129,Medium
L48159,L,296.2,306.8,1389,53.3,132,Medium
L48160,L,296.1,306.7,1409,42.8,134,Medium
L48161,L,296.2,306.8,1655,31.1,136,Medium
L48162,L,296.2,306.9,1516,39.1,138,Medium
L48163,L,296.2,306.9,1526,34.9,140,Medium
L48164,L,296.3,307.1,1419,48.6,142,Medium
L48165,L,296.4,307.2,1748,25.3,144,Medium
H30400,H,296.4,307.1,1638,32.5,146,Medium
M15847,M,296.3,307.1,1534,33.8,151,Medium
H30402,H,296.3,307.1,1774,25.9,154,Medium
M15849,M,296.2,307.0,2119,18.3,159,Medium
L48170,L,296.2,307.0,1414,48.3,162,Medium
M15851,M,296.1,307.0,1523,42.0,164,Medium
L48172,L,296.1,307.1,1651,35.7,167,Medium
M15853,M,296.1,307.1,1485,36.0,169,Medium
M15854,M,296.2,307.2,1168,63.4,172,Medium
L48175,L,296.3,307.3,1566,35.8,175,Medium
M15856,M,296.3,307.2,1286,51.1,177,Medium
M15857,M,296.3,307.2,1446,45.9,180,Critical
M15858,M,296.4,307.2,2071,19.4,183,Critical
L48179,L,296.3,307.1,1560,33.2,186,Critical
L48180,L,296.3,307.1,1654,29.6,188,Critical
L48181,L,296.3,307.1,1662,32.9,190,Critical
L48182,L,296.3,307.2,1646,35.0,192,Critical
L48183,L,296.2,307.1,1444,46.7,194,Critical
H30418,H,296.3,307.2,1424,42.0,196,Critical
L48185,L,296.2,307.2,1382,52.0,201,Critical
L48186,L,296.2,307.1,1413,53.4,203,Critical
M15867,M,296.2,307.2,1633,31.1,0,Healthy
L48188,L,296.2,307.1,1441,41.7,3,Healthy
M15869,M,296.2,307.2,1385,44.0,5,Healthy
M15870,M,296.2,307.2,1552,34.8,8,Healthy
M15871,M,296.2,307.3,1451,42.8,11,Healthy
M15872,M,296.1,307.1,1433,38.5,14,Healthy
M15873,M,296.1,307.2,1619,29.7,17,Healthy
L48194,L,296.2,307.2,1445,41.8,20,Healthy
L48195,L,296.2,307.2,1356,43.6,22,Healthy
M15876,M,296.3,307.2,1319,68.3,24,Critical
L48197,L,296.3,307.2,1637,31.6,27,Healthy
L48198,L,296.3,307.2,1291,58.6,29,Healthy
L48199,L,296.3,307.3,1398,52.7,31,Healthy
L48200,L,296.3,307.3,1372,57.7,33,Healthy
M15881,M,296.3,307.2,1454,42.5,35,Healthy
L48202,L,296.2,307.2,1515,36.5,38,Healthy
L48203,L,296.2,307.3,1881,24.3,40,Healthy
L48204,L,296.2,307.3,1711,29.9,42,Healthy
L48205,L,296.2,307.3,1475,37.0,44,Healthy
L48206,L,296.4,307.4,1512,36.8,46,Healthy
M15887,M,296.3,307.4,1335,50.5,48,Healthy
L48208,L,296.3,307.4,1472,39.9,51,Healthy
M15889,M,296.2,307.3,1477,35.2,53,Healthy
L48210,L,296.3,307.4,1760,28.4,56,Healthy
L48211,L,296.4,307.5,1549,36.1,58,Healthy
L48212,L,296.3,307.4,1648,34.0,60,Healthy
H30447,H,296.4,307.5,1556,38.0,62,Healthy
M15894,M,296.3,307.4,1958,19.1,67,Healthy
L48215,L,296.4,307.4,1403,48.4,70,Healthy
M15896,M,296.4,307.5,1684,31.4,72,Healthy
H30451,H,296.4,307.5,1596,35.1,75,Healthy
L48218,L,296.6,307.6,1498,41.1,80,Medium
L48219,L,296.7,307.7,1524,36.8,82,Medium
L48220,L,296.7,307.7,1502,43.9,84,Medium
L48221,L,296.6,307.6,1809,25.1,86,Medium
L48222,L,296.6,307.6,1542,37.4,88,Medium
L48223,L,296.5,307.6,1431,45.2,90,Medium
L48224,L,296.5,307.6,1512,43.6,92,Medium
H30459,H,296.4,307.5,1403,52.8,94,Medium
L48226,L,296.4,307.5,1331,47.8,99,Medium
M15907,M,296.6,307.7,1474,52.6,101,Medium
L48228,L,296.5,307.6,1607,33.5,104,Medium
L48229,L,296.5,307.6,1415,44.2,106,Medium
L48230,L,296.6,307.6,1671,28.8,108,Medium
L48231,L,296.6,307.7,1556,37.7,110,Medium
L48232,L,296.7,307.7,1927,23.9,112,Medium
M15913,M,296.7,307.7,1597,32.1,114,Medium
H30468,H,296.8,307.8,1627,30.5,117,Medium
L48235,L,296.8,307.8,1480,39.4,122,Medium
L48236,L,296.8,307.8,1565,39.5,124,Medium
L48237,L,296.8,307.8,1573,36.4,126,Medium
L48238,L,296.7,307.8,1605,31.3,128,Medium
M15919,M,296.7,307.9,1874,21.3,130,Medium
H30474,H,296.7,307.9,1424,53.8,133,Medium
L48241,L,296.7,307.9,1420,50.1,138,Medium
L48242,L,296.8,307.9,1372,49.0,140,Medium
M15923,M,296.8,307.8,1664,32.8,142,Medium
M15924,M,296.8,307.9,1409,44.3,145,Medium
L48245,L,296.8,307.9,1718,25.2,148,Medium
M15926,M,296.9,307.8,1544,40.3,150,Medium
L48247,L,296.9,307.8,1466,45.7,153,Medium
L48248,L,296.8,307.8,1394,47.7,155,Medium
M15929,M,296.9,307.8,1840,24.6,157,Medium
M15930,M,296.9,307.8,1477,37.2,160,Medium
L48251,L,296.9,307.8,1425,49.1,163,Medium
M15932,M,297.0,307.9,1414,46.2,165,Medium
L48253,L,297.0,307.8,1414,47.5,168,Medium
L48254,L,297.0,307.9,1595,31.7,170,Medium
H30489,H,296.9,307.8,1345,54.5,172,Medium
L48256,L,296.9,307.7,1653,35.9,177,Medium
L48257,L,296.8,307.6,1547,36.5,179,Medium
H30492,H,296.9,307.7,1656,30.8,181,Critical
L48259,L,297.0,307.7,1731,28.5,186,Critical
L48260,L,297.0,307.8,1774,28.0,188,Critical
L48261,L,297.0,307.8,1521,40.2,190,Critical
H30496,H,297.1,307.9,1420,39.8,192,Critical
L48263,L,297.0,307.8,1683,32.3,197,Critical
M15944,M,297.0,307.7,1498,47.1,199,Critical
L48265,L,297.0,307.8,1385,56.4,202,Critical
L48266,L,297.0,307.9,1455,49.0,204,Critical
H30501,H,296.9,307.8,1549,35.8,206,Critical
M15948,M,296.9,307.8,1392,43.9,0,Healthy
M15949,M,296.9,307.7,2008,17.5,3,Healthy
L48270,L,296.9,307.7,1464,41.4,6,Healthy
L48271,L,297.0,307.7,1447,46.4,8,Healthy
M15952,M,296.9,307.6,1685,32.0,10,Healthy
M15953,M,296.8,307.5,1443,39.2,13,Healthy
L48274,L,296.9,307.5,1354,44.4,16,Healthy
L48275,L,296.9,307.5,2721,9.3,18,Critical
L48276,L,297.0,307.6,1680,35.8,20,Healthy
H30511,H,296.9,307.5,1397,48.3,22,Healthy
M15958,M,296.9,307.4,1521,37.9,27,Healthy
M15959,M,296.8,307.4,1472,43.9,30,Healthy
H30514,H,296.8,307.5,1695,30.0,33,Healthy
H30515,H,296.7,307.5,1607,33.6,38,Healthy
L48282,L,296.8,307.5,1347,54.8,43,Healthy
M15963,M,296.7,307.4,1540,38.7,45,Healthy
L48284,L,296.6,307.4,1389,42.7,48,Healthy
M15965,M,296.6,307.5,1734,27.0,50,Healthy
L48286,L,296.7,307.6,1540,38.6,53,Healthy
M15967,M,296.7,307.5,1515,42.1,55,Healthy
L48288,L,296.6,307.4,1504,45.8,58,Healthy
L48289,L,296.6,307.5,1557,35.1,60,Healthy
L48290,L,296.5,307.4,1292,52.5,62,Healthy
H30525,H,296.5,307.4,1432,49.2,64,Healthy
M15972,M,296.5,307.4,1350,55.6,69,Healthy
M15973,M,296.6,307.4,1790,25.8,72,Healthy
H30528,H,296.4,307.3,1540,37.4,75,Healthy
M15975,M,296.4,307.3,2077,19.1,80,Medium
L48296,L,296.4,307.3,1487,37.5,83,Medium
L48297,L,296.5,307.4,1523,40.7,85,Medium
L48298,L,296.5,307.5,1443,41.8,87,Medium
L48299,L,296.5,307.5,1340,59.1,89,Medium
H30534,H,296.6,307.7,1654,31.0,91,Medium
L48301,L,296.6,307.6,1459,40.2,96,Medium
L48302,L,296.5,307.6,1541,38.5,98,Medium
H30537,H,296.6,307.7,1386,62.3,100,Critical
M15984,M,296.7,307.8,1258,69.0,105,Critical
M15985,M,296.7,307.8,1375,51.4,108,Medium
L48306,L,296.8,307.9,1706,30.8,111,Medium
M15987,M,296.7,307.8,1672,32.4,113,Medium
M15988,M,296.8,307.9,1843,25.2,116,Medium
L48309,L,296.7,307.9,1690,29.6,119,Medium
L48310,L,296.8,307.9,1413,46.5,121,Medium
L48311,L,296.8,307.9,1489,33.4,123,Medium
L48312,L,296.8,307.9,1271,61.4,125,Medium
M15993,M,296.8,307.9,1418,47.9,127,Medium
M15994,M,296.9,307.8,1426,50.7,130,Medium
L48315,L,296.9,307.9,1535,39.2,133,Medium
L48316,L,296.9,307.8,1557,38.1,135,Medium
L48317,L,296.9,307.8,1653,29.7,137,Medium
L48318,L,296.9,307.9,1435,41.6,139,Medium
M15999,M,297.0,307.9,1569,33.3,141,Medium
M16000,M,296.9,307.9,1385,44.8,144,Medium
L48321,L,297.0,307.9,1635,31.6,147,Medium
L48322,L,296.9,307.9,1423,43.9,149,Medium
L48323,L,297.0,307.9,1479,39.2,151,Medium
L48324,L,297.0,307.9,1296,69.1,153,Critical
L48325,L,297.0,307.8,1553,33.3,155,Medium
L48326,L,297.0,307.9,1529,42.2,157,Medium
M16007,M,297.1,308.0,1690,25.6,159,Medium
L48328,L,297.1,308.0,1348,58.0,162,Medium
L48329,L,297.2,308.1,1446,38.5,164,Medium
L48330,L,297.1,307.9,1456,50.0,166,Medium
L48331,L,297.0,307.9,1350,47.7,168,Medium
L48332,L,297.1,307.9,1507,38.3,170,Medium
H30567,H,297.0,307.9,1448,45.6,172,Medium
L48334,L,296.9,307.9,1626,29.9,177,Medium
H30569,H,297.0,307.9,1846,27.3,179,Medium
H30570,H,297.0,307.8,1404,40.7,184,Critical
L48337,L,297.0,307.8,1583,37.2,189,Critical
L48338,L,297.0,307.9,1436,47.7,191,Critical
L48339,L,297.0,307.8,1609,35.6,193,Critical
H30574,H,297.0,307.7,1834,23.8,195,Critical
L48341,L,297.0,307.8,1316,61.2,200,Critical
L48342,L,296.9,307.8,1400,57.1,202,Critical
L48343,L,296.9,307.9,1367,47.1,204,Critical
L48344,L,297.1,308.1,1754,30.3,206,Critical
L48345,L,297.1,308.1,1487,34.6,208,Critical
M16026,M,297.1,308.1,1506,37.7,210,Critical
L48347,L,297.0,308.1,1362,52.5,213,Critical
L48348,L,297.1,308.1,1584,36.8,215,Critical
L48349,L,297.0,308.1,1355,43.7,217,Critical
M16030,M,297.1,308.1,1823,24.3,219,Critical
H30585,H,297.0,308.1,1517,41.4,222,Critical
L48352,L,297.1,308.1,1446,36.6,227,Critical
H30587,H,297.1,308.0,1559,38.8,229,Critical
M16034,M,297.1,308.1,1352,44.4,0,Healthy
M16035,M,297.2,308.3,1578,37.8,3,Healthy
M16036,M,297.2,308.3,1429,42.0,6,Healthy
M16037,M,297.2,308.3,1604,39.4,9,Healthy
L48358,L,297.3,308.5,1398,60.4,12,Healthy
L48359,L,297.3,308.4,1441,43.4,14,Healthy
H30594,H,297.3,308.4,1531,35.6,16,Healthy
L48361,L,297.2,308.3,1379,52.1,21,Healthy
L48362,L,297.3,308.3,1410,48.1,23,Healthy
L48363,L,297.3,308.4,1513,40.5,25,Healthy
L48364,L,297.3,308.5,1497,47.5,27,Healthy
L48365,L,297.3,308.4,1491,46.5,29,Healthy
L48366,L,297.3,308.4,1417,47.8,31,Healthy
M16047,M,297.4,308.6,1522,38.0,33,Healthy
L48368,L,297.3,308.4,1339,52.1,36,Healthy
M16049,M,297.2,308.3,1794,27.5,38,Healthy
L48370,L,297.2,308.4,1460,42.1,41,Healthy
M16051,M,297.2,308.3,1776,28.0,43,Healthy
M16052,M,297.2,308.3,1431,43.7,46,Healthy
L48373,L,297.1,308.2,1347,50.8,49,Healthy
M16054,M,297.0,308.1,1507,43.1,51,Healthy
M16055,M,297.0,308.0,1408,47.9,54,Healthy
M16056,M,297.0,307.9,1493,34.7,57,Healthy
M16057,M,296.9,307.9,1441,47.6,60,Healthy
H30612,H,296.9,307.9,1557,36.5,63,Healthy
M16059,M,296.9,307.9,1979,20.4,68,Healthy
M16060,M,296.9,308.0,1430,55.9,71,Healthy
L48381,L,296.9,308.0,1658,41.0,74,Healthy
M16062,M,297.0,308.1,1355,51.4,76,Healthy
H30617,H,297.0,308.1,1410,47.6,79,Healthy
L48384,L,296.9,308.0,1521,34.5,84,Medium
L48385,L,296.8,308.0,1371,54.5,86,Medium
H30620,H,296.9,308.0,1318,53.5,88,Medium
M16067,M,297.0,308.1,1573,34.9,93,Medium
L48388,L,297.0,308.1,1489,44.1,96,Medium
H30623,H,297.0,308.1,2540,13.3,98,Medium
L48390,L,297.0,308.1,1537,39.0,103,Medium
H30625,H,296.9,308.0,1416,46.9,105,Medium
L48392,L,296.9,307.9,1359,56.5,110,Medium
M16073,M,296.8,307.8,1551,38.9,112,Medium
M16074,M,296.8,307.8,1694,33.0,115,Medium
L48395,L,296.8,307.9,1709,28.4,118,Medium
L48396,L,296.9,308.0,1514,41.0,120,Medium
L48397,L,297.0,308.1,1455,43.5,122,Medium
M16078,M,297.0,308.2,1702,30.7,124,Medium
M16079,M,296.9,308.1,1357,41.8,127,Medium
L48400,L,297.0,308.2,1577,29.4,130,Medium
M16081,M,297.0,308.3,1399,46.4,132,Medium
L48402,L,297.0,308.3,1399,59.0,135,Medium
L48403,L,297.0,308.3,1492,48.1,137,Medium
L48404,L,297.1,308.3,1763,25.7,139,Medium
H30639,H,297.1,308.3,1492,41.5,141,Medium
L48406,L,297.1,308.4,1488,42.5,146,Medium
L48407,L,297.1,308.4,1422,42.1,148,Medium
M16088,M,297.1,308.4,1583,38.2,150,Medium
L48409,L,297.1,308.4,1304,53.5,153,Medium
M16090,M,297.1,308.4,1880,23.5,155,Medium
M16091,M,297.2,308.5,1604,40.7,158,Medium
L48412,L,297.2,308.6,1500,37.1,161,Medium
M16093,M,297.2,308.5,1364,55.6,163,Medium
H30648,H,297.2,308.5,2440,14.0,166,Medium
H30649,H,297.1,308.4,1654,31.4,171,Medium
H30650,H,297.1,308.4,1359,46.6,176,Medium
M16097,M,297.1,308.4,1502,37.3,181,Critical
M16098,M,297.1,308.4,1615,32.6,184,Critical
H30653,H,297.2,308.5,1482,39.3,187,Critical
L48420,L,297.2,308.6,1636,31.3,192,Critical
M16101,M,297.1,308.5,1621,32.4,194,Critical
L48422,L,297.1,308.4,1468,44.4,197,Critical
M16103,M,297.1,308.4,1432,53.4,199,Critical
L48424,L,297.1,308.4,1726,28.4,202,Critical
M16105,M,297.1,308.4,1588,33.4,204,Critical
H30660,H,297.2,308.5,1653,33.3,207,Critical
L48427,L,297.2,308.5,1513,42.9,212,Critical
L48428,L,297.2,308.6,1489,40.2,214,Critical
L48429,L,297.3,308.7,1467,36.8,216,Critical
L48430,L,297.3,308.7,1549,36.1,218,Critical
M16111,M,297.4,308.8,1359,48.7,220,Critical
L48432,L,297.5,308.8,1533,41.5,223,Critical
L48433,L,297.5,308.8,1309,57.3,0,Healthy
H30668,H,297.5,308.8,1430,49.4,2,Healthy
H30669,H,297.5,308.9,1419,50.7,7,Healthy
M16116,M,297.5,308.9,1535,37.7,12,Healthy
L48437,L,297.5,308.9,1466,43.0,15,Healthy
L48438,L,297.5,308.9,1427,50.4,17,Healthy
M16119,M,297.5,308.9,1280,48.5,19,Healthy
L48440,L,297.6,309.0,1528,33.8,22,Healthy
H30675,H,297.6,309.0,1885,25.2,24,Healthy
H30676,H,297.8,309.2,1648,33.0,29,Healthy
L48443,L,297.8,309.2,1400,56.9,34,Healthy
M16124,M,297.8,309.3,2243,15.7,36,Healthy
L48445,L,297.9,309.4,1558,35.7,39,Healthy
L48446,L,298.0,309.6,1633,34.8,41,Healthy
M16127,M,298.1,309.6,1549,38.7,43,Healthy
L48448,L,298.0,309.5,1496,45.8,46,Healthy
L48449,L,298.1,309.5,1467,41.8,48,Healthy
M16130,M,298.0,309.4,1276,65.9,50,Healthy
H30685,H,298.0,309.4,1490,40.5,53,Healthy
H30686,H,298.0,309.4,1562,38.1,58,Healthy
L48453,L,298.1,309.4,1397,48.2,63,Healthy
H30688,H,298.1,309.5,1530,40.2,65,Healthy
M16135,M,298.1,309.4,1362,47.6,70,Healthy
M16136,M,298.2,309.4,1693,34.4,73,Healthy
M16137,M,298.2,309.4,1408,46.5,76,Healthy
L48458,L,298.2,309.4,1398,52.9,79,Healthy
M16139,M,298.3,309.6,1531,40.1,81,Medium
H30694,H,298.3,309.5,1521,37.1,84,Medium
H30695,H,298.3,309.5,1427,54.3,89,Medium
L48462,L,298.3,309.4,1546,36.1,94,Medium
L48463,L,298.3,309.4,1356,45.4,96,Medium
L48464,L,298.4,309.5,2153,15.3,98,Critical
M16145,M,298.5,309.6,1492,41.7,100,Medium
L48466,L,298.5,309.6,1582,40.3,103,Medium
L48467,L,298.5,309.6,1419,41.5,105,Medium
M16148,M,298.5,309.6,1441,48.2,107,Medium
M16149,M,298.6,309.7,1635,32.2,110,Medium
L48470,L,298.6,309.7,1429,45.8,113,Medium
M16151,M,298.6,309.7,1675,28.4,115,Medium
M16152,M,298.7,309.7,1868,23.8,118,Medium
H30707,H,298.7,309.8,1582,33.4,121,Medium
L48474,L,298.8,309.9,1486,40.3,126,Medium
L48475,L,298.7,309.8,1402,54.3,128,Medium
L48476,L,298.7,309.9,1621,34.1,130,Medium
L48477,L,298.8,309.9,1428,42.4,132,Medium
M16158,M,298.7,309.8,1343,53.6,134,Medium
M16159,M,298.7,309.9,1458,40.2,137,Medium
L48480,L,298.7,309.8,1322,57.0,140,Medium
L48481,L,298.7,309.9,1483,32.8,142,Medium
L48482,L,298.6,309.8,1505,45.7,144,Medium
L48483,L,298.7,309.9,1593,42.5,146,Medium
L48484,L,298.8,310.0,2098,19.6,148,Medium
L48485,L,298.8,310.0,1672,30.4,150,Medium
L48486,L,298.8,310.0,1487,41.4,152,Medium
L48487,L,298.8,310.0,1423,42.1,154,Medium
L48488,L,298.9,310.1,1750,25.0,156,Medium
L48489,L,298.9,310.2,1654,31.1,158,Medium
L48490,L,298.9,310.2,1498,50.2,160,Medium
L48491,L,298.9,310.1,1587,30.2,162,Medium
L48492,L,298.9,310.1,1473,42.6,164,Medium
L48493,L,298.9,310.2,1359,56.9,166,Medium
M16174,M,299.0,310.3,1635,34.5,168,Medium
L48495,L,299.0,310.3,1520,45.0,171,Medium
L48496,L,299.0,310.3,1507,36.7,173,Medium
L48497,L,299.0,310.3,1428,46.3,175,Medium
M16178,M,299.0,310.3,1582,33.3,177,Medium
L48499,L,299.0,310.3,1929,24.4,180,Critical
M16180,M,299.0,310.3,1540,38.1,182,Critical
L48501,L,298.9,310.2,1362,53.0,185,Critical
H30736,H,298.9,310.1,1452,49.9,187,Critical
L48503,L,298.9,310.1,1361,51.7,192,Critical
M16184,M,298.8,310.1,1243,74.5,194,Critical
H30739,H,298.8,310.1,1567,36.8,197,Critical
L48506,L,298.9,310.2,1411,46.5,202,Critical
L48507,L,298.8,310.2,1814,26.8,204,Critical
M16188,M,298.8,310.1,1719,28.8,206,Critical
H30743,H,298.8,310.2,1663,30.4,209,Critical
L48510,L,298.9,310.2,1696,30.2,214,Critical
H30745,H,298.9,310.2,1771,26.8,216,Critical
L48512,L,299.0,310.3,1868,24.0,221,Critical
M16193,M,299.0,310.3,1558,35.4,223,Critical
L48514,L,299.0,310.4,1365,49.1,226,Critical
L48515,L,299.0,310.4,1371,53.8,228,Critical
L48516,L,298.9,310.3,1583,32.6,230,Critical
H30751,H,298.7,310.2,1613,36.0,0,Healthy
L48518,L,298.6,310.1,1721,27.2,5,Healthy
M16199,M,298.6,310.2,1668,31.5,7,Healthy
L48520,L,298.6,310.2,1569,36.3,10,Healthy
M16201,M,298.6,310.2,1328,50.5,12,Healthy
M16202,M,298.6,310.1,1596,33.0,15,Healthy
L48523,L,298.5,310.2,1676,32.7,18,Healthy
L48524,L,298.5,310.1,1809,28.9,20,Healthy
L48525,L,298.5,310.0,1804,26.1,22,Healthy
L48526,L,298.6,310.1,1533,33.9,24,Healthy
L48527,L,298.7,310.2,1717,27.3,26,Healthy
L48528,L,298.7,310.2,1363,45.5,28,Healthy
L48529,L,298.7,310.2,1402,45.9,30,Healthy
L48530,L,298.7,310.2,1436,47.5,32,Healthy
L48531,L,298.7,310.2,1525,43.7,34,Healthy
M16212,M,298.7,310.2,1598,33.3,36,Healthy
M16213,M,298.6,310.1,1444,48.1,39,Healthy
L48534,L,298.6,310.0,1334,48.0,42,Healthy
M16215,M,298.6,310.0,1681,35.5,44,Healthy
L48536,L,298.6,309.9,1593,37.4,47,Healthy
L48537,L,298.6,309.9,1461,45.7,49,Healthy
M16218,M,298.7,310.1,1693,31.9,51,Healthy
L48539,L,298.7,310.2,1404,50.3,54,Healthy
H30774,H,298.8,310.2,1707,27.6,56,Healthy
M16221,M,298.6,310.1,1458,41.9,61,Healthy
L48542,L,298.6,310.0,1517,41.2,64,Healthy
L48543,L,298.7,310.1,1433,54.6,66,Healthy
L48544,L,298.7,310.2,1566,33.1,68,Healthy
L48545,L,298.7,310.1,1676,33.5,70,Healthy
M16226,M,298.7,310.1,1368,56.8,72,Healthy
M16227,M,298.8,310.2,1581,37.5,75,Healthy
H30782,H,298.8,310.3,1708,27.1,78,Healthy
M16229,M,298.7,310.3,1481,41.5,83,Medium
L48550,L,298.7,310.3,1451,40.0,86,Medium
M16231,M,298.7,310.3,1495,38.7,88,Medium
M16232,M,298.8,310.3,1573,41.8,91,Medium
M16233,M,298.8,310.3,1366,59.0,94,Medium
L48554,L,298.8,310.3,1553,36.8,97,Medium
M16235,M,298.8,310.3,1528,37.1,99,Medium
M16236,M,298.8,310.2,1527,31.2,102,Medium
L48557,L,298.8,310.2,1461,46.7,105,Medium
H30792,H,298.8,310.2,1455,44.9,107,Medium
L48559,L,298.7,310.1,1620,34.8,112,Medium
L48560,L,298.7,310.1,1786,27.7,114,Medium
M16241,M,298.8,310.2,1583,35.7,116,Medium
L48562,L,298.8,310.1,1653,30.3,119,Medium
M16243,M,298.9,310.2,1331,49.0,121,Medium
L48564,L,298.9,310.3,1484,43.8,124,Medium
M16245,M,298.9,310.2,1603,36.1,126,Medium
L48566,L,298.9,310.2,1445,40.0,129,Medium
L48567,L,298.9,310.1,1823,26.1,131,Medium
H30802,H,298.9,310.1,1491,45.3,133,Medium
L48569,L,298.9,310.2,1533,42.8,138,Medium
L48570,L,298.9,310.2,1409,54.8,140,Medium
L48571,L,298.9,310.2,2737,8.8,142,Critical
M16252,M,299.0,310.3,1494,46.6,144,Medium
L48573,L,299.1,310.4,1594,33.3,147,Medium
L48574,L,299.1,310.4,1527,44.0,149,Medium
L48575,L,299.1,310.4,1452,39.7,151,Medium
L48576,L,299.0,310.3,1483,39.2,153,Medium
L48577,L,299.1,310.2,1569,38.2,155,Medium
L48578,L,299.1,310.3,1472,46.6,157,Medium
L48579,L,299.0,310.2,1533,43.5,159,Medium
H30814,H,298.9,310.1,1366,62.7,161,Medium
H30815,H,298.9,310.2,1532,37.7,166,Medium
M16262,M,298.9,310.1,1313,56.8,171,Medium
L48583,L,299.0,310.2,1372,48.0,174,Medium
M16264,M,298.9,310.1,1555,40.6,176,Medium
L48585,L,298.9,310.1,1394,42.7,179,Medium
L48586,L,298.9,310.1,1442,48.0,181,Critical
L48587,L,298.9,310.0,1564,33.8,183,Critical
L48588,L,298.9,310.0,1452,48.9,185,Critical
L48589,L,298.9,310.1,1466,42.5,187,Critical
M16270,M,298.9,310.1,1469,53.2,189,Critical
L48591,L,298.9,310.1,1944,23.4,192,Critical
M16272,M,298.8,309.9,1415,53.2,194,Critical
M16273,M,298.7,309.8,1528,36.7,197,Critical
M16274,M,298.7,309.8,1570,42.1,200,Critical
L48595,L,298.7,309.9,1617,33.0,203,Critical
M16276,M,298.7,309.9,2083,18.2,205,Critical
L48597,L,298.7,309.9,1541,38.5,208,Critical
L48598,L,298.8,309.9,1320,47.4,210,Critical
L48599,L,298.7,309.8,1354,53.3,212,Critical
M16280,M,298.8,309.9,1495,35.2,214,Critical
L48601,L,298.7,309.8,1589,31.8,217,Critical
L48602,L,298.7,309.8,1530,35.5,0,Healthy
L48603,L,298.7,309.8,1539,33.4,2,Healthy
L48604,L,298.7,309.7,1462,46.8,4,Healthy
L48605,L,298.6,309.7,1356,54.0,6,Healthy
M16286,M,298.7,309.7,1622,34.6,8,Healthy
L48607,L,298.7,309.8,1394,40.3,11,Healthy
L48608,L,298.8,309.9,1568,33.7,13,Healthy
M16289,M,298.9,310.0,1456,43.8,15,Healthy
L48610,L,298.9,310.0,1378,49.3,18,Healthy
M16291,M,298.9,309.9,1404,41.4,20,Healthy
L48612,L,298.8,309.8,1437,42.8,23,Healthy
L48613,L,298.8,309.8,1363,44.0,25,Healthy
M16294,M,298.8,309.8,1377,49.6,27,Healthy
H30849,H,298.8,309.9,1526,42.1,30,Healthy
H30850,H,298.8,309.8,1510,44.2,35,Healthy
H30851,H,298.8,309.9,1439,45.2,40,Critical
L48618,L,298.8,309.9,1482,39.1,45,Healthy
M16299,M,298.8,309.8,1534,37.0,47,Healthy
M16300,M,298.8,309.9,1741,27.7,50,Healthy
L48621,L,298.8,309.9,1550,38.8,53,Healthy
M16302,M,298.8,310.0,1486,38.5,55,Healthy
L48623,L,298.9,310.1,1602,38.2,58,Healthy
L48624,L,299.0,310.2,1477,37.9,60,Healthy
L48625,L,299.0,310.1,1618,29.2,62,Healthy
M16306,M,299.0,310.2,1628,35.8,64,Healthy
M16307,M,299.0,310.3,1662,33.6,67,Healthy
M16308,M,299.0,310.3,1657,31.0,70,Healthy
H30863,H,299.0,310.4,1677,30.8,73,Healthy
M16310,M,299.0,310.3,1447,39.9,78,Healthy
L48631,L,298.9,310.4,1831,25.4,81,Medium
L48632,L,299.0,310.3,1584,34.4,83,Medium
L48633,L,299.1,310.4,1450,40.9,85,Medium
L48634,L,299.1,310.4,1428,46.9,87,Medium
L48635,L,299.0,310.4,1382,53.0,89,Medium
L48636,L,299.0,310.3,1501,43.0,91,Medium
L48637,L,299.0,310.3,1475,42.4,93,Medium
L48638,L,298.9,310.3,1364,54.0,95,Medium
L48639,L,299.0,310.3,1472,36.1,97,Medium
L48640,L,299.0,310.3,1437,47.8,99,Medium
L48641,L,298.9,310.2,1491,45.1,101,Medium
L48642,L,298.9,310.2,1706,27.6,103,Medium
L48643,L,298.8,310.1,1607,39.5,105,Medium
L48644,L,298.8,310.0,1412,46.3,107,Medium
L48645,L,298.7,309.8,1546,40.9,109,Medium
L48646,L,298.7,309.8,1365,50.5,111,Medium
L48647,L,298.6,309.8,1544,30.2,113,Medium
M16328,M,298.6,309.8,1419,44.9,115,Medium
L48649,L,298.6,309.8,1497,41.6,118,Medium
L48650,L,298.5,309.7,1437,42.6,120,Medium
L48651,L,298.5,309.6,1421,53.6,122,Medium
M16332,M,298.5,309.6,1438,44.5,124,Medium
M16333,M,298.5,309.5,1315,48.9,127,Medium
M16334,M,298.5,309.5,1366,61.9,130,Medium
M16335,M,298.4,309.5,1519,35.4,133,Medium
L48656,L,298.4,309.5,1692,28.3,136,Medium
L48657,L,298.3,309.4,1570,35.6,138,Medium
L48658,L,298.3,309.4,1568,35.8,140,Medium
L48659,L,298.2,309.3,1355,43.8,142,Medium
M16340,M,298.2,309.3,2056,18.7,144,Medium
M16341,M,298.2,309.2,1332,60.2,147,Medium
M16342,M,298.1,309.1,1448,52.5,150,Medium
L48663,L,298.0,308.9,1578,35.6,153,Medium
M16344,M,298.0,309.0,1562,39.2,155,Medium
M16345,M,298.1,309.0,1976,19.3,158,Medium
M16346,M,298.2,309.2,1524,34.6,161,Medium
L48667,L,298.2,309.1,1429,48.5,164,Medium
L48668,L,298.2,309.1,1568,36.3,166,Medium
M16349,M,298.2,309.0,1723,26.6,168,Medium
L48670,L,298.2,309.0,1341,43.8,171,Medium
M16351,M,298.1,308.9,1353,46.2,173,Medium
M16352,M,298.0,308.7,1479,58.5,176,Critical
L48673,L,298.0,308.8,1496,44.9,179,Medium
M16354,M,298.0,308.7,1377,48.5,181,Critical
H30909,H,297.9,308.5,1383,44.6,184,Critical
L48676,L,298.0,308.7,1268,69.4,189,Critical
L48677,L,298.0,308.7,1629,34.3,191,Critical
L48678,L,298.0,308.8,1790,27.2,193,Critical
M16359,M,298.1,308.8,2206,16.3,195,Critical
M16360,M,298.0,308.7,2101,17.4,198,Critical
M16361,M,298.0,308.7,1436,48.2,201,Critical
L48682,L,298.0,308.7,1462,48.2,204,Critical
L48683,L,298.0,308.7,1771,26.2,206,Critical
L48684,L,298.0,308.7,1506,47.0,208,Critical
L48685,L,298.0,308.7,1626,36.7,210,Critical
L48686,L,298.0,308.8,1610,33.7,212,Critical
M16367,M,298.0,308.6,1376,55.7,214,Critical
M16368,M,298.0,308.6,1507,37.3,217,Critical
L48689,L,298.0,308.5,1429,37.7,220,Critical
M16370,M,298.1,308.7,1547,38.9,0,Healthy
L48691,L,298.1,308.7,1642,30.3,3,Healthy
H30926,H,298.0,308.7,1503,36.3,5,Healthy
L48693,L,298.1,308.7,1568,32.9,10,Healthy
M16374,M,298.1,308.8,1628,37.6,12,Healthy
M16375,M,298.2,308.9,1614,35.5,15,Healthy
L48696,L,298.2,308.9,1278,54.0,18,Healthy
M16377,M,298.2,308.9,1408,38.8,20,Healthy
H30932,H,298.2,309.0,1371,55.7,23,Healthy
M16379,M,298.2,308.9,1512,38.5,28,Healthy
L48700,L,298.3,309.1,1472,40.1,31,Healthy
M16381,M,298.2,308.9,1585,34.3,33,Healthy
H30936,H,298.2,309.0,1562,37.7,36,Healthy
L48703,L,298.3,309.0,1519,36.9,41,Healthy
L48704,L,298.2,309.0,1601,35.8,43,Healthy
L48705,L,298.2,309.0,2449,13.8,45,Healthy
L48706,L,298.1,309.0,1787,27.6,47,Healthy
H30941,H,298.1,309.1,1425,44.5,49,Healthy
L48708,L,298.1,309.0,1559,34.0,54,Healthy
L48709,L,298.1,309.0,1557,36.0,56,Healthy
L48710,L,298.1,309.0,1497,40.5,58,Healthy
H30945,H,298.1,309.0,1438,41.4,60,Healthy
M16392,M,298.1,308.9,1417,39.2,65,Healthy
M16393,M,298.0,308.9,1339,51.4,68,Healthy
L48714,L,298.0,308.8,1757,29.1,71,Healthy
L48715,L,298.0,308.8,1581,36.1,73,Healthy
M16396,M,298.2,308.9,1326,54.4,75,Healthy
M16397,M,298.4,309.1,1467,39.6,78,Healthy
L48718,L,298.4,309.1,1798,29.6,81,Medium
M16399,M,298.5,309.2,1449,46.4,83,Medium
M16400,M,298.4,309.1,1525,39.3,86,Medium
L48721,L,298.4,309.0,2304,15.1,89,Medium
L48722,L,298.3,308.9,1379,54.7,91,Medium
L48723,L,298.4,308.9,1628,34.9,93,Medium
L48724,L,298.4,309.0,1474,52.7,95,Medium
M16405,M,298.4,309.0,1544,38.8,97,Medium
L48726,L,298.4,308.9,1391,48.4,100,Medium
L48727,L,298.3,308.9,1348,55.5,102,Medium
M16408,M,298.3,308.8,1349,52.1,104,Medium
L48729,L,298.4,308.9,1706,29.5,107,Medium
L48730,L,298.4,308.9,1638,32.4,109,Medium
L48731,L,298.4,308.8,1458,40.1,111,Medium
L48732,L,298.5,308.9,1781,27.8,113,Medium
L48733,L,298.5,308.8,1332,59.1,115,Medium
M16414,M,298.4,308.7,1584,31.7,117,Medium
L48735,L,298.4,308.6,1491,42.0,120,Medium
H30970,H,298.4,308.5,1398,47.1,122,Medium
L48737,L,298.3,308.4,1585,30.6,127,Medium
M16418,M,298.2,308.3,1476,43.5,129,Medium
L48739,L,298.2,308.3,1458,41.8,132,Medium
M16420,M,298.2,308.4,1510,39.9,134,Medium
L48741,L,298.2,308.4,1388,53.8,137,Medium
L48742,L,298.2,308.3,2216,16.8,139,Medium
L48743,L,298.2,308.3,1402,51.0,141,Medium
M16424,M,298.0,308.2,2090,19.0,143,Medium
L48745,L,298.0,308.2,1459,42.1,146,Medium
M16426,M,298.0,308.1,1403,44.8,148,Medium
L48747,L,298.1,308.2,1521,39.3,151,Medium
L48748,L,298.2,308.2,1407,47.1,153,Medium
M16429,M,298.1,308.2,1654,35.3,155,Medium
L48750,L,298.2,308.4,1452,43.5,158,Medium
L48751,L,298.3,308.4,1528,37.3,160,Medium
L48752,L,298.2,308.3,1230,59.6,162,Medium
L48753,L,298.2,308.2,1466,42.4,164,Medium
L48754,L,298.2,308.2,1478,50.1,166,Medium
L48755,L,298.2,308.3,2057,18.0,168,Medium
L48756,L,298.3,308.4,1490,41.7,170,Medium
L48757,L,298.3,308.4,1484,43.4,172,Medium
L48758,L,298.3,308.4,1593,37.0,174,Medium
L48759,L,298.3,308.3,1444,43.8,176,Medium
M16440,M,298.3,308.4,1444,47.5,178,Medium
M16441,M,298.2,308.3,1560,33.0,181,Critical
H30996,H,298.1,308.3,1530,42.0,184,Critical
L48763,L,298.2,308.4,1310,61.0,189,Critical
M16444,M,298.2,308.3,1639,33.3,191,Critical
L48765,L,298.2,308.3,1400,48.7,194,Critical
M16446,M,298.3,308.4,1486,44.2,196,Critical
M16447,M,298.2,308.3,1448,43.3,199,Critical
L48768,L,298.2,308.3,1688,32.0,202,Critical
M16449,M,298.1,308.3,1453,41.5,204,Critical
L48770,L,298.2,308.4,1497,37.7,207,Critical
L48771,L,298.2,308.4,1355,49.4,209,Critical
L48772,L,298.1,308.4,1592,38.2,211,Critical
L48773,L,298.0,308.3,1544,34.7,213,Critical
M16454,M,298.0,308.2,1373,51.2,215,Critical
L48775,L,298.0,308.2,1365,52.9,218,Critical
L48776,L,298.0,308.1,1877,24.3,0,Healthy
L48777,L,297.9,308.1,1531,40.8,2,Healthy
L48778,L,297.9,308.0,1501,36.7,4,Healthy
L48779,L,297.9,308.0,1490,46.2,6,Healthy
M16460,M,297.8,307.8,1543,43.7,8,Healthy
L48781,L,297.8,307.8,1597,38.2,11,Healthy
H31016,H,297.8,307.9,1600,33.5,13,Healthy
M16463,M,297.8,307.8,1622,32.1,18,Healthy
L48784,L,297.8,307.8,1452,39.8,21,Healthy
L48785,L,297.8,307.8,1396,42.5,23,Healthy
L48786,L,297.8,307.7,1505,39.7,25,Healthy
L48787,L,297.8,307.8,1412,48.3,27,Healthy
L48788,L,297.8,307.7,1393,38.0,29,Healthy
L48789,L,297.7,307.7,1581,34.9,31,Healthy
L48790,L,297.8,307.8,1573,37.9,33,Healthy
M16471,M,297.8,307.9,1726,27.3,35,Healthy
M16472,M,297.9,307.9,1540,39.8,38,Healthy
L48793,L,297.9,308.0,1296,62.9,41,Healthy
M16474,M,297.8,307.9,1802,25.8,43,Healthy
L48795,L,297.8,307.9,1447,48.6,46,Healthy
H31030,H,297.8,307.8,1662,30.7,48,Healthy
L48797,L,297.8,307.8,1563,34.3,53,Healthy
L48798,L,297.9,307.8,1286,59.5,55,Healthy
L48799,L,297.9,307.7,1590,34.6,57,Healthy
L48800,L,297.9,307.7,1492,43.7,59,Healthy
L48801,L,297.7,307.6,1844,21.9,61,Healthy
H31036,H,297.7,307.6,1538,38.3,63,Healthy
L48803,L,297.7,307.6,1921,22.9,68,Healthy
M16484,M,297.8,307.8,1310,57.9,70,Healthy
L48805,L,297.9,307.8,1365,46.9,73,Healthy
M16486,M,297.9,307.8,1303,59.3,75,Healthy
L48807,L,297.9,307.8,1499,37.5,78,Healthy
L48808,L,297.9,307.8,1451,38.2,80,Medium
M16489,M,297.9,307.9,1336,54.4,82,Medium
L48810,L,297.9,307.9,1412,44.5,85,Medium
L48811,L,298.0,308.0,1433,39.2,87,Medium
L48812,L,297.9,307.9,1426,43.6,89,Medium
L48813,L,297.9,307.9,1476,45.2,91,Medium
H31048,H,297.9,307.9,1406,58.5,93,Medium
L48815,L,297.8,307.8,1383,56.5,98,Medium
L48816,L,297.9,307.8,1505,37.3,100,Medium
L48817,L,297.9,307.8,1665,33.9,102,Medium
L48818,L,297.9,307.8,1397,45.0,104,Medium
M16499,M,297.9,307.8,1450,43.5,106,Medium
L48820,L,298.0,307.8,1567,36.4,109,Medium
M16501,M,298.0,308.0,1555,37.0,111,Medium
H31056,H,298.0,307.8,1588,35.4,114,Medium
L48823,L,298.0,307.8,1453,37.7,119,Medium
L48824,L,298.0,307.8,1622,33.3,121,Medium
L48825,L,297.9,307.8,1538,38.5,123,Medium
M16506,M,297.9,307.7,1527,42.8,125,Medium
L48827,L,297.8,307.8,1761,28.9,128,Medium
L48828,L,297.9,307.8,1373,50.2,130,Medium
H31063,H,298.0,307.9,1482,37.8,132,Medium
M16510,M,298.0,307.9,1417,51.0,137,Medium
L48831,L,298.0,307.8,1414,51.7,140,Medium
H31066,H,297.9,307.8,1635,34.0,142,Medium
L48833,L,298.0,307.8,1386,57.3,147,Medium
L48834,L,298.2,308.1,1379,62.3,149,Medium
M16515,M,298.2,308.0,1577,35.9,151,Medium
L48836,L,298.2,308.1,1532,42.5,154,Medium
M16517,M,298.1,308.0,1374,48.8,156,Medium
H31072,H,298.1,308.0,1570,35.3,159,Medium
L48839,L,298.1,308.0,1697,31.0,164,Medium
L48840,L,298.2,308.0,1499,44.1,166,Medium
M16521,M,298.2,308.0,1411,47.2,168,Medium
H31076,H,298.2,307.9,1462,45.5,171,Medium
M16523,M,298.1,307.9,1759,28.6,176,Medium
L48844,L,298.2,308.0,1535,38.0,179,Medium
H31079,H,298.2,307.9,1491,39.7,181,Critical
L48846,L,298.2,307.9,1551,36.0,186,Critical
L48847,L,298.2,307.9,1769,27.2,188,Critical
L48848,L,298.2,307.9,1551,34.1,190,Critical
L48849,L,298.2,307.9,1544,31.4,192,Critical
L48850,L,298.2,307.8,1528,31.1,194,Critical
L48851,L,298.1,307.9,1614,35.8,196,Critical
L48852,L,298.1,307.8,1432,49.8,198,Critical
M16533,M,298.1,307.8,1384,43.7,200,Critical
L48854,L,298.1,307.8,1540,37.8,203,Critical
L48855,L,298.0,307.7,1407,43.9,205,Critical
H31090,H,297.9,307.6,1418,43.0,207,Critical
M16537,M,297.9,307.5,1647,30.8,212,Critical
L48858,L,298.0,307.5,1644,32.8,215,Critical
L48859,L,298.0,307.5,1792,27.9,217,Critical
M16540,M,297.9,307.4,1610,34.6,219,Critical
M16541,M,297.8,307.3,1804,26.0,222,Critical
H31096,H,297.9,307.4,1604,36.1,225,Critical
M16543,M,297.9,307.4,1403,52.8,0,Healthy
L48864,L,297.8,307.3,1438,44.5,3,Healthy
L48865,L,297.9,307.3,1824,26.3,5,Healthy
H31100,H,297.9,307.3,1663,28.7,7,Healthy
L48867,L,297.9,307.3,1502,36.7,12,Healthy
L48868,L,297.9,307.4,1606,35.5,14,Healthy
L48869,L,297.9,307.5,1561,37.7,16,Healthy
M16550,M,297.9,307.4,1435,42.9,18,Healthy
L48871,L,297.9,307.5,1602,38.3,21,Healthy
M16552,M,298.1,307.6,1764,27.7,23,Healthy
H31107,H,298.0,307.5,1683,27.8,26,Healthy
L48874,L,298.0,307.5,1618,35.2,31,Healthy
L48875,L,298.0,307.6,1509,41.6,33,Healthy
L48876,L,297.9,307.6,1550,39.0,35,Healthy
M16557,M,297.9,307.6,1519,44.0,37,Healthy
L48878,L,297.9,307.6,1481,38.0,40,Healthy
L48879,L,298.1,307.7,1289,48.3,42,Healthy
M16560,M,298.0,307.6,1844,23.8,44,Healthy
L48881,L,298.0,307.7,1479,42.5,47,Healthy
L48882,L,298.0,307.7,1430,47.3,49,Healthy
M16563,M,298.1,307.8,1636,36.7,51,Healthy
M16564,M,298.1,307.8,1503,44.7,54,Healthy
M16565,M,298.1,307.8,1608,32.6,57,Healthy
L48886,L,298.2,307.8,1521,42.9,60,Healthy
L48887,L,298.2,307.8,1439,41.6,62,Healthy
L48888,L,298.2,307.8,1627,31.5,64,Healthy
L48889,L,298.2,307.8,1749,26.1,66,Healthy
L48890,L,298.2,307.8,1530,35.9,68,Healthy
L48891,L,298.2,307.8,1355,51.3,70,Healthy
L48892,L,298.3,307.9,1551,33.8,72,Healthy
L48893,L,298.2,307.8,1515,46.7,74,Healthy
L48894,L,298.2,307.8,1388,48.6,76,Healthy
L48895,L,298.2,307.8,1585,34.6,78,Healthy
L48896,L,298.1,307.7,1523,37.7,80,Medium
L48897,L,298.2,307.6,1369,54.5,82,Medium
M16578,M,298.2,307.7,1681,31.0,84,Medium
L48899,L,298.2,307.7,1503,38.3,87,Medium
L48900,L,298.2,307.7,1459,44.5,89,Medium
L48901,L,298.2,307.7,1688,32.4,91,Medium
M16582,M,298.2,307.7,1952,21.6,93,Medium
L48903,L,298.2,307.8,2029,19.9,96,Medium
M16584,M,298.3,307.8,1457,52.5,98,Medium
M16585,M,298.3,307.8,1392,50.4,101,Medium
L48906,L,298.3,307.8,1906,22.1,104,Medium
M16587,M,298.3,307.7,1602,33.4,106,Medium
L48908,L,298.3,307.7,1465,49.4,109,Medium
M16589,M,298.3,307.7,1439,43.8,111,Medium
M16590,M,298.3,307.8,1330,55.4,114,Medium
M16591,M,298.3,307.9,1485,42.0,117,Medium
H31146,H,298.4,307.9,1700,28.2,120,Medium
L48913,L,298.4,308.0,1515,42.8,125,Medium
M16594,M,298.5,308.1,1501,39.2,127,Medium
L48915,L,298.4,308.0,1380,47.6,130,Medium
L48916,L,298.4,307.9,1544,35.9,132,Medium
L48917,L,298.4,307.9,1743,27.3,134,Medium
H31152,H,298.4,307.9,1948,21.4,136,Medium
H31153,H,298.5,307.9,1260,54.2,141,Medium
M16600,M,298.5,307.9,1640,33.1,146,Medium
M16601,M,298.5,308.0,1363,49.2,149,Medium
L48922,L,298.5,308.0,1379,49.6,152,Medium
M16603,M,298.5,308.0,1713,25.8,154,Medium
M16604,M,298.5,308.0,1461,51.9,157,Medium
L48925,L,298.5,308.0,1624,29.8,160,Medium
L48926,L,298.4,308.0,1526,41.1,162,Medium
L48927,L,298.4,307.9,2381,14.2,164,Medium
H31162,H,298.4,307.7,1626,31.1,166,Medium
L48929,L,298.3,307.7,1576,33.8,171,Medium
M16610,M,298.4,307.8,1617,31.6,173,Medium
L48931,L,298.3,307.6,1942,20.6,176,Medium
L48932,L,298.2,307.6,1492,37.2,178,Medium
L48933,L,298.2,307.5,1470,51.3,180,Critical
M16614,M,298.0,307.4,1463,46.5,182,Critical
L48935,L,298.0,307.3,1424,46.5,185,Critical
M16616,M,298.1,307.4,1363,60.1,187,Critical
M16617,M,298.1,307.4,1335,56.2,190,Critical
L48938,L,298.1,307.4,1608,33.9,193,Critical
H31173,H,298.0,307.4,1606,35.2,195,Critical
L48940,L,298.1,307.5,1684,33.1,200,Critical
L48941,L,298.1,307.6,1950,20.3,202,Critical
H31176,H,298.2,307.6,1460,48.6,204,Critical
L48943,L,298.2,307.6,1511,31.0,209,Critical
H31178,H,298.2,307.6,1318,55.7,0,Healthy
L48945,L,298.2,307.6,1368,51.8,5,Healthy
M16626,M,298.3,307.7,1717,27.1,7,Healthy
M16627,M,298.3,307.7,1520,41.4,10,Healthy
M16628,M,298.3,307.8,1485,42.0,13,Healthy
L48949,L,298.4,307.9,1981,23.2,16,Healthy
H31184,H,298.4,307.9,1605,31.0,18,Healthy
L48951,L,298.4,307.9,1446,45.3,23,Healthy
L48952,L,298.4,308.0,1508,47.9,25,Healthy
L48953,L,298.5,308.0,1384,59.5,27,Healthy
M16634,M,298.5,308.0,1519,37.3,29,Healthy
L48955,L,298.5,308.0,1404,48.1,32,Healthy
L48956,L,298.5,308.1,1564,31.1,34,Healthy
H31191,H,298.6,308.2,1555,36.8,36,Healthy
L48958,L,298.6,308.2,1325,54.0,41,Healthy
M16639,M,298.6,308.2,1488,44.0,43,Healthy
L48960,L,298.5,308.2,1595,32.3,46,Healthy
L48961,L,298.5,308.1,1662,28.6,48,Healthy
L48962,L,298.4,308.0,1571,37.4,50,Healthy
H31197,H,298.3,308.0,1553,41.0,52,Healthy
L48964,L,298.3,308.0,2886,3.8,57,Critical
L48965,L,298.2,308.0,1538,38.2,59,Healthy
L48966,L,298.4,308.2,1618,33.0,61,Healthy
L48967,L,298.4,308.2,1364,45.9,63,Healthy
L48968,L,298.3,308.0,1442,47.3,65,Healthy
L48969,L,298.2,307.9,1313,67.3,67,Critical
L48970,L,298.2,307.9,1847,23.6,69,Healthy
L48971,L,298.1,307.8,1524,40.8,71,Healthy
M16652,M,298.1,307.7,1445,48.0,73,Healthy
L48973,L,298.1,307.8,1761,28.2,76,Healthy
M16654,M,298.1,307.8,1514,43.5,78,Healthy
M16655,M,298.1,307.7,1498,38.3,81,Medium
H31210,H,298.1,307.6,1542,37.1,84,Medium
M16657,M,298.0,307.6,1508,41.8,89,Medium
M16658,M,298.0,307.5,1431,52.9,92,Medium
M16659,M,298.0,307.5,1427,45.1,95,Medium
M16660,M,298.0,307.5,1524,36.3,98,Medium
M16661,M,298.0,307.5,1427,43.6,101,Medium
H31216,H,298.1,307.6,1496,44.1,104,Medium
L48983,L,298.1,307.7,1388,40.3,109,Medium
L48984,L,298.1,307.7,1495,48.1,111,Medium
H31219,H,298.1,307.7,1376,56.2,113,Medium
H31220,H,298.0,307.6,1593,32.2,118,Medium
L48987,L,298.0,307.6,1654,28.9,123,Medium
L48988,L,298.1,307.7,2567,12.8,125,Critical
L48989,L,298.1,307.7,1767,27.0,127,Medium
L48990,L,298.1,307.6,1364,53.8,129,Medium
M16671,M,298.1,307.8,1569,31.2,131,Medium
L48992,L,298.2,307.8,1476,36.8,134,Medium
L48993,L,298.1,307.7,1479,45.0,136,Medium
L48994,L,298.1,307.7,1650,34.1,138,Medium
M16675,M,298.1,307.6,1565,36.3,140,Medium
L48996,L,298.1,307.6,1460,46.5,143,Medium
L48997,L,298.1,307.7,1664,27.6,145,Medium
M16678,M,298.1,307.7,1435,40.9,147,Medium
M16679,M,298.1,307.6,2066,19.2,150,Medium
L49000,L,298.1,307.5,1493,43.7,153,Medium
L49001,L,298.1,307.6,1354,43.3,155,Medium
L49002,L,298.1,307.6,1488,39.4,157,Medium
L49003,L,298.1,307.7,1414,48.7,159,Medium
L49004,L,298.1,307.5,1391,57.4,161,Medium
M16685,M,298.0,307.5,1784,27.8,163,Medium
H31240,H,297.8,307.3,1516,40.1,166,Medium
M16687,M,297.9,307.3,1420,47.8,171,Medium
L49008,L,297.8,307.2,1351,56.3,174,Medium
L49009,L,297.8,307.2,1880,23.0,176,Medium
L49010,L,297.8,307.3,1859,24.0,178,Medium
M16691,M,297.8,307.3,1315,54.0,180,Critical
M16692,M,297.8,307.4,1330,51.7,183,Critical
L49013,L,297.8,307.3,1327,61.0,186,Critical
L49014,L,297.8,307.2,1498,38.1,188,Critical
H31249,H,297.8,307.3,1555,35.8,190,Critical
L49016,L,297.7,307.2,1518,35.8,195,Critical
L49017,L,297.7,307.2,1392,43.0,197,Critical
M16698,M,297.8,307.2,1456,39.6,199,Critical
L49019,L,297.7,307.1,1715,30.2,0,Healthy
M16700,M,297.7,307.2,1405,43.7,2,Healthy
L49021,L,297.7,307.2,1668,37.8,5,Healthy
H31256,H,297.7,307.1,1855,22.5,7,Healthy
L49023,L,297.6,307.1,1496,39.2,12,Healthy
M16704,M,297.6,307.1,1471,44.9,14,Healthy
L49025,L,297.7,307.2,1444,40.0,17,Healthy
H31260,H,297.7,307.3,1514,38.6,19,Healthy
L49027,L,297.8,307.3,1412,50.7,24,Healthy
H31262,H,297.7,307.2,1429,44.1,26,Healthy
L49029,L,297.7,307.2,1668,32.7,31,Healthy
M16710,M,297.7,307.2,1372,52.8,33,Healthy
M16711,M,297.7,307.3,1365,49.2,36,Healthy
M16712,M,297.6,307.1,1526,39.1,39,Healthy
L49033,L,297.6,307.2,1486,40.6,42,Healthy
M16714,M,297.6,307.2,1470,42.6,44,Healthy
H31269,H,297.7,307.3,1249,62.8,47,Healthy
M16716,M,297.8,307.4,1752,26.1,52,Healthy
L49037,L,297.7,307.4,1643,36.5,55,Healthy
M16718,M,297.8,307.4,1488,36.1,57,Healthy
L49039,L,297.8,307.4,1355,45.8,60,Healthy
L49040,L,297.8,307.6,1607,30.3,62,Healthy
M16721,M,297.9,307.6,1609,30.3,64,Healthy
L49042,L,297.9,307.7,1517,44.4,67,Healthy
M16723,M,297.9,307.7,1517,39.5,69,Healthy
L49044,L,297.9,307.7,1546,37.6,72,Healthy
L49045,L,297.9,307.7,1567,34.7,74,Healthy
M16726,M,298.1,307.9,1662,28.9,76,Healthy
L49047,L,298.1,307.9,1502,41.8,79,Healthy
L49048,L,298.3,308.0,1361,56.9,81,Medium
M16729,M,298.3,308.1,1630,32.7,83,Medium
L49050,L,298.3,308.0,1486,42.3,86,Medium
L49051,L,298.3,308.1,1840,21.5,88,Medium
L49052,L,298.3,308.1,1326,58.4,90,Medium
L49053,L,298.4,308.1,1367,57.8,92,Medium
L49054,L,298.4,308.1,1598,32.7,94,Medium
L49055,L,298.3,308.0,1363,50.1,96,Medium
L49056,L,298.3,308.0,1242,62.0,98,Medium
M16737,M,298.2,307.8,1566,33.8,100,Medium
M16738,M,298.1,307.7,1424,47.7,103,Medium
M16739,M,298.2,307.7,1608,33.8,106,Medium
L49060,L,298.1,307.7,1705,29.1,109,Medium
L49061,L,298.0,307.6,1548,45.8,111,Medium
M16742,M,298.0,307.6,1581,43.4,113,Medium
M16743,M,298.0,307.6,1472,46.7,116,Medium
M16744,M,298.0,307.6,1792,26.0,119,Medium
L49065,L,298.0,307.6,1683,32.8,122,Medium
L49066,L,297.9,307.6,1503,40.7,124,Medium
M16747,M,297.9,307.5,1642,32.4,126,Medium
M16748,M,297.8,307.4,1902,24.3,129,Medium
H31303,H,297.7,307.4,1432,40.2,132,Medium
L49070,L,297.8,307.4,1512,40.8,137,Medium
L49071,L,297.7,307.4,1764,29.0,139,Medium
M16752,M,297.8,307.4,1438,43.6,141,Medium
L49073,L,297.8,307.5,1631,29.9,144,Medium
H31308,H,297.9,307.5,1880,23.3,146,Medium
L49075,L,297.9,307.6,1344,54.3,151,Medium
L49076,L,297.9,307.5,1574,35.8,153,Medium
L49077,L,297.8,307.4,1418,41.2,155,Medium
L49078,L,297.8,307.5,1372,54.1,157,Medium
L49079,L,297.8,307.5,1388,40.0,159,Medium
H31314,H,297.9,307.6,1493,36.0,161,Medium
M16761,M,297.9,307.6,1505,40.1,166,Medium
L49082,L,298.0,307.6,1694,29.1,169,Medium
L49083,L,297.9,307.6,1968,20.4,171,Medium
M16764,M,298.0,307.6,1569,35.6,173,Medium
L49085,L,297.9,307.6,1687,29.1,176,Medium
L49086,L,297.9,307.6,1430,52.4,178,Medium
L49087,L,297.9,307.6,1504,42.4,180,Critical
L49088,L,297.9,307.6,1977,20.2,182,Critical
L49089,L,298.0,307.7,1435,45.6,184,Critical
H31324,H,298.0,307.7,1547,36.8,186,Critical
M16771,M,298.1,307.8,1316,57.2,191,Critical
M16772,M,298.0,307.7,1621,34.9,194,Critical
M16773,M,298.0,307.8,1492,40.2,197,Critical
L49094,L,298.0,307.7,1643,32.3,200,Critical
L49095,L,298.0,307.7,1492,38.7,202,Critical
L49096,L,298.0,307.7,1387,50.8,204,Critical
M16777,M,298.1,307.9,1463,47.3,206,Critical
M16778,M,298.1,307.9,1496,40.0,0,Healthy
L49099,L,298.2,308.0,1658,30.0,3,Healthy
L49100,L,298.1,307.9,2161,17.5,5,Healthy
L49101,L,298.1,307.9,1665,32.0,7,Healthy
L49102,L,298.0,307.8,1716,26.6,9,Healthy
L49103,L,298.0,307.7,1529,34.1,11,Healthy
L49104,L,297.9,307.7,1353,50.7,13,Healthy
L49105,L,297.9,307.7,1537,37.7,15,Healthy
L49106,L,298.0,307.7,1606,30.8,17,Healthy
H31341,H,298.0,307.8,1314,47.8,19,Healthy
L49108,L,298.0,307.8,1623,29.9,24,Healthy
M16789,M,298.0,307.8,1483,50.9,26,Healthy
M16790,M,298.1,307.9,1569,37.0,29,Healthy
M16791,M,298.2,308.0,1969,21.7,32,Healthy
M16792,M,298.1,308.0,1686,29.3,35,Healthy
L49113,L,298.1,308.0,1638,35.1,38,Healthy
L49114,L,298.1,307.9,1698,33.3,40,Healthy
M16795,M,298.1,307.9,1377,55.1,42,Healthy
M16796,M,298.1,308.0,2129,18.4,45,Healthy
L49117,L,298.2,308.0,1411,42.4,48,Healthy
L49118,L,298.1,307.9,1517,40.8,50,Healthy
M16799,M,298.1,307.9,1303,53.9,52,Healthy
L49120,L,298.1,307.9,1578,35.6,55,Healthy
L49121,L,298.1,307.9,1425,58.2,57,Healthy
L49122,L,298.1,308.0,1456,42.4,59,Healthy
L49123,L,298.1,308.0,1704,30.9,61,Healthy
L49124,L,298.1,308.1,1791,27.3,63,Healthy
L49125,L,298.1,308.1,1616,32.8,65,Healthy
L49126,L,298.2,308.1,1622,34.9,67,Healthy
L49127,L,298.2,308.1,1462,49.9,69,Healthy
L49128,L,298.1,308.1,1410,45.8,71,Healthy
M16809,M,298.1,308.0,1543,41.9,73,Healthy
M16810,M,298.0,307.9,1479,47.6,76,Healthy
L49131,L,298.0,307.8,1839,22.7,79,Healthy
L49132,L,298.0,307.8,1266,60.5,81,Medium
L49133,L,297.9,307.7,1593,34.9,83,Medium
L49134,L,297.9,307.8,1459,46.9,85,Medium
L49135,L,297.9,307.7,1308,55.2,87,Medium
M16816,M,297.9,307.7,1364,46.8,89,Medium
H31371,H,297.9,307.7,1618,35.9,92,Medium
H31372,H,297.9,307.7,1464,43.2,97,Medium
M16819,M,297.8,307.6,1352,49.4,102,Medium
L49140,L,297.8,307.6,1446,51.4,105,Medium
L49141,L,297.8,307.5,1448,51.2,107,Medium
L49142,L,297.8,307.5,1391,48.6,109,Medium
L49143,L,297.7,307.5,1379,43.3,111,Medium
M16824,M,297.8,307.5,1405,46.9,113,Medium
L49145,L,297.8,307.5,1581,33.1,116,Medium
L49146,L,297.9,307.6,1515,40.5,118,Medium
L49147,L,297.9,307.6,1589,37.8,120,Medium
L49148,L,298.0,307.6,1281,50.8,122,Medium
H31383,H,297.8,307.5,1631,31.3,124,Medium
M16830,M,297.9,307.6,1202,67.0,129,Medium
L49151,L,297.9,307.6,1298,52.7,132,Medium
L49152,L,297.9,307.6,1612,30.7,134,Medium
L49153,L,297.9,307.6,1747,25.3,136,Medium
L49154,L,298.0,307.6,1450,48.7,138,Medium
L49155,L,298.0,307.7,1422,45.6,140,Medium
M16836,M,298.1,307.7,1419,47.4,142,Medium
M16837,M,298.1,307.7,1633,30.7,145,Medium
L49158,L,298.0,307.7,1442,43.6,148,Medium
H31393,H,298.0,307.6,1420,45.8,150,Medium
M16840,M,298.0,307.6,1301,58.5,155,Medium
L49161,L,298.0,307.6,1385,45.0,158,Medium
M16842,M,298.0,307.7,1487,41.3,160,Medium
M16843,M,298.0,307.6,1459,44.4,163,Medium
M16844,M,298.0,307.5,1387,45.5,166,Medium
L49165,L,298.1,307.7,1537,40.8,169,Medium
L49166,L,298.1,307.6,1498,42.9,171,Medium
M16847,M,298.2,307.8,1599,31.2,173,Medium
H31402,H,298.3,307.9,1420,39.2,176,Medium
L49169,L,298.2,307.9,1785,23.4,181,Critical
L49170,L,298.2,307.8,1423,48.1,183,Critical
M16851,M,298.2,307.8,1583,36.6,185,Critical
L49172,L,298.2,307.8,1375,46.6,188,Critical
M16853,M,298.3,308.0,1463,42.5,190,Critical
M16854,M,298.2,307.9,1403,45.1,193,Critical
L49175,L,298.3,308.0,1451,47.1,196,Critical
M16856,M,298.4,308.0,1416,38.2,198,Critical
L49177,L,298.3,308.1,1672,41.3,0,Healthy
H31412,H,298.3,308.0,1637,30.8,2,Healthy
L49179,L,298.4,308.0,1540,37.8,7,Healthy
L49180,L,298.4,308.1,1279,53.1,9,Healthy
L49181,L,298.4,308.2,1604,34.9,11,Healthy
L49182,L,298.5,308.2,1654,27.1,13,Healthy
M16863,M,298.5,308.2,1564,37.5,15,Healthy
L49184,L,298.5,308.2,1451,47.5,18,Healthy
L49185,L,298.5,308.3,1504,38.0,20,Healthy
M16866,M,298.5,308.3,1381,50.5,22,Healthy
L49187,L,298.6,308.4,1562,34.4,25,Healthy
L49188,L,298.5,308.3,1811,24.7,27,Healthy
M16869,M,298.6,308.3,1717,28.7,29,Healthy
L49190,L,298.6,308.3,1278,60.5,32,Healthy
L49191,L,298.7,308.5,1616,30.2,34,Healthy
L49192,L,298.6,308.4,1397,46.4,36,Healthy
L49193,L,298.6,308.4,1485,42.9,38,Healthy
L49194,L,298.6,308.4,1310,59.7,40,Healthy
L49195,L,298.5,308.2,1301,66.3,42,Critical
L49196,L,298.5,308.3,1458,44.0,44,Healthy
L49197,L,298.7,308.5,1483,42.5,46,Healthy
L49198,L,298.7,308.5,1375,46.4,48,Healthy
M16879,M,298.7,308.5,1660,27.0,50,Healthy
H31434,H,298.7,308.4,1560,33.3,53,Healthy
L49201,L,298.7,308.5,1480,42.2,58,Healthy
L49202,L,298.7,308.4,1373,46.9,60,Healthy
L49203,L,298.7,308.5,1444,54.2,62,Healthy
M16884,M,298.7,308.6,1722,24.7,64,Healthy
L49205,L,298.7,308.5,1469,39.9,67,Healthy
M16886,M,298.7,308.5,1360,52.9,69,Healthy
L49207,L,298.7,308.4,1750,25.8,72,Healthy
M16888,M,298.7,308.3,1349,46.6,74,Healthy
L49209,L,298.7,308.5,1668,35.2,77,Healthy
L49210,L,298.9,308.6,1400,49.5,79,Healthy
L49211,L,298.8,308.6,1331,62.8,81,Medium
L49212,L,298.8,308.5,1444,42.2,83,Medium
H31447,H,298.8,308.5,1359,47.6,85,Medium
M16894,M,298.8,308.5,1425,47.4,90,Medium
M16895,M,298.9,308.6,1469,34.2,93,Medium
L49216,L,299.0,308.7,1892,22.8,96,Medium
H31451,H,299.0,308.7,1940,19.9,98,Medium
L49218,L,299.0,308.8,1405,55.2,103,Medium
M16899,M,299.0,308.9,1449,39.6,105,Medium
L49220,L,299.1,308.9,1686,29.6,108,Medium
L49221,L,299.1,308.9,1680,27.2,110,Medium
M16902,M,299.1,308.9,1397,52.4,112,Medium
M16903,M,299.2,309.0,1597,30.3,115,Medium
L49224,L,299.3,309.1,1470,41.1,118,Medium
M16905,M,299.3,309.1,1703,31.3,120,Medium
L49226,L,299.3,309.1,1388,45.5,123,Medium
L49227,L,299.3,309.2,1775,24.2,125,Medium
L49228,L,299.3,309.2,1465,41.5,127,Medium
M16909,M,299.3,309.2,1586,37.9,129,Medium
M16910,M,299.5,309.3,1675,29.2,132,Medium
M16911,M,299.4,309.2,1470,44.4,135,Medium
L49232,L,299.5,309.3,1477,40.4,138,Medium
L49233,L,299.5,309.3,1382,61.0,140,Medium
M16914,M,299.6,309.4,1605,29.8,142,Medium
L49235,L,299.6,309.4,1643,32.9,145,Medium
L49236,L,299.5,309.3,1333,54.1,147,Medium
L49237,L,299.5,309.3,1520,42.3,149,Medium
M16918,M,299.5,309.3,1902,24.0,151,Medium
H31473,H,299.5,309.4,1386,44.4,154,Medium
L49240,L,299.6,309.5,1803,27.7,159,Medium
L49241,L,299.7,309.6,1359,50.7,161,Medium
M16922,M,299.7,309.6,1477,42.7,163,Medium
L49243,L,299.7,309.6,1321,53.4,166,Medium
L49244,L,299.6,309.5,1453,41.4,168,Medium
L49245,L,299.7,309.6,1419,45.1,170,Medium
L49246,L,299.7,309.6,1512,36.2,172,Medium
L49247,L,299.7,309.6,1553,36.8,174,Medium
M16928,M,299.7,309.6,1534,39.1,176,Medium
H31483,H,299.7,309.6,1553,41.0,179,Medium
L49250,L,299.7,309.5,1352,49.7,184,Critical
M16931,M,299.7,309.6,1313,60.0,186,Critical
L49252,L,299.6,309.5,1570,35.5,189,Critical
L49253,L,299.6,309.4,1677,31.1,191,Critical
L49254,L,299.5,309.4,1602,31.5,193,Critical
L49255,L,299.5,309.4,1390,58.8,195,Critical
L49256,L,299.4,309.3,1544,36.0,197,Critical
L49257,L,299.4,309.4,1701,31.2,199,Critical
M16938,M,299.4,309.3,1692,28.4,201,Critical
M16939,M,299.3,309.3,1523,37.9,204,Critical
L49260,L,299.3,309.2,2280,15.4,207,Critical
M16941,M,299.4,309.3,1485,47.1,209,Critical
H31496,H,299.4,309.2,1513,36.1,212,Critical
H31497,H,299.4,309.3,1743,28.2,0,Healthy
L49264,L,299.5,309.3,1442,46.2,5,Healthy
L49265,L,299.5,309.3,1462,46.7,7,Healthy
H31500,H,299.4,309.3,1439,49.7,9,Healthy
L49267,L,299.5,309.3,1577,36.6,14,Healthy
L49268,L,299.6,309.4,1331,46.4,16,Healthy
L49269,L,299.5,309.3,1941,22.5,18,Healthy
L49270,L,299.5,309.2,1393,47.3,20,Healthy
L49271,L,299.4,309.2,1433,42.1,22,Healthy
L49272,L,299.4,309.2,1444,48.2,24,Healthy
L49273,L,299.4,309.2,1564,39.0,26,Healthy
L49274,L,299.4,309.3,1377,43.6,28,Healthy
L49275,L,299.4,309.3,1525,41.5,30,Healthy
M16956,M,299.5,309.4,1387,56.2,32,Healthy
M16957,M,299.4,309.4,1326,47.5,35,Healthy
L49278,L,299.4,309.3,1401,59.0,38,Healthy
L49279,L,299.4,309.3,1596,31.8,40,Healthy
M16960,M,299.3,309.3,1471,46.0,42,Healthy
L49281,L,299.3,309.3,1528,37.8,45,Healthy
L49282,L,299.3,309.3,1325,62.0,47,Healthy
M16963,M,299.3,309.1,1376,46.7,49,Healthy
M16964,M,299.3,309.1,1600,35.3,52,Healthy
L49285,L,299.3,309.1,1495,44.0,55,Healthy
L49286,L,299.4,309.1,1645,28.6,57,Healthy
M16967,M,299.4,309.1,1417,47.3,59,Healthy
H31522,H,299.4,309.0,1415,51.7,62,Healthy
M16969,M,299.3,309.0,1496,43.4,67,Healthy
H31524,H,299.3,309.0,1508,35.0,70,Healthy
L49291,L,299.4,309.0,1436,47.9,75,Healthy
L49292,L,299.5,309.1,1852,22.6,77,Healthy
L49293,L,299.5,309.1,1863,22.5,79,Healthy
H31528,H,299.4,309.1,1373,44.1,81,Medium
L49295,L,299.4,309.0,1404,47.3,86,Medium
M16976,M,299.4,309.0,1381,44.9,88,Medium
H31531,H,299.4,308.9,1762,29.3,91,Medium
H31532,H,299.3,308.9,1429,43.0,96,Medium
M16979,M,299.3,308.9,1858,24.7,101,Medium
H31534,H,299.2,308.8,1908,21.3,104,Medium
M16981,M,299.2,308.8,1503,37.4,109,Medium
M16982,M,299.2,308.8,1523,38.9,112,Medium
L49303,L,299.3,309.0,1491,38.4,115,Medium
L49304,L,299.2,308.9,1430,39.1,117,Medium
L49305,L,299.3,308.9,1258,69.4,119,Critical
L49306,L,299.3,309.0,1449,46.5,121,Medium
H31541,H,299.3,309.0,1425,40.6,123,Medium
L49308,L,299.4,309.0,1800,24.3,128,Medium
H31543,H,299.4,309.0,1607,33.7,130,Medium
L49310,L,299.4,309.0,1391,58.2,135,Medium
L49311,L,299.4,309.1,1432,45.4,137,Medium
L49312,L,299.4,309.0,1660,28.4,139,Medium
H31547,H,299.3,309.0,1732,29.7,141,Medium
L49314,L,299.3,309.0,1473,46.3,146,Medium
L49315,L,299.3,309.0,1511,47.8,148,Medium
L49316,L,299.2,308.9,1588,41.5,150,Medium
L49317,L,299.3,308.9,1623,31.1,152,Medium
L49318,L,299.3,309.0,1734,30.6,154,Medium
L49319,L,299.3,309.0,1415,47.6,156,Medium
L49320,L,299.3,309.0,1419,46.6,158,Medium
M17001,M,299.3,308.9,1577,34.9,160,Medium
L49322,L,299.3,308.9,1376,60.3,163,Medium
M17003,M,299.3,308.8,1442,49.0,165,Medium
L49324,L,299.4,308.9,1451,40.5,168,Medium
L49325,L,299.3,308.8,1550,45.8,170,Medium
L49326,L,299.3,308.8,1647,32.9,172,Medium
L49327,L,299.4,308.9,1550,33.7,174,Medium
L49328,L,299.4,308.9,1583,34.1,176,Medium
L49329,L,299.4,309.0,1613,32.2,178,Medium
H31564,H,299.3,308.8,1636,35.5,180,Critical
M17011,M,299.3,308.7,1289,51.5,185,Critical
M17012,M,299.3,308.8,1648,28.4,188,Critical
H31567,H,299.3,308.8,1397,45.4,191,Critical
M17014,M,299.3,308.9,1767,24.8,196,Critical
L49335,L,299.3,308.8,1341,47.7,199,Critical
M17016,M,299.4,308.9,1457,41.5,201,Critical
M17017,M,299.4,309.0,1939,19.8,204,Critical
M17018,M,299.5,309.0,1399,49.7,207,Critical
M17019,M,299.5,309.0,1602,31.3,210,Critical
L49340,L,299.4,309.0,1507,41.0,213,Critical
L49341,L,299.4,309.1,1464,40.5,215,Critical
L49342,L,299.5,309.1,1336,42.1,217,Critical
L49343,L,299.6,309.2,1422,39.8,219,Critical
L49344,L,299.6,309.2,1540,36.7,221,Critical
L49345,L,299.5,309.1,1476,47.8,223,Critical
M17026,M,299.6,309.2,1867,23.4,225,Critical
H31581,H,299.6,309.1,1588,41.3,0,Healthy
M17028,M,299.5,309.1,1420,49.5,5,Healthy
L49349,L,299.5,309.1,1415,49.2,8,Healthy
M17030,M,299.4,309.1,1500,43.3,10,Healthy
L49351,L,299.5,309.1,1502,44.6,13,Healthy
L49352,L,299.5,309.2,1816,23.0,15,Healthy
M17033,M,299.5,309.2,1495,41.6,17,Healthy
L49354,L,299.6,309.2,1572,33.4,20,Healthy
M17035,M,299.5,309.2,1590,35.9,22,Healthy
M17036,M,299.6,309.3,1387,48.3,25,Healthy
M17037,M,299.6,309.2,1393,47.7,28,Healthy
L49358,L,299.6,309.2,1602,37.3,31,Healthy
L49359,L,299.6,309.2,1601,33.3,33,Healthy
H31594,H,299.6,309.2,1597,36.3,35,Healthy
H31595,H,299.5,309.1,1548,44.3,40,Healthy
M17042,M,299.5,309.2,1314,61.8,45,Healthy
M17043,M,299.6,309.3,1577,39.8,48,Healthy
L49364,L,299.8,309.4,1475,43.4,51,Healthy
L49365,L,299.8,309.4,1630,32.4,53,Healthy
L49366,L,299.7,309.4,1445,42.9,55,Healthy
M17047,M,299.8,309.4,1439,47.4,57,Healthy
L49368,L,299.7,309.3,1420,44.1,60,Healthy
H31603,H,299.7,309.2,1554,41.6,62,Healthy
M17050,M,299.6,309.1,1471,44.3,67,Healthy
L49371,L,299.6,309.0,1648,33.6,70,Healthy
L49372,L,299.6,309.0,1472,48.8,72,Healthy
M17053,M,299.5,308.9,1448,42.9,74,Healthy
M17054,M,299.6,308.9,1568,35.3,77,Healthy
L49375,L,299.6,308.9,1613,30.8,80,Medium
M17056,M,299.7,308.9,1551,35.4,82,Medium
L49377,L,299.7,309.0,1412,49.2,85,Medium
M17058,M,299.7,308.9,1478,41.0,87,Medium
M17059,M,299.8,309.1,1268,58.0,90,Medium
L49380,L,299.8,309.1,1546,35.6,93,Medium
L49381,L,299.8,309.0,1567,36.1,95,Medium
M17062,M,299.9,309.2,1548,35.7,97,Medium
L49383,L,299.8,309.0,1614,30.8,100,Medium
M17064,M,299.7,309.1,1352,46.1,102,Medium
L49385,L,299.9,309.2,1624,34.6,105,Medium
L49386,L,299.9,309.2,1436,52.0,107,Medium
L49387,L,299.8,309.2,1591,37.5,109,Medium
H31622,H,299.8,309.2,1435,42.6,111,Medium
L49389,L,299.8,309.3,1386,49.4,116,Medium
L49390,L,299.7,309.2,1401,54.1,118,Medium
M17071,M,299.6,309.0,1245,64.0,120,Medium
L49392,L,299.7,309.1,1475,40.0,123,Medium
L49393,L,299.7,309.1,1473,39.4,125,Medium
H31628,H,299.7,309.2,1355,44.8,127,Medium
H31629,H,299.7,309.2,1468,49.6,132,Medium
L49396,L,299.7,309.2,1645,30.8,137,Medium
L49397,L,299.7,309.1,1347,55.3,139,Medium
L49398,L,299.7,309.1,1713,33.5,141,Medium
M17079,M,299.6,309.1,1435,48.4,143,Medium
M17080,M,299.6,309.0,1736,26.1,146,Medium
L49401,L,299.6,309.0,1372,60.4,149,Medium
L49402,L,299.7,309.0,1605,33.0,151,Medium
L49403,L,299.6,309.0,1413,48.5,153,Medium
M17084,M,299.7,309.0,1645,31.9,155,Medium
M17085,M,299.7,309.0,1465,49.0,158,Medium
M17086,M,299.6,308.9,1685,27.8,161,Medium
L49407,L,299.5,308.8,1965,20.4,164,Medium
H31642,H,299.4,308.6,1542,41.8,166,Medium
L49409,L,299.4,308.7,1681,30.8,171,Medium
L49410,L,299.5,308.7,1446,45.7,173,Medium
L49411,L,299.4,308.6,1415,56.4,175,Medium
L49412,L,299.5,308.6,1672,30.5,177,Medium
L49413,L,299.5,308.7,2549,13.0,179,Critical
L49414,L,299.4,308.6,1492,40.5,181,Critical
M17095,M,299.4,308.6,1455,42.7,183,Critical
M17096,M,299.3,308.5,1422,43.1,186,Critical
L49417,L,299.3,308.6,1403,50.6,189,Critical
L49418,L,299.3,308.6,1474,49.6,191,Critical
L49419,L,299.2,308.6,1381,50.0,193,Critical
L49420,L,299.2,308.5,1457,44.7,195,Critical
L49421,L,299.2,308.4,1711,28.9,197,Critical
L49422,L,299.2,308.4,1667,29.0,199,Critical
L49423,L,299.2,308.4,1465,35.0,201,Critical
M17104,M,299.3,308.4,1542,37.5,203,Critical
M17105,M,299.3,308.4,1438,42.3,0,Healthy
L49426,L,299.3,308.4,1406,47.4,3,Healthy
M17107,M,299.2,308.4,1396,48.5,5,Healthy
M17108,M,299.3,308.5,1304,60.6,8,Healthy
L49429,L,299.2,308.5,1442,46.5,11,Healthy
M17110,M,299.2,308.4,1396,48.7,13,Healthy
H31665,H,299.1,308.3,1424,43.4,16,Healthy
H31666,H,299.1,308.3,1451,42.8,21,Healthy
L49433,L,299.2,308.4,1386,54.1,26,Healthy
L49434,L,299.1,308.3,1325,46.9,28,Healthy
L49435,L,299.1,308.3,1559,33.7,30,Healthy
L49436,L,299.1,308.3,1489,38.1,32,Healthy
L49437,L,299.1,308.3,1892,25.2,34,Healthy
L49438,L,299.1,308.2,1319,60.3,36,Healthy
L49439,L,299.1,308.3,1431,52.3,38,Healthy
H31674,H,299.1,308.3,1521,36.5,40,Healthy
M17121,M,299.1,308.2,1435,45.2,45,Healthy
L49442,L,299.1,308.3,1533,42.4,48,Healthy
M17123,M,299.2,308.4,1529,43.0,50,Healthy
M17124,M,299.2,308.4,1415,43.5,53,Healthy
M17125,M,299.2,308.4,1330,51.2,56,Healthy
L49446,L,299.2,308.5,1381,60.6,59,Healthy
L49447,L,299.2,308.5,1370,52.4,61,Healthy
L49448,L,299.2,308.5,1438,46.6,63,Healthy
L49449,L,299.3,308.6,1314,48.2,65,Healthy
L49450,L,299.3,308.6,1437,48.1,67,Healthy
L49451,L,299.2,308.5,1821,26.1,69,Healthy
M17132,M,299.3,308.6,1448,52.1,71,Healthy
L49453,L,299.3,308.5,1589,32.7,74,Healthy
L49454,L,299.3,308.6,1520,33.7,76,Healthy
L49455,L,299.3,308.6,1605,37.0,78,Healthy
L49456,L,299.3,308.7,1393,54.2,80,Medium
H31691,H,299.3,308.7,1408,44.4,82,Medium
M17138,M,299.3,308.7,1459,35.6,87,Medium
L49459,L,299.4,308.7,1525,39.0,90,Medium
L49460,L,299.4,308.8,1390,57.0,92,Medium
L49461,L,299.3,308.7,1536,38.9,94,Medium
L49462,L,299.4,308.7,1459,47.6,96,Medium
L49463,L,299.2,308.5,1387,51.1,98,Medium
L49464,L,299.2,308.5,1378,53.4,100,Medium
L49465,L,299.4,308.7,1381,56.7,102,Medium
M17146,M,299.4,308.7,1289,60.5,104,Medium
L49467,L,299.4,308.6,1746,26.8,107,Medium
M17148,M,299.4,308.6,1541,39.1,109,Medium
L49469,L,299.4,308.7,1504,37.8,112,Medium
M17150,M,299.5,308.7,1321,51.9,114,Medium
M17151,M,299.5,308.8,1886,20.9,117,Medium
L49472,L,299.6,308.9,1422,53.2,120,Medium
L49473,L,299.5,308.9,1520,38.3,122,Medium
L49474,L,299.4,308.8,1627,32.6,124,Medium
L49475,L,299.4,308.7,1512,37.2,126,Medium
L49476,L,299.4,308.7,1553,42.7,128,Medium
L49477,L,299.3,308.7,1802,26.0,130,Medium
L49478,L,299.3,308.6,1482,37.6,132,Medium
L49479,L,299.4,308.7,1446,62.9,134,Critical
L49480,L,299.3,308.6,1371,50.5,136,Medium
M17161,M,299.2,308.6,1586,35.7,138,Medium
L49482,L,299.2,308.5,1515,39.8,141,Medium
L49483,L,299.2,308.5,1374,53.6,143,Medium
L49484,L,299.1,308.5,1455,39.8,145,Medium
H31719,H,299.2,308.5,1342,47.5,147,Medium
L49486,L,299.1,308.6,1260,57.8,152,Medium
H31721,H,299.0,308.5,1623,33.5,154,Medium
L49488,L,299.1,308.5,1371,55.5,159,Medium
L49489,L,299.1,308.6,1611,31.4,161,Medium
M17170,M,299.0,308.4,1535,47.5,163,Medium
M17171,M,299.1,308.6,1491,38.5,166,Medium
M17172,M,299.1,308.6,1441,36.2,169,Medium
M17173,M,299.1,308.8,1725,26.6,172,Medium
L49494,L,299.2,308.9,1368,47.2,175,Medium
L49495,L,299.2,308.9,1526,37.9,177,Medium
L49496,L,299.2,308.8,1542,39.2,179,Medium
L49497,L,299.2,308.8,1605,31.1,181,Critical
L49498,L,299.2,308.8,1405,51.4,183,Critical
M17179,M,299.2,308.8,1700,33.5,185,Critical
H31734,H,299.2,308.8,1440,39.1,188,Critical
M17181,M,299.2,308.8,1314,52.5,193,Critical
L49502,L,299.2,308.7,1514,41.9,196,Critical
M17183,M,299.2,308.7,1401,47.0,198,Critical
L49504,L,299.3,308.8,1636,29.9,201,Critical
L49505,L,299.3,308.8,1603,33.9,203,Critical
M17186,M,299.4,308.7,1487,52.6,205,Critical
M17187,M,299.3,308.7,1420,50.3,208,Critical
L49508,L,299.3,308.7,1579,36.3,211,Critical
L49509,L,299.3,308.7,1484,40.5,213,Critical
M17190,M,299.3,308.7,1390,49.3,215,Critical
L49511,L,299.3,308.6,1384,53.6,218,Critical
L49512,L,299.2,308.5,1378,50.4,220,Critical
L49513,L,299.2,308.5,1445,45.2,222,Critical
L49514,L,299.2,308.4,1445,43.5,224,Critical
L49515,L,299.2,308.4,1509,39.4,0,Healthy
L49516,L,299.2,308.4,1434,46.8,2,Healthy
L49517,L,299.2,308.4,1877,23.9,4,Healthy
L49518,L,299.3,308.3,1651,28.0,6,Healthy
L49519,L,299.2,308.2,1466,41.3,8,Healthy
L49520,L,299.1,308.1,1479,40.7,10,Healthy
L49521,L,299.1,308.2,1409,46.4,12,Healthy
M17202,M,299.2,308.2,1674,28.2,14,Healthy
L49523,L,299.1,308.3,1305,61.4,17,Healthy
M17204,M,299.2,308.3,1755,26.4,19,Healthy
L49525,L,299.2,308.4,1475,38.7,22,Healthy
L49526,L,299.2,308.4,1402,47.7,24,Healthy
L49527,L,299.2,308.3,1410,43.0,26,Healthy
L49528,L,299.2,308.4,1436,41.8,28,Healthy
M17209,M,299.3,308.5,1386,42.2,30,Healthy
L49530,L,299.3,308.6,1744,26.4,33,Healthy
L49531,L,299.2,308.4,1393,48.4,35,Healthy
M17212,M,299.3,308.5,1422,45.4,37,Healthy
L49533,L,299.2,308.4,1841,22.8,40,Healthy
L49534,L,299.3,308.6,1433,37.7,42,Healthy
M17215,M,299.3,308.5,1305,60.6,44,Healthy
H31770,H,299.3,308.6,1498,39.5,47,Healthy
L49537,L,299.3,308.5,1772,26.1,52,Healthy
M17218,M,299.2,308.4,1381,42.5,54,Healthy
L49539,L,299.3,308.5,1413,38.5,57,Healthy
H31774,H,299.2,308.4,1388,53.2,59,Healthy
M17221,M,299.2,308.6,1631,35.4,64,Healthy
H31776,H,299.3,308.6,1520,41.4,67,Healthy
L49543,L,299.3,308.5,1510,45.4,72,Healthy
L49544,L,299.2,308.5,1366,49.7,74,Healthy
L49545,L,299.4,308.5,1845,22.9,76,Healthy
L49546,L,299.3,308.5,1485,44.7,78,Healthy
M17227,M,299.3,308.5,1496,39.4,80,Medium
M17228,M,299.3,308.4,1468,42.2,83,Medium
M17229,M,299.2,308.4,1856,22.7,86,Medium
L49550,L,299.2,308.4,1620,34.1,89,Medium
L49551,L,299.3,308.5,1409,44.8,91,Medium
M17232,M,299.3,308.5,1404,49.4,93,Medium
L49553,L,299.2,308.4,1350,51.3,96,Medium
M17234,M,299.2,308.4,1538,38.0,98,Medium
M17235,M,299.2,308.4,1476,32.7,101,Medium
M17236,M,299.2,308.3,1364,51.8,104,Medium
M17237,M,299.2,308.3,1582,45.5,107,Medium
L49558,L,299.1,308.2,1348,56.1,110,Medium
H31793,H,299.1,308.2,1450,46.1,112,Medium
L49560,L,299.0,308.1,1242,60.9,117,Medium
L49561,L,299.1,308.2,1493,34.9,119,Medium
L49562,L,299.1,308.3,1601,31.4,121,Medium
L49563,L,299.1,308.2,1568,33.3,123,Medium
M17244,M,299.1,308.3,1506,38.0,125,Medium
L49565,L,299.1,308.3,1524,34.1,128,Medium
L49566,L,299.1,308.4,1543,37.9,130,Medium
M17247,M,299.2,308.5,1474,47.2,132,Medium
M17248,M,299.2,308.5,1526,37.3,135,Medium
L49569,L,299.2,308.5,1867,27.0,138,Medium
L49570,L,299.2,308.5,1487,41.2,140,Medium
L49571,L,299.2,308.4,1580,32.6,142,Medium
L49572,L,299.2,308.5,1340,50.0,144,Medium
L49573,L,299.2,308.5,1544,41.6,146,Medium
L49574,L,299.2,308.5,1488,40.3,148,Medium
M17255,M,299.2,308.5,1742,28.9,150,Medium
M17256,M,299.1,308.5,1592,34.2,153,Medium
L49577,L,299.2,308.6,1582,38.8,156,Medium
L49578,L,299.2,308.5,1490,43.2,158,Medium
M17259,M,299.2,308.5,1594,35.8,160,Medium
H31814,H,299.2,308.6,1462,55.0,163,Medium
M17261,M,299.2,308.6,1367,47.6,168,Medium
L49582,L,299.2,308.7,1325,51.0,171,Medium
H31817,H,299.2,308.7,1448,51.4,173,Medium
M17264,M,299.1,308.7,2008,20.3,178,Medium
L49585,L,299.1,308.7,1498,38.9,181,Critical
L49586,L,299.1,308.6,1437,41.6,183,Critical
M17267,M,299.1,308.6,1499,45.1,185,Critical
L49588,L,299.0,308.4,1356,52.6,188,Critical
L49589,L,299.1,308.5,1539,46.8,190,Critical
L49590,L,299.1,308.5,1689,32.1,192,Critical
L49591,L,299.0,308.5,1559,38.1,194,Critical
L49592,L,299.1,308.6,1408,46.7,196,Critical
L49593,L,299.0,308.5,1886,23.0,198,Critical
L49594,L,299.1,308.5,1415,43.4,0,Healthy
M17275,M,299.1,308.5,1587,35.6,2,Healthy
L49596,L,299.0,308.4,1571,38.6,5,Healthy
L49597,L,298.9,308.3,1576,36.6,7,Healthy
L49598,L,298.9,308.3,1660,34.4,9,Healthy
M17279,M,298.9,308.2,1328,49.2,11,Healthy
H31834,H,298.8,308.2,1450,44.7,14,Healthy
L49601,L,298.9,308.2,2384,15.0,19,Healthy
L49602,L,298.8,308.2,1443,53.4,21,Healthy
M17283,M,298.9,308.2,2022,20.0,23,Healthy
L49604,L,298.9,308.2,1828,23.8,26,Healthy
L49605,L,298.8,308.1,1472,53.5,28,Healthy
M17286,M,298.9,308.2,1372,63.6,30,Critical
L49607,L,298.9,308.3,1855,23.8,33,Healthy
M17288,M,299.0,308.3,1377,47.2,35,Healthy
L49609,L,298.9,308.3,1432,48.9,38,Healthy
M17290,M,298.9,308.2,1335,47.8,40,Healthy
M17291,M,298.9,308.2,1411,51.3,43,Healthy
L49612,L,298.9,308.2,1510,43.5,46,Healthy
L49613,L,299.0,308.3,1441,44.0,48,Healthy
M17294,M,299.0,308.2,1358,42.7,50,Healthy
L49615,L,298.9,308.2,1686,30.4,53,Healthy
H31850,H,299.0,308.2,1662,30.4,55,Healthy
L49617,L,299.1,308.3,1426,40.1,60,Healthy
M17298,M,299.1,308.4,1330,53.6,62,Healthy
L49619,L,299.1,308.4,1693,31.6,65,Healthy
L49620,L,299.1,308.4,1426,47.9,67,Healthy
L49621,L,299.1,308.5,1676,31.0,69,Healthy
M17302,M,299.1,308.4,1332,51.7,71,Healthy
L49623,L,299.1,308.5,1647,35.0,74,Healthy
L49624,L,299.2,308.6,1267,68.2,76,Critical
H31859,H,299.2,308.7,1375,55.1,78,Healthy
L49626,L,299.3,308.6,1422,48.9,83,Medium
L49627,L,299.3,308.7,1408,48.7,85,Medium
L49628,L,299.4,308.9,1440,42.5,87,Medium
L49629,L,299.3,308.8,1772,25.2,89,Medium
L49630,L,299.2,308.7,1492,37.8,91,Medium
L49631,L,299.2,308.7,1650,30.5,93,Medium
M17312,M,299.1,308.6,2329,14.6,95,Medium
L49633,L,299.0,308.6,1648,30.8,98,Medium
L49634,L,299.0,308.6,1653,31.7,100,Medium
L49635,L,299.0,308.6,1946,22.3,102,Medium
L49636,L,299.1,308.6,1555,36.6,104,Medium
L49637,L,299.0,308.6,1661,32.2,106,Medium
L49638,L,299.0,308.6,1434,45.9,108,Medium
L49639,L,299.0,308.6,1297,54.2,110,Medium
L49640,L,299.0,308.6,1466,46.4,112,Medium
M17321,M,298.9,308.6,1517,39.8,114,Medium
L49642,L,298.9,308.5,1742,34.5,117,Medium
L49643,L,298.9,308.5,1580,39.1,119,Medium
M17324,M,298.9,308.5,1534,42.9,121,Medium
L49645,L,298.9,308.6,1481,40.7,124,Medium
L49646,L,299.0,308.6,1429,37.7,126,Medium
M17327,M,298.9,308.6,1574,33.5,128,Medium
M17328,M,298.9,308.6,1524,40.4,131,Medium
L49649,L,299.0,308.7,1507,37.5,134,Medium
L49650,L,298.9,308.5,1467,44.7,136,Medium
L49651,L,298.9,308.4,1301,51.1,138,Medium
L49652,L,298.9,308.5,1429,55.1,140,Medium
M17333,M,298.9,308.5,1555,37.6,142,Medium
L49654,L,298.9,308.5,1503,40.6,145,Medium
L49655,L,298.9,308.5,1459,43.1,147,Medium
H31890,H,298.9,308.4,1449,42.4,149,Medium
L49657,L,298.9,308.5,1387,57.3,154,Medium
M17338,M,298.9,308.5,1456,50.0,156,Medium
L49659,L,299.0,308.5,1604,34.7,159,Medium
L49660,L,299.0,308.6,1734,32.4,161,Medium
L49661,L,299.0,308.6,1378,47.8,163,Medium
L49662,L,298.9,308.7,1504,41.8,165,Medium
M17343,M,298.9,308.7,1402,49.8,167,Medium
H31898,H,298.8,308.6,1524,37.7,170,Medium
L49665,L,298.8,308.6,1593,35.5,175,Medium
M17346,M,298.9,308.7,1772,28.4,177,Medium
H31901,H,298.9,308.6,1623,31.0,180,Critical
L49668,L,298.9,308.7,1356,50.7,185,Critical
H31903,H,298.9,308.7,1500,41.6,187,Critical
H31904,H,299.1,308.8,1566,46.6,192,Critical
L49671,L,299.1,308.9,1445,43.4,197,Critical
H31906,H,299.0,308.8,1382,58.5,199,Critical
M17353,M,299.0,308.8,1418,45.7,204,Critical
L49674,L,299.1,308.8,1329,53.6,207,Critical
M17355,M,299.1,308.8,1491,41.0,209,Critical
M17356,M,299.2,308.9,1573,37.4,212,Critical
M17357,M,299.2,308.9,1521,42.3,215,Critical
L49678,L,299.1,308.9,1467,47.2,218,Critical
M17359,M,299.1,308.9,1325,48.4,220,Critical
L49680,L,299.1,308.9,1617,32.3,223,Critical
M17361,M,299.1,308.9,1476,42.7,225,Critical
L49682,L,299.2,309.0,1515,48.9,228,Critical
L49683,L,299.2,309.0,1408,47.2,0,Healthy
L49684,L,299.2,309.1,1468,45.6,2,Healthy
L49685,L,299.2,309.1,1387,48.7,4,Healthy
M17366,M,299.2,309.1,1503,34.7,6,Healthy
H31921,H,299.2,309.1,1410,47.1,9,Healthy
L49688,L,299.0,308.9,1615,30.6,14,Healthy
L49689,L,299.0,308.9,1511,35.9,16,Healthy
L49690,L,299.1,309.0,1405,53.8,18,Healthy
M17371,M,299.0,308.9,1526,41.1,20,Healthy
L49692,L,298.9,308.8,1530,38.3,23,Healthy
L49693,L,299.0,308.7,1583,32.5,25,Healthy
L49694,L,298.9,308.6,2069,18.7,27,Healthy
L49695,L,298.8,308.5,1490,35.0,29,Healthy
L49696,L,298.8,308.5,1736,29.0,31,Healthy
L49697,L,298.8,308.5,1395,44.4,33,Healthy
M17378,M,298.9,308.6,1425,49.6,35,Healthy
L49699,L,298.8,308.6,1631,32.4,38,Healthy
L49700,L,298.8,308.6,1535,41.2,40,Healthy
L49701,L,298.8,308.6,1584,34.4,42,Healthy
M17382,M,298.8,308.7,1543,38.2,44,Healthy
L49703,L,298.8,308.7,1635,35.2,47,Healthy
M17384,M,298.8,308.7,1446,45.5,49,Healthy
M17385,M,298.8,308.6,1598,35.1,52,Healthy
L49706,L,298.8,308.6,1501,35.0,55,Healthy
L49707,L,298.8,308.5,1450,50.8,57,Healthy
L49708,L,298.8,308.6,1730,25.9,59,Healthy
M17389,M,298.8,308.6,1571,33.7,61,Healthy
L49710,L,298.9,308.7,1438,51.7,64,Healthy
M17391,M,298.8,308.5,1510,38.7,66,Healthy
L49712,L,298.9,308.7,1389,44.9,69,Healthy
L49713,L,298.8,308.7,1490,33.6,71,Healthy
L49714,L,298.9,308.7,1729,26.6,73,Healthy
L49715,L,299.0,308.8,1495,38.4,75,Healthy
L49716,L,298.9,308.8,1281,53.9,77,Healthy
H31951,H,298.9,308.7,1353,48.1,79,Healthy
L49718,L,299.1,308.8,1429,50.1,84,Medium
L49719,L,299.1,308.8,1413,42.1,86,Medium
L49720,L,299.1,308.8,1502,38.3,88,Medium
H31955,H,299.1,308.8,1553,32.6,90,Medium
H31956,H,299.2,308.9,1712,26.4,95,Medium
L49723,L,299.3,309.0,1786,23.5,100,Medium
L49724,L,299.2,309.0,1951,21.4,102,Medium
M17405,M,299.2,309.0,1541,36.3,104,Medium
L49726,L,299.2,309.1,1605,34.3,107,Medium
L49727,L,299.2,309.1,1578,38.1,109,Medium
M17408,M,299.3,309.2,1440,37.5,111,Medium
L49729,L,299.4,309.2,1489,42.3,114,Medium
L49730,L,299.4,309.3,1366,48.4,116,Medium
L49731,L,299.3,309.2,1541,37.2,118,Medium
H31966,H,299.3,309.1,1552,40.7,120,Medium
L49733,L,299.3,309.1,1473,40.3,125,Medium
L49734,L,299.3,309.1,1531,37.9,127,Medium
L49735,L,299.3,309.2,1511,37.2,129,Medium
M17416,M,299.3,309.1,1449,47.9,131,Medium
M17417,M,299.4,309.1,1440,50.0,134,Medium
M17418,M,299.2,309.0,1881,23.9,137,Medium
L49739,L,299.3,309.0,1447,50.4,140,Medium
M17420,M,299.4,309.1,1326,62.0,142,Medium
L49741,L,299.4,309.2,1607,31.7,145,Medium
L49742,L,299.3,309.1,1551,39.1,147,Medium
L49743,L,299.3,309.1,1496,37.2,149,Medium
L49744,L,299.3,309.1,1493,38.0,151,Medium
L49745,L,299.4,309.1,1304,50.5,153,Medium
M17426,M,299.3,309.0,1420,41.6,155,Medium
L49747,L,299.4,309.1,1766,24.6,158,Medium
L49748,L,299.6,309.2,1450,43.1,160,Medium
H31983,H,299.5,309.2,1872,22.6,162,Medium
L49750,L,299.6,309.2,1713,26.5,167,Medium
M17431,M,299.5,309.2,1497,40.9,169,Medium
M17432,M,299.4,309.1,1352,44.7,172,Medium
L49753,L,299.5,309.2,1499,41.5,175,Medium
L49754,L,299.5,309.3,1972,19.3,177,Medium
L49755,L,299.5,309.3,1422,49.2,179,Medium
L49756,L,299.5,309.3,1523,41.5,181,Critical
L49757,L,299.5,309.4,1563,41.5,183,Critical
L49758,L,299.4,309.3,1391,46.6,185,Critical
L49759,L,299.3,309.1,1795,24.7,187,Critical
L49760,L,299.3,309.1,1293,53.7,189,Critical
L49761,L,299.2,309.1,1345,60.7,191,Critical
L49762,L,299.2,309.0,1615,33.7,193,Critical
L49763,L,299.2,308.9,1342,50.8,195,Critical
L49764,L,299.1,308.8,1502,46.7,197,Critical
M17445,M,299.0,308.7,1620,35.4,199,Critical
L49766,L,299.0,308.7,1537,42.8,202,Critical
L49767,L,299.0,308.7,2248,16.8,204,Critical
L49768,L,299.0,308.7,1706,28.6,206,Critical
L49769,L,299.0,308.7,2250,16.6,208,Critical
L49770,L,299.0,308.7,1396,48.6,0,Healthy
L49771,L,298.9,308.6,1522,46.4,2,Healthy
L49772,L,298.9,308.6,1539,45.4,4,Healthy
H32007,H,298.9,308.5,1415,54.0,6,Healthy
L49774,L,298.8,308.5,1446,37.0,11,Healthy
M17455,M,298.8,308.6,1486,41.1,13,Healthy
L49776,L,299.0,308.7,1426,38.6,16,Healthy
L49777,L,299.0,308.7,1449,38.9,18,Healthy
L49778,L,299.1,308.8,1320,67.5,20,Critical
M17459,M,299.2,308.9,1447,39.6,22,Healthy
L49780,L,299.3,309.0,1422,47.3,25,Healthy
L49781,L,299.3,309.1,1399,52.1,27,Healthy
L49782,L,299.4,309.2,1427,41.5,29,Healthy
M17463,M,299.3,309.2,1334,46.3,31,Healthy
M17464,M,299.3,309.1,1385,45.6,34,Healthy
L49785,L,299.4,309.2,1552,37.4,37,Healthy
H32020,H,299.4,309.3,1534,37.5,39,Healthy
L49787,L,299.4,309.3,1448,48.6,44,Healthy
L49788,L,299.5,309.3,1409,44.7,46,Healthy
L49789,L,299.4,309.2,1621,34.5,48,Healthy
H32024,H,299.4,309.1,1547,40.9,50,Healthy
L49791,L,299.4,309.1,1957,22.1,55,Healthy
L49792,L,299.4,309.1,2421,14.2,57,Healthy
M17473,M,299.3,309.1,1571,38.3,59,Healthy
L49794,L,299.3,309.1,1634,36.8,62,Healthy
L49795,L,299.3,309.0,1516,38.7,64,Healthy
L49796,L,299.4,309.1,1207,66.5,66,Healthy
L49797,L,299.4,309.1,1670,35.9,68,Healthy
M17478,M,299.4,309.1,1461,48.6,70,Healthy
L49799,L,299.4,309.2,1569,40.8,73,Healthy
L49800,L,299.4,309.2,1556,35.7,75,Healthy
M17481,M,299.5,309.3,1506,41.5,77,Healthy
M17482,M,299.6,309.4,1642,30.3,80,Medium
M17483,M,299.6,309.4,1283,62.1,83,Medium
H32038,H,299.7,309.5,1375,46.8,86,Medium
L49805,L,299.7,309.4,1399,39.9,91,Medium
L49806,L,299.7,309.4,1650,29.8,93,Medium
M17487,M,299.8,309.6,1346,53.2,95,Medium
H32042,H,299.9,309.6,1410,51.2,98,Medium
L49809,L,300.0,309.7,1586,37.8,103,Medium
L49810,L,300.0,309.8,1372,39.6,105,Medium
H32045,H,300.0,309.7,1529,42.4,107,Medium
M17492,M,300.0,309.7,1652,28.6,112,Medium
L49813,L,300.1,309.8,1532,39.8,115,Medium
L49814,L,300.0,309.7,1554,32.0,117,Medium
H32049,H,299.9,309.6,1462,51.0,119,Medium
L49816,L,299.9,309.6,1254,61.3,124,Medium
L49817,L,299.9,309.6,1294,49.7,126,Medium
L49818,L,299.8,309.5,1739,27.5,128,Medium
M17499,M,299.8,309.4,1412,47.8,130,Medium
M17500,M,299.9,309.5,1372,56.2,133,Medium
H32055,H,299.8,309.5,1420,46.7,136,Medium
L49822,L,299.8,309.5,1542,40.3,141,Medium
M17503,M,299.8,309.4,1401,48.1,143,Medium
L49824,L,299.8,309.4,1510,42.5,146,Medium
H32059,H,299.9,309.5,1547,38.5,148,Medium
M17506,M,299.8,309.5,1453,43.2,153,Medium
L49827,L,299.8,309.4,1408,45.6,156,Medium
L49828,L,299.8,309.4,1436,51.6,158,Medium
M17509,M,299.9,309.5,1582,38.2,160,Medium
L49830,L,299.9,309.6,1280,59.3,163,Medium
L49831,L,299.9,309.5,2008,20.4,165,Medium
L49832,L,299.9,309.5,1772,23.5,167,Medium
L49833,L,299.9,309.5,1779,26.1,169,Medium
L49834,L,299.9,309.5,1567,35.5,171,Medium
M17515,M,299.8,309.4,1751,27.0,173,Medium
L49836,L,299.9,309.5,1349,51.3,176,Medium
M17517,M,300.0,309.5,1425,40.8,178,Medium
L49838,L,300.0,309.4,1395,44.5,181,Critical
H32073,H,299.8,309.3,1595,32.1,183,Critical
L49840,L,299.8,309.3,1291,56.4,188,Critical
M17521,M,299.9,309.4,1509,42.8,190,Critical
M17522,M,299.9,309.4,1483,38.1,193,Critical
L49843,L,299.9,309.3,1620,31.1,196,Critical
M17524,M,299.9,309.4,1487,42.2,198,Critical
L49845,L,299.8,309.4,2256,15.9,201,Critical
H32080,H,299.7,309.2,1691,27.7,203,Critical
M17527,M,299.8,309.3,1663,35.2,208,Critical
M17528,M,299.8,309.3,1640,31.1,211,Critical
H32083,H,299.7,309.3,1494,37.8,214,Critical
L49850,L,299.8,309.4,1467,46.2,219,Critical
M17531,M,299.7,309.3,1399,41.9,221,Critical
L49852,L,299.7,309.3,1445,42.6,0,Healthy
L49853,L,299.8,309.4,1480,40.9,2,Healthy
L49854,L,299.7,309.3,1546,37.2,4,Healthy
L49855,L,299.7,309.3,1574,35.8,6,Healthy
L49856,L,299.7,309.3,1592,34.2,8,Healthy
L49857,L,299.8,309.5,1495,39.6,10,Healthy
L49858,L,299.8,309.6,1447,43.1,12,Healthy
L49859,L,299.8,309.5,1476,44.4,14,Healthy
L49860,L,299.8,309.5,1641,27.1,16,Healthy
L49861,L,299.8,309.5,1545,32.2,18,Healthy
M17542,M,299.9,309.6,1364,44.4,20,Healthy
L49863,L,299.8,309.5,1590,28.5,23,Healthy
L49864,L,299.8,309.4,1460,37.4,25,Healthy
L49865,L,299.8,309.4,1609,32.5,27,Healthy
L49866,L,299.8,309.4,1633,27.5,29,Healthy
L49867,L,299.9,309.4,1348,52.8,31,Healthy
L49868,L,299.9,309.4,1322,53.9,33,Healthy
L49869,L,300.0,309.5,1641,30.1,35,Healthy
L49870,L,300.0,309.5,1728,26.0,37,Healthy
L49871,L,300.0,309.6,1431,47.7,39,Healthy
L49872,L,300.1,309.7,1641,30.4,41,Healthy
M17553,M,300.1,309.6,1622,36.1,43,Healthy
M17554,M,300.1,309.6,1625,38.0,46,Healthy
L49875,L,300.0,309.5,1869,22.7,49,Healthy
L49876,L,300.0,309.6,1452,46.0,51,Healthy
L49877,L,300.0,309.6,1618,28.7,53,Healthy
L49878,L,300.0,309.4,2010,20.0,55,Healthy
L49879,L,299.9,309.4,1363,60.9,57,Healthy
L49880,L,299.9,309.3,1473,40.4,59,Healthy
L49881,L,299.9,309.2,1333,50.8,61,Healthy
L49882,L,299.8,309.2,1760,25.9,63,Healthy
M17563,M,299.8,309.2,1372,58.2,65,Healthy
M17564,M,299.7,309.2,1608,34.4,68,Healthy
L49885,L,299.7,309.2,1326,64.8,71,Healthy
M17566,M,299.6,309.1,1560,37.1,73,Healthy
M17567,M,299.6,309.0,1539,36.1,76,Healthy
L49888,L,299.6,309.1,2266,15.3,79,Healthy
L49889,L,299.6,309.1,1641,35.8,81,Medium
L49890,L,299.6,309.1,1574,39.2,83,Medium
L49891,L,299.6,309.1,1407,50.6,85,Medium
H32126,H,299.7,309.2,1302,55.5,87,Medium
M17573,M,299.6,309.2,1651,30.8,92,Medium
M17574,M,299.6,309.1,1366,55.2,95,Medium
M17575,M,299.5,309.0,1701,28.6,98,Medium
L49896,L,299.5,309.0,1498,44.6,101,Medium
M17577,M,299.5,309.1,1422,45.3,103,Medium
L49898,L,299.5,309.1,1357,47.3,106,Medium
L49899,L,299.5,309.2,1690,29.2,108,Medium
L49900,L,299.6,309.2,1559,39.1,110,Medium
M17581,M,299.6,309.3,1553,32.4,112,Medium
L49902,L,299.6,309.3,1558,34.8,115,Medium
L49903,L,299.7,309.4,1362,51.9,117,Medium
M17584,M,299.8,309.3,1470,42.7,119,Medium
L49905,L,299.8,309.4,1555,34.8,122,Medium
M17586,M,299.8,309.4,1423,42.9,124,Medium
L49907,L,299.7,309.3,1434,38.5,127,Medium
L49908,L,299.7,309.3,1779,25.5,129,Medium
L49909,L,299.7,309.3,1417,54.6,131,Medium
L49910,L,299.6,309.2,1425,45.9,133,Medium
M17591,M,299.7,309.2,1597,32.9,135,Medium
L49912,L,299.7,309.2,1346,57.4,138,Medium
L49913,L,299.7,309.2,1422,40.4,140,Medium
H32148,H,299.7,309.2,1572,32.8,142,Medium
L49915,L,299.7,309.2,1412,45.4,147,Medium
M17596,M,299.7,309.1,1576,36.4,149,Medium
M17597,M,299.7,309.1,1508,41.2,152,Medium
M17598,M,299.8,309.1,1496,44.4,155,Medium
L49919,L,299.8,309.2,1572,35.4,158,Medium
L49920,L,299.6,309.0,1525,42.8,160,Medium
L49921,L,299.6,309.0,1378,51.9,162,Medium
L49922,L,299.6,309.1,1369,51.4,164,Medium
L49923,L,299.6,309.1,1476,45.3,166,Medium
L49924,L,299.7,309.2,1620,30.0,168,Medium
M17605,M,299.7,309.1,1603,38.5,170,Medium
L49926,L,299.7,309.2,1411,46.1,173,Medium
L49927,L,299.7,309.2,1616,31.6,175,Medium
L49928,L,299.7,309.2,1631,35.1,177,Medium
M17609,M,299.7,309.2,1685,28.9,179,Critical
H32164,H,299.7,309.2,1456,40.6,182,Critical
L49931,L,299.7,309.1,1417,50.1,187,Critical
M17612,M,299.7,309.1,1851,24.7,189,Critical
L49933,L,299.7,309.1,1715,27.8,192,Critical
H32168,H,299.6,309.1,1630,32.3,194,Critical
L49935,L,299.7,309.2,1478,38.8,199,Critical
L49936,L,299.7,309.2,1781,29.6,201,Critical
L49937,L,299.8,309.2,1439,36.1,203,Critical
M17618,M,299.7,309.2,1412,45.3,205,Critical
L49939,L,299.7,309.1,1483,41.1,208,Critical
L49940,L,299.8,309.2,1400,42.6,210,Critical
L49941,L,299.8,309.3,1299,65.1,212,Critical
L49942,L,299.8,309.2,1479,44.4,214,Critical
L49943,L,299.8,309.2,1491,47.5,216,Critical
M17624,M,299.9,309.3,1389,52.8,0,Healthy
M17625,M,299.9,309.4,1399,54.8,3,Healthy
M17626,M,299.9,309.4,1889,26.0,6,Healthy
L49947,L,300.0,309.5,1925,21.9,9,Healthy
L49948,L,300.0,309.5,1675,30.2,11,Healthy
M17629,M,300.0,309.6,1477,38.1,13,Healthy
L49950,L,300.0,309.6,1364,45.9,16,Healthy
L49951,L,299.9,309.5,1451,39.4,18,Healthy
L49952,L,299.9,309.4,1467,41.2,20,Healthy
L49953,L,299.9,309.4,1858,22.5,22,Healthy
L49954,L,300.1,309.4,1559,39.7,24,Healthy
L49955,L,300.1,309.4,1560,47.7,26,Healthy
L49956,L,300.1,309.4,1453,47.6,28,Healthy
L49957,L,300.1,309.4,1464,41.7,30,Healthy
L49958,L,300.0,309.4,1308,50.2,32,Healthy
L49959,L,300.1,309.5,1353,50.9,34,Healthy
M17640,M,300.2,309.6,1556,35.8,36,Healthy
L49961,L,300.2,309.5,2183,17.8,39,Healthy
M17642,M,300.2,309.6,1491,41.8,41,Healthy
M17643,M,300.2,309.6,1528,35.1,44,Healthy
L49964,L,300.2,309.6,1430,52.7,47,Healthy
L49965,L,300.2,309.5,1495,32.6,49,Healthy
M17646,M,300.2,309.5,1630,28.3,51,Healthy
M17647,M,300.3,309.6,1524,38.4,54,Healthy
L49968,L,300.3,309.6,1326,52.4,57,Healthy
H32203,H,300.3,309.5,1438,44.0,59,Healthy
L49970,L,300.4,309.6,1356,45.9,64,Healthy
H32205,H,300.4,309.6,1416,43.3,66,Healthy
L49972,L,300.4,309.7,1584,32.6,71,Healthy
L49973,L,300.3,309.6,1597,31.8,73,Healthy
L49974,L,300.4,309.6,1553,43.9,75,Healthy
M17655,M,300.3,309.5,1405,49.4,77,Healthy
L49976,L,300.2,309.5,1539,35.3,80,Medium
M17657,M,300.3,309.6,1398,53.7,82,Medium
L49978,L,300.3,309.6,1568,39.6,85,Medium
L49979,L,300.3,309.6,1404,44.6,87,Medium
M17660,M,300.2,309.5,1500,45.7,89,Medium
M17661,M,300.2,309.5,1642,28.8,92,Medium
M17662,M,300.3,309.6,1509,46.6,95,Medium
L49983,L,300.2,309.5,1343,50.2,98,Medium
L49984,L,300.1,309.5,1450,40.1,100,Medium
L49985,L,300.0,309.4,1460,43.5,102,Medium
L49986,L,300.0,309.3,1364,41.2,104,Medium
M17667,M,299.9,309.3,1452,41.9,106,Medium
L49988,L,299.9,309.3,1471,41.8,109,Medium
L49989,L,299.9,309.2,1598,34.6,111,Medium
L49990,L,299.8,309.1,1772,24.8,113,Medium
L49991,L,299.9,309.2,1761,25.6,115,Medium
M17672,M,300.0,309.3,1413,40.7,117,Medium
L49993,L,300.0,309.3,1887,22.6,120,Medium
L49994,L,300.0,309.3,1395,56.5,122,Medium
M17675,M,300.1,309.4,1569,31.6,124,Medium
L49996,L,300.1,309.4,1434,47.3,127,Medium
L49997,L,300.2,309.5,1417,41.1,129,Medium
L49998,L,300.2,309.5,1729,28.4,131,Medium
L49999,L,300.2,309.5,1356,51.1,133,Medium
L50000,L,300.2,309.5,1436,48.8,135,Medium
M17681,M,300.3,309.6,1419,42.5,137,Medium
L50002,L,300.3,309.6,1593,38.1,140,Medium
M17683,M,300.3,309.5,1320,62.2,142,Medium
M17684,M,300.3,309.5,1448,42.4,145,Medium
L50005,L,300.3,309.4,1470,33.5,148,Medium
M17686,M,300.3,309.4,1612,33.1,150,Medium
L50007,L,300.4,309.4,1412,51.6,153,Medium
M17688,M,300.4,309.4,1875,23.9,155,Medium
L50009,L,300.3,309.3,1612,36.0,158,Medium
M17690,M,300.4,309.3,1411,41.6,160,Medium
M17691,M,300.3,309.2,1490,47.9,163,Medium
M17692,M,300.4,309.3,1467,40.3,166,Medium
L50013,L,300.3,309.2,1807,26.4,169,Medium
L50014,L,300.3,309.1,1368,46.0,171,Medium
L50015,L,300.3,309.2,1572,32.0,173,Medium
M17696,M,300.3,309.1,1458,44.3,175,Medium
L50017,L,300.3,309.1,1699,30.3,178,Medium
L50018,L,300.3,309.3,1478,39.5,180,Critical
M17699,M,300.4,309.4,1362,42.1,182,Critical
H32254,H,300.4,309.4,1487,38.9,185,Critical
L50021,L,300.3,309.4,1705,29.4,190,Critical
L50022,L,300.3,309.3,1345,53.5,192,Critical
L50023,L,300.3,309.2,1532,40.2,194,Critical
L50024,L,300.3,309.2,1650,35.2,196,Critical
L50025,L,300.3,309.2,1398,54.4,198,Critical
L50026,L,300.3,309.2,1412,44.8,200,Critical
L50027,L,300.4,309.3,1525,39.6,202,Critical
M17708,M,300.3,309.3,1391,57.9,204,Critical
L50029,L,300.4,309.3,1766,28.2,207,Critical
L50030,L,300.4,309.3,1671,35.0,209,Critical
L50031,L,300.5,309.3,1373,48.8,211,Critical
M17712,M,300.5,309.4,1347,50.1,213,Critical
M17713,M,300.5,309.3,1539,39.1,216,Critical
L50034,L,300.5,309.3,1470,40.8,219,Critical
L50035,L,300.5,309.3,1528,37.0,221,Critical
H32270,H,300.5,309.3,1471,45.2,223,Critical
M17717,M,300.4,309.2,1528,37.2,228,Critical
L50038,L,300.5,309.3,1417,51.5,231,Critical
L50039,L,300.6,309.4,1549,43.4,233,Critical
H32274,H,300.6,309.4,1463,49.2,235,Critical
L50041,L,300.7,309.5,1479,43.6,240,Critical
L50042,L,300.6,309.5,1867,23.0,242,Critical
L50043,L,300.6,309.4,1471,44.1,244,Critical
H32278,H,300.6,309.4,1380,47.6,246,Critical
H32279,H,300.7,309.7,1623,32.7,0,Healthy
L50046,L,300.8,309.7,1997,20.7,5,Healthy
H32281,H,300.7,309.6,1390,48.5,7,Healthy
L50048,L,300.8,309.7,1418,46.6,12,Healthy
L50049,L,300.8,309.7,1519,35.8,14,Healthy
M17730,M,300.8,309.7,1519,39.7,16,Healthy
M17731,M,300.7,309.6,1536,37.2,19,Healthy
L50052,L,300.8,309.6,1680,28.7,22,Healthy
H32287,H,300.6,309.4,1555,37.9,24,Healthy
L50054,L,300.6,309.5,1471,49.6,29,Healthy
M17735,M,300.5,309.4,1877,23.8,31,Healthy
M17736,M,300.5,309.3,1578,30.5,34,Healthy
M17737,M,300.5,309.4,1655,32.1,37,Healthy
H32292,H,300.5,309.4,1502,34.3,40,Healthy
M17739,M,300.6,309.4,1367,63.2,45,Critical
L50060,L,300.7,309.5,1541,37.2,48,Healthy
M17741,M,300.6,309.6,1588,37.0,50,Healthy
L50062,L,300.6,309.6,1684,32.8,53,Healthy
L50063,L,300.6,309.5,1437,40.0,55,Healthy
L50064,L,300.6,309.6,1409,42.4,57,Healthy
M17745,M,300.5,309.5,1320,49.9,59,Healthy
H32300,H,300.5,309.5,1635,34.2,62,Healthy
M17747,M,300.5,309.5,1691,27.6,67,Healthy
M17748,M,300.6,309.6,1365,50.0,70,Healthy
M17749,M,300.7,309.7,1523,38.2,73,Healthy
L50070,L,300.6,309.7,1593,32.4,76,Healthy
L50071,L,300.6,309.6,1682,30.7,78,Healthy
L50072,L,300.7,309.6,1329,54.3,80,Medium
M17753,M,300.7,309.6,1568,35.2,82,Medium
L50074,L,300.7,309.6,1733,24.8,85,Medium
M17755,M,300.7,309.6,1473,48.1,87,Medium
M17756,M,300.7,309.5,1633,31.3,90,Medium
M17757,M,300.6,309.5,1530,40.2,93,Medium
M17758,M,300.6,309.5,1550,40.2,96,Medium
L50079,L,300.6,309.4,1410,40.6,99,Medium
L50080,L,300.5,309.3,1574,33.5,101,Medium
L50081,L,300.6,309.4,1425,40.3,103,Medium
M17762,M,300.6,309.4,1541,35.2,105,Medium
M17763,M,300.7,309.5,1733,26.7,108,Medium
L50084,L,300.6,309.4,2496,13.5,111,Medium
L50085,L,300.6,309.4,1552,36.4,113,Medium
L50086,L,300.6,309.3,1409,38.7,115,Medium
M17767,M,300.6,309.4,1581,35.7,117,Medium
L50088,L,300.7,309.5,1251,59.9,120,Medium
L50089,L,300.7,309.6,1500,44.1,122,Medium
L50090,L,300.6,309.5,1576,38.8,124,Medium
M17771,M,300.7,309.5,1352,44.0,126,Medium
L50092,L,300.7,309.6,1661,30.3,129,Medium
L50093,L,300.7,309.6,1541,34.6,131,Medium
H32328,H,300.6,309.6,1888,20.5,133,Medium
L50095,L,300.5,309.5,1255,62.1,138,Medium
L50096,L,300.6,309.6,1411,41.6,140,Medium
L50097,L,300.6,309.5,1516,39.0,142,Medium
M17778,M,300.6,309.5,1492,34.0,144,Medium
L50099,L,300.6,309.6,1726,30.0,147,Medium
L50100,L,300.7,309.7,1598,33.7,149,Medium
L50101,L,300.8,309.8,1657,31.1,151,Medium
L50102,L,300.8,309.7,1481,38.1,153,Medium
M17783,M,300.7,309.7,1397,51.3,155,Medium
L50104,L,300.8,309.7,1461,44.3,158,Medium
M17785,M,300.7,309.6,1388,51.1,160,Medium
L50106,L,300.7,309.7,1507,52.4,163,Medium
M17787,M,300.7,309.6,1421,49.8,165,Medium
M17788,M,300.8,309.7,1258,54.9,168,Medium
M17789,M,300.8,309.7,1482,39.0,171,Medium
H32344,H,300.7,309.6,1403,51.3,174,Medium
L50111,L,300.8,309.7,1373,45.4,179,Medium
L50112,L,300.9,309.7,1460,42.1,181,Critical
M17793,M,300.8,309.7,1751,27.9,183,Critical
M17794,M,300.8,309.6,1546,42.3,186,Critical
M17795,M,300.8,309.7,1680,28.2,189,Critical
M17796,M,300.9,309.7,1394,48.8,192,Critical
L50117,L,300.7,309.6,1810,26.0,195,Critical
L50118,L,300.7,309.5,1479,34.5,197,Critical
L50119,L,300.9,309.7,1431,41.4,199,Critical
L50120,L,300.9,309.7,2355,14.4,201,Critical
M17801,M,300.7,309.6,1996,19.8,203,Critical
L50122,L,300.7,309.5,1461,49.9,0,Healthy
H32357,H,300.7,309.5,2007,19.7,2,Healthy
L50124,L,300.7,309.6,1505,34.9,7,Healthy
H32359,H,300.7,309.6,1925,20.5,9,Healthy
M17806,M,300.7,309.5,1622,30.5,14,Healthy
L50127,L,300.7,309.5,1592,29.0,17,Healthy
L50128,L,300.7,309.5,1850,24.5,19,Healthy
M17809,M,300.7,309.5,1470,48.7,21,Healthy
M17810,M,300.7,309.5,1445,46.4,24,Healthy
L50131,L,300.7,309.5,1685,31.1,27,Healthy
H32366,H,300.7,309.5,1667,30.5,29,Healthy
L50133,L,300.7,309.5,1578,35.4,34,Healthy
H32368,H,300.6,309.4,1691,28.0,36,Healthy
M17815,M,300.7,309.5,1439,43.8,41,Healthy
M17816,M,300.8,309.6,1404,38.7,44,Healthy
L50137,L,300.8,309.6,1498,45.8,47,Healthy
M17818,M,300.8,309.5,1481,44.5,49,Healthy
M17819,M,300.7,309.4,1589,35.0,52,Healthy
L50140,L,300.7,309.5,1467,44.3,55,Healthy
L50141,L,300.6,309.4,1654,32.8,57,Healthy
L50142,L,300.7,309.5,1508,39.9,59,Healthy
M17823,M,300.7,309.6,1439,43.0,61,Healthy
L50144,L,300.7,309.5,1692,30.3,64,Healthy
M17825,M,300.7,309.5,1838,24.9,66,Healthy
L50146,L,300.6,309.3,1601,40.2,69,Healthy
L50147,L,300.6,309.4,1369,51.6,71,Healthy
M17828,M,300.6,309.4,1312,45.2,73,Healthy
L50149,L,300.6,309.4,1468,44.1,76,Healthy
M17830,M,300.6,309.4,1452,39.4,78,Healthy
M17831,M,300.7,309.5,1393,43.9,81,Medium
M17832,M,300.6,309.4,1432,44.2,84,Medium
M17833,M,300.6,309.3,1510,46.0,87,Medium
M17834,M,300.6,309.4,1521,37.2,90,Medium
H32389,H,300.5,309.4,1360,46.2,93,Medium
M17836,M,300.5,309.3,1881,25.5,98,Medium
L50157,L,300.4,309.3,1413,50.3,101,Medium
H32392,H,300.5,309.4,1642,36.2,103,Medium
L50159,L,300.5,309.5,1542,38.5,108,Medium
L50160,L,300.4,309.5,1447,39.3,110,Medium
H32395,H,300.4,309.4,1530,40.4,112,Medium
L50162,L,300.5,309.5,1795,27.7,117,Medium
L50163,L,300.6,309.6,1290,57.4,119,Medium
L50164,L,300.6,309.7,1639,30.4,121,Medium
L50165,L,300.7,309.8,1596,31.5,123,Medium
L50166,L,300.6,309.8,1455,48.0,125,Medium
M17847,M,300.6,309.8,1659,28.9,127,Medium
M17848,M,300.6,309.8,1532,42.5,130,Medium
L50169,L,300.6,309.8,1502,42.4,133,Medium
L50170,L,300.6,309.8,1688,28.6,135,Medium
M17851,M,300.5,309.7,1341,50.9,137,Medium
M17852,M,300.5,309.7,1685,29.4,140,Medium
M17853,M,300.5,309.8,1370,55.9,143,Medium
L50174,L,300.5,309.8,1461,52.5,146,Medium
L50175,L,300.5,309.8,1550,37.4,148,Medium
M17856,M,300.5,309.8,1508,37.8,150,Medium
L50177,L,300.5,309.8,1345,62.7,153,Medium
L50178,L,300.5,309.7,1616,34.5,155,Medium
L50179,L,300.5,309.7,1395,61.0,157,Medium
H32414,H,300.5,309.8,1324,72.8,159,Critical
L50181,L,300.5,309.8,1445,43.9,164,Medium
M17862,M,300.5,309.8,1555,38.9,166,Medium
M17863,M,300.6,309.9,1449,42.4,169,Medium
M17864,M,300.5,309.9,1466,53.2,172,Medium
L50185,L,300.5,309.9,1503,37.4,175,Medium
L50186,L,300.4,309.7,1488,35.7,177,Medium
L50187,L,300.4,309.7,1314,50.2,179,Medium
M17868,M,300.4,309.7,1547,38.0,181,Critical
M17869,M,300.4,309.7,1466,39.8,184,Critical
L50190,L,300.3,309.6,1537,37.1,187,Critical
M17871,M,300.2,309.5,1434,51.5,189,Critical
L50192,L,300.4,309.6,1432,44.7,192,Critical
L50193,L,300.5,309.6,1390,48.4,194,Critical
L50194,L,300.5,309.7,1580,42.8,196,Critical
L50195,L,300.5,309.7,1589,30.5,198,Critical
L50196,L,300.5,309.8,1441,48.8,200,Critical
L50197,L,300.5,309.8,1305,51.7,202,Critical
M17878,M,300.5,309.8,1566,35.9,204,Critical
L50199,L,300.5,309.8,1379,54.2,207,Critical
L50200,L,300.4,309.6,1543,38.1,209,Critical
L50201,L,300.5,309.8,1421,49.6,211,Critical
L50202,L,300.5,309.6,1760,30.6,213,Critical
L50203,L,300.4,309.5,1711,29.2,215,Critical
L50204,L,300.5,309.6,1465,41.6,217,Critical
L50205,L,300.5,309.6,1366,50.2,219,Critical
M17886,M,300.4,309.5,1888,21.9,221,Critical
L50207,L,300.5,309.5,1777,23.6,0,Healthy
L50208,L,300.5,309.5,1379,55.6,2,Healthy
L50209,L,300.4,309.5,1525,51.3,4,Healthy
M17890,M,300.4,309.6,1563,34.0,6,Healthy
M17891,M,300.5,309.7,1389,43.3,9,Healthy
M17892,M,300.6,309.8,1447,42.9,12,Healthy
M17893,M,300.6,309.7,1934,22.8,15,Healthy
H32448,H,300.6,309.7,1470,43.8,18,Healthy
M17895,M,300.6,309.7,1428,42.6,23,Healthy
L50216,L,300.4,309.6,1319,48.1,26,Healthy
L50217,L,300.5,309.7,1887,24.3,28,Healthy
L50218,L,300.4,309.5,1349,50.4,30,Healthy
M17899,M,300.3,309.5,1665,31.4,32,Healthy
L50220,L,300.3,309.5,1474,38.7,35,Healthy
L50221,L,300.4,309.5,1543,38.9,37,Healthy
M17902,M,300.2,309.4,1459,43.9,39,Healthy
L50223,L,300.3,309.5,1551,37.9,42,Healthy
L50224,L,300.2,309.4,1981,21.4,44,Healthy
L50225,L,300.2,309.4,1526,35.3,46,Healthy
M17906,M,300.2,309.4,1501,40.0,48,Healthy
L50227,L,300.2,309.4,1558,38.3,51,Healthy
L50228,L,300.2,309.3,1532,43.2,53,Healthy
L50229,L,300.1,309.2,1326,55.9,55,Healthy
L50230,L,300.2,309.2,1431,51.3,57,Healthy
L50231,L,300.2,309.3,1366,49.3,59,Healthy
L50232,L,300.1,309.2,1421,42.5,61,Healthy
H32467,H,300.2,309.3,1506,35.6,63,Healthy
H32468,H,300.2,309.3,1342,48.7,68,Healthy
L50235,L,300.1,309.2,1427,37.6,73,Healthy
L50236,L,300.2,309.2,1667,29.9,75,Healthy
L50237,L,300.1,309.1,1400,46.7,77,Healthy
L50238,L,300.0,309.0,1709,32.1,79,Healthy
M17919,M,300.0,309.0,1368,45.8,81,Medium
L50240,L,300.0,309.1,1882,23.8,84,Medium
L50241,L,300.1,309.1,1353,58.7,86,Medium
L50242,L,299.9,309.0,1553,40.0,88,Medium
L50243,L,300.0,309.1,1431,45.4,90,Medium
M17924,M,300.1,309.1,1731,30.4,92,Medium
M17925,M,300.1,309.2,1687,27.7,95,Medium
M17926,M,300.1,309.2,1457,44.3,98,Medium
L50247,L,300.1,309.2,1533,37.0,101,Medium
H32482,H,300.0,309.0,1622,31.8,103,Medium
L50249,L,300.0,309.1,1791,28.2,108,Medium
L50250,L,300.0,309.1,1631,28.3,110,Medium
L50251,L,300.0,309.0,2174,16.9,112,Medium
L50252,L,300.1,309.0,1314,58.2,114,Medium
L50253,L,300.1,309.1,1478,46.9,116,Medium
L50254,L,300.1,309.2,1783,27.3,118,Medium
M17935,M,300.1,309.2,1385,46.1,120,Medium
L50256,L,300.0,309.2,1444,43.6,123,Medium
L50257,L,300.1,309.3,1841,23.0,125,Medium
M17938,M,300.1,309.4,1349,56.2,127,Medium
L50259,L,300.1,309.3,1340,56.0,130,Medium
M17940,M,299.9,309.2,1539,43.2,132,Medium
M17941,M,300.0,309.3,1932,21.8,135,Medium
M17942,M,300.0,309.3,1407,43.9,138,Medium
L50263,L,300.1,309.3,1712,28.5,141,Medium
H32498,H,300.1,309.4,1329,55.2,143,Medium
L50265,L,300.1,309.2,1441,42.9,148,Medium
L50266,L,300.0,309.2,1610,32.1,150,Medium
M17947,M,300.0,309.1,1474,45.2,152,Medium
M17948,M,300.0,309.1,1624,30.8,155,Medium
H32503,H,300.1,309.3,1520,38.2,158,Medium
H32504,H,300.1,309.3,1448,45.8,163,Medium
L50271,L,300.0,309.3,1558,29.7,168,Medium
M17952,M,300.0,309.3,2293,16.3,170,Medium
L50273,L,300.0,309.3,1397,51.2,173,Medium
L50274,L,300.0,309.3,1972,22.0,175,Medium
M17955,M,299.9,309.2,1574,36.5,177,Medium
L50276,L,299.9,309.2,1560,38.9,180,Critical
M17957,M,299.9,309.2,1353,49.8,182,Critical
M17958,M,299.9,309.2,1389,51.2,185,Critical
M17959,M,299.9,309.1,1513,43.8,188,Critical
L50280,L,299.8,309.1,1578,42.1,191,Critical
H32515,H,299.8,309.0,1467,37.3,193,Critical
L50282,L,299.9,309.1,1412,48.3,198,Critical
L50283,L,299.8,309.1,1668,30.3,200,Critical
M17964,M,299.8,309.2,1678,29.8,202,Critical
L50285,L,299.8,309.1,1612,35.4,205,Critical
L50286,L,299.8,309.1,1485,39.9,207,Critical
M17967,M,299.8,309.1,1456,39.4,209,Critical
L50288,L,299.8,309.2,1504,38.7,212,Critical
L50289,L,299.9,309.2,1491,44.3,214,Critical
H32524,H,299.9,309.2,1525,33.2,0,Healthy
L50291,L,300.0,309.2,1759,27.9,5,Healthy
M17972,M,299.8,309.1,1355,56.7,7,Healthy
M17973,M,299.9,309.1,1345,56.8,10,Healthy
M17974,M,299.9,309.2,1683,30.5,13,Healthy
L50295,L,299.9,309.2,1658,34.8,16,Healthy
L50296,L,300.0,309.2,1566,34.4,18,Healthy
M17977,M,300.1,309.3,1469,43.9,20,Healthy
M17978,M,300.2,309.5,1458,46.9,23,Healthy
L50299,L,300.1,309.4,1858,23.6,26,Healthy
H32534,H,300.1,309.4,1563,40.8,28,Healthy
L50301,L,300.1,309.4,2141,17.9,33,Healthy
L50302,L,300.0,309.3,1473,46.0,35,Healthy
H32537,H,300.0,309.4,1498,38.5,37,Healthy
L50304,L,300.1,309.4,1568,39.7,42,Healthy
L50305,L,300.1,309.4,1694,27.4,44,Healthy
L50306,L,300.0,309.4,1499,35.7,46,Healthy
L50307,L,300.0,309.5,1717,28.3,48,Healthy
M17988,M,300.1,309.5,1462,42.8,50,Healthy
L50309,L,300.1,309.6,1642,34.5,53,Healthy
L50310,L,300.1,309.6,1760,25.4,55,Healthy
L50311,L,300.1,309.5,1660,32.7,57,Healthy
L50312,L,300.1,309.5,1557,40.6,59,Healthy
H32547,H,300.2,309.6,1442,49.2,61,Healthy
L50314,L,300.2,309.6,1359,51.5,66,Healthy
L50315,L,300.4,309.8,1342,52.5,68,Healthy
L50316,L,300.4,309.9,1435,54.8,70,Healthy
L50317,L,300.4,309.9,1567,36.5,72,Healthy
L50318,L,300.4,309.9,1376,43.5,74,Healthy
H32553,H,300.4,309.9,1513,38.7,76,Healthy
H32554,H,300.4,309.9,2563,12.8,81,Critical
L50321,L,300.5,310.0,1521,45.1,86,Medium
L50322,L,300.6,310.0,1658,34.7,88,Medium
H32557,H,300.6,310.0,1419,42.4,90,Medium
M18004,M,300.6,310.0,1478,36.3,95,Medium
M18005,M,300.5,310.0,1415,43.5,98,Medium
M18006,M,300.5,309.9,1780,26.5,101,Medium
M18007,M,300.4,309.7,1440,42.8,104,Medium
H32562,H,300.4,309.8,1448,39.7,107,Medium
H32563,H,300.4,309.7,1500,35.2,112,Medium
L50330,L,300.4,309.8,1513,32.9,117,Medium
L50331,L,300.5,309.8,1428,43.8,119,Medium
M18012,M,300.5,309.8,1473,42.3,121,Medium
M18013,M,300.5,309.9,1483,49.3,124,Medium
L50334,L,300.4,309.7,1534,42.5,127,Medium
L50335,L,300.5,309.8,1367,54.0,129,Medium
L50336,L,300.4,309.7,1467,36.9,131,Medium
M18017,M,300.4,309.7,1488,42.2,133,Medium
L50338,L,300.4,309.7,1679,30.1,136,Medium
H32573,H,300.4,309.8,1409,47.5,138,Medium
M18020,M,300.4,309.7,1367,51.2,143,Medium
L50341,L,300.4,309.8,1314,63.1,146,Medium
L50342,L,300.5,309.9,1480,40.0,148,Medium
L50343,L,300.4,309.8,1549,38.9,150,Medium
L50344,L,300.4,309.7,1685,31.3,152,Medium
L50345,L,300.4,309.6,1536,34.5,154,Medium
M18026,M,300.4,309.7,1539,37.7,156,Medium
L50347,L,300.4,309.7,1384,45.1,159,Medium
M18028,M,300.4,309.6,1614,30.3,161,Medium
M18029,M,300.4,309.6,1675,35.5,164,Medium
M18030,M,300.4,309.7,1685,32.3,167,Medium
L50351,L,300.4,309.6,1386,56.9,170,Medium
M18032,M,300.3,309.6,1488,41.3,172,Medium
L50353,L,300.3,309.6,1624,32.6,175,Medium
L50354,L,300.3,309.6,1600,34.6,177,Medium
L50355,L,300.3,309.6,1468,44.7,179,Medium
L50356,L,300.3,309.6,1435,45.4,181,Critical
M18037,M,300.2,309.5,1564,33.4,183,Critical
M18038,M,300.2,309.4,1329,53.6,186,Critical
L50359,L,300.1,309.3,1570,36.8,189,Critical
M18040,M,300.2,309.4,1433,48.8,191,Critical
L50361,L,300.2,309.4,1527,37.0,194,Critical
M18042,M,300.1,309.3,1443,50.3,196,Critical
L50363,L,300.1,309.3,1616,32.0,199,Critical
L50364,L,300.1,309.3,1654,31.0,201,Critical
L50365,L,300.1,309.3,1685,27.1,203,Critical
M18046,M,300.2,309.4,1456,48.8,205,Critical
M18047,M,300.2,309.4,1752,27.8,208,Critical
M18048,M,300.1,309.2,1438,51.0,211,Critical
L50369,L,300.1,309.1,1551,33.7,214,Critical
L50370,L,300.1,309.2,1599,30.1,216,Critical
M18051,M,300.1,309.2,1732,33.7,218,Critical
M18052,M,300.1,309.2,1418,39.8,221,Critical
L50373,L,300.0,309.1,1401,44.5,0,Healthy
L50374,L,300.0,309.0,1454,51.7,2,Healthy
M18055,M,300.0,309.2,1635,32.4,4,Healthy
L50376,L,300.0,309.1,1489,40.3,7,Healthy
L50377,L,300.0,309.1,1465,40.6,9,Healthy
M18058,M,300.0,309.1,1463,45.7,11,Healthy
H32613,H,300.1,309.1,1560,35.4,14,Healthy
M18060,M,300.1,309.2,1454,44.4,19,Healthy
L50381,L,300.2,309.1,1479,47.0,22,Healthy
L50382,L,300.2,309.2,1430,43.4,24,Healthy
M18063,M,300.1,309.1,1533,38.0,26,Healthy
L50384,L,300.1,309.0,1404,54.8,29,Healthy
M18065,M,300.1,308.9,1548,38.4,31,Healthy
M18066,M,300.1,309.0,1612,33.0,34,Healthy
M18067,M,300.2,309.0,1642,31.2,37,Healthy
M18068,M,300.2,309.1,1406,42.2,40,Healthy
L50389,L,300.3,309.2,1587,31.4,43,Healthy
M18070,M,300.3,309.2,1364,47.6,45,Healthy
L50391,L,300.3,309.2,1462,51.4,48,Healthy
L50392,L,300.3,309.2,1649,32.4,50,Healthy
L50393,L,300.4,309.2,1752,29.0,52,Healthy
H32628,H,300.4,309.3,1396,51.2,54,Healthy
M18075,M,300.5,309.4,2179,16.3,59,Healthy
L50396,L,300.5,309.5,1653,27.6,62,Healthy
L50397,L,300.6,309.5,2025,21.4,64,Healthy
L50398,L,300.6,309.6,1426,53.6,66,Healthy
M18079,M,300.6,309.6,1503,38.4,68,Healthy
M18080,M,300.7,309.6,1525,36.5,71,Healthy
L50401,L,300.6,309.6,1423,49.1,74,Healthy
M18082,M,300.7,309.7,1435,44.7,76,Healthy
H32637,H,300.6,309.5,1495,36.5,79,Healthy
M18084,M,300.6,309.5,1557,33.8,84,Medium
L50405,L,300.6,309.4,1474,40.7,87,Medium
L50406,L,300.5,309.3,1465,46.0,89,Medium
M18087,M,300.5,309.3,1589,34.9,91,Medium
L50408,L,300.5,309.3,1475,46.8,94,Medium
L50409,L,300.6,309.4,1442,43.2,96,Medium
L50410,L,300.6,309.4,1556,36.0,98,Medium
L50411,L,300.7,309.3,1425,45.3,100,Medium
L50412,L,300.7,309.3,1580,38.3,102,Medium
H32647,H,300.8,309.4,1474,40.7,104,Medium
L50414,L,300.8,309.4,1489,38.4,109,Medium
L50415,L,300.8,309.4,1946,20.5,111,Medium
M18096,M,300.8,309.4,1342,62.4,113,Critical
M18097,M,300.9,309.5,1758,26.8,116,Medium
M18098,M,300.9,309.4,1724,25.6,119,Medium
L50419,L,301.0,309.5,1430,48.5,122,Medium
L50420,L,300.9,309.5,1612,35.2,124,Medium
H32655,H,300.9,309.5,1469,43.4,126,Medium
L50422,L,300.9,309.6,1384,42.4,131,Medium
L50423,L,301.0,309.6,1724,28.1,133,Medium
M18104,M,301.0,309.6,1397,48.0,135,Medium
M18105,M,301.0,309.6,1588,32.7,138,Medium
L50426,L,301.0,309.7,1468,42.0,141,Medium
M18107,M,301.0,309.8,1594,31.1,143,Medium
M18108,M,301.0,309.7,1511,39.3,146,Medium
L50429,L,301.1,309.8,1493,38.9,149,Medium
H32664,H,301.2,309.8,1709,27.0,151,Medium
L50431,L,301.1,309.6,1501,36.1,156,Medium
L50432,L,301.1,309.7,1668,30.8,158,Medium
L50433,L,301.1,309.6,1502,48.9,160,Medium
M18114,M,301.0,309.7,1288,58.4,162,Medium
L50435,L,301.0,309.7,1491,42.9,165,Medium
L50436,L,301.1,309.8,1519,39.6,167,Medium
L50437,L,301.2,309.9,1984,19.7,169,Medium
L50438,L,301.2,309.9,1643,32.9,171,Medium
M18119,M,301.2,310.0,1625,31.6,173,Medium
M18120,M,301.3,310.0,2068,17.8,176,Medium
H32675,H,301.3,310.1,1469,39.7,179,Medium
L50442,L,301.3,310.1,1558,36.3,184,Critical
L50443,L,301.3,310.0,1344,54.8,186,Critical
H32678,H,301.3,310.1,1455,44.1,188,Critical
L50445,L,301.3,310.1,1355,53.6,193,Critical
L50446,L,301.3,310.1,1269,56.8,195,Critical
L50447,L,301.3,310.0,1550,41.5,197,Critical
M18128,M,301.3,310.1,1525,37.8,199,Critical
M18129,M,301.3,310.0,1696,32.4,202,Critical
L50450,L,301.4,310.1,1937,21.8,205,Critical
M18131,M,301.4,310.0,1689,32.1,207,Critical
M18132,M,301.3,310.0,1593,30.8,210,Critical
M18133,M,301.3,309.9,1565,36.0,213,Critical
L50454,L,301.3,310.0,1665,31.4,0,Healthy
H32689,H,301.3,310.0,1532,36.3,2,Healthy
L50456,L,301.3,310.0,1438,40.9,7,Healthy
L50457,L,301.3,310.1,1531,41.6,9,Healthy
L50458,L,301.3,310.0,1506,40.8,11,Healthy
L50459,L,301.2,309.9,1382,52.4,13,Healthy
M18140,M,301.2,309.9,1456,50.8,15,Healthy
M18141,M,301.2,310.0,1445,45.6,18,Healthy
L50462,L,301.2,309.9,1515,40.9,21,Healthy
L50463,L,301.2,309.9,1449,45.5,23,Healthy
H32698,H,301.2,309.9,1362,50.7,25,Healthy
L50465,L,301.2,309.9,1687,29.7,30,Healthy
L50466,L,301.2,310.0,1618,37.6,32,Healthy
M18147,M,301.2,310.1,1558,32.6,34,Healthy
L50468,L,301.3,310.1,1662,31.0,37,Healthy
M18149,M,301.2,310.1,1295,56.6,39,Healthy
L50470,L,301.2,310.2,1385,42.3,42,Healthy
M18151,M,301.2,310.1,1479,45.5,44,Healthy
L50472,L,301.3,310.3,1400,44.3,47,Healthy
M18153,M,301.2,310.3,1357,54.5,49,Healthy
L50474,L,301.1,310.2,1657,34.1,52,Healthy
L50475,L,301.1,310.2,1496,43.4,54,Healthy
M18156,M,301.2,310.3,1379,43.2,56,Healthy
L50477,L,301.2,310.3,1548,38.6,59,Healthy
L50478,L,301.2,310.3,1499,38.1,61,Healthy
L50479,L,301.3,310.5,1390,45.8,63,Healthy
H32714,H,301.3,310.4,1538,38.4,65,Healthy
L50481,L,301.3,310.5,1365,47.7,70,Healthy
L50482,L,301.3,310.5,1503,48.6,72,Healthy
L50483,L,301.2,310.4,1390,49.9,74,Healthy
L50484,L,301.2,310.3,1497,45.7,76,Healthy
M18165,M,301.3,310.4,1577,48.3,78,Healthy
L50486,L,301.4,310.5,1432,54.3,81,Medium
M18167,M,301.4,310.5,1563,39.9,83,Medium
L50488,L,301.4,310.4,1433,43.4,86,Medium
L50489,L,301.3,310.4,1384,50.1,88,Medium
L50490,L,301.3,310.4,1346,46.7,90,Medium
L50491,L,301.3,310.4,1459,44.7,92,Medium
L50492,L,301.4,310.4,1639,28.9,94,Medium
L50493,L,301.4,310.4,1737,31.9,96,Medium
L50494,L,301.4,310.5,1489,43.5,98,Medium
M18175,M,301.5,310.6,1492,43.0,100,Medium
M18176,M,301.4,310.5,1217,60.6,103,Medium
L50497,L,301.5,310.5,1636,28.7,106,Medium
L50498,L,301.4,310.4,1436,49.7,108,Medium
L50499,L,301.4,310.4,1689,30.6,110,Medium
L50500,L,301.5,310.5,2289,16.4,112,Medium
L50501,L,301.5,310.6,1522,41.0,114,Medium
L50502,L,301.5,310.5,1351,52.9,116,Medium
L50503,L,301.5,310.5,1589,36.7,118,Medium
L50504,L,301.5,310.6,1578,34.1,120,Medium
L50505,L,301.5,310.6,1587,33.7,122,Medium
L50506,L,301.5,310.6,1962,20.2,124,Medium
M18187,M,301.5,310.6,2432,14.2,126,Medium
L50508,L,301.6,310.6,1418,43.9,129,Medium
L50509,L,301.6,310.7,1683,29.7,131,Medium
L50510,L,301.7,310.8,1385,50.7,133,Medium
L50511,L,301.7,310.8,1559,44.5,135,Medium
M18192,M,301.7,310.8,1671,31.6,137,Medium
M18193,M,301.6,310.8,1343,49.5,140,Medium
M18194,M,301.6,310.8,1548,34.2,143,Medium
L50515,L,301.7,310.9,1705,31.2,146,Medium
L50516,L,301.6,310.8,1535,35.4,148,Medium
L50517,L,301.6,310.8,1564,34.1,150,Medium
M18198,M,301.6,310.9,1510,40.9,152,Medium
L50519,L,301.6,310.9,1492,45.2,155,Medium
M18200,M,301.5,310.8,1452,44.1,157,Medium
H32755,H,301.4,310.7,1329,52.0,160,Medium
L50522,L,301.5,310.8,1382,52.4,165,Medium
M18203,M,301.5,310.8,1628,36.4,167,Medium
L50524,L,301.4,310.7,1706,27.9,170,Medium
L50525,L,301.3,310.7,1594,34.1,172,Medium
L50526,L,301.3,310.7,1761,24.3,174,Medium
L50527,L,301.3,310.6,1529,41.8,176,Medium
M18208,M,301.3,310.7,1532,40.7,178,Medium
L50529,L,301.4,310.7,1673,27.8,181,Critical
L50530,L,301.4,310.8,1285,62.6,183,Critical
L50531,L,301.4,310.8,1680,31.4,185,Critical
L50532,L,301.4,310.8,1610,34.6,187,Critical
L50533,L,301.6,310.9,1632,31.6,189,Critical
L50534,L,301.6,310.9,1559,40.2,191,Critical
L50535,L,301.5,310.8,1367,49.0,193,Critical
L50536,L,301.6,310.8,1355,57.8,195,Critical
H32771,H,301.6,310.7,1414,51.7,197,Critical
L50538,L,301.5,310.6,1522,36.6,202,Critical
L50539,L,301.5,310.6,1525,41.9,204,Critical
L50540,L,301.5,310.6,1394,46.5,206,Critical
L50541,L,301.5,310.6,1519,40.7,208,Critical
L50542,L,301.4,310.6,1445,43.9,210,Critical
L50543,L,301.4,310.6,1555,43.3,212,Critical
L50544,L,301.4,310.5,1633,39.5,0,Healthy
M18225,M,301.4,310.6,1630,30.3,2,Healthy
M18226,M,301.4,310.7,1692,32.3,5,Healthy
H32781,H,301.5,310.7,1790,26.2,8,Healthy
L50548,L,301.5,310.8,1350,58.5,13,Healthy
L50549,L,301.5,310.9,2760,8.0,15,Critical
L50550,L,301.4,310.7,1584,32.2,17,Healthy
L50551,L,301.4,310.7,1989,21.8,19,Healthy
L50552,L,301.4,310.8,1431,44.3,21,Healthy
L50553,L,301.4,310.7,1568,35.2,23,Healthy
L50554,L,301.4,310.7,1376,50.6,25,Healthy
M18235,M,301.4,310.6,1459,46.9,27,Healthy
M18236,M,301.5,310.8,1385,47.5,30,Healthy
H32791,H,301.5,310.8,1591,29.6,33,Healthy
L50558,L,301.5,310.7,1568,33.1,38,Healthy
M18239,M,301.4,310.7,1459,37.7,40,Healthy
L50560,L,301.4,310.7,1590,36.3,43,Healthy
L50561,L,301.3,310.6,1376,47.6,45,Healthy
L50562,L,301.3,310.6,1510,38.5,47,Healthy
H32797,H,301.4,310.6,1674,33.6,49,Healthy
L50564,L,301.3,310.6,1426,40.7,54,Healthy
L50565,L,301.5,310.7,1466,43.6,56,Healthy
H32800,H,301.5,310.8,1474,38.7,58,Healthy
M18247,M,301.6,310.8,1290,65.3,63,Healthy
M18248,M,301.7,310.9,1435,48.0,66,Healthy
M18249,M,301.5,310.7,1416,53.2,69,Healthy
H32804,H,301.5,310.7,1599,40.4,72,Healthy
L50571,L,301.5,310.7,1466,47.3,77,Healthy
L50572,L,301.5,310.7,1408,47.3,79,Healthy
L50573,L,301.5,310.6,1490,48.1,81,Medium
L50574,L,301.5,310.6,1405,42.3,83,Medium
L50575,L,301.4,310.5,1647,33.3,85,Medium
M18256,M,301.4,310.6,1459,35.0,87,Medium
L50577,L,301.4,310.6,1648,30.7,90,Medium
L50578,L,301.4,310.7,1675,30.7,92,Medium
L50579,L,301.4,310.7,1605,34.2,94,Medium
H32814,H,301.4,310.7,1536,44.4,96,Medium
M18261,M,301.4,310.7,1617,34.3,101,Medium
L50582,L,301.4,310.6,1347,53.3,104,Medium
L50583,L,301.3,310.5,1337,52.7,106,Medium
L50584,L,301.3,310.4,1695,30.9,108,Medium
M18265,M,301.3,310.4,1635,32.5,110,Medium
L50586,L,301.2,310.4,1470,44.0,113,Medium
L50587,L,301.2,310.4,1381,49.8,115,Medium
M18268,M,301.2,310.4,1382,41.6,117,Medium
M18269,M,301.2,310.4,1697,30.0,120,Medium
L50590,L,301.2,310.3,1451,39.7,123,Medium
L50591,L,301.3,310.3,1419,55.7,125,Medium
L50592,L,301.3,310.3,1313,55.6,127,Medium
L50593,L,301.3,310.3,1560,36.3,129,Medium
L50594,L,301.3,310.3,1555,41.2,131,Medium
L50595,L,301.4,310.4,1579,36.9,133,Medium
L50596,L,301.5,310.5,1435,44.6,135,Medium
L50597,L,301.6,310.6,1621,33.7,137,Medium
H32832,H,301.6,310.6,1555,40.4,139,Medium
L50599,L,301.5,310.5,1611,33.8,144,Medium
L50600,L,301.6,310.6,1834,23.5,146,Medium
M18281,M,301.5,310.5,1612,29.8,148,Medium
L50602,L,301.5,310.4,1629,34.1,151,Medium
L50603,L,301.4,310.4,1496,35.2,153,Medium
L50604,L,301.5,310.5,1593,32.9,155,Medium
M18285,M,301.5,310.5,1623,33.5,157,Medium
L50606,L,301.5,310.5,1380,48.7,160,Medium
L50607,L,301.6,310.6,1562,34.4,162,Medium
L50608,L,301.6,310.6,1391,49.4,164,Medium
H32843,H,301.5,310.5,1551,34.3,166,Medium
H32844,H,301.6,310.6,1821,26.2,171,Medium
L50611,L,301.6,310.7,1429,43.6,176,Medium
M18292,M,301.6,310.7,2012,20.7,178,Medium
M18293,M,301.6,310.6,1924,23.6,181,Critical
M18294,M,301.5,310.5,1412,44.1,184,Critical
L50615,L,301.5,310.5,1389,54.9,187,Critical
L50616,L,301.5,310.5,1466,48.1,189,Critical
L50617,L,301.5,310.5,2297,15.8,191,Critical
L50618,L,301.4,310.4,1471,37.5,193,Critical
L50619,L,301.4,310.3,1492,41.4,195,Critical
L50620,L,301.3,310.3,1460,41.5,197,Critical
L50621,L,301.4,310.4,1559,39.4,199,Critical
M18302,M,301.4,310.5,1495,52.5,201,Critical
L50623,L,301.5,310.5,1535,39.0,204,Critical
L50624,L,301.5,310.6,1381,50.7,206,Critical
M18305,M,301.6,310.6,1599,36.1,208,Critical
H32860,H,301.6,310.6,1400,49.5,211,Critical
L50627,L,301.7,310.6,1624,34.5,216,Critical
L50628,L,301.6,310.6,1478,36.6,218,Critical
L50629,L,301.7,310.7,1605,33.3,220,Critical
L50630,L,301.6,310.6,1506,43.4,222,Critical
L50631,L,301.6,310.6,1455,43.9,0,Healthy
H32866,H,301.6,310.5,1602,32.3,2,Healthy
L50633,L,301.5,310.4,1425,54.4,7,Healthy
L50634,L,301.5,310.4,1918,21.8,9,Healthy
H32869,H,301.4,310.3,1611,41.5,11,Healthy
H32870,H,301.4,310.4,1610,38.6,16,Healthy
M18317,M,301.5,310.4,2639,12.0,21,Critical
L50638,L,301.5,310.4,1329,46.6,24,Healthy
L50639,L,301.5,310.4,1270,54.2,26,Healthy
L50640,L,301.5,310.3,1415,41.6,28,Healthy
H32875,H,301.6,310.4,1330,49.5,30,Healthy
H32876,H,301.6,310.5,1786,27.1,35,Healthy
L50643,L,301.6,310.5,1809,25.5,40,Healthy
L50644,L,301.7,310.6,1303,59.7,42,Healthy
M18325,M,301.8,310.7,1383,45.7,44,Healthy
L50646,L,301.7,310.6,1447,56.9,47,Healthy
L50647,L,301.8,310.7,1461,44.2,49,Healthy
L50648,L,301.8,310.7,2092,18.6,51,Healthy
M18329,M,301.8,310.7,1429,47.9,53,Healthy
L50650,L,301.8,310.8,1736,26.5,56,Healthy
L50651,L,301.8,310.7,1441,49.3,58,Healthy
L50652,L,301.8,310.7,1523,43.3,60,Healthy
M18333,M,301.8,310.8,1691,33.4,62,Healthy
M18334,M,301.9,310.8,1557,35.3,65,Healthy
L50655,L,301.8,310.7,1644,33.4,68,Healthy
L50656,L,301.8,310.6,1522,43.8,70,Healthy
L50657,L,301.8,310.7,1547,41.7,72,Healthy
L50658,L,301.8,310.7,1597,30.8,74,Healthy
M18339,M,301.8,310.8,1619,31.0,76,Healthy
L50660,L,301.9,310.8,1400,58.2,79,Healthy
L50661,L,302.0,310.9,1663,31.5,81,Medium
L50662,L,301.9,310.8,1540,37.6,83,Medium
H32897,H,301.9,310.8,1455,42.7,85,Medium
L50664,L,301.9,310.8,1519,39.0,90,Medium
L50665,L,301.9,310.8,1427,47.7,92,Medium
L50666,L,301.9,310.8,1650,29.8,94,Medium
M18347,M,301.8,310.8,1508,38.8,96,Medium
L50668,L,301.9,310.9,1379,54.8,99,Medium
L50669,L,301.9,310.9,1542,36.7,101,Medium
M18350,M,301.9,310.9,1763,28.4,103,Medium
H32905,H,301.9,310.9,1590,34.3,106,Medium
H32906,H,301.9,311.0,1336,63.6,111,Medium
M18353,M,301.9,311.0,1638,35.4,116,Medium
L50674,L,301.9,311.0,1356,45.7,119,Medium
M18355,M,301.9,311.0,1384,47.4,121,Medium
L50676,L,301.9,310.9,1309,48.0,124,Medium
L50677,L,301.9,311.0,1642,33.1,126,Medium
L50678,L,301.9,311.0,1289,54.9,128,Medium
L50679,L,301.9,311.0,1353,43.8,130,Medium
H32914,H,301.9,311.0,1871,26.0,132,Medium
H32915,H,301.9,311.0,1291,63.6,137,Medium
M18362,M,301.8,310.9,1346,44.6,142,Medium
L50683,L,301.7,310.8,1493,47.6,145,Medium
M18364,M,301.7,310.8,1524,41.3,147,Medium
L50685,L,301.6,310.8,1726,26.7,150,Medium
H32920,H,301.6,310.8,1435,47.2,152,Medium
M18367,M,301.7,310.8,1502,34.4,157,Medium
L50688,L,301.7,310.9,1608,33.0,160,Medium
L50689,L,301.8,311.0,1771,27.2,162,Medium
L50690,L,301.7,311.0,1474,42.6,164,Medium
L50691,L,301.8,311.0,1322,53.0,166,Medium
M18372,M,301.8,311.0,1393,49.5,168,Medium
M18373,M,301.9,311.1,1417,52.5,171,Medium
H32928,H,301.9,311.0,1430,49.8,174,Medium
M18375,M,301.9,311.1,1605,40.0,179,Medium
L50696,L,302.0,311.1,1402,47.8,182,Critical
L50697,L,302.0,311.0,1550,35.2,184,Critical
L50698,L,301.9,311.0,1376,44.9,186,Critical
M18379,M,301.9,310.9,1569,32.5,188,Critical
L50700,L,301.9,311.0,1669,32.2,191,Critical
L50701,L,301.9,311.0,1541,38.9,193,Critical
L50702,L,301.8,311.0,1651,32.5,195,Critical
L50703,L,301.8,310.9,1521,39.3,197,Critical
M18384,M,301.8,310.8,1365,48.2,199,Critical
L50705,L,301.8,310.9,1609,31.7,202,Critical
H32940,H,301.8,310.8,1470,37.6,204,Critical
M18387,M,301.9,310.9,1573,38.9,209,Critical
L50708,L,302.0,310.9,1378,53.1,212,Critical
L50709,L,301.9,310.9,1567,39.0,214,Critical
M18390,M,301.9,310.9,1441,43.7,0,Healthy
M18391,M,301.9,310.9,1641,33.2,3,Healthy
L50712,L,301.9,310.9,1486,40.3,6,Healthy
L50713,L,302.0,311.0,1563,36.2,8,Healthy
M18394,M,302.0,311.1,1769,26.0,10,Healthy
H32949,H,301.9,311.0,1672,29.9,13,Healthy
L50716,L,302.0,311.0,1632,34.2,18,Healthy
M18397,M,302.0,311.0,1980,21.5,20,Healthy
L50718,L,302.0,311.1,1635,36.0,23,Healthy
L50719,L,302.0,311.0,1686,32.5,25,Healthy
L50720,L,301.9,310.9,1574,31.4,27,Healthy
L50721,L,301.8,310.8,1546,43.4,29,Healthy
L50722,L,301.8,310.9,1899,24.7,31,Healthy
L50723,L,301.8,310.9,1449,36.5,33,Healthy
M18404,M,301.9,310.9,1483,37.0,35,Healthy
L50725,L,301.8,310.8,1576,38.6,38,Healthy
M18406,M,301.9,310.9,1317,51.9,40,Healthy
M18407,M,301.9,311.0,1467,48.1,43,Healthy
L50728,L,301.9,310.9,1616,34.5,46,Healthy
M18409,M,301.8,310.9,1299,60.4,48,Healthy
M18410,M,301.9,311.0,1432,41.5,51,Healthy
L50731,L,301.9,310.9,1799,24.2,54,Healthy
M18412,M,301.8,310.9,1358,52.3,56,Healthy
M18413,M,301.8,310.8,1618,37.8,59,Healthy
L50734,L,301.9,310.8,1525,43.2,62,Healthy
L50735,L,301.8,310.7,1551,37.7,64,Healthy
L50736,L,301.9,310.8,1735,31.5,66,Healthy
M18417,M,301.8,310.7,1309,43.3,68,Healthy
L50738,L,301.7,310.6,1743,26.2,71,Healthy
M18419,M,301.7,310.7,1659,29.9,73,Healthy
L50740,L,301.8,310.7,1680,32.4,76,Healthy
L50741,L,301.7,310.6,1486,38.5,78,Healthy
L50742,L,301.7,310.6,1471,43.8,80,Medium
M18423,M,301.8,310.7,1465,35.8,82,Medium
M18424,M,301.7,310.6,1492,42.2,85,Medium
M18425,M,301.8,310.7,1420,52.0,88,Medium
L50746,L,301.8,310.6,1295,62.3,91,Medium
L50747,L,301.8,310.5,1548,34.1,93,Medium
L50748,L,301.8,310.6,1372,54.7,95,Medium
M18429,M,301.8,310.6,1552,35.9,97,Medium
H32984,H,301.8,310.6,1441,46.3,100,Medium
M18431,M,301.7,310.6,1691,27.7,105,Medium
L50752,L,301.8,310.6,1451,50.7,108,Medium
L50753,L,301.8,310.6,1452,48.4,110,Medium
L50754,L,301.7,310.6,1406,46.0,112,Medium
L50755,L,301.7,310.5,1567,39.1,114,Medium
L50756,L,301.6,310.4,1599,41.7,116,Medium
M18437,M,301.6,310.4,1455,39.0,118,Medium
M18438,M,301.7,310.5,1625,35.9,121,Medium
L50759,L,301.8,310.6,2672,11.8,124,Critical
L50760,L,301.8,310.6,1650,31.9,126,Medium
M18441,M,301.8,310.6,1459,40.2,128,Medium
L50762,L,301.8,310.6,1395,50.5,131,Medium
L50763,L,301.8,310.7,1751,29.3,133,Medium
L50764,L,301.8,310.6,1192,68.9,135,Medium
L50765,L,301.9,310.7,1947,25.0,137,Medium
L50766,L,301.8,310.5,1593,34.9,139,Medium
H33001,H,301.8,310.5,1478,38.6,141,Medium
M18448,M,301.7,310.6,1505,44.5,146,Medium
L50769,L,301.7,310.5,2465,13.7,149,Medium
L50770,L,301.8,310.6,1403,46.8,151,Medium
M18451,M,301.7,310.5,1458,41.4,153,Medium
H33006,H,301.6,310.4,1369,45.4,156,Medium
M18453,M,301.6,310.4,1377,44.9,161,Medium
M18454,M,301.6,310.4,1452,45.7,164,Medium
L50775,L,301.6,310.4,1517,41.1,167,Medium
L50776,L,301.7,310.5,1354,50.0,169,Medium
M18457,M,301.7,310.5,1724,33.0,171,Medium
L50778,L,301.7,310.5,1399,53.2,174,Medium
H33013,H,301.7,310.5,1388,50.5,176,Medium
L50780,L,301.7,310.5,1523,34.7,181,Critical
L50781,L,301.7,310.5,1377,43.1,183,Critical
M18462,M,301.7,310.6,1417,45.2,185,Critical
L50783,L,301.7,310.7,1542,40.0,188,Critical
L50784,L,301.8,310.8,1557,33.3,190,Critical
L50785,L,301.7,310.7,1641,31.9,192,Critical
L50786,L,301.7,310.7,1318,55.0,194,Critical
L50787,L,301.6,310.7,1638,33.8,196,Critical
M18468,M,301.7,310.8,1954,21.6,198,Critical
M18469,M,301.7,310.9,1644,32.5,201,Critical
M18470,M,301.7,310.8,1594,32.4,204,Critical
L50791,L,301.7,310.9,1405,46.4,207,Critical
L50792,L,301.7,310.8,1622,37.8,0,Healthy
L50793,L,301.7,310.9,1557,39.4,2,Healthy
L50794,L,301.8,311.0,1606,33.3,4,Healthy
M18475,M,301.8,311.1,1647,31.6,6,Healthy
M18476,M,301.8,311.1,1413,42.2,9,Healthy
L50797,L,301.8,311.0,1529,41.6,12,Healthy
L50798,L,301.9,311.1,1448,46.3,14,Healthy
L50799,L,301.9,311.2,1435,44.2,16,Healthy
H33034,H,301.9,311.2,1474,41.8,18,Healthy
L50801,L,301.9,311.2,1657,29.1,23,Healthy
L50802,L,302.0,311.3,1509,39.9,25,Healthy
M18483,M,302.0,311.3,1530,36.4,27,Healthy
M18484,M,302.0,311.4,1587,35.9,30,Healthy
M18485,M,302.1,311.4,1467,43.4,33,Healthy
M18486,M,302.2,311.5,1360,53.0,36,Healthy
L50807,L,302.2,311.5,1588,30.6,39,Healthy
L50808,L,302.2,311.4,1609,32.1,41,Healthy
L50809,L,302.1,311.3,1415,44.1,43,Healthy
L50810,L,302.0,311.2,1845,27.3,45,Healthy
M18491,M,302.1,311.4,1419,36.2,47,Healthy
L50812,L,302.1,311.3,1634,30.6,50,Healthy
M18493,M,302.2,311.3,1521,40.6,52,Healthy
L50814,L,302.2,311.4,1499,37.7,55,Healthy
M18495,M,302.1,311.2,1616,35.1,57,Healthy
L50816,L,302.2,311.4,1449,46.5,60,Healthy
M18497,M,302.2,311.4,1626,31.6,62,Healthy
M18498,M,302.3,311.5,1445,44.8,65,Healthy
L50819,L,302.4,311.6,1622,35.0,68,Healthy
H33054,H,302.4,311.6,1544,39.1,70,Healthy
L50821,L,302.3,311.6,1488,41.8,75,Healthy
L50822,L,302.3,311.6,1309,57.6,77,Healthy
L50823,L,302.3,311.6,1784,26.4,79,Healthy
L50824,L,302.2,311.5,1548,32.4,81,Medium
L50825,L,302.2,311.5,1413,43.5,83,Medium
M18506,M,302.2,311.5,1863,25.7,85,Medium
L50827,L,302.2,311.5,1427,43.8,88,Medium
M18508,M,302.2,311.5,1443,47.0,90,Medium
L50829,L,302.2,311.5,1481,40.4,93,Medium
L50830,L,302.1,311.4,1446,39.7,95,Medium
L50831,L,302.1,311.5,1444,44.9,97,Medium
M18512,M,302.1,311.5,1341,50.8,99,Medium
L50833,L,302.1,311.4,1518,37.4,102,Medium
L50834,L,302.1,311.4,1603,35.9,104,Medium
L50835,L,302.1,311.4,1686,30.9,106,Medium
M18516,M,302.1,311.5,1383,53.6,108,Medium
L50837,L,302.1,311.5,1477,45.4,111,Medium
M18518,M,302.2,311.5,1449,44.5,113,Medium
M18519,M,302.2,311.5,1734,25.0,116,Medium
L50840,L,302.3,311.6,1398,49.1,119,Medium
M18521,M,302.3,311.7,1639,36.6,121,Medium
M18522,M,302.3,311.7,1517,37.6,124,Medium
M18523,M,302.3,311.7,1442,41.7,127,Medium
M18524,M,302.3,311.7,1685,30.8,130,Medium
M18525,M,302.4,311.8,1358,50.6,133,Medium
M18526,M,302.3,311.6,1608,39.9,136,Medium
L50847,L,302.3,311.6,1665,34.3,139,Medium
L50848,L,302.3,311.7,1510,38.7,141,Medium
L50849,L,302.4,311.8,1465,40.2,143,Medium
L50850,L,302.3,311.7,1701,27.5,145,Medium
M18531,M,302.3,311.7,1486,39.6,147,Medium
L50852,L,302.3,311.6,1658,32.3,150,Medium
H33087,H,302.3,311.7,1449,44.5,152,Medium
L50854,L,302.2,311.5,1346,52.4,157,Medium
M18535,M,302.1,311.5,1866,23.1,159,Medium
M18536,M,302.2,311.5,1562,38.0,162,Medium
M18537,M,302.3,311.7,1368,53.6,165,Medium
L50858,L,302.2,311.5,1567,33.1,168,Medium
L50859,L,302.2,311.5,1725,34.0,170,Medium
L50860,L,302.2,311.5,1744,31.2,172,Medium
M18541,M,302.1,311.3,1453,45.1,174,Medium
L50862,L,302.1,311.2,1550,34.8,177,Medium
M18543,M,302.0,311.2,1558,39.1,179,Medium
L50864,L,302.0,311.2,1270,65.3,182,Critical
M18545,M,301.9,311.1,1380,51.6,184,Critical
L50866,L,302.0,311.1,1406,50.5,187,Critical
M18547,M,302.0,311.2,1625,30.7,189,Critical
L50868,L,302.0,311.2,1420,45.8,192,Critical
L50869,L,302.1,311.4,1889,22.7,194,Critical
L50870,L,302.1,311.3,1477,43.6,196,Critical
L50871,L,302.1,311.2,1460,46.9,198,Critical
L50872,L,302.1,311.3,1758,24.4,200,Critical
L50873,L,302.1,311.3,1521,31.5,202,Critical
M18554,M,302.1,311.3,1511,45.0,204,Critical
L50875,L,302.2,311.3,1530,37.3,207,Critical
L50876,L,302.1,311.2,1454,46.8,0,Healthy
L50877,L,302.2,311.2,1928,23.1,2,Healthy
H33112,H,302.2,311.3,1758,26.4,4,Healthy
L50879,L,302.2,311.2,1649,33.2,9,Healthy
L50880,L,302.1,311.2,1447,50.3,11,Healthy
L50881,L,302.1,311.2,1417,48.0,13,Healthy
L50882,L,302.0,311.2,1434,44.9,15,Healthy
M18563,M,302.0,311.2,1418,49.5,17,Healthy
M18564,M,302.0,311.2,1400,49.5,20,Healthy
M18565,M,302.0,311.3,1725,27.7,23,Healthy
L50886,L,302.0,311.3,1567,41.1,26,Healthy
M18567,M,302.1,311.3,1497,38.4,28,Healthy
L50888,L,302.1,311.4,1549,44.6,31,Healthy
L50889,L,302.2,311.4,1754,26.9,33,Healthy
L50890,L,302.2,311.5,1489,38.3,35,Healthy
L50891,L,302.2,311.5,1543,38.5,37,Healthy
L50892,L,302.3,311.5,1543,33.1,39,Healthy
L50893,L,302.3,311.5,1565,35.6,41,Healthy
M18574,M,302.3,311.4,1855,23.9,43,Healthy
M18575,M,302.4,311.4,1475,45.2,46,Healthy
L50896,L,302.3,311.4,1609,32.3,49,Healthy
H33131,H,302.3,311.4,1443,44.1,51,Healthy
L50898,L,302.4,311.4,1450,44.1,56,Healthy
L50899,L,302.4,311.5,1590,39.9,58,Healthy
M18580,M,302.4,311.4,1508,41.2,60,Healthy
M18581,M,302.2,311.2,1544,43.6,63,Healthy
L50902,L,302.2,311.2,1451,41.8,66,Healthy
L50903,L,302.3,311.2,1758,24.4,68,Healthy
M18584,M,302.3,311.2,1507,47.7,70,Healthy
H33139,H,302.3,311.1,1543,37.5,73,Healthy
M18586,M,302.3,311.2,1505,36.7,78,Healthy
L50907,L,302.3,311.2,1786,24.3,81,Medium
L50908,L,302.3,311.3,1457,44.5,83,Medium
M18589,M,302.4,311.3,1312,61.5,85,Medium
M18590,M,302.3,311.2,1405,47.7,88,Medium
M18591,M,302.2,311.2,1377,43.0,91,Medium
M18592,M,302.2,311.2,1347,49.8,94,Medium
L50913,L,302.2,311.1,1470,39.6,97,Medium
M18594,M,302.2,311.2,1873,24.0,99,Medium
M18595,M,302.2,311.1,1434,58.6,102,Medium
H33150,H,302.2,311.1,1628,30.6,105,Medium
L50917,L,302.2,311.1,1351,48.6,110,Medium
M18598,M,302.3,311.2,1454,43.8,112,Medium
M18599,M,302.2,311.2,1663,29.6,115,Medium
L50920,L,302.3,311.2,1401,49.7,118,Medium
L50921,L,302.4,311.3,1503,38.2,120,Medium
L50922,L,302.4,311.4,1564,35.0,122,Medium
L50923,L,302.5,311.4,1759,24.6,124,Medium
L50924,L,302.5,311.4,1409,53.1,126,Medium
L50925,L,302.6,311.4,1738,25.8,128,Medium
H33160,H,302.5,311.3,1393,47.5,130,Medium
L50927,L,302.5,311.1,1499,38.8,135,Medium
L50928,L,302.5,311.1,1493,39.0,137,Medium
L50929,L,302.4,311.1,1652,33.9,139,Medium
L50930,L,302.3,311.1,1589,29.9,141,Medium
L50931,L,302.4,311.1,1520,42.2,143,Medium
H33166,H,302.3,311.1,1455,40.3,145,Medium
L50933,L,302.2,311.0,1463,46.8,150,Medium
L50934,L,302.3,311.0,1442,43.7,152,Medium
L50935,L,302.3,311.0,1329,51.5,154,Medium
L50936,L,302.3,311.1,1546,33.1,156,Medium
M18617,M,302.2,311.1,1516,33.7,158,Medium
M18618,M,302.2,311.0,1476,47.4,161,Medium
L50939,L,302.3,311.0,1412,47.0,164,Medium
L50940,L,302.3,310.9,1377,46.8,166,Critical
M18621,M,302.4,311.0,1490,37.1,168,Medium
M18622,M,302.3,311.0,1526,37.7,171,Medium
L50943,L,302.3,311.0,1428,47.9,174,Medium
L50944,L,302.4,311.0,1329,54.6,176,Medium
M18625,M,302.4,311.1,1443,51.8,178,Medium
L50946,L,302.3,311.1,1373,53.0,181,Critical
L50947,L,302.3,311.1,1630,35.6,183,Critical
L50948,L,302.2,311.0,1555,34.2,185,Critical
M18629,M,302.2,311.0,1436,47.0,187,Critical
L50950,L,302.3,311.0,1609,31.0,190,Critical
M18631,M,302.3,311.0,1384,49.7,192,Critical
L50952,L,302.4,311.1,1448,44.8,195,Critical
M18633,M,302.4,311.1,1887,22.4,197,Critical
M18634,M,302.4,311.1,1480,45.7,200,Critical
H33189,H,302.5,311.1,1850,23.3,203,Critical
L50956,L,302.5,311.1,1538,36.8,208,Critical
M18637,M,302.4,311.1,1721,30.1,210,Critical
M18638,M,302.4,311.1,1366,54.4,0,Healthy
L50959,L,302.3,311.0,1657,31.1,3,Healthy
L50960,L,302.4,311.1,1446,42.9,5,Healthy
L50961,L,302.3,310.8,1465,43.8,7,Healthy
L50962,L,302.2,310.8,1827,23.8,9,Healthy
H33197,H,302.2,310.8,1397,47.6,11,Healthy
L50964,L,302.2,310.8,1744,29.7,16,Healthy
L50965,L,302.3,310.9,1545,36.7,18,Healthy
L50966,L,302.3,310.9,1587,36.6,20,Healthy
L50967,L,302.3,310.8,1377,47.3,22,Critical
L50968,L,302.3,310.8,1511,48.1,24,Healthy
L50969,L,302.3,310.8,1650,32.4,26,Healthy
L50970,L,302.3,310.9,1412,48.9,28,Healthy
L50971,L,302.3,311.0,1528,43.1,30,Healthy
L50972,L,302.3,310.9,1459,35.0,32,Healthy
L50973,L,302.3,310.9,1379,49.3,34,Critical
M18654,M,302.2,310.8,1356,48.3,36,Healthy
M18655,M,302.1,310.8,1409,41.3,39,Healthy
M18656,M,302.1,310.8,1504,37.5,42,Healthy
L50977,L,302.1,310.8,1622,36.8,45,Healthy
L50978,L,302.1,310.8,1786,25.7,47,Healthy
L50979,L,302.2,310.9,1506,34.0,49,Healthy
M18660,M,302.1,310.9,1916,23.1,51,Healthy
M18661,M,302.2,310.9,1771,27.6,54,Healthy
M18662,M,302.2,310.9,1488,44.2,57,Healthy
L50983,L,302.2,310.9,1531,37.5,60,Healthy
L50984,L,302.3,310.9,1529,33.4,62,Healthy
M18665,M,302.4,311.0,1580,36.5,64,Healthy
M18666,M,302.3,310.9,1360,44.0,67,Critical
M18667,M,302.3,311.0,1546,35.5,70,Healthy
M18668,M,302.3,310.9,1762,24.5,73,Healthy
L50989,L,302.2,310.8,1350,56.6,76,Healthy
M18670,M,302.2,310.8,1562,38.1,78,Healthy
M18671,M,302.1,310.7,1608,30.3,81,Medium
L50992,L,302.0,310.6,1392,50.0,84,Medium
L50993,L,302.0,310.6,1467,44.9,86,Medium
M18674,M,302.1,310.6,1326,59.1,88,Critical
L50995,L,302.2,310.7,1769,24.9,91,Medium
L50996,L,302.1,310.6,1459,47.6,93,Medium
M18677,M,302.1,310.6,1421,52.0,95,Medium
L50998,L,302.1,310.7,1491,42.8,98,Medium
L50999,L,302.2,310.7,1567,36.4,100,Medium
L51000,L,302.3,310.8,1421,41.4,102,Medium
L51001,L,302.3,310.9,1596,33.5,104,Medium
M18682,M,302.4,311.0,1464,44.2,106,Medium
M18683,M,302.3,310.9,1581,36.1,109,Medium
L51004,L,302.3,310.9,1620,30.3,112,Medium
H33239,H,302.2,310.7,1413,48.9,114,Medium
H33240,H,302.3,310.8,1438,43.8,119,Medium
M18687,M,302.4,310.9,1469,41.6,124,Medium
M18688,M,302.3,310.8,1762,27.8,127,Medium
H33243,H,302.3,310.9,1366,48.4,130,Critical
L51010,L,302.3,310.9,1891,22.7,135,Medium
M18691,M,302.3,310.9,1742,29.7,137,Medium
M18692,M,302.2,310.9,1465,43.5,140,Medium
M18693,M,302.3,311.0,1541,36.6,143,Medium
M18694,M,302.3,311.1,1295,57.1,146,Medium
M18695,M,302.3,311.1,1435,43.1,149,Medium
L51016,L,302.4,311.2,1466,43.9,152,Medium
L51017,L,302.4,311.2,1450,47.9,154,Medium
L51018,L,302.4,311.1,1880,24.5,156,Medium
M18699,M,302.3,311.0,1578,33.5,158,Medium
L51020,L,302.4,311.0,1610,33.1,161,Medium
L51021,L,302.4,311.1,1565,42.8,163,Medium
L51022,L,302.5,311.2,1545,40.1,165,Medium
L51023,L,302.5,311.2,1227,60.1,167,Medium
L51024,L,302.4,311.1,1484,45.9,169,Medium
L51025,L,302.3,311.0,1591,32.7,171,Medium
L51026,L,302.3,310.9,1403,47.2,173,Medium
M18707,M,302.3,311.0,1450,45.7,175,Medium
L51028,L,302.3,310.9,1720,28.1,178,Medium
L51029,L,302.3,311.0,1561,37.2,180,Critical
M18710,M,302.3,311.0,1421,41.3,182,Critical
H33265,H,302.2,310.9,1415,48.4,185,Critical
L51032,L,302.3,310.9,2034,19.7,190,Critical
L51033,L,302.4,311.0,1486,40.4,192,Critical
L51034,L,302.4,311.0,1338,67.6,194,Critical
H33269,H,302.4,311.1,1578,32.3,196,Critical
M18716,M,302.4,311.2,1330,58.6,201,Critical
H33271,H,302.4,311.2,1506,40.8,204,Critical
L51038,L,302.5,311.4,1559,37.6,209,Critical
L51039,L,302.6,311.5,1599,37.0,211,Critical
L51040,L,302.6,311.5,1427,38.9,213,Critical
M18721,M,302.5,311.5,1481,41.1,215,Critical
H33276,H,302.5,311.5,1496,43.8,218,Critical
L51043,L,302.5,311.4,1674,27.0,223,Critical
M18724,M,302.5,311.4,1629,31.7,225,Critical
H33279,H,302.6,311.5,1629,34.4,228,Critical
L51046,L,302.6,311.6,1311,53.2,0,Healthy
M18727,M,302.7,311.6,2709,9.7,2,Critical
M18728,M,302.7,311.7,1759,29.9,5,Healthy
L51049,L,302.7,311.7,1480,45.2,8,Healthy
L51050,L,302.7,311.8,1461,46.1,10,Healthy
M18731,M,302.7,311.8,1728,30.0,12,Healthy
L51052,L,302.7,311.9,1389,46.5,15,Healthy
L51053,L,302.6,311.8,1638,35.1,17,Healthy
L51054,L,302.6,311.7,1254,54.1,19,Healthy
L51055,L,302.6,311.8,1427,50.1,21,Healthy
L51056,L,302.6,311.8,1627,31.8,23,Healthy
H33291,H,302.6,311.7,1471,48.3,25,Healthy
L51058,L,302.6,311.7,1773,27.1,30,Healthy
M18739,M,302.6,311.7,1430,51.7,32,Healthy
L51060,L,302.5,311.6,1595,29.5,35,Healthy
L51061,L,302.5,311.5,1521,44.1,37,Healthy
L51062,L,302.5,311.6,1419,43.7,39,Healthy
M18743,M,302.4,311.4,1534,40.1,41,Healthy
H33298,H,302.5,311.5,1626,36.0,44,Healthy
L51065,L,302.5,311.5,1677,29.2,49,Healthy
L51066,L,302.4,311.3,1392,50.5,51,Healthy
L51067,L,302.4,311.2,1448,50.5,53,Healthy
L51068,L,302.3,311.2,1903,22.9,55,Healthy
L51069,L,302.4,311.2,1404,52.0,57,Healthy
L51070,L,302.3,311.2,1386,53.5,59,Healthy
L51071,L,302.2,311.1,1418,47.0,61,Healthy
M18752,M,302.3,311.1,1338,53.3,63,Healthy
L51073,L,302.3,311.2,1549,40.6,66,Healthy
M18754,M,302.3,311.2,1432,42.7,68,Healthy
M18755,M,302.3,311.2,1546,40.0,71,Healthy
M18756,M,302.2,311.2,1627,33.2,74,Healthy
M18757,M,302.2,311.1,1640,32.8,77,Healthy
M18758,M,302.1,311.1,1423,36.8,80,Medium
M18759,M,302.1,311.0,1711,28.7,83,Medium
M18760,M,302.1,311.1,1450,51.6,86,Medium
H33315,H,302.2,311.1,1553,34.1,89,Medium
L51082,L,302.2,311.1,1630,34.6,94,Medium
H33317,H,302.2,311.1,1476,39.6,96,Medium
H33318,H,302.2,311.1,1426,50.6,101,Medium
M18765,M,302.2,311.2,1561,34.9,106,Medium
L51086,L,302.3,311.2,1297,62.5,109,Medium
M18767,M,302.3,311.2,1842,23.9,111,Medium
L51088,L,302.3,311.2,1633,36.4,114,Medium
H33323,H,302.3,311.3,1744,30.3,116,Medium
L51090,L,302.4,311.4,1831,26.9,121,Medium
M18771,M,302.3,311.3,1339,50.8,123,Medium
L51092,L,302.4,311.4,1475,40.4,126,Medium
M18773,M,302.4,311.4,1675,29.6,128,Medium
L51094,L,302.5,311.5,1493,35.1,131,Medium
L51095,L,302.5,311.5,1700,29.5,133,Medium
L51096,L,302.6,311.6,1453,37.0,135,Medium
L51097,L,302.6,311.7,1542,34.1,137,Medium
M18778,M,302.5,311.5,1358,52.7,139,Medium
H33333,H,302.5,311.5,1655,32.3,142,Medium
L51100,L,302.6,311.5,1885,27.5,147,Medium
L51101,L,302.7,311.5,1494,41.4,149,Medium
M18782,M,302.6,311.4,1757,29.5,151,Medium
M18783,M,302.6,311.4,1718,31.2,154,Medium
M18784,M,302.5,311.4,1636,35.0,157,Medium
L51105,L,302.6,311.6,1638,29.6,160,Medium
L51106,L,302.6,311.5,1609,36.0,162,Medium
H33341,H,302.7,311.5,1556,35.0,164,Medium
L51108,L,302.6,311.5,1442,59.8,169,Critical
M18789,M,302.7,311.6,1501,38.8,171,Medium
M18790,M,302.6,311.6,2041,19.2,174,Medium
M18791,M,302.7,311.7,1784,25.1,177,Medium
L51112,L,302.6,311.6,1953,22.4,180,Critical
L51113,L,302.6,311.6,1576,34.7,182,Critical
M18794,M,302.6,311.6,1518,39.0,184,Critical
M18795,M,302.6,311.6,1227,68.2,187,Critical
L51116,L,302.5,311.5,1985,18.8,190,Critical
L51117,L,302.5,311.5,1802,26.4,192,Critical
L51118,L,302.5,311.5,1603,32.4,194,Critical
L51119,L,302.5,311.6,1400,54.0,196,Critical
L51120,L,302.3,311.5,1395,54.2,198,Critical
L51121,L,302.2,311.4,1987,19.9,200,Critical
M18802,M,302.2,311.4,1398,47.2,202,Critical
L51123,L,302.3,311.4,1333,66.7,205,Critical
L51124,L,302.2,311.2,1381,49.4,207,Critical
L51125,L,302.2,311.3,1570,36.1,0,Healthy
M18806,M,302.2,311.3,1658,31.0,2,Healthy
H33361,H,302.2,311.3,1749,29.2,5,Healthy
M18808,M,302.2,311.3,1510,37.1,10,Healthy
L51129,L,302.3,311.5,1384,50.8,13,Healthy
L51130,L,302.3,311.4,1570,37.2,15,Healthy
M18811,M,302.3,311.4,1571,32.7,17,Healthy
L51132,L,302.3,311.4,1476,37.3,20,Healthy
M18813,M,302.3,311.4,1484,39.5,22,Healthy
M18814,M,302.3,311.4,1909,23.2,25,Healthy
L51135,L,302.3,311.5,1448,49.6,28,Healthy
M18816,M,302.3,311.4,1500,40.2,30,Healthy
L51137,L,302.2,311.4,1510,44.9,33,Healthy
L51138,L,302.2,311.3,1378,55.5,35,Healthy
M18819,M,302.2,311.4,1538,37.4,37,Healthy
L51140,L,302.2,311.4,1390,48.1,40,Healthy
M18821,M,302.2,311.4,1642,32.1,42,Healthy
L51142,L,302.4,311.5,1785,24.8,45,Healthy
H33377,H,302.3,311.5,1526,38.2,47,Healthy
M18824,M,302.3,311.6,1668,33.2,52,Healthy
L51145,L,302.3,311.5,1507,37.5,55,Healthy
L51146,L,302.3,311.5,1530,37.8,57,Healthy
M18827,M,302.3,311.4,1479,45.6,59,Healthy
M18828,M,302.3,311.4,1418,41.3,62,Healthy
L51149,L,302.3,311.4,1504,38.7,65,Healthy
M18830,M,302.3,311.4,1345,47.6,67,Healthy
H33385,H,302.2,311.4,1625,35.4,70,Healthy
L51152,L,302.3,311.4,1511,34.7,75,Healthy
L51153,L,302.3,311.4,1535,41.8,77,Healthy
L51154,L,302.4,311.5,1505,37.9,79,Healthy
H33389,H,302.4,311.5,1540,43.7,81,Medium
H33390,H,302.3,311.4,1372,46.0,86,Medium
M18837,M,302.2,311.3,1510,36.6,91,Medium
L51158,L,302.2,311.3,1382,46.4,94,Medium
L51159,L,302.3,311.3,1439,41.8,96,Medium
M18840,M,302.2,311.3,1375,47.0,98,Medium
M18841,M,302.2,311.3,1931,21.9,101,Medium
L51162,L,302.2,311.3,1475,48.6,104,Medium
L51163,L,302.2,311.3,1389,46.9,106,Medium
L51164,L,302.3,311.3,1652,32.8,108,Medium
L51165,L,302.3,311.2,1386,50.3,110,Medium
M18846,M,302.2,311.3,1577,29.8,112,Medium
M18847,M,302.3,311.3,1444,43.1,115,Medium
L51168,L,302.2,311.3,1554,40.2,118,Medium
L51169,L,302.2,311.3,1602,32.8,120,Medium
H33404,H,302.2,311.2,1692,28.2,122,Medium
L51171,L,302.3,311.3,1682,34.4,127,Medium
L51172,L,302.3,311.3,1614,34.1,129,Medium
L51173,L,302.3,311.3,1324,47.8,131,Medium
L51174,L,302.3,311.4,1434,40.3,133,Medium
L51175,L,302.3,311.3,1621,31.6,135,Medium
M18856,M,302.3,311.3,1625,33.1,137,Medium
L51177,L,302.2,311.1,1394,53.7,140,Medium
L51178,L,302.1,311.0,1586,35.1,142,Medium
L51179,L,302.0,311.0,1420,45.9,144,Medium
L51180,L,302.1,311.2,1422,50.3,146,Medium
H33415,H,302.1,311.2,1598,37.9,148,Medium
L51182,L,302.1,311.2,1454,59.2,153,Critical
L51183,L,302.1,311.2,1519,39.3,155,Medium
L51184,L,302.0,311.1,1373,55.7,157,Medium
M18865,M,302.0,311.1,1406,48.8,159,Medium
L51186,L,302.1,311.2,1492,45.0,162,Medium
L51187,L,302.1,311.2,1369,50.8,164,Medium
M18868,M,302.2,311.2,1471,41.9,166,Medium
L51189,L,302.2,311.2,1630,36.0,169,Medium
M18870,M,302.1,311.1,1605,37.6,171,Medium
L51191,L,302.2,311.1,1447,52.1,174,Medium
M18872,M,302.2,311.2,1360,52.8,176,Medium
M18873,M,302.2,311.1,1728,34.0,179,Medium
L51194,L,302.1,311.0,1740,30.8,182,Critical
L51195,L,302.1,310.9,1477,41.4,184,Critical
L51196,L,302.1,310.9,1658,30.3,186,Critical
L51197,L,302.0,310.8,1902,23.4,188,Critical
M18878,M,302.0,310.8,1783,23.1,190,Critical
M18879,M,302.0,310.9,1558,45.3,193,Critical
L51200,L,302.1,311.0,1351,49.5,196,Critical
H33435,H,302.1,310.9,1452,42.5,198,Critical
L51202,L,302.1,310.9,1666,30.7,203,Critical
L51203,L,302.1,311.0,1364,50.0,205,Critical
M18884,M,302.1,311.0,1351,60.3,207,Critical
H33439,H,302.1,311.0,1729,26.1,210,Critical
M18886,M,302.1,311.0,1574,34.1,215,Critical
L51207,L,302.0,311.0,1566,37.8,218,Critical
L51208,L,302.0,310.9,1455,43.2,220,Critical
H33443,H,302.0,310.9,1679,29.0,222,Critical
L51210,L,302.0,310.8,2143,17.3,227,Critical
L51211,L,302.0,310.8,1447,42.7,229,Critical
L51212,L,302.0,310.8,1383,50.3,231,Critical
L51213,L,302.1,310.8,1772,27.1,233,Critical
L51214,L,302.0,310.8,1615,29.0,235,Critical
L51215,L,302.0,310.8,1454,36.6,0,Healthy
L51216,L,302.0,310.8,1445,49.1,2,Healthy
M18897,M,302.0,310.8,1609,35.2,4,Healthy
L51218,L,302.0,310.9,1546,34.4,7,Healthy
L51219,L,301.9,310.8,1567,39.3,9,Healthy
L51220,L,302.0,310.8,1767,27.4,11,Healthy
L51221,L,302.0,310.9,1539,34.2,13,Healthy
L51222,L,302.0,310.9,1564,39.0,15,Healthy
M18903,M,302.0,310.8,1445,46.3,17,Healthy
M18904,M,301.9,310.9,1419,47.7,20,Critical
M18905,M,301.8,310.9,1881,20.9,23,Healthy
M18906,M,301.9,310.9,1421,46.2,26,Healthy
L51227,L,301.9,311.0,1455,46.0,29,Healthy
L51228,L,301.9,311.0,2691,12.1,31,Critical
L51229,L,301.8,310.8,1505,41.2,33,Healthy
L51230,L,301.8,310.8,1456,46.6,35,Healthy
L51231,L,301.8,310.8,1383,46.4,37,Healthy
M18912,M,301.9,310.8,1563,39.2,39,Healthy
M18913,M,301.9,310.9,2305,16.1,42,Healthy
M18914,M,301.9,310.9,1456,43.6,45,Healthy
L51235,L,302.0,311.0,1865,22.7,48,Healthy
L51236,L,301.9,310.9,1597,36.9,50,Healthy
L51237,L,302.0,310.9,1495,38.6,52,Healthy
M18918,M,302.0,310.9,1456,47.2,54,Healthy
L51239,L,301.9,310.8,1465,44.3,57,Healthy
M18920,M,302.0,310.9,1352,55.5,59,Healthy
L51241,L,301.9,310.8,1906,21.7,62,Healthy
L51242,L,302.0,310.9,1446,44.0,64,Healthy
L51243,L,302.0,310.8,1948,19.7,66,Healthy
L51244,L,301.9,310.7,1480,47.1,68,Healthy
M18925,M,301.9,310.7,1511,37.6,70,Healthy
M18926,M,301.9,310.7,1472,47.0,73,Healthy
L51247,L,301.9,310.7,1429,51.0,76,Healthy
L51248,L,301.9,310.7,1405,48.8,78,Healthy
M18929,M,301.9,310.7,1405,47.9,80,Medium
L51250,L,302.0,310.7,1348,58.1,83,Medium
L51251,L,301.9,310.6,1331,68.6,85,Critical
L51252,L,301.9,310.6,1610,33.4,87,Medium
M18933,M,301.9,310.6,1412,46.5,89,Medium
L51254,L,302.0,310.7,1453,42.7,92,Medium
L51255,L,302.0,310.6,1583,38.9,94,Medium
M18936,M,302.0,310.6,1539,37.4,96,Medium
L51257,L,302.0,310.5,1635,39.8,99,Medium
H33492,H,302.1,310.7,1294,62.4,101,Critical
L51259,L,302.0,310.5,1978,22.0,106,Medium
L51260,L,302.0,310.4,1357,58.0,108,Critical
L51261,L,302.0,310.4,1336,58.2,110,Critical
L51262,L,302.0,310.4,1568,39.2,112,Medium
M18943,M,302.0,310.4,1567,36.4,114,Medium
L51264,L,302.0,310.4,1611,35.6,117,Medium
H33499,H,302.0,310.5,1841,23.6,119,Medium
L51266,L,302.0,310.5,1567,36.1,124,Medium
L51267,L,301.9,310.4,1376,54.9,126,Critical
L51268,L,301.9,310.5,1477,42.4,128,Medium
M18949,M,301.9,310.5,1590,40.3,130,Medium
L51270,L,302.0,310.5,2197,15.8,133,Medium
M18951,M,302.0,310.4,1595,32.9,135,Medium
H33506,H,302.0,310.5,1812,24.4,138,Medium
M18953,M,302.0,310.5,1573,32.1,143,Medium
L51274,L,302.0,310.5,1651,30.9,146,Medium
H33509,H,302.0,310.5,1459,43.2,148,Medium
L51276,L,301.9,310.4,1370,51.7,153,Critical
L51277,L,301.9,310.4,1518,34.1,155,Medium
L51278,L,302.0,310.3,1648,29.6,157,Medium
L51279,L,302.0,310.4,1464,47.2,159,Medium
L51280,L,302.0,310.4,1895,23.2,161,Medium
L51281,L,301.9,310.4,1884,23.4,163,Medium
L51282,L,302.0,310.4,1450,46.6,165,Medium
L51283,L,302.0,310.4,1448,43.4,167,Medium
L51284,L,302.1,310.5,1389,49.6,169,Medium
L51285,L,302.0,310.6,1583,35.2,171,Medium
L51286,L,301.9,310.5,1425,51.1,173,Medium
L51287,L,302.0,310.5,1809,27.1,175,Medium
L51288,L,301.9,310.5,1892,21.8,177,Medium
M18969,M,301.9,310.6,1475,47.8,179,Medium
L51290,L,302.0,310.6,1361,46.7,182,Critical
M18971,M,302.0,310.6,1563,41.0,184,Critical
H33526,H,301.9,310.5,1472,39.7,187,Critical
L51293,L,302.0,310.6,1325,55.3,192,Critical
L51294,L,302.0,310.6,1358,53.1,194,Critical
H33529,H,302.0,310.6,1346,54.7,196,Critical
M18976,M,302.0,310.5,1381,58.4,201,Critical
L51297,L,301.9,310.5,1340,55.7,204,Critical
L51298,L,302.0,310.6,1366,47.7,206,Critical
L51299,L,302.1,310.7,1325,45.1,208,Critical
M18980,M,302.1,310.7,1376,46.3,210,Critical
M18981,M,302.1,310.7,1364,47.8,213,Critical
L51302,L,302.2,310.6,1462,43.6,0,Healthy
M18983,M,302.1,310.6,1517,38.9,2,Healthy
L51304,L,302.1,310.6,1385,53.6,5,Healthy
L51305,L,302.1,310.6,1439,40.0,7,Healthy
M18986,M,302.0,310.6,1623,34.3,9,Healthy
H33541,H,302.0,310.6,1438,43.2,12,Healthy
L51308,L,301.9,310.4,1708,24.8,17,Healthy
M18989,M,301.8,310.3,1666,32.7,19,Healthy
L51310,L,301.9,310.4,1286,62.8,22,Critical
L51311,L,301.9,310.3,1485,46.3,24,Healthy
M18992,M,301.8,310.3,1409,52.5,26,Healthy
L51313,L,301.8,310.3,1765,27.3,29,Healthy
L51314,L,301.8,310.3,1688,28.8,31,Healthy
M18995,M,301.7,310.3,1787,26.7,33,Healthy
L51316,L,301.7,310.1,1487,48.0,36,Healthy
L51317,L,301.7,310.1,1384,50.5,38,Healthy
L51318,L,301.7,310.2,1311,57.4,40,Critical
H33553,H,301.7,310.2,1620,30.8,42,Healthy
L51320,L,301.7,310.2,1331,61.2,47,Critical
H33555,H,301.7,310.1,1462,38.3,49,Healthy
L51322,L,301.7,310.1,1424,50.2,54,Healthy
L51323,L,301.7,310.1,1500,39.6,56,Healthy
L51324,L,301.8,310.1,1738,28.0,58,Healthy
M19005,M,301.8,310.3,1465,46.5,60,Healthy
L51326,L,301.8,310.3,1482,41.4,63,Healthy
L51327,L,301.9,310.3,1398,44.0,65,Healthy
L51328,L,301.9,310.3,1972,21.3,67,Healthy
L51329,L,301.9,310.4,1603,37.6,69,Healthy
L51330,L,301.9,310.4,1610,34.8,71,Healthy
M19011,M,301.9,310.4,1373,48.0,73,Critical
M19012,M,302.0,310.5,1425,44.7,76,Healthy
M19013,M,302.0,310.4,1212,55.6,79,Critical
M19014,M,302.0,310.4,1828,26.3,82,Medium
L51335,L,302.0,310.5,1370,44.4,85,Critical
M19016,M,302.0,310.5,1823,25.1,87,Medium
L51337,L,302.0,310.5,1263,60.6,90,Critical
L51338,L,301.9,310.4,1889,21.5,92,Medium
M19019,M,302.0,310.5,1639,32.9,94,Medium
M19020,M,302.0,310.4,1608,33.1,97,Medium
H33575,H,301.9,310.3,1653,32.4,100,Medium
L51342,L,302.0,310.4,1591,29.8,105,Medium
L51343,L,302.1,310.5,1696,30.9,107,Medium
L51344,L,302.2,310.6,1346,47.5,109,Critical
M19025,M,302.2,310.5,1507,40.4,111,Medium
H33580,H,302.3,310.6,1525,48.7,114,Medium
M19027,M,302.3,310.7,1559,33.9,119,Medium
L51348,L,302.2,310.6,1632,30.5,122,Medium
L51349,L,302.1,310.5,1559,36.0,124,Medium
M19030,M,302.2,310.6,1355,51.5,126,Critical
M19031,M,302.2,310.5,1832,23.7,129,Medium
L51352,L,302.2,310.6,1386,50.0,132,Medium
M19033,M,302.2,310.6,1346,49.2,134,Critical
L51354,L,302.3,310.7,1499,37.8,137,Medium
L51355,L,302.3,310.7,1612,33.4,139,Medium
M19036,M,302.3,310.7,1544,39.7,141,Medium
L51357,L,302.5,310.9,1477,39.2,144,Medium
L51358,L,302.5,310.9,1624,34.4,146,Medium
L51359,L,302.4,310.9,1349,46.1,148,Critical
L51360,L,302.4,310.8,1686,28.8,150,Medium
M19041,M,302.4,310.7,1521,40.4,152,Medium
L51362,L,302.4,310.7,1362,54.8,155,Critical
L51363,L,302.3,310.7,1402,50.9,157,Medium
L51364,L,302.2,310.6,1334,53.2,159,Critical
L51365,L,302.2,310.6,1348,48.4,161,Critical
M19046,M,302.2,310.6,1570,34.6,163,Medium
M19047,M,302.2,310.7,1601,33.0,166,Medium
M19048,M,302.3,310.8,1611,31.8,169,Medium
L51369,L,302.4,310.9,1560,31.8,172,Medium
H33604,H,302.4,310.9,1444,40.7,174,Medium
L51371,L,302.4,311.0,1317,59.4,179,Medium
M19052,M,302.5,311.0,1463,43.1,181,Critical
L51373,L,302.4,311.1,1634,34.2,184,Critical
L51374,L,302.4,311.0,1423,46.2,186,Critical
L51375,L,302.5,311.0,1548,38.4,188,Critical
M19056,M,302.5,311.0,1563,35.6,190,Critical
L51377,L,302.4,311.0,1573,36.5,193,Critical
M19058,M,302.4,311.1,1432,44.5,195,Critical
M19059,M,302.5,311.1,1638,32.0,198,Critical
L51380,L,302.5,311.1,1571,34.2,201,Critical
L51381,L,302.4,311.0,2211,15.4,203,Critical
L51382,L,302.4,311.0,1555,40.6,205,Critical
M19063,M,302.3,310.9,1558,31.9,207,Critical
M19064,M,302.3,310.9,1523,43.2,210,Critical
L51385,L,302.3,310.8,1723,26.3,213,Critical
M19066,M,302.3,310.8,1721,28.4,215,Critical
M19067,M,302.3,310.9,1710,30.4,218,Critical
M19068,M,302.3,310.9,1627,32.3,0,Healthy
M19069,M,302.2,310.8,1422,47.0,3,Healthy
L51390,L,302.1,310.8,1565,35.3,6,Healthy
L51391,L,302.1,310.7,1314,52.8,8,Critical
M19072,M,302.0,310.6,1392,60.5,10,Healthy
L51393,L,302.1,310.7,1465,40.7,13,Healthy
L51394,L,301.9,310.6,1573,36.6,15,Healthy
M19075,M,302.0,310.7,2157,17.8,17,Healthy
L51396,L,301.9,310.7,1370,50.3,20,Healthy
L51397,L,301.9,310.6,1462,38.8,22,Healthy
M19078,M,302.0,310.6,1479,40.5,24,Healthy
L51399,L,301.9,310.7,1717,26.8,27,Healthy
M19080,M,301.9,310.6,1260,65.9,29,Healthy
L51401,L,301.9,310.6,1467,39.3,32,Healthy
M19082,M,302.0,310.6,1535,38.6,34,Healthy
L51403,L,302.0,310.7,1657,31.9,37,Healthy
L51404,L,302.0,310.7,1698,28.1,39,Healthy
L51405,L,302.1,310.7,1359,49.3,41,Critical
L51406,L,302.1,310.8,1596,37.1,43,Healthy
L51407,L,302.2,310.8,1383,46.9,45,Healthy
L51408,L,302.2,310.8,2203,16.6,47,Healthy
M19089,M,302.2,310.8,1408,46.8,49,Healthy
L51410,L,302.2,310.8,1673,32.9,52,Healthy
L51411,L,302.2,310.8,1340,47.8,54,Healthy
L51412,L,302.2,310.9,1452,42.3,56,Healthy
M19093,M,302.2,310.9,1302,53.4,58,Healthy
H33648,H,302.2,310.9,1522,35.9,61,Healthy
L51415,L,302.2,310.8,1438,41.4,66,Healthy
L51416,L,302.2,310.9,1604,40.5,68,Healthy
L51417,L,302.2,311.0,1832,23.2,70,Healthy
M19098,M,302.3,311.0,1521,34.8,72,Healthy
L51419,L,302.3,311.0,1446,37.6,75,Healthy
L51420,L,302.4,311.1,1905,20.9,77,Healthy
L51421,L,302.4,311.0,1475,47.9,79,Healthy
L51422,L,302.4,311.0,1462,48.5,81,Medium
M19103,M,302.4,310.9,1435,42.3,83,Medium
L51424,L,302.4,310.9,1469,39.6,86,Medium
M19105,M,302.6,311.1,1520,43.0,88,Medium
L51426,L,302.6,311.0,1537,35.5,91,Medium
L51427,L,302.6,311.0,1369,60.0,93,Critical
L51428,L,302.6,311.0,1506,37.2,95,Medium
L51429,L,302.5,310.9,1330,56.9,97,Critical
L51430,L,302.6,311.0,1660,38.0,99,Medium
H33665,H,302.5,310.9,1356,55.5,101,Critical
H33666,H,302.6,311.0,1438,51.0,106,Medium
M19113,M,302.6,311.0,1329,48.6,111,Critical
L51434,L,302.6,311.0,1284,68.0,114,Critical
M19115,M,302.5,311.0,1387,52.1,116,Medium
M19116,M,302.6,311.0,1591,33.9,119,Medium
M19117,M,302.6,311.0,1589,39.0,122,Medium
M19118,M,302.7,311.1,1297,60.7,125,Critical
L51439,L,302.7,311.2,1545,35.1,128,Medium
H33674,H,302.7,311.1,1418,43.4,130,Medium
L51441,L,302.7,311.1,1730,28.1,135,Medium
L51442,L,302.6,311.0,2001,20.7,137,Medium
L51443,L,302.6,311.0,1620,36.2,139,Medium
M19124,M,302.6,311.0,1542,39.7,141,Medium
L51445,L,302.6,311.0,1424,38.0,144,Medium
L51446,L,302.7,311.1,1440,39.5,146,Medium
L51447,L,302.6,311.0,1520,42.8,148,Medium
L51448,L,302.7,311.0,1694,29.8,150,Medium
L51449,L,302.6,311.0,1610,39.2,152,Medium
L51450,L,302.6,310.9,1331,52.0,154,Critical
L51451,L,302.6,310.8,1470,41.2,156,Medium
L51452,L,302.5,310.8,1577,36.9,158,Medium
L51453,L,302.6,310.8,1486,36.4,160,Medium
L51454,L,302.4,310.6,1445,40.3,162,Medium
M19135,M,302.4,310.5,1500,36.7,164,Medium
M19136,M,302.2,310.4,1456,47.5,167,Medium
L51457,L,302.2,310.4,1743,28.1,170,Medium
L51458,L,302.0,310.1,1409,50.4,172,Medium
L51459,L,302.0,310.1,1361,45.4,174,Critical
L51460,L,302.1,310.1,1753,28.9,176,Medium
L51461,L,302.0,310.0,1832,22.9,178,Medium
L51462,L,301.9,309.9,1374,48.5,180,Critical
M19143,M,301.8,309.9,1334,61.0,182,Critical
L51464,L,301.8,310.0,1493,40.3,185,Critical
L51465,L,301.7,309.9,1317,49.0,187,Critical
M19146,M,301.7,309.9,1434,47.9,189,Critical
M19147,M,301.7,309.9,1457,39.2,192,Critical
M19148,M,301.7,310.0,1391,50.6,195,Critical
M19149,M,301.8,310.0,1781,23.9,198,Critical
L51470,L,301.8,310.0,1642,32.6,201,Critical
L51471,L,301.8,310.0,2032,19.0,203,Critical
M19152,M,301.8,310.1,2372,13.9,205,Critical
L51473,L,301.8,310.0,1393,44.9,208,Critical
M19154,M,301.7,310.1,1743,27.3,210,Critical
L51475,L,301.8,310.2,1457,40.4,213,Critical
L51476,L,301.8,310.2,2825,5.8,215,Critical
M19157,M,301.8,310.2,1609,34.2,217,Critical
M19158,M,301.8,310.2,1437,42.3,0,Healthy
L51479,L,301.7,310.1,1402,50.1,3,Healthy
M19160,M,301.7,310.1,1644,34.6,5,Healthy
L51481,L,301.7,310.2,1471,51.1,8,Healthy
L51482,L,301.7,310.1,2695,12.6,10,Healthy
L51483,L,301.7,310.2,1435,48.1,12,Healthy
L51484,L,301.6,310.1,1694,26.3,14,Healthy
L51485,L,301.6,310.1,1687,26.6,16,Healthy
L51486,L,301.6,310.0,1869,22.9,18,Healthy
L51487,L,301.4,309.9,1259,63.9,20,Critical
H33722,H,301.4,309.9,1460,47.2,22,Healthy
M19169,M,301.3,309.9,1501,39.5,27,Healthy
L51490,L,301.4,310.0,1776,25.6,30,Healthy
M19171,M,301.5,310.1,1468,40.8,32,Healthy
L51492,L,301.5,310.1,1430,46.5,35,Healthy
L51493,L,301.4,310.1,1502,46.6,37,Healthy
H33728,H,301.4,310.1,1623,32.3,39,Healthy
M19175,M,301.4,310.0,1651,29.8,44,Healthy
L51496,L,301.5,310.1,1639,33.4,47,Healthy
M19177,M,301.5,310.0,1417,44.6,49,Healthy
L51498,L,301.5,310.1,1541,42.2,52,Healthy
M19179,M,301.6,310.2,1411,45.1,54,Healthy
L51500,L,301.7,310.3,1397,44.6,57,Healthy
L51501,L,301.7,310.2,1686,28.9,59,Healthy
M19182,M,301.7,310.1,1431,44.0,61,Healthy
L51503,L,301.8,310.3,1341,50.5,64,Critical
L51504,L,301.7,310.2,1486,43.0,66,Healthy
L51505,L,301.6,310.2,1384,57.1,68,Healthy
L51506,L,301.6,310.1,1362,55.8,70,Critical
H33741,H,301.7,310.1,1660,29.3,72,Healthy
L51508,L,301.6,310.1,1326,48.2,77,Critical
L51509,L,301.6,310.0,1566,30.3,79,Healthy
L51510,L,301.5,309.8,1549,38.5,81,Medium
M19191,M,301.6,309.9,1746,31.1,83,Medium
M19192,M,301.7,309.9,1452,41.5,86,Medium
L51513,L,301.6,309.8,1588,33.9,89,Medium
L51514,L,301.6,309.8,1472,42.5,91,Medium
L51515,L,301.7,309.9,1607,37.7,93,Medium
H33750,H,301.6,309.9,1423,53.6,95,Medium
L51517,L,301.6,309.9,1440,43.4,100,Medium
L51518,L,301.6,309.9,1397,43.7,102,Medium
L51519,L,301.7,309.9,1524,46.6,104,Medium
M19200,M,301.7,309.9,1533,40.9,106,Medium
L51521,L,301.7,309.8,1398,46.0,109,Medium
M19202,M,301.7,309.8,1284,68.2,111,Critical
L51523,L,301.7,309.8,1491,39.3,114,Medium
H33758,H,301.8,309.9,1418,51.3,116,Medium
M19205,M,301.8,309.8,1546,39.8,121,Medium
L51526,L,301.8,309.7,1598,30.4,124,Medium
H33761,H,301.9,309.8,1724,27.5,126,Medium
L51528,L,301.9,309.8,1507,44.7,131,Medium
L51529,L,301.9,309.7,1595,31.4,133,Medium
M19210,M,301.9,309.7,1568,37.5,135,Medium
L51531,L,301.8,309.6,1432,43.7,138,Medium
L51532,L,301.9,309.7,1424,42.8,140,Medium
M19213,M,302.0,309.7,1386,62.7,142,Critical
L51534,L,302.0,309.8,1456,58.1,145,Medium
H33769,H,302.0,309.8,1280,57.3,147,Critical
L51536,L,302.0,309.8,1649,31.0,152,Medium
L51537,L,302.0,309.9,1407,52.8,154,Medium
H33772,H,302.0,309.9,1606,34.5,156,Medium
M19219,M,302.1,310.0,1531,38.0,161,Medium
L51540,L,302.1,310.1,1543,35.8,164,Medium
M19221,M,302.1,310.1,1379,48.2,166,Critical
L51542,L,302.1,310.1,1447,46.6,169,Medium
H33777,H,302.1,310.1,1844,24.6,171,Medium
H33778,H,302.1,310.1,1615,29.9,176,Medium
L51545,L,302.0,310.0,1449,48.8,181,Critical
L51546,L,302.0,309.9,1388,51.4,183,Critical
H33781,H,302.0,309.9,1447,42.8,185,Critical
L51548,L,302.0,310.0,1664,28.6,190,Critical
H33783,H,302.0,309.9,1735,27.2,192,Critical
L51550,L,302.0,309.9,1308,57.6,197,Critical
L51551,L,302.0,309.8,1480,40.0,199,Critical
M19232,M,301.9,309.6,1439,41.7,201,Critical
M19233,M,301.9,309.7,1533,35.9,204,Critical
L51554,L,302.0,309.7,1551,34.8,207,Critical
L51555,L,302.0,309.7,1414,36.3,209,Critical
M19236,M,301.9,309.6,1551,34.6,211,Critical
M19237,M,301.8,309.6,1436,49.0,214,Critical
M19238,M,301.9,309.6,1385,45.8,217,Critical
M19239,M,301.8,309.5,1732,30.1,220,Critical
L51560,L,301.9,309.6,1410,49.0,223,Critical
L51561,L,301.9,309.6,1446,43.2,225,Critical
L51562,L,301.8,309.5,1525,39.6,227,Critical
L51563,L,301.7,309.5,1298,65.5,229,Critical
L51564,L,301.8,309.6,1443,42.7,231,Critical
L51565,L,301.8,309.7,1442,45.3,233,Critical
L51566,L,301.9,309.7,1719,31.9,0,Healthy
L51567,L,302.0,309.8,1532,39.4,2,Healthy
L51568,L,302.0,309.8,1701,27.2,4,Healthy
M19249,M,302.1,310.0,1355,45.1,6,Critical
M19250,M,302.2,310.1,1421,45.4,9,Healthy
M19251,M,302.2,310.1,1368,51.6,12,Critical
L51572,L,302.2,310.1,1458,45.1,15,Healthy
M19253,M,302.2,310.1,1572,34.6,17,Healthy
L51574,L,302.2,310.0,1483,48.7,20,Healthy
L51575,L,302.3,310.1,1513,40.4,22,Healthy
H33810,H,302.3,310.1,1383,42.9,24,Healthy
L51577,L,302.4,310.2,1539,37.7,29,Healthy
M19258,M,302.3,310.1,1563,37.8,31,Healthy
L51579,L,302.3,310.1,1653,29.7,34,Healthy
L51580,L,302.3,310.1,1353,50.9,36,Critical
H33815,H,302.2,310.0,1468,43.6,38,Healthy
H33816,H,302.3,310.2,1506,33.8,43,Healthy
L51583,L,302.3,310.1,1388,49.9,48,Healthy
M19264,M,302.4,310.2,1485,45.9,50,Healthy
L51585,L,302.4,310.2,1331,45.5,53,Critical
L51586,L,302.5,310.3,1326,58.5,55,Critical
L51587,L,302.3,310.2,1394,55.4,57,Healthy
L51588,L,302.4,310.1,2009,18.9,59,Healthy
M19269,M,302.4,310.1,1358,54.6,61,Critical
L51590,L,302.5,310.2,1586,32.2,64,Healthy
L51591,L,302.5,310.3,1688,31.6,66,Healthy
L51592,L,302.6,310.5,1450,43.2,68,Healthy
M19273,M,302.7,310.5,1398,47.3,70,Healthy
L51594,L,302.7,310.5,1520,39.3,73,Healthy
L51595,L,302.6,310.4,1514,42.7,75,Healthy
M19276,M,302.6,310.4,1532,36.1,77,Healthy
L51597,L,302.6,310.4,1365,66.8,80,Critical
L51598,L,302.6,310.3,1642,33.2,82,Medium
M19279,M,302.6,310.2,2676,10.8,84,Critical
H33834,H,302.6,310.2,1873,21.3,87,Medium
L51601,L,302.6,310.2,1325,62.4,92,Critical
M19282,M,302.6,310.2,2157,17.2,94,Medium
M19283,M,302.6,310.2,1563,39.0,97,Medium
M19284,M,302.6,310.2,1631,31.0,100,Medium
L51605,L,302.5,310.2,1547,36.9,103,Medium
L51606,L,302.6,310.3,1479,40.4,105,Medium
M19287,M,302.4,310.1,1379,48.9,107,Critical
L51608,L,302.4,310.1,1906,21.2,110,Medium
M19289,M,302.3,310.1,1731,33.4,112,Medium
H33844,H,302.3,310.1,1688,30.4,115,Medium
H33845,H,302.3,310.2,1443,54.6,120,Medium
L51612,L,302.4,310.2,1445,46.4,125,Medium
H33847,H,302.4,310.2,1435,44.9,127,Medium
L51614,L,302.4,310.1,1556,32.9,132,Medium
L51615,L,302.3,310.1,1321,52.7,134,Critical
M19296,M,302.4,310.1,1577,35.8,136,Medium
L51617,L,302.4,310.2,1578,31.2,139,Medium
L51618,L,302.4,310.1,1418,52.3,141,Medium
M19299,M,302.4,310.2,1392,55.8,143,Medium
L51620,L,302.5,310.3,1446,44.0,146,Medium
L51621,L,302.5,310.2,1329,50.6,148,Critical
L51622,L,302.5,310.2,1563,34.8,150,Medium
L51623,L,302.5,310.3,1405,57.4,152,Medium
L51624,L,302.4,310.2,2224,16.0,154,Medium
L51625,L,302.5,310.2,1716,29.9,156,Medium
L51626,L,302.5,310.3,1584,35.5,158,Medium
M19307,M,302.5,310.3,1488,41.8,160,Medium
L51628,L,302.4,310.3,1374,51.2,163,Critical
M19309,M,302.4,310.3,1378,54.3,165,Critical
L51630,L,302.5,310.3,1551,37.3,168,Medium
L51631,L,302.5,310.3,1549,40.9,170,Medium
M19312,M,302.5,310.3,1447,39.2,172,Medium
L51633,L,302.4,310.2,1400,53.7,175,Medium
L51634,L,302.4,310.1,1401,48.8,177,Medium
H33869,H,302.4,310.1,1597,28.9,179,Medium
L51636,L,302.3,310.1,1487,46.0,184,Critical
M19317,M,302.5,310.3,1710,27.3,186,Critical
L51638,L,302.6,310.4,1478,47.7,189,Critical
L51639,L,302.6,310.4,1743,26.3,191,Critical
L51640,L,302.6,310.5,1596,32.8,193,Critical
L51641,L,302.7,310.5,1642,30.8,195,Critical
L51642,L,302.7,310.5,1263,67.8,197,Critical
L51643,L,302.8,310.6,2016,19.9,199,Critical
L51644,L,302.8,310.6,1671,30.5,201,Critical
L51645,L,302.8,310.6,1404,43.2,203,Critical
L51646,L,302.8,310.6,1470,41.1,205,Critical
L51647,L,302.8,310.6,1617,37.9,207,Critical
L51648,L,302.7,310.5,1725,29.0,209,Critical
L51649,L,302.7,310.5,1446,40.9,211,Critical
L51650,L,302.7,310.6,1564,34.3,0,Healthy
L51651,L,302.8,310.6,1670,29.1,2,Healthy
L51652,L,302.7,310.6,1501,48.7,4,Healthy
L51653,L,302.7,310.5,1551,35.9,6,Healthy
L51654,L,302.7,310.5,1563,35.0,8,Healthy
L51655,L,302.7,310.5,1351,41.8,10,Critical
L51656,L,302.6,310.4,1415,52.1,12,Healthy
L51657,L,302.6,310.3,1647,34.2,14,Healthy
L51658,L,302.5,310.2,1477,41.6,16,Healthy
L51659,L,302.6,310.2,1923,21.5,18,Healthy
H33894,H,302.7,310.4,1305,55.2,20,Critical
M19341,M,302.6,310.4,1544,35.1,25,Healthy
H33896,H,302.7,310.5,1568,36.9,28,Healthy
L51663,L,302.7,310.4,1489,42.7,33,Healthy
M19344,M,302.6,310.4,1451,43.1,35,Healthy
L51665,L,302.7,310.4,1542,35.7,38,Healthy
M19346,M,302.6,310.5,1965,20.2,40,Healthy
L51667,L,302.5,310.5,1436,36.5,43,Healthy
M19348,M,302.5,310.4,1509,37.6,45,Healthy
L51669,L,302.5,310.4,1487,40.2,48,Healthy
L51670,L,302.5,310.4,1967,20.3,50,Healthy
H33905,H,302.6,310.4,1409,53.3,52,Healthy
M19352,M,302.6,310.5,1420,56.4,57,Healthy
L51673,L,302.7,310.5,1511,37.7,60,Healthy
H33908,H,302.6,310.4,1649,30.1,62,Healthy
L51675,L,302.6,310.4,1359,57.2,67,Critical
M19356,M,302.5,310.4,1605,36.0,69,Healthy
L51677,L,302.5,310.3,1523,36.0,72,Healthy
H33912,H,302.6,310.4,1614,36.0,74,Healthy
H33913,H,302.6,310.3,1721,27.4,79,Healthy
L51680,L,302.6,310.4,1638,36.2,84,Medium
L51681,L,302.5,310.2,1307,54.0,86,Critical
L51682,L,302.4,310.2,1642,28.3,88,Medium
M19363,M,302.5,310.2,1751,30.5,90,Medium
L51684,L,302.4,310.1,1645,31.6,93,Medium
L51685,L,302.4,310.1,1426,46.8,95,Medium
M19366,M,302.4,310.1,1520,36.6,97,Medium
L51687,L,302.4,310.1,1709,31.8,100,Medium
L51688,L,302.4,310.0,1426,46.6,102,Medium
L51689,L,302.4,310.1,1429,43.7,104,Medium
L51690,L,302.4,310.2,1346,62.4,106,Critical
L51691,L,302.5,310.2,1454,43.0,108,Medium
M19372,M,302.5,310.3,1411,49.5,110,Medium
L51693,L,302.4,310.3,1900,24.4,113,Medium
L51694,L,302.4,310.3,1479,36.2,115,Medium
L51695,L,302.5,310.4,1415,48.2,117,Medium
L51696,L,302.5,310.3,1539,39.0,119,Medium
L51697,L,302.4,310.3,1520,31.6,121,Medium
L51698,L,302.4,310.3,1480,45.8,123,Medium
L51699,L,302.4,310.4,1666,29.7,125,Medium
L51700,L,302.4,310.4,1456,47.6,127,Medium
L51701,L,302.4,310.4,1865,23.9,129,Medium
M19382,M,302.5,310.5,1918,21.6,131,Medium
L51703,L,302.5,310.4,1488,48.4,134,Medium
M19384,M,302.5,310.5,1527,38.8,136,Medium
M19385,M,302.4,310.4,1463,42.2,139,Medium
L51706,L,302.4,310.4,1521,38.5,142,Medium
M19387,M,302.4,310.5,1372,45.7,144,Critical
L51708,L,302.5,310.5,1507,39.5,147,Medium
M19389,M,302.4,310.4,1586,34.3,149,Medium
L51710,L,302.5,310.4,1487,42.0,152,Medium
L51711,L,302.5,310.5,1520,41.2,154,Medium
H33946,H,302.5,310.4,1422,41.9,156,Medium
M19393,M,302.4,310.3,1375,52.5,161,Critical
L51714,L,302.4,310.2,1633,28.0,164,Medium
L51715,L,302.4,310.2,1503,36.2,166,Medium
L51716,L,302.4,310.2,1351,45.1,168,Critical
L51717,L,302.3,310.2,1548,35.3,170,Medium
L51718,L,302.4,310.3,1923,23.3,172,Medium
L51719,L,302.5,310.3,1592,32.6,174,Medium
M19400,M,302.5,310.4,1580,35.6,176,Medium
L51721,L,302.5,310.4,1427,46.8,179,Medium
M19402,M,302.5,310.4,1581,32.7,181,Critical
M19403,M,302.6,310.5,1542,39.9,184,Critical
L51724,L,302.5,310.4,1349,55.1,187,Critical
L51725,L,302.5,310.5,1463,43.0,189,Critical
M19406,M,302.5,310.4,1429,43.2,191,Critical
M19407,M,302.5,310.4,1451,53.6,194,Critical
L51728,L,302.6,310.5,1511,37.2,197,Critical
L51729,L,302.6,310.6,1549,37.5,199,Critical
M19410,M,302.5,310.5,1507,40.2,201,Critical
M19411,M,302.6,310.5,1524,33.7,204,Critical
M19412,M,302.7,310.5,1880,22.7,207,Critical
L51733,L,302.6,310.5,1461,45.4,0,Healthy
L51734,L,302.6,310.5,1748,28.2,2,Healthy
L51735,L,302.7,310.6,1690,26.7,4,Healthy
M19416,M,302.7,310.6,1349,51.2,6,Critical
L51737,L,302.7,310.6,1686,26.3,9,Healthy
L51738,L,302.7,310.7,1369,47.5,11,Critical
L51739,L,302.7,310.7,1433,43.7,13,Healthy
L51740,L,302.7,310.7,1597,41.9,15,Healthy
L51741,L,302.9,310.8,1610,32.2,17,Healthy
L51742,L,302.7,310.7,1398,57.7,19,Healthy
L51743,L,302.7,310.7,1977,20.0,21,Healthy
L51744,L,302.8,310.8,1516,39.5,23,Healthy
H33979,H,302.7,310.8,1275,55.0,25,Critical
L51746,L,302.8,310.8,1402,50.5,30,Healthy
M19427,M,302.8,310.8,1451,44.7,32,Healthy
M19428,M,302.7,310.8,1555,36.1,35,Healthy
L51749,L,302.8,310.9,1636,35.0,38,Healthy
L51750,L,302.8,310.9,1312,52.2,40,Critical
L51751,L,302.8,310.9,1708,29.8,42,Healthy
M19432,M,302.9,311.0,1556,36.5,44,Healthy
H33987,H,302.8,311.0,1436,43.5,47,Healthy
M19434,M,302.9,311.0,1402,40.7,52,Healthy
M19435,M,302.9,311.0,1437,49.9,55,Healthy
M19436,M,302.9,311.1,1926,21.8,58,Healthy
L51757,L,303.0,311.2,1800,23.7,61,Healthy
L51758,L,303.0,311.2,1641,32.6,63,Healthy
L51759,L,303.0,311.2,1374,48.2,65,Critical
L51760,L,303.0,311.2,1494,37.0,67,Healthy
L51761,L,303.0,311.2,1601,32.9,69,Healthy
L51762,L,302.9,311.2,1634,36.9,71,Healthy
M19443,M,302.9,311.2,1467,37.7,73,Healthy
L51764,L,302.8,311.1,1550,32.3,76,Healthy
L51765,L,302.8,311.1,1563,32.2,78,Healthy
L51766,L,302.7,310.9,1395,48.3,80,Medium
M19447,M,302.8,311.0,1507,33.4,82,Medium
L51768,L,302.8,311.0,1564,38.5,85,Medium
L51769,L,302.8,311.1,1721,30.0,87,Medium
L51770,L,302.8,311.1,1456,36.1,89,Medium
H34005,H,302.9,311.2,2102,17.8,91,Medium
L51772,L,302.9,311.1,1555,33.9,96,Medium
L51773,L,303.0,311.2,1409,41.9,98,Medium
M19454,M,303.0,311.2,1387,41.4,100,Medium
M19455,M,303.0,311.2,1460,43.9,103,Medium
L51776,L,303.0,311.2,1361,47.6,106,Critical
M19457,M,303.0,311.1,1490,43.0,108,Medium
L51778,L,303.1,311.2,1399,49.2,111,Medium
L51779,L,303.1,311.1,1420,55.8,113,Medium
L51780,L,303.0,311.0,1359,44.2,115,Critical
M19461,M,303.0,311.1,1372,54.3,117,Critical
M19462,M,303.0,311.0,1409,41.7,120,Medium
H34017,H,302.9,311.0,1452,58.3,123,Medium
L51784,L,302.9,311.0,1820,24.6,128,Medium
H34019,H,302.9,311.0,1469,48.7,130,Medium
L51786,L,302.9,311.1,1556,45.3,135,Medium
L51787,L,303.0,311.1,1980,20.2,137,Medium
M19468,M,303.0,311.2,1519,38.0,139,Medium
L51789,L,303.0,311.2,1456,44.0,142,Medium
L51790,L,303.1,311.2,1394,45.3,144,Medium
L51791,L,303.0,311.3,1365,56.2,146,Critical
L51792,L,303.0,311.3,2194,16.5,148,Medium
L51793,L,303.1,311.3,1403,55.6,150,Medium
H34028,H,303.0,311.2,1503,37.0,152,Medium
L51795,L,303.0,311.3,1793,29.3,157,Medium
L51796,L,303.1,311.4,1829,24.5,159,Medium
M19477,M,303.1,311.4,1831,23.3,161,Medium
M19478,M,303.0,311.3,1335,53.6,164,Critical
H34033,H,303.1,311.3,2056,19.7,167,Medium
L51800,L,303.1,311.3,1336,52.6,172,Critical
L51801,L,303.0,311.2,1341,51.0,174,Critical
M19482,M,303.0,311.1,1526,37.3,176,Medium
L51803,L,303.0,311.1,1525,40.7,179,Medium
M19484,M,303.0,311.1,1428,39.8,181,Critical
L51805,L,303.0,311.2,1511,45.7,184,Critical
L51806,L,303.0,311.2,1664,29.8,186,Critical
M19487,M,303.0,311.2,1592,38.9,188,Critical
M19488,M,303.0,311.1,1597,36.7,191,Critical
L51809,L,303.0,311.2,1735,26.1,194,Critical
L51810,L,302.9,311.2,1751,23.8,196,Critical
L51811,L,303.0,311.2,1383,44.6,198,Critical
M19492,M,302.9,311.2,1330,53.7,200,Critical
L51813,L,303.0,311.2,1382,50.5,203,Critical
L51814,L,303.0,311.2,1755,30.4,205,Critical
M19495,M,303.0,311.2,1614,35.7,207,Critical
L51816,L,303.0,311.3,1466,43.0,210,Critical
M19497,M,303.1,311.3,1847,24.7,212,Critical
L51818,L,303.1,311.3,1474,34.8,215,Critical
L51819,L,303.1,311.3,1657,31.8,217,Critical
L51820,L,303.1,311.2,1435,40.1,219,Critical
H34055,H,303.1,311.3,1494,42.7,221,Critical
L51822,L,303.2,311.4,1238,54.6,226,Critical
L51823,L,303.2,311.4,1324,54.2,228,Critical
L51824,L,303.2,311.4,1514,41.2,230,Critical
L51825,L,303.3,311.4,1732,25.6,232,Critical
L51826,L,303.3,311.4,1497,46.0,234,Critical
L51827,L,303.3,311.4,1958,21.5,0,Healthy
L51828,L,303.3,311.4,1630,32.5,2,Healthy
M19509,M,303.3,311.4,1395,59.1,4,Healthy
L51830,L,303.3,311.4,1658,30.5,7,Healthy
L51831,L,303.2,311.4,1349,51.1,9,Critical
L51832,L,303.1,311.2,1452,52.9,11,Healthy
M19513,M,303.1,311.1,1594,35.5,13,Healthy
M19514,M,303.1,311.0,1510,47.6,16,Healthy
L51835,L,303.1,311.1,1854,22.6,19,Healthy
L51836,L,303.1,311.2,1626,32.3,21,Healthy
L51837,L,303.1,311.2,1628,35.2,23,Healthy
L51838,L,303.1,311.2,1679,34.8,25,Healthy
M19519,M,303.1,311.2,1489,44.5,27,Healthy
L51840,L,303.2,311.2,1439,43.9,30,Healthy
L51841,L,303.3,311.3,1350,48.1,32,Critical
H34076,H,303.3,311.2,1607,31.7,34,Healthy
L51843,L,303.3,311.3,1389,53.9,39,Healthy
M19524,M,303.3,311.3,1566,46.1,41,Healthy
M19525,M,303.4,311.4,1307,54.0,44,Critical
M19526,M,303.3,311.5,1569,36.6,47,Healthy
H34081,H,303.3,311.4,1651,30.6,50,Healthy
H34082,H,303.3,311.4,1692,27.9,55,Healthy
M19529,M,303.3,311.5,1373,47.3,60,Critical
L51850,L,303.2,311.4,1610,35.5,63,Healthy
L51851,L,303.3,311.4,1511,43.4,65,Healthy
L51852,L,303.3,311.5,1412,55.6,67,Healthy
L51853,L,303.4,311.5,1501,36.2,69,Healthy
L51854,L,303.4,311.5,1414,44.8,71,Healthy
H34089,H,303.5,311.5,1629,33.5,73,Healthy
L51856,L,303.4,311.5,1879,21.3,78,Healthy
H34091,H,303.5,311.6,1466,47.0,80,Medium
H34092,H,303.6,311.7,1476,40.1,85,Medium
L51859,L,303.6,311.8,1695,30.7,90,Medium
L51860,L,303.6,311.7,1491,39.8,92,Medium
M19541,M,303.6,311.8,1659,34.7,94,Medium
L51862,L,303.6,311.8,1567,31.7,97,Medium
L51863,L,303.6,311.8,1736,32.9,99,Medium
M19544,M,303.6,311.8,1421,44.8,101,Critical
M19545,M,303.6,311.8,1627,30.8,104,Medium
M19546,M,303.5,311.6,1562,34.2,107,Medium
L51867,L,303.5,311.6,2183,17.0,110,Medium
L51868,L,303.5,311.6,1577,38.1,112,Medium
M19549,M,303.4,311.5,1560,36.4,114,Medium
M19550,M,303.4,311.5,1483,43.0,117,Medium
L51871,L,303.5,311.5,1535,33.3,120,Medium
M19552,M,303.4,311.4,1606,29.6,122,Medium
M19553,M,303.4,311.5,1817,24.7,125,Medium
L51874,L,303.4,311.5,1424,50.8,128,Medium
L51875,L,303.3,311.6,1514,34.7,130,Medium
L51876,L,303.4,311.6,1449,41.7,132,Medium
M19557,M,303.5,311.6,1573,34.0,134,Medium
L51878,L,303.4,311.6,1564,41.9,137,Medium
L51879,L,303.5,311.6,1428,46.2,139,Medium
L51880,L,303.5,311.7,1620,31.0,141,Medium
H34115,H,303.5,311.7,1584,32.7,143,Medium
L51882,L,303.6,311.8,1222,66.8,148,Critical
M19563,M,303.6,311.8,1432,42.5,150,Medium
L51884,L,303.7,311.9,1561,33.3,153,Medium
L51885,L,303.6,311.8,1614,33.2,155,Medium
L51886,L,303.5,311.7,1959,22.3,157,Medium
L51887,L,303.5,311.8,1944,23.5,159,Medium
L51888,L,303.4,311.7,1793,25.8,161,Medium
M19569,M,303.4,311.6,1446,50.0,163,Medium
L51890,L,303.4,311.7,1673,32.2,166,Medium
M19571,M,303.4,311.7,1515,44.2,168,Medium
L51892,L,303.4,311.8,1564,35.9,171,Medium
L51893,L,303.5,311.8,1451,45.2,173,Medium
H34128,H,303.4,311.8,1693,28.3,175,Medium
L51895,L,303.4,311.7,1476,42.3,180,Critical
L51896,L,303.4,311.6,1712,30.1,182,Critical
M19577,M,303.4,311.6,1425,45.4,184,Critical
L51898,L,303.3,311.6,1337,56.8,187,Critical
M19579,M,303.4,311.7,1690,34.9,189,Critical
M19580,M,303.4,311.7,1353,44.1,192,Critical
L51901,L,303.5,311.8,1927,21.9,195,Critical
M19582,M,303.4,311.8,1391,42.7,197,Critical
L51903,L,303.4,311.8,1366,50.9,200,Critical
L51904,L,303.4,311.9,1771,31.6,202,Critical
M19585,M,303.4,311.8,1515,42.6,204,Critical
M19586,M,303.4,311.8,2133,18.3,207,Critical
M19587,M,303.4,311.8,1341,47.0,210,Critical
L51908,L,303.4,311.7,1406,47.1,213,Critical
L51909,L,303.4,311.8,1306,61.0,215,Critical
L51910,L,303.3,311.7,1508,35.5,217,Critical
L51911,L,303.3,311.6,1301,45.1,219,Critical
L51912,L,303.3,311.7,1539,38.5,221,Critical
L51913,L,303.3,311.6,1484,44.6,223,Critical
L51914,L,303.2,311.5,1507,39.2,225,Critical
L51915,L,303.2,311.5,1544,42.5,227,Critical
L51916,L,303.2,311.5,1513,37.9,0,Healthy
M19597,M,303.2,311.5,1336,58.2,2,Critical
M19598,M,303.2,311.4,2102,19.0,5,Healthy
L51919,L,303.2,311.4,1351,53.8,8,Critical
L51920,L,303.3,311.5,1601,35.2,10,Healthy
L51921,L,303.2,311.3,1393,52.9,12,Healthy
L51922,L,303.3,311.3,1592,33.7,14,Healthy
L51923,L,303.3,311.3,1409,51.8,16,Healthy
L51924,L,303.3,311.3,1393,47.4,18,Healthy
H34159,H,303.2,311.2,1475,43.1,20,Healthy
L51926,L,303.2,311.2,1427,45.6,25,Healthy
L51927,L,303.3,311.2,1763,27.3,27,Healthy
L51928,L,303.2,311.2,1363,46.7,29,Critical
L51929,L,303.2,311.2,1404,50.9,31,Healthy
M19610,M,303.2,311.2,1688,31.9,33,Healthy
L51931,L,303.3,311.4,1510,37.3,36,Healthy
H34166,H,303.3,311.3,1502,39.5,38,Healthy
H34167,H,303.2,311.4,1607,36.6,43,Healthy
M19614,M,303.3,311.5,1384,54.8,48,Healthy
L51935,L,303.4,311.7,1295,51.3,51,Critical
H34170,H,303.4,311.7,1991,19.0,53,Healthy
L51937,L,303.4,311.6,1497,42.8,58,Healthy
L51938,L,303.5,311.6,1465,48.7,60,Healthy
L51939,L,303.5,311.6,1361,46.5,62,Critical
L51940,L,303.6,311.7,1546,38.5,64,Healthy
H34175,H,303.7,311.9,1332,52.7,66,Critical
M19622,M,303.7,312.0,2663,11.4,71,Critical
L51943,L,303.7,312.1,1443,45.9,74,Healthy
M19624,M,303.7,312.0,1402,48.6,76,Healthy
L51945,L,303.7,312.0,1892,22.5,79,Healthy
M19626,M,303.6,312.0,1645,35.7,81,Medium
L51947,L,303.6,311.9,1473,50.1,84,Medium
L51948,L,303.6,312.0,1309,52.9,86,Critical
H34183,H,303.6,311.9,1544,37.1,88,Medium
L51950,L,303.5,311.9,1344,49.3,93,Critical
M19631,M,303.6,311.9,1617,36.0,95,Medium
M19632,M,303.6,312.0,1435,37.9,98,Medium
L51953,L,303.6,312.0,1391,50.3,101,Medium
L51954,L,303.6,312.0,1827,23.3,103,Medium
L51955,L,303.5,312.0,1761,25.8,105,Medium
L51956,L,303.5,312.1,1522,36.4,107,Medium
M19637,M,303.5,312.2,1818,23.6,109,Medium
H34192,H,303.6,312.2,1371,54.6,112,Critical
L51959,L,303.7,312.3,1511,38.9,117,Medium
L51960,L,303.7,312.4,1404,46.6,119,Medium
L51961,L,303.7,312.3,1384,45.9,121,Medium
L51962,L,303.8,312.5,1368,52.6,123,Medium
L51963,L,303.7,312.5,1641,36.0,125,Medium
L51964,L,303.9,312.6,1642,32.3,127,Medium
H34199,H,303.9,312.7,1401,50.0,129,Medium
L51966,L,303.8,312.6,1577,41.3,134,Medium
L51967,L,303.7,312.6,1396,44.1,136,Medium
H34202,H,303.7,312.6,1514,35.5,138,Medium
L51969,L,303.8,312.8,1646,35.8,143,Medium
L51970,L,303.8,312.8,1443,40.7,145,Medium
M19651,M,303.7,312.7,1469,48.5,147,Medium
H34206,H,303.7,312.7,1564,40.2,150,Medium
H34207,H,303.6,312.6,1498,40.2,155,Medium
L51974,L,303.6,312.6,1699,27.9,160,Medium
L51975,L,303.6,312.5,1431,49.0,162,Medium
L51976,L,303.5,312.4,1390,47.3,164,Medium
L51977,L,303.5,312.5,1380,46.1,166,Medium
L51978,L,303.5,312.5,1457,46.4,168,Medium
L51979,L,303.5,312.5,1418,42.2,170,Medium
M19660,M,303.5,312.5,1353,51.0,172,Medium
L51981,L,303.5,312.4,1574,32.7,175,Medium
M19662,M,303.5,312.4,1318,54.2,177,Medium
L51983,L,303.6,312.5,1710,31.4,180,Critical
L51984,L,303.7,312.6,1621,38.8,182,Critical
L51985,L,303.6,312.6,1606,33.6,184,Critical
H34220,H,303.6,312.5,1375,54.0,186,Critical
L51987,L,303.5,312.4,1503,36.5,191,Critical
L51988,L,303.5,312.3,1404,48.6,193,Critical
L51989,L,303.4,312.2,1656,32.7,195,Critical
M19670,M,303.4,312.1,1499,39.4,197,Critical
M19671,M,303.4,312.0,1748,28.4,200,Critical
L51992,L,303.4,311.9,1531,37.9,203,Critical
M19673,M,303.3,311.8,1536,40.6,205,Critical
L51994,L,303.4,311.8,1401,53.0,208,Critical
H34229,H,303.4,311.9,1534,33.2,210,Critical
L51996,L,303.4,312.0,1521,35.9,215,Critical
L51997,L,303.5,312.1,1674,30.8,0,Healthy
M19678,M,303.6,312.1,1967,20.9,2,Healthy
L51999,L,303.6,312.2,1696,30.7,5,Healthy
M19680,M,303.6,312.1,1627,32.5,7,Healthy
L52001,L,303.5,311.9,1405,45.6,10,Healthy
L52002,L,303.5,311.9,1565,38.9,12,Healthy
L52003,L,303.5,311.9,1493,38.7,14,Healthy
L52004,L,303.4,311.8,1499,45.0,16,Healthy
L52005,L,303.3,311.8,1692,30.6,18,Healthy
L52006,L,303.4,311.8,2268,15.8,20,Healthy
L52007,L,303.4,311.8,1438,58.9,22,Healthy
L52008,L,303.5,311.9,1515,39.2,24,Healthy
L52009,L,303.4,311.9,1491,38.2,26,Healthy
L52010,L,303.5,312.0,1756,29.7,28,Healthy
L52011,L,303.5,312.0,1366,54.5,30,Critical
L52012,L,303.5,312.0,1436,45.1,32,Healthy
L52013,L,303.4,311.9,1377,41.6,34,Critical
M19694,M,303.4,311.9,1510,42.2,36,Healthy
M19695,M,303.4,311.9,1419,50.9,39,Healthy
L52016,L,303.3,311.8,1315,62.0,42,Critical
H34251,H,303.3,311.8,1806,27.7,44,Healthy
H34252,H,303.3,311.8,1649,29.4,49,Healthy
H34253,H,303.4,311.9,1402,50.0,54,Healthy
L52020,L,303.4,311.9,1298,63.9,59,Critical
M19701,M,303.3,311.8,1441,44.9,61,Healthy
M19702,M,303.3,311.8,1489,49.4,64,Healthy
L52023,L,303.3,311.8,1842,24.5,67,Healthy
M19704,M,303.4,311.8,1316,50.9,69,Critical
M19705,M,303.3,311.8,1583,33.3,72,Healthy
M19706,M,303.3,311.8,1548,33.5,75,Healthy
L52027,L,303.4,311.9,1434,44.6,78,Healthy
H34262,H,303.5,312.0,1397,52.9,80,Medium
M19709,M,303.5,312.0,1475,42.9,85,Medium
L52030,L,303.5,312.0,1441,56.8,88,Medium
L52031,L,303.7,312.1,1363,51.8,90,Critical
L52032,L,303.7,312.2,1619,34.9,92,Medium
L52033,L,303.7,312.2,1487,34.0,94,Medium
L52034,L,303.7,312.2,1568,33.8,96,Medium
L52035,L,303.7,312.3,1375,46.2,98,Medium
M19716,M,303.6,312.3,1698,31.3,100,Medium
L52037,L,303.7,312.3,1606,37.4,103,Medium
L52038,L,303.7,312.3,1349,51.0,105,Medium
L52039,L,303.7,312.4,1535,38.6,107,Medium
M19720,M,303.6,312.4,1504,49.5,109,Medium
L52041,L,303.5,312.3,1946,21.1,112,Medium
L52042,L,303.5,312.1,1326,55.7,114,Medium
M19723,M,303.6,312.3,1915,22.3,116,Medium
L52044,L,303.6,312.3,1451,43.4,119,Medium
M19725,M,303.5,312.3,1624,34.8,121,Medium
L52046,L,303.6,312.4,1781,28.7,124,Medium
L52047,L,303.6,312.5,1345,54.1,126,Medium
L52048,L,303.6,312.4,1418,46.0,128,Medium
L52049,L,303.7,312.4,1718,26.5,130,Medium
M19730,M,303.7,312.4,1631,28.5,132,Medium
L52051,L,303.7,312.4,1513,40.1,135,Medium
L52052,L,303.7,312.4,1316,59.3,137,Medium
M19733,M,303.7,312.4,1474,38.8,139,Medium
L52054,L,303.8,312.5,1619,30.9,142,Medium
L52055,L,303.7,312.4,1702,31.2,144,Medium
M19736,M,303.7,312.4,1540,37.4,146,Medium
M19737,M,303.7,312.4,1546,33.7,149,Medium
L52058,L,303.7,312.4,1348,51.0,152,Medium
H34293,H,303.7,312.5,1520,35.6,154,Medium
M19740,M,303.8,312.6,1527,41.9,159,Medium
M19741,M,303.8,312.6,1406,47.1,162,Medium
L52062,L,303.7,312.5,1462,46.2,165,Medium
M19743,M,303.8,312.6,1684,29.3,167,Medium
H34298,H,303.8,312.5,1655,28.0,170,Medium
H34299,H,303.8,312.5,1748,25.1,175,Medium
L52066,L,303.8,312.5,1372,45.7,180,Critical
L52067,L,303.7,312.5,1481,33.3,182,Critical
L52068,L,303.7,312.4,1512,39.2,184,Critical
L52069,L,303.7,312.5,1632,36.6,186,Critical
L52070,L,303.7,312.4,1525,43.9,188,Critical
M19751,M,303.7,312.3,1756,26.4,190,Critical
L52072,L,303.7,312.3,1922,23.1,193,Critical
M19753,M,303.8,312.5,1448,44.3,195,Critical
H34308,H,303.8,312.5,1447,46.6,198,Critical
M19755,M,303.8,312.4,1597,33.4,203,Critical
M19756,M,303.7,312.4,1642,32.3,206,Critical
H34311,H,303.8,312.5,1525,38.0,209,Critical
H34312,H,303.6,312.4,1460,53.7,214,Critical
L52079,L,303.6,312.3,2168,17.7,219,Critical
L52080,L,303.6,312.4,1388,41.9,221,Critical
M19761,M,303.6,312.3,1630,32.4,223,Critical
L52082,L,303.6,312.3,1616,29.3,226,Critical
L52083,L,303.6,312.4,2232,16.8,0,Healthy
H34318,H,303.6,312.4,1480,50.7,2,Healthy
L52085,L,303.6,312.4,1363,53.1,7,Healthy
H34320,H,303.6,312.4,1436,45.6,9,Healthy
M19767,M,303.6,312.5,1607,33.7,14,Healthy
M19768,M,303.6,312.5,1459,48.2,17,Healthy
L52089,L,303.5,312.4,1481,43.7,20,Healthy
M19770,M,303.5,312.4,1606,31.7,22,Healthy
L52091,L,303.5,312.3,1681,29.8,25,Healthy
L52092,L,303.5,312.2,1511,37.1,27,Healthy
M19773,M,303.5,312.3,1593,35.2,29,Healthy
M19774,M,303.5,312.3,1532,41.7,32,Healthy
H34329,H,303.5,312.3,1386,49.0,35,Healthy
H34330,H,303.4,312.3,1769,27.9,40,Healthy
M19777,M,303.4,312.2,1561,38.2,45,Healthy
L52098,L,303.3,312.2,1457,40.7,48,Healthy
L52099,L,303.3,312.2,1506,40.0,50,Healthy
L52100,L,303.4,312.2,1337,69.4,52,Critical
L52101,L,303.4,312.3,1287,54.8,54,Healthy
M19782,M,303.4,312.2,1615,35.7,56,Healthy
M19783,M,303.4,312.2,1972,23.5,59,Healthy
H34338,H,303.4,312.3,1522,42.1,62,Healthy
L52105,L,303.4,312.3,1680,30.6,67,Healthy
L52106,L,303.4,312.3,1502,36.0,69,Healthy
M19787,M,303.5,312.3,1543,33.3,71,Healthy
L52108,L,303.5,312.3,1584,35.2,74,Healthy
L52109,L,303.5,312.4,1340,44.5,76,Healthy
L52110,L,303.4,312.3,1663,33.9,78,Healthy
M19791,M,303.3,312.1,1693,30.0,80,Medium
L52112,L,303.3,312.1,1418,44.7,83,Medium
H34347,H,303.4,312.2,1554,36.8,85,Medium
L52114,L,303.4,312.2,1580,35.8,90,Medium
L52115,L,303.4,312.3,1479,42.8,92,Medium
L52116,L,303.5,312.4,1284,70.6,94,Critical
L52117,L,303.4,312.3,1540,38.7,96,Medium
M19798,M,303.5,312.4,1606,30.1,98,Medium
L52119,L,303.6,312.5,1286,62.4,101,Medium
L52120,L,303.6,312.6,1502,39.5,103,Medium
M19801,M,303.6,312.7,1699,31.5,105,Medium
L52122,L,303.5,312.6,1602,34.2,108,Medium
H34357,H,303.6,312.6,1436,42.0,110,Medium
M19804,M,303.6,312.7,1765,27.5,115,Medium
L52125,L,303.6,312.7,1418,44.1,118,Medium
M19806,M,303.7,312.7,1669,31.7,120,Medium
L52127,L,303.7,312.7,1395,53.9,123,Medium
M19808,M,303.8,312.7,1500,41.7,125,Medium
M19809,M,303.8,312.7,1555,33.4,128,Medium
M19810,M,303.8,312.7,1919,20.2,131,Medium
L52131,L,303.8,312.7,1596,36.6,134,Medium
M19812,M,303.8,312.7,1374,53.6,136,Medium
L52133,L,303.7,312.5,1670,26.1,139,Medium
L52134,L,303.7,312.6,1702,29.1,141,Medium
M19815,M,303.8,312.5,1366,45.1,143,Medium
M19816,M,303.8,312.5,2344,15.2,146,Medium
M19817,M,303.8,312.6,1768,23.9,149,Medium
L52138,L,303.8,312.5,1523,47.0,152,Medium
L52139,L,303.8,312.6,1735,25.9,154,Medium
L52140,L,303.9,312.7,1339,62.3,156,Medium
L52141,L,303.9,312.7,1800,24.3,158,Medium
M19822,M,304.0,312.7,1456,51.2,160,Medium
L52143,L,303.9,312.7,1789,24.4,163,Medium
L52144,L,303.9,312.7,1602,33.9,165,Medium
M19825,M,303.8,312.7,1364,49.3,167,Medium
L52146,L,303.8,312.6,1793,28.1,170,Medium
L52147,L,303.9,312.6,1426,53.4,172,Medium
M19828,M,303.9,312.7,1485,43.3,174,Medium
L52149,L,303.9,312.7,1528,38.4,177,Medium
L52150,L,303.8,312.6,1565,36.0,179,Medium
L52151,L,303.8,312.7,1838,27.8,181,Critical
H34386,H,303.8,312.6,1811,24.9,183,Critical
L52153,L,303.8,312.7,1461,38.2,188,Critical
L52154,L,303.8,312.7,1414,41.7,190,Critical
L52155,L,303.7,312.7,1426,45.5,192,Critical
L52156,L,303.7,312.7,1359,56.8,194,Critical
L52157,L,303.7,312.7,1540,44.8,196,Critical
L52158,L,303.6,312.7,1429,47.7,198,Critical
M19839,M,303.7,312.7,1612,36.3,200,Critical
M19840,M,303.7,312.8,1685,31.8,203,Critical
M19841,M,303.7,312.8,1558,37.7,206,Critical
L52162,L,303.7,313.0,1811,24.3,209,Critical
L52163,L,303.8,313.1,1869,25.8,211,Critical
L52164,L,303.8,313.1,1256,58.7,213,Critical
M19845,M,303.8,313.0,1789,23.5,215,Critical
L52166,L,303.7,312.9,1502,40.5,0,Healthy
M19847,M,303.7,313.0,1303,54.4,2,Healthy
L52168,L,303.8,313.1,2497,13.0,5,Critical
L52169,L,303.9,313.2,1499,37.4,7,Healthy
L52170,L,303.9,313.2,1393,46.5,9,Healthy
M19851,M,303.9,313.0,1475,41.0,11,Healthy
L52172,L,303.8,312.9,1573,34.6,14,Healthy
L52173,L,303.8,312.9,1819,23.7,16,Healthy
M19854,M,303.5,312.6,1642,29.4,18,Healthy
L52175,L,303.6,312.6,1540,39.8,21,Healthy
M19856,M,303.6,312.8,1400,43.2,23,Healthy
M19857,M,303.6,312.8,2659,11.4,26,Critical
M19858,M,303.6,312.8,1825,25.2,29,Healthy
M19859,M,303.7,312.9,1532,41.3,32,Healthy
L52180,L,303.7,312.8,1832,23.6,35,Healthy
M19861,M,303.6,312.7,2174,17.6,37,Healthy
L52182,L,303.7,312.8,1627,31.7,40,Healthy
L52183,L,303.7,312.8,1437,51.3,42,Healthy
L52184,L,303.7,312.8,1364,46.3,44,Healthy
M19865,M,303.7,312.9,1444,52.7,46,Healthy
M19866,M,303.7,312.8,1366,47.3,49,Healthy
L52187,L,303.8,312.9,1442,48.3,52,Healthy
H34422,H,303.7,312.8,1488,42.8,54,Healthy
L52189,L,303.7,312.8,1523,40.7,59,Healthy
L52190,L,303.7,312.8,1543,38.3,61,Healthy
M19871,M,303.7,312.8,1634,33.8,63,Healthy
M19872,M,303.8,312.9,1815,27.8,66,Healthy
M19873,M,303.8,312.9,1594,35.2,69,Healthy
L52194,L,303.8,313.0,1452,38.6,72,Healthy
L52195,L,303.9,313.0,1759,28.4,74,Healthy
L52196,L,303.9,313.0,1408,47.5,76,Healthy
L52197,L,303.9,313.0,1483,45.0,78,Healthy
M19878,M,303.9,313.0,1620,36.6,80,Medium
M19879,M,304.0,313.1,1466,39.5,83,Medium
L52200,L,304.1,313.1,1556,36.3,86,Medium
L52201,L,304.0,313.0,1350,61.1,88,Medium
L52202,L,304.0,313.1,1404,47.1,90,Medium
M19883,M,304.0,313.0,1575,34.5,92,Medium
L52204,L,303.9,313.1,1639,29.0,95,Medium
M19885,M,303.9,313.1,1473,42.8,97,Medium
L52206,L,303.9,313.2,1481,40.0,100,Medium
L52207,L,304.0,313.3,1294,54.6,102,Medium
M19888,M,303.9,313.2,1630,29.3,104,Medium
M19889,M,303.9,313.2,1624,39.8,107,Medium
M19890,M,303.9,313.1,1437,48.3,110,Medium
M19891,M,303.8,313.0,1514,45.0,113,Medium
M19892,M,304.0,313.1,1694,31.4,116,Medium
L52213,L,304.0,313.1,1564,50.9,119,Medium
M19894,M,303.9,313.1,1514,41.1,121,Medium
M19895,M,304.0,313.2,1500,40.6,124,Medium
L52216,L,304.0,313.2,1615,37.8,127,Medium
M19897,M,304.1,313.2,1586,41.1,129,Medium
L52218,L,304.1,313.3,1732,28.5,132,Medium
H34453,H,304.1,313.3,1689,32.5,134,Medium
H34454,H,304.1,313.2,1586,34.6,139,Medium
L52221,L,304.0,313.2,1314,47.1,144,Medium
L52222,L,304.1,313.2,1569,35.8,146,Medium
L52223,L,304.1,313.2,1468,39.4,148,Medium
L52224,L,304.1,313.2,1412,47.5,150,Medium
M19905,M,304.1,313.2,1510,46.9,152,Medium
M19906,M,304.1,313.2,1410,42.4,155,Medium
M19907,M,304.1,313.3,1680,29.3,158,Medium
H34462,H,304.0,313.2,1271,68.6,161,Critical
H34463,H,304.0,313.1,1472,45.5,166,Medium
H34464,H,304.0,313.0,1701,30.4,171,Medium
L52231,L,303.9,313.0,1480,39.9,176,Medium
L52232,L,303.9,313.0,1433,48.4,178,Medium
L52233,L,303.8,312.9,1514,34.3,180,Critical
L52234,L,303.8,312.9,1619,35.7,182,Critical
H34469,H,303.8,312.9,1378,45.6,184,Critical
M19916,M,303.9,312.9,1430,53.5,189,Critical
L52237,L,303.8,312.9,1367,49.9,192,Critical
L52238,L,303.9,312.9,1526,42.5,194,Critical
L52239,L,303.9,312.8,1419,47.9,196,Critical
L52240,L,304.0,312.8,1542,42.7,198,Critical
L52241,L,304.0,312.9,1363,62.5,200,Critical
L52242,L,304.0,312.9,1313,53.9,202,Critical
H34477,H,304.0,312.9,1495,46.6,0,Healthy
L52244,L,304.0,313.0,1407,42.1,5,Healthy
L52245,L,304.1,313.0,1566,37.2,7,Healthy
L52246,L,304.1,313.1,1550,30.9,9,Healthy
M19927,M,304.2,313.2,1396,50.5,11,Healthy
M19928,M,304.3,313.3,1540,39.0,14,Healthy
M19929,M,304.2,313.2,1380,48.7,17,Healthy
M19930,M,304.2,313.1,1608,31.1,20,Healthy
H34485,H,304.2,313.0,1442,40.9,23,Healthy
L52252,L,304.1,313.0,1408,45.3,28,Healthy
M19933,M,304.0,313.0,1454,46.8,30,Healthy
L52254,L,304.1,313.1,1666,34.6,33,Healthy
L52255,L,304.1,313.2,1366,46.6,35,Healthy
L52256,L,304.2,313.2,1464,44.9,37,Healthy
L52257,L,304.3,313.3,1775,24.9,39,Healthy
M19938,M,304.3,313.4,1482,43.8,41,Healthy
M19939,M,304.2,313.4,1411,54.8,44,Healthy
L52260,L,304.2,313.3,1410,51.6,47,Healthy
M19941,M,304.1,313.3,1494,39.0,49,Healthy
H34496,H,304.1,313.2,1590,43.4,52,Healthy
L52263,L,304.1,313.1,1327,54.1,57,Healthy
L52264,L,304.1,313.1,1969,20.8,59,Healthy
M19945,M,304.0,313.0,1377,56.0,61,Healthy
L52266,L,304.0,313.0,1541,45.9,64,Healthy
M19947,M,304.0,313.0,1685,28.2,66,Healthy
L52268,L,304.0,313.1,1465,41.0,69,Healthy
M19949,M,303.9,313.1,1483,47.2,71,Healthy
M19950,M,303.9,313.2,1570,40.7,74,Healthy
L52271,L,303.9,313.2,1345,48.2,77,Healthy
M19952,M,303.9,313.2,1608,40.6,79,Healthy
M19953,M,304.0,313.3,1415,52.8,82,Medium
M19954,M,304.1,313.5,1470,45.8,85,Medium
M19955,M,304.1,313.5,1428,39.9,88,Medium
H34510,H,304.2,313.5,1627,32.2,91,Medium
L52277,L,304.2,313.4,1457,49.4,96,Medium
L52278,L,304.2,313.4,1475,40.2,98,Medium
L52279,L,304.2,313.5,1438,50.1,100,Medium
M19960,M,304.2,313.5,1437,47.2,102,Medium
M19961,M,304.1,313.4,1518,42.4,105,Medium
M19962,M,304.1,313.5,1587,33.6,108,Medium
L52283,L,304.1,313.4,1399,43.7,111,Medium
L52284,L,304.1,313.5,1469,44.6,113,Medium
L52285,L,304.1,313.4,1374,56.6,115,Medium
L52286,L,304.0,313.3,1519,36.7,117,Medium
L52287,L,303.9,313.2,1540,44.4,119,Medium
L52288,L,303.9,313.3,1394,51.6,121,Medium
M19969,M,304.0,313.4,1389,45.8,123,Medium
M19970,M,304.0,313.5,1732,26.2,126,Medium
L52291,L,304.1,313.6,1556,37.4,129,Medium
M19972,M,304.1,313.6,1441,43.7,131,Medium
L52293,L,304.1,313.6,1382,46.7,134,Medium
M19974,M,304.2,313.8,1481,44.9,136,Medium
M19975,M,304.2,313.7,2113,18.4,139,Medium
L52296,L,304.2,313.8,1401,53.9,142,Medium
L52297,L,304.1,313.6,1611,31.4,144,Medium
M19978,M,304.2,313.6,1512,33.4,146,Medium
L52299,L,304.2,313.6,1411,46.0,149,Medium
M19980,M,304.2,313.6,1424,43.7,151,Medium
L52301,L,304.2,313.6,1469,40.0,154,Medium
H34536,H,304.2,313.5,1684,29.8,156,Medium
M19983,M,304.2,313.5,1532,41.3,161,Medium
M19984,M,304.2,313.5,1557,37.3,164,Medium
M19985,M,304.3,313.5,1416,48.1,167,Medium
L52306,L,304.3,313.5,1802,25.4,170,Medium
M19987,M,304.3,313.5,2245,15.1,172,Medium
L52308,L,304.2,313.4,1434,42.5,175,Medium
M19989,M,304.1,313.3,1725,28.3,177,Medium
L52310,L,304.2,313.3,1668,35.7,180,Critical
L52311,L,304.1,313.3,1452,43.9,182,Critical
L52312,L,304.1,313.3,1415,50.0,184,Critical
L52313,L,304.1,313.2,1824,25.8,186,Critical
L52314,L,304.1,313.3,1438,45.5,188,Critical
L52315,L,304.1,313.3,1883,24.5,190,Critical
L52316,L,304.2,313.4,1735,28.9,192,Critical
L52317,L,304.3,313.5,1464,36.7,194,Critical
M19998,M,304.3,313.6,1489,40.3,196,Critical
M19999,M,304.4,313.6,1510,38.9,199,Critical
M20000,M,304.3,313.6,1585,32.1,202,Critical
L52321,L,304.4,313.7,1509,35.0,205,Critical
L52322,L,304.4,313.6,1568,39.1,0,Healthy
M20003,M,304.3,313.5,1525,42.0,2,Healthy
L52324,L,304.4,313.7,1607,33.5,5,Healthy
L52325,L,304.5,313.7,1670,32.9,7,Healthy
L52326,L,304.4,313.6,1585,38.9,9,Healthy
L52327,L,304.4,313.6,1569,38.4,11,Healthy
L52328,L,304.4,313.6,1507,43.1,13,Healthy
L52329,L,304.3,313.5,1452,41.5,15,Healthy
L52330,L,304.3,313.5,1590,29.8,17,Healthy
L52331,L,304.3,313.6,1409,56.0,19,Healthy
L52332,L,304.3,313.5,2643,12.7,21,Healthy
L52333,L,304.2,313.4,1644,31.7,23,Healthy
L52334,L,304.2,313.4,1568,37.6,25,Healthy
H34569,H,304.2,313.3,1625,37.3,27,Healthy
L52336,L,304.2,313.4,1482,41.4,32,Healthy
H34571,H,304.1,313.3,1397,49.6,34,Healthy
L52338,L,304.1,313.3,1459,50.3,39,Healthy
L52339,L,304.2,313.4,1490,44.0,41,Healthy
L52340,L,304.1,313.2,1434,50.1,43,Healthy
M20021,M,304.1,313.2,2028,18.9,45,Healthy
L52342,L,304.2,313.3,1464,45.9,48,Healthy
M20023,M,304.2,313.4,1713,23.5,50,Healthy
M20024,M,304.3,313.4,1624,32.1,53,Healthy
L52345,L,304.2,313.4,1421,43.4,56,Healthy
H34580,H,304.2,313.5,1546,41.4,58,Healthy
L52347,L,304.2,313.4,1639,32.7,63,Healthy
H34582,H,304.1,313.4,1696,29.6,65,Healthy
L52349,L,304.1,313.3,1470,39.9,70,Healthy
M20030,M,304.1,313.3,1480,38.4,72,Healthy
M20031,M,304.2,313.4,1329,54.5,75,Healthy
L52352,L,304.2,313.4,1740,28.2,78,Healthy
M20033,M,304.2,313.5,1739,28.1,80,Medium
M20034,M,304.2,313.5,1390,47.8,83,Medium
L52355,L,304.2,313.4,1740,23.7,86,Medium
M20036,M,304.0,313.3,1844,27.1,88,Medium
H34591,H,304.0,313.1,1388,53.2,91,Medium
H34592,H,304.0,313.2,1517,43.1,96,Medium
M20039,M,304.0,313.1,1450,42.8,101,Medium
L52360,L,304.0,313.2,1584,38.7,104,Medium
L52361,L,304.0,313.1,1720,28.7,106,Medium
L52362,L,303.9,313.1,1586,31.9,108,Medium
M20043,M,303.9,313.0,1901,22.5,110,Medium
L52364,L,304.0,313.0,1397,42.4,113,Medium
L52365,L,304.0,313.0,2012,21.1,115,Medium
L52366,L,304.0,313.0,2354,15.0,117,Medium
L52367,L,304.0,313.1,1648,35.7,119,Medium
L52368,L,304.0,313.2,1632,30.6,121,Medium
M20049,M,304.1,313.2,1427,46.9,123,Medium
L52370,L,304.1,313.2,1452,48.0,126,Medium
L52371,L,304.0,313.2,1416,46.0,128,Medium
L52372,L,303.9,313.1,1310,62.9,130,Medium
H34607,H,304.0,313.1,1408,39.8,132,Medium
M20054,M,303.9,313.1,1668,34.4,137,Medium
L52375,L,303.9,313.0,1551,36.8,140,Medium
H34610,H,303.9,313.0,1517,36.0,142,Medium
H34611,H,303.8,312.9,1570,35.8,147,Medium
L52378,L,303.8,312.8,1428,53.3,152,Medium
L52379,L,303.8,312.8,1503,40.0,154,Medium
L52380,L,303.8,312.8,1416,58.7,156,Medium
M20061,M,303.7,312.7,1396,47.3,158,Medium
L52382,L,303.7,312.7,1335,51.1,161,Medium
M20063,M,303.7,312.6,1671,30.5,163,Medium
L52384,L,303.7,312.7,1989,22.4,166,Medium
L52385,L,303.7,312.7,1468,43.3,168,Medium
H34620,H,303.7,312.6,1711,27.6,170,Medium
M20067,M,303.8,312.7,1488,41.3,175,Medium
L52388,L,303.8,312.7,1664,29.3,178,Medium
M20069,M,303.8,312.7,1507,38.5,180,Critical
L52390,L,303.7,312.6,1466,42.5,183,Critical
L52391,L,303.7,312.5,1433,53.6,185,Critical
L52392,L,303.7,312.5,1397,45.7,187,Critical
M20073,M,303.7,312.6,1429,43.3,189,Critical
L52394,L,303.7,312.7,1572,37.2,192,Critical
M20075,M,303.7,312.7,1532,42.7,194,Critical
M20076,M,303.7,312.7,1316,51.8,197,Critical
M20077,M,303.8,312.8,1420,47.9,200,Critical
L52398,L,303.8,312.9,1589,37.2,203,Critical
L52399,L,303.8,313.0,1365,59.9,205,Critical
L52400,L,303.8,313.0,1633,32.9,207,Critical
L52401,L,303.9,313.0,1626,31.4,209,Critical
L52402,L,303.9,313.1,1665,29.6,0,Healthy
M20083,M,303.9,313.2,1350,47.2,2,Healthy
L52404,L,303.9,313.2,1590,31.9,5,Healthy
M20085,M,304.0,313.2,1437,53.9,7,Healthy
L52406,L,303.9,313.0,1403,48.3,10,Healthy
L52407,L,303.9,313.1,1440,41.1,12,Healthy
M20088,M,303.9,313.1,1343,61.4,14,Healthy
H34643,H,303.9,313.1,1790,26.7,17,Healthy
M20090,M,303.8,313.1,2117,18.6,22,Healthy
L52411,L,303.8,313.1,1458,42.2,25,Healthy
L52412,L,303.6,312.9,1381,57.8,27,Healthy
L52413,L,303.6,312.9,1450,45.3,29,Healthy
L52414,L,303.7,312.9,1461,50.1,31,Healthy
M20095,M,303.7,312.9,1511,41.0,33,Healthy
L52416,L,303.8,313.1,1394,45.4,36,Healthy
L52417,L,303.8,313.0,1499,42.3,38,Healthy
L52418,L,303.7,313.0,1457,44.1,40,Healthy
L52419,L,303.7,313.0,1753,29.0,42,Healthy
L52420,L,303.7,313.0,1694,28.0,44,Healthy
L52421,L,303.7,313.1,1683,28.4,46,Healthy
L52422,L,303.7,313.1,1496,47.4,48,Healthy
L52423,L,303.7,313.1,1721,34.8,50,Healthy
L52424,L,303.6,313.0,1593,31.6,52,Healthy
L52425,L,303.6,313.0,1575,38.3,54,Healthy
L52426,L,303.5,313.0,1465,41.0,56,Healthy
L52427,L,303.6,313.1,1405,38.3,58,Healthy
M20108,M,303.5,313.0,1902,21.6,60,Healthy
M20109,M,303.4,312.9,1422,39.9,63,Healthy
L52430,L,303.5,312.9,1332,52.9,66,Healthy
M20111,M,303.4,312.9,1307,54.3,68,Healthy
L52432,L,303.5,313.0,1322,59.5,71,Healthy
L52433,L,303.5,313.0,1547,40.3,73,Healthy
L52434,L,303.5,313.1,1897,23.6,75,Healthy
M20115,M,303.5,313.0,1403,51.9,77,Healthy
L52436,L,303.5,313.0,1393,51.6,80,Medium
L52437,L,303.5,313.0,1482,38.5,82,Medium
M20118,M,303.5,312.9,1572,44.7,84,Medium
L52439,L,303.5,312.9,1544,36.9,87,Medium
M20120,M,303.5,313.0,1492,46.1,89,Medium
L52441,L,303.4,312.8,1513,35.8,92,Medium
L52442,L,303.4,312.8,1449,43.9,94,Medium
L52443,L,303.5,312.8,1877,22.3,96,Medium
L52444,L,303.4,312.8,1376,53.4,98,Medium
M20125,M,303.5,312.9,1883,23.3,100,Medium
M20126,M,303.4,312.8,1518,38.7,103,Medium
M20127,M,303.5,312.9,1438,42.8,106,Medium
L52448,L,303.4,312.9,1389,54.1,109,Medium
L52449,L,303.5,312.9,1504,44.8,111,Medium
L52450,L,303.5,312.9,1275,64.4,113,Medium
L52451,L,303.6,313.0,1534,39.7,115,Medium
M20132,M,303.6,313.0,1396,38.2,117,Medium
L52453,L,303.6,313.1,1395,44.1,120,Medium
L52454,L,303.6,313.0,1617,30.9,122,Medium
L52455,L,303.7,313.1,1423,41.2,124,Medium
L52456,L,303.5,313.0,1606,34.0,126,Medium
L52457,L,303.5,312.9,1501,44.0,128,Medium
M20138,M,303.5,312.9,1618,30.4,130,Medium
L52459,L,303.6,313.0,1522,35.8,133,Medium
L52460,L,303.6,312.9,1480,41.4,135,Medium
M20141,M,303.7,313.0,1469,39.9,137,Medium
H34696,H,303.8,313.2,1381,52.4,140,Medium
L52463,L,303.8,313.2,1525,41.9,145,Medium
M20144,M,303.8,313.2,1732,29.6,147,Medium
L52465,L,303.8,313.1,1523,39.8,150,Medium
L52466,L,303.8,313.1,1422,42.4,152,Medium
H34701,H,303.8,313.2,1506,46.9,154,Medium
L52468,L,303.8,313.2,1531,39.4,159,Medium
M20149,M,303.9,313.3,1507,34.3,161,Medium
L52470,L,303.9,313.3,1526,40.7,164,Medium
L52471,L,303.8,313.3,1406,52.1,166,Medium
M20152,M,303.9,313.3,1567,35.0,168,Medium
M20153,M,303.9,313.4,1464,49.1,171,Medium
L52474,L,303.9,313.4,1442,48.5,174,Medium
L52475,L,303.8,313.2,1336,47.8,176,Medium
H34710,H,303.8,313.2,1379,50.2,178,Medium
L52477,L,303.7,313.1,1406,48.6,183,Critical
M20158,M,303.7,313.1,2130,18.1,185,Critical
L52479,L,303.7,313.1,1355,49.1,188,Critical
M20160,M,303.8,313.2,1710,26.5,190,Critical
L52481,L,303.8,313.1,1309,55.8,193,Critical
L52482,L,303.9,313.1,1491,37.2,195,Critical
L52483,L,303.9,313.2,1481,44.1,197,Critical
L52484,L,303.9,313.1,1425,49.3,199,Critical
H34719,H,303.9,313.2,1680,29.1,201,Critical
H34720,H,304.0,313.2,1612,31.7,206,Critical
L52487,L,304.0,313.3,1530,34.8,211,Critical
L52488,L,304.0,313.2,1481,42.6,213,Critical
M20169,M,303.9,313.2,1422,48.0,215,Critical
L52490,L,303.8,313.0,1427,43.0,0,Healthy
H34725,H,303.7,312.9,1460,49.8,2,Healthy
L52492,L,303.6,312.9,1873,23.5,7,Healthy
M20173,M,303.7,312.9,1566,32.6,9,Healthy
L52494,L,303.6,312.8,1701,30.8,12,Healthy
L52495,L,303.6,312.8,1710,27.2,14,Healthy
M20176,M,303.6,312.8,1689,33.1,16,Healthy
L52497,L,303.6,312.7,1637,32.9,19,Healthy
L52498,L,303.5,312.6,1496,39.0,21,Healthy
M20179,M,303.5,312.7,1402,47.0,23,Healthy
L52500,L,303.4,312.7,1363,45.5,26,Healthy
M20181,M,303.4,312.7,1576,49.9,28,Healthy
M20182,M,303.4,312.7,1357,55.3,31,Healthy
M20183,M,303.4,312.7,1399,48.4,34,Healthy
M20184,M,303.4,312.8,1526,30.8,37,Healthy
L52505,L,303.5,312.7,1694,27.3,40,Healthy
M20186,M,303.5,312.7,1420,49.1,42,Healthy
M20187,M,303.5,312.7,2116,16.7,45,Healthy
M20188,M,303.7,312.9,1406,41.9,48,Healthy
L52509,L,303.7,313.0,1456,45.5,51,Healthy
L52510,L,303.6,312.9,1588,31.9,53,Healthy
L52511,L,303.7,312.8,1448,44.5,55,Healthy
H34746,H,303.6,312.7,1403,46.2,57,Healthy
M20193,M,303.5,312.6,1405,51.6,62,Healthy
M20194,M,303.4,312.6,2706,9.8,65,Critical
M20195,M,303.3,312.4,1505,38.9,68,Healthy
L52516,L,303.2,312.4,1663,33.7,71,Healthy
M20197,M,303.3,312.6,1482,44.4,73,Healthy
M20198,M,303.3,312.5,1674,32.7,76,Healthy
M20199,M,303.4,312.7,1594,32.8,79,Healthy
L52520,L,303.5,312.7,1393,49.3,82,Medium
H34755,H,303.5,312.8,1404,55.8,84,Medium
M20202,M,303.5,312.8,1375,45.7,89,Medium
L52523,L,303.5,312.8,1607,38.4,92,Medium
L52524,L,303.4,312.8,1360,50.8,94,Medium
L52525,L,303.5,312.8,1524,39.4,96,Medium
L52526,L,303.4,312.7,1534,35.5,98,Medium
L52527,L,303.3,312.7,1262,63.8,100,Medium
L52528,L,303.3,312.6,1623,34.6,102,Medium
M20209,M,303.3,312.7,1642,33.6,104,Medium
M20210,M,303.4,312.8,1622,35.1,107,Medium
M20211,M,303.5,312.9,1530,34.5,110,Medium
M20212,M,303.4,312.8,1590,36.3,113,Medium
L52533,L,303.4,312.7,1589,34.0,116,Medium
L52534,L,303.4,312.6,1462,37.5,118,Medium
H34769,H,303.3,312.5,1328,49.8,120,Medium
H34770,H,303.3,312.6,1692,29.0,125,Medium
L52537,L,303.3,312.5,1968,20.6,130,Medium
H34772,H,303.3,312.6,1827,24.2,132,Medium
M20219,M,303.3,312.6,1397,47.1,137,Medium
L52540,L,303.3,312.6,1463,44.0,140,Medium
L52541,L,303.3,312.7,1643,30.7,142,Medium
L52542,L,303.2,312.6,1281,57.0,144,Medium
L52543,L,303.2,312.5,1518,39.9,146,Medium
L52544,L,303.2,312.6,1601,35.3,148,Medium
L52545,L,303.1,312.6,1548,36.4,150,Medium
H34780,H,303.1,312.6,1404,40.6,152,Medium
M20227,M,303.1,312.5,1766,26.7,157,Medium
M20228,M,303.1,312.5,1667,30.0,160,Medium
H34783,H,303.0,312.5,1507,37.9,163,Medium
H34784,H,303.0,312.4,1627,37.1,168,Medium
L52551,L,302.9,312.3,1435,47.7,173,Medium
H34786,H,302.9,312.3,1509,46.8,175,Medium
M20233,M,302.9,312.3,1809,25.0,180,Critical
L52554,L,302.9,312.3,1515,40.8,183,Critical
L52555,L,302.9,312.3,1530,34.9,185,Critical
H34790,H,302.8,312.3,1336,57.5,187,Critical
L52557,L,302.9,312.4,2030,19.1,192,Critical
L52558,L,302.9,312.4,1550,36.9,194,Critical
L52559,L,302.9,312.4,1446,41.7,196,Critical
L52560,L,302.8,312.3,1494,37.5,198,Critical
L52561,L,302.8,312.4,1651,27.0,200,Critical
L52562,L,302.9,312.4,1698,33.8,202,Critical
L52563,L,302.8,312.3,1504,40.3,204,Critical
M20244,M,302.9,312.4,1421,46.0,206,Critical
H34799,H,302.9,312.3,1754,26.9,209,Critical
L52566,L,302.9,312.2,1469,42.0,214,Critical
L52567,L,302.8,312.2,1433,50.0,216,Critical
M20248,M,302.8,312.3,1432,49.0,218,Critical
L52569,L,302.8,312.3,1366,49.1,221,Critical
H34804,H,302.8,312.3,1483,47.2,223,Critical
L52571,L,302.7,312.2,1572,34.4,228,Critical
L52572,L,302.8,312.2,1481,40.2,230,Critical
L52573,L,302.8,312.3,1473,42.6,232,Critical
M20254,M,302.8,312.3,1262,70.5,234,Critical
L52575,L,302.8,312.4,1529,36.8,237,Critical
L52576,L,302.8,312.4,1523,39.7,239,Critical
M20257,M,302.8,312.3,1416,42.7,241,Critical
L52578,L,302.9,312.4,1923,23.9,244,Critical
H34813,H,302.8,312.4,1411,53.8,246,Critical
L52580,L,302.7,312.4,1477,46.3,251,Critical
M20261,M,302.6,312.3,1454,54.8,253,Critical
L52582,L,302.7,312.3,1421,48.5,0,Healthy
L52583,L,302.7,312.3,1858,25.4,2,Healthy
H34818,H,302.8,312.5,1422,46.1,4,Healthy
L52585,L,302.7,312.4,1444,48.7,9,Healthy
L52586,L,302.7,312.4,1360,47.8,11,Healthy
L52587,L,302.7,312.4,1954,24.8,13,Healthy
L52588,L,302.6,312.4,1628,33.0,15,Healthy
L52589,L,302.7,312.4,1433,44.2,17,Healthy
M20270,M,302.7,312.5,1417,51.5,19,Healthy
L52591,L,302.8,312.6,1462,39.4,22,Healthy
L52592,L,302.9,312.6,1328,59.9,24,Healthy
H34827,H,302.7,312.5,1527,36.4,26,Healthy
L52594,L,302.6,312.3,1534,34.3,31,Healthy
M20275,M,302.6,312.4,1410,50.3,33,Healthy
L52596,L,302.6,312.3,1660,30.3,36,Healthy
L52597,L,302.6,312.4,1386,45.8,38,Healthy
L52598,L,302.6,312.4,1398,41.6,40,Healthy
L52599,L,302.6,312.3,1321,53.4,42,Healthy
L52600,L,302.6,312.3,1512,34.2,44,Healthy
M20281,M,302.6,312.3,1566,36.6,46,Healthy
M20282,M,302.7,312.4,1422,44.5,49,Healthy
L52603,L,302.6,312.3,1647,31.8,52,Healthy
L52604,L,302.6,312.2,1377,45.5,54,Healthy
L52605,L,302.5,312.2,1775,27.9,56,Healthy
L52606,L,302.6,312.3,1554,42.0,58,Healthy
L52607,L,302.7,312.4,1423,51.9,60,Healthy
L52608,L,302.7,312.4,1453,47.3,62,Healthy
L52609,L,302.8,312.4,1590,34.4,64,Healthy
L52610,L,302.8,312.5,1694,28.4,66,Healthy
L52611,L,302.8,312.5,1462,43.4,68,Healthy
L52612,L,302.8,312.4,1392,46.2,70,Healthy
L52613,L,302.9,312.5,1550,45.5,72,Healthy
L52614,L,302.9,312.5,1629,30.4,74,Healthy
M20295,M,303.0,312.5,1524,42.1,76,Healthy
M20296,M,302.9,312.5,1679,30.9,79,Healthy
M20297,M,302.9,312.6,1394,46.4,82,Medium
L52618,L,302.9,312.5,1683,32.1,85,Medium
L52619,L,303.0,312.5,1626,30.5,87,Medium
H34854,H,303.0,312.5,1698,30.0,89,Medium
M20301,M,303.0,312.6,1392,42.9,94,Medium
L52622,L,303.1,312.7,1353,51.8,97,Medium
M20303,M,303.0,312.7,1426,46.8,99,Medium
L52624,L,303.0,312.7,2024,19.9,102,Medium
M20305,M,303.0,312.8,1648,32.1,104,Medium
L52626,L,303.1,312.9,1511,40.1,107,Medium
L52627,L,303.1,312.8,1465,44.1,109,Medium
L52628,L,303.0,312.7,1551,41.8,111,Medium
L52629,L,303.1,312.8,2329,15.1,113,Medium
H34864,H,303.1,312.8,1435,41.9,115,Medium
L52631,L,303.0,312.7,1361,48.8,120,Medium
M20312,M,303.0,312.7,1553,35.8,122,Medium
L52633,L,303.0,312.6,1451,42.1,125,Medium
L52634,L,303.0,312.5,1461,40.2,127,Medium
M20315,M,303.1,312.6,1895,23.5,129,Medium
M20316,M,303.1,312.6,1567,32.9,132,Medium
M20317,M,303.0,312.5,1602,33.7,135,Medium
L52638,L,303.1,312.6,1514,42.1,138,Medium
L52639,L,303.1,312.5,1453,49.1,140,Medium
M20320,M,303.0,312.4,1526,36.1,142,Medium
M20321,M,302.9,312.3,1339,52.1,145,Medium
L52642,L,302.9,312.3,1889,22.8,148,Medium
L52643,L,302.9,312.4,1561,34.8,150,Medium
M20324,M,302.9,312.4,1659,33.1,152,Medium
L52645,L,302.9,312.4,1424,49.5,155,Medium
M20326,M,302.9,312.3,1426,44.7,157,Medium
L52647,L,302.9,312.4,1383,51.4,160,Medium
L52648,L,302.8,312.3,1764,29.9,162,Medium
M20329,M,302.7,312.2,1439,42.5,164,Medium
M20330,M,302.7,312.2,1585,35.5,167,Medium
L52651,L,302.7,312.3,1346,61.2,170,Medium
L52652,L,302.8,312.3,1386,57.8,172,Medium
L52653,L,302.7,312.2,1369,51.8,174,Medium
M20334,M,302.7,312.1,1378,46.9,176,Medium
L52655,L,302.7,312.2,1336,46.8,179,Medium
M20336,M,302.6,312.1,1445,42.0,181,Critical
L52657,L,302.7,312.1,1763,26.5,184,Critical
L52658,L,302.7,312.2,1611,34.1,186,Critical
M20339,M,302.7,312.1,1564,32.1,188,Critical
H34894,H,302.7,312.1,1478,36.0,191,Critical
L52661,L,302.6,312.0,1781,28.5,196,Critical
L52662,L,302.6,312.1,1782,26.8,198,Critical
M20343,M,302.6,312.1,2000,21.9,200,Critical
M20344,M,302.5,312.0,1826,25.3,203,Critical
L52665,L,302.6,312.1,1344,51.0,206,Critical
L52666,L,302.6,312.2,1520,43.0,208,Critical
M20347,M,302.6,312.1,1611,39.9,210,Critical
L52668,L,302.7,312.2,1450,52.1,213,Critical
L52669,L,302.6,312.1,1499,35.0,215,Critical
L52670,L,302.6,312.1,1288,68.5,0,Critical
M20351,M,302.7,312.2,1350,58.6,2,Healthy
M20352,M,302.9,312.4,1334,50.9,5,Healthy
L52673,L,302.8,312.4,1376,57.1,8,Healthy
L52674,L,302.8,312.4,1368,49.5,10,Healthy
H34909,H,302.9,312.5,1357,55.0,12,Healthy
M20356,M,302.9,312.5,1924,24.0,17,Healthy
M20357,M,302.9,312.5,1551,40.0,20,Healthy
M20358,M,302.9,312.5,1903,21.2,23,Healthy
H34913,H,302.9,312.3,1417,48.7,26,Healthy
L52680,L,302.7,312.1,1601,35.2,31,Healthy
L52681,L,302.7,312.1,1543,37.5,33,Healthy
L52682,L,302.6,312.1,1439,52.3,35,Healthy
H34917,H,302.6,312.0,1657,29.3,37,Healthy
L52684,L,302.8,312.2,1458,51.0,42,Healthy
L52685,L,302.8,312.2,1746,27.4,44,Healthy
L52686,L,302.9,312.2,1677,30.5,46,Healthy
L52687,L,302.8,312.1,1520,39.9,48,Healthy
L52688,L,302.9,312.2,1367,55.1,50,Healthy
L52689,L,302.8,312.2,1509,36.5,52,Healthy
L52690,L,302.8,312.1,1418,51.4,54,Healthy
L52691,L,302.8,312.1,1958,20.3,56,Healthy
L52692,L,302.8,312.2,1682,30.9,58,Healthy
M20373,M,302.8,312.2,1452,50.3,60,Healthy
L52694,L,302.7,312.0,1828,24.0,63,Healthy
H34929,H,302.7,312.0,1484,41.5,65,Healthy
L52696,L,302.6,312.0,1674,32.2,70,Healthy
L52697,L,302.6,311.9,1448,49.5,72,Healthy
M20378,M,302.5,311.8,2023,19.1,74,Healthy
L52699,L,302.5,311.9,1452,47.4,77,Healthy
M20380,M,302.6,312.0,1496,45.0,79,Healthy
L52701,L,302.6,311.9,1397,46.9,82,Medium
L52702,L,302.6,311.9,1453,39.1,84,Medium
M20383,M,302.5,311.9,1524,34.8,86,Medium
L52704,L,302.6,311.9,1633,30.9,89,Medium
M20385,M,302.6,312.0,1363,45.7,91,Medium
L52706,L,302.5,311.9,1520,44.9,94,Medium
M20387,M,302.5,311.9,1532,38.8,96,Medium
L52708,L,302.4,311.8,1384,50.9,99,Medium
M20389,M,302.4,311.8,1539,39.9,101,Medium
M20390,M,302.3,311.8,1355,50.1,104,Medium
M20391,M,302.3,311.7,1504,37.3,107,Medium
L52712,L,302.4,311.8,1476,46.6,110,Medium
L52713,L,302.4,311.7,1721,26.9,112,Medium
M20394,M,302.3,311.7,1494,37.1,114,Medium
L52715,L,302.3,311.7,1465,43.5,117,Medium
M20396,M,302.3,311.8,1363,54.0,119,Critical
L52717,L,302.4,311.8,1648,30.0,122,Medium
M20398,M,302.3,311.8,1879,23.0,124,Medium
H34953,H,302.3,311.7,1482,39.0,127,Medium
L52720,L,302.4,311.8,1493,38.4,132,Medium
L52721,L,302.4,311.8,1433,42.2,134,Medium
L52722,L,302.3,311.7,1400,41.6,136,Medium
L52723,L,302.4,311.8,1255,59.0,138,Medium
L52724,L,302.2,311.7,1471,45.6,140,Medium
H34959,H,302.2,311.6,1357,44.2,142,Medium
L52726,L,302.3,311.7,1453,41.2,147,Medium
M20407,M,302.3,311.7,1540,28.9,149,Medium
L52728,L,302.3,311.8,1605,35.2,152,Medium
H34963,H,302.3,311.9,1374,52.4,154,Medium
M20410,M,302.3,311.9,1508,42.3,159,Medium
H34965,H,302.4,311.9,1366,47.3,162,Medium
H34966,H,302.5,312.0,1579,35.7,167,Medium
L52733,L,302.5,311.9,1306,59.7,172,Medium
M20414,M,302.5,312.0,1521,40.2,174,Medium
L52735,L,302.5,312.0,1411,44.2,177,Medium
H34970,H,302.5,312.0,1357,42.0,179,Medium
M20417,M,302.5,312.0,1436,43.5,184,Critical
L52738,L,302.5,311.9,1553,40.1,187,Critical
M20419,M,302.5,312.0,1451,43.2,189,Critical
L52740,L,302.4,311.9,1541,37.9,192,Critical
M20421,M,302.3,311.7,1341,46.3,194,Critical
L52742,L,302.3,311.7,1648,32.1,197,Critical
M20423,M,302.3,311.7,1640,31.5,199,Critical
L52744,L,302.4,311.8,1416,46.1,202,Critical
L52745,L,302.4,311.9,1671,29.9,204,Critical
L52746,L,302.4,312.0,1457,45.5,206,Critical
M20427,M,302.5,312.0,1445,54.8,0,Healthy
L52748,L,302.5,312.1,1534,38.6,3,Healthy
L52749,L,302.4,312.0,1508,36.9,5,Healthy
M20430,M,302.4,312.1,1492,47.7,7,Healthy
L52751,L,302.4,312.0,1562,37.9,10,Healthy
L52752,L,302.4,312.0,1545,36.4,12,Healthy
L52753,L,302.5,312.2,1738,25.3,14,Healthy
L52754,L,302.4,312.0,1305,49.1,16,Healthy
H34989,H,302.4,312.0,1477,39.7,18,Healthy
H34990,H,302.4,312.0,1457,43.4,23,Healthy
L52757,L,302.4,312.1,1455,40.4,28,Healthy
L52758,L,302.5,312.2,1574,38.7,30,Healthy
L52759,L,302.6,312.2,1695,27.1,32,Healthy
M20440,M,302.6,312.2,1458,38.8,34,Healthy
M20441,M,302.5,312.1,1454,47.6,37,Healthy
L52762,L,302.5,312.0,2052,18.9,40,Healthy
L52763,L,302.5,312.0,1673,29.9,42,Healthy
L52764,L,302.4,311.9,1578,29.9,44,Healthy
M20445,M,302.5,312.0,1642,29.1,46,Healthy
M20446,M,302.4,311.8,1557,31.5,49,Healthy
L52767,L,302.5,311.9,1481,42.9,52,Healthy
M20448,M,302.5,311.8,1566,37.6,54,Healthy
M20449,M,302.5,311.9,1298,57.5,57,Healthy
M20450,M,302.5,311.9,1340,59.4,60,Healthy
L52771,L,302.5,312.0,1574,33.8,63,Healthy
L52772,L,302.5,311.9,1437,46.7,65,Healthy
L52773,L,302.6,311.9,1354,48.0,67,Healthy
L52774,L,302.6,311.9,1598,35.5,69,Healthy
M20455,M,302.7,312.0,1944,21.4,71,Healthy
M20456,M,302.7,312.0,1538,36.7,74,Healthy
L52777,L,302.7,312.0,1501,37.0,77,Healthy
L52778,L,302.8,312.1,1441,52.1,79,Healthy
M20459,M,302.7,312.0,1652,31.0,81,Medium
L52780,L,302.8,312.1,1487,36.6,84,Medium
L52781,L,302.9,312.2,1605,33.9,86,Medium
L52782,L,302.9,312.1,1334,54.7,88,Medium
L52783,L,302.9,312.2,1340,57.8,90,Medium
L52784,L,302.9,312.2,1513,37.8,92,Medium
L52785,L,302.9,312.2,1510,41.4,94,Medium
L52786,L,302.9,312.2,1729,23.6,96,Medium
M20467,M,302.9,312.2,1745,25.5,98,Medium
M20468,M,303.1,312.3,1623,31.6,101,Medium
M20469,M,303.1,312.4,1378,50.1,104,Medium
L52790,L,303.1,312.4,1407,41.2,107,Medium
M20471,M,303.0,312.3,1674,29.5,109,Medium
L52792,L,303.0,312.3,1486,42.4,112,Medium
M20473,M,303.0,312.3,1483,38.8,114,Medium
H35028,H,303.0,312.2,1624,28.8,117,Medium
M20475,M,303.0,312.2,1257,71.3,122,Critical
L52796,L,303.0,312.3,1480,41.4,125,Medium
L52797,L,303.1,312.4,1404,61.5,127,Critical
M20478,M,303.0,312.4,1645,29.6,129,Medium
L52799,L,303.0,312.3,1932,21.9,132,Medium
L52800,L,303.0,312.3,1533,38.5,134,Medium
M20481,M,302.9,312.2,1292,54.4,136,Medium
L52802,L,302.9,312.2,1571,40.6,139,Medium
L52803,L,302.9,312.3,1578,36.3,141,Medium
M20484,M,302.8,312.2,1469,36.9,143,Medium
L52805,L,302.7,312.1,1728,24.4,146,Medium
H35040,H,302.7,312.1,1603,32.5,148,Medium
L52807,L,302.7,312.1,1597,39.8,153,Medium
L52808,L,302.7,312.1,1688,32.0,155,Medium
L52809,L,302.7,312.2,1405,51.4,157,Medium
M20490,M,302.8,312.2,1615,32.9,159,Medium
L52811,L,302.8,312.2,1515,36.8,162,Medium
L52812,L,302.7,312.2,1376,52.8,164,Medium
L52813,L,302.7,312.2,1447,47.5,166,Medium
M20494,M,302.6,312.2,1353,56.5,168,Medium
L52815,L,302.6,312.1,1502,47.3,171,Medium
L52816,L,302.6,312.0,1447,45.5,173,Medium
M20497,M,302.5,312.0,1487,46.1,175,Medium
L52818,L,302.6,312.1,1519,38.1,178,Medium
L52819,L,302.6,312.1,1668,28.7,180,Critical
L52820,L,302.6,312.1,1420,51.6,182,Critical
L52821,L,302.6,312.1,1473,37.3,184,Critical
L52822,L,302.5,312.0,1495,38.8,186,Critical
L52823,L,302.5,312.0,1574,42.0,188,Critical
L52824,L,302.5,312.0,1383,51.3,190,Critical
M20505,M,302.5,312.0,1591,29.4,192,Critical
M20506,M,302.4,311.8,1644,37.2,195,Critical
H35061,H,302.5,311.8,2370,14.7,198,Critical
L52828,L,302.5,311.9,1401,44.9,203,Critical
M20509,M,302.5,311.9,1414,51.6,205,Critical
L52830,L,302.5,312.0,1456,46.3,208,Critical
M20511,M,302.5,312.0,1447,45.7,210,Critical
L52832,L,302.4,311.8,1727,26.5,213,Critical
L52833,L,302.4,311.7,1495,36.8,215,Critical
L52834,L,302.3,311.6,1544,34.3,0,Healthy
L52835,L,302.3,311.5,1387,47.3,2,Healthy
M20516,M,302.3,311.5,1316,47.2,4,Healthy
L52837,L,302.3,311.5,1794,26.1,7,Healthy
M20518,M,302.2,311.4,1372,55.1,9,Healthy
M20519,M,302.3,311.5,1674,30.0,12,Healthy
L52840,L,302.2,311.4,1477,41.7,15,Healthy
L52841,L,302.2,311.4,1397,53.0,17,Healthy
L52842,L,302.2,311.5,1616,34.0,19,Healthy
M20523,M,302.3,311.5,1530,42.3,21,Healthy
M20524,M,302.2,311.4,1539,35.1,24,Healthy
L52845,L,302.3,311.4,1845,21.9,27,Healthy
L52846,L,302.2,311.4,1430,43.1,29,Healthy
L52847,L,302.2,311.4,2080,19.2,31,Healthy
M20528,M,302.2,311.4,1432,45.3,33,Healthy
M20529,M,302.2,311.5,1479,39.5,36,Healthy
L52850,L,302.2,311.5,1424,45.2,39,Healthy
H35085,H,302.2,311.6,1534,37.2,41,Healthy
H35086,H,302.1,311.6,1701,26.2,46,Healthy
L52853,L,302.2,311.6,1462,50.0,51,Healthy
M20534,M,302.2,311.7,1393,42.5,53,Healthy
M20535,M,302.3,311.7,1453,42.5,56,Healthy
L52856,L,302.3,311.8,1565,37.8,59,Healthy
L52857,L,302.3,311.8,1281,51.7,61,Healthy
M20538,M,302.2,311.7,1584,36.2,63,Healthy
M20539,M,302.2,311.7,1466,49.0,66,Healthy
M20540,M,302.2,311.6,1386,50.5,69,Healthy
L52861,L,302.2,311.6,1383,44.3,72,Healthy
H35096,H,302.3,311.6,1441,53.9,74,Healthy
M20543,M,302.2,311.6,1592,37.7,79,Healthy
H35098,H,302.2,311.6,1594,36.8,82,Medium
L52865,L,302.2,311.5,1482,45.6,87,Medium
L52866,L,302.2,311.6,1658,31.4,89,Medium
L52867,L,302.3,311.7,2170,18.2,91,Medium
M20548,M,302.3,311.7,1423,44.6,93,Medium
L52869,L,302.4,311.8,1543,31.1,96,Medium
L52870,L,302.3,311.8,1435,44.8,98,Medium
L52871,L,302.4,311.8,1320,56.4,100,Medium
M20552,M,302.4,311.9,1313,55.7,102,Medium
M20553,M,302.4,311.8,1453,42.1,105,Medium
L52874,L,302.4,311.8,1508,45.7,108,Medium
L52875,L,302.4,311.8,1451,42.0,110,Medium
H35110,H,302.5,311.9,1595,34.6,112,Medium
L52877,L,302.5,311.9,1354,49.4,117,Medium
L52878,L,302.5,311.9,1265,59.8,119,Medium
L52879,L,302.4,311.9,1867,25.9,121,Medium
L52880,L,302.5,311.9,1497,41.6,123,Medium
M20561,M,302.5,311.9,1347,54.3,125,Medium
L52882,L,302.3,311.7,1544,43.2,128,Medium
H35117,H,302.3,311.7,1456,45.4,130,Medium
L52884,L,302.5,311.8,1335,52.7,135,Medium
L52885,L,302.4,311.9,1452,43.1,137,Medium
L52886,L,302.4,311.9,1290,70.0,139,Critical
L52887,L,302.4,311.8,1448,43.4,141,Medium
L52888,L,302.3,311.7,1611,38.6,143,Medium
L52889,L,302.2,311.7,1556,38.6,145,Medium
H35124,H,302.2,311.7,1413,46.5,147,Medium
L52891,L,302.2,311.6,1545,35.9,152,Medium
L52892,L,302.2,311.7,1330,54.6,154,Medium
L52893,L,302.2,311.9,1596,38.0,156,Medium
L52894,L,302.2,311.8,1618,36.0,158,Medium
H35129,H,302.2,311.9,1597,35.8,160,Medium
L52896,L,302.3,312.0,1354,52.2,165,Medium
L52897,L,302.3,312.0,1746,28.1,167,Medium
L52898,L,302.4,312.0,1621,32.5,169,Medium
L52899,L,302.3,312.0,1398,43.3,171,Medium
L52900,L,302.3,311.9,1434,51.9,173,Medium
M20581,M,302.3,311.8,1443,43.4,175,Medium
L52902,L,302.2,311.7,1488,44.6,178,Medium
M20583,M,302.3,311.8,1475,48.0,180,Critical
L52904,L,302.3,311.8,1433,50.3,183,Critical
M20585,M,302.3,311.8,1557,34.1,185,Critical
M20586,M,302.4,311.9,1398,50.1,188,Critical
M20587,M,302.3,311.8,1559,34.4,191,Critical
M20588,M,302.4,311.9,1422,46.4,194,Critical
M20589,M,302.3,311.8,1463,35.7,197,Critical
L52910,L,302.3,311.7,1793,25.3,200,Critical
L52911,L,302.2,311.6,1872,20.4,202,Critical
L52912,L,302.2,311.7,1412,44.5,204,Critical
L52913,L,302.3,311.8,1487,43.2,206,Critical
L52914,L,302.3,311.8,1369,56.2,208,Critical
L52915,L,302.4,311.8,1673,30.1,210,Critical
M20596,M,302.4,311.9,1439,36.6,212,Critical
L52917,L,302.3,311.8,1574,42.8,215,Critical
L52918,L,302.3,311.7,1281,48.8,0,Healthy
M20599,M,302.2,311.7,1653,31.4,2,Healthy
M20600,M,302.3,311.7,1535,38.3,5,Healthy
M20601,M,302.3,311.7,1483,40.5,8,Healthy
L52922,L,302.3,311.7,1414,47.0,11,Healthy
M20603,M,302.2,311.6,1379,42.9,13,Healthy
H35158,H,302.2,311.5,1482,42.6,16,Healthy
L52925,L,302.1,311.5,1987,20.1,21,Healthy
M20606,M,302.1,311.5,1635,31.6,23,Healthy
L52927,L,302.1,311.5,1533,39.4,26,Healthy
M20608,M,302.2,311.7,1576,34.0,28,Healthy
H35163,H,302.2,311.8,1330,62.4,31,Healthy
L52930,L,302.2,311.8,1981,21.8,36,Healthy
H35165,H,302.3,311.8,1475,42.8,38,Healthy
H35166,H,302.3,311.8,1804,25.0,43,Healthy
L52933,L,302.2,311.6,1416,54.1,48,Healthy
L52934,L,302.1,311.5,1727,27.7,50,Healthy
L52935,L,302.1,311.4,1391,49.2,52,Healthy
M20616,M,302.0,311.5,1366,52.3,54,Healthy
L52937,L,301.9,311.3,1366,55.6,57,Healthy
L52938,L,301.9,311.3,1501,40.8,59,Healthy
L52939,L,301.8,311.3,1551,35.8,61,Healthy
M20620,M,301.9,311.3,1522,35.6,63,Healthy
L52941,L,301.9,311.2,1369,49.8,66,Healthy
L52942,L,301.8,311.2,1334,52.3,68,Healthy
H35177,H,301.8,311.2,1451,39.4,70,Healthy
L52944,L,301.7,311.2,1589,37.9,75,Healthy
L52945,L,301.7,311.3,1708,30.5,77,Healthy
M20626,M,301.7,311.2,1413,42.6,79,Healthy
M20627,M,301.6,311.2,1415,46.5,82,Medium
L52948,L,301.7,311.3,1421,45.9,85,Medium
L52949,L,301.7,311.3,1348,51.0,87,Medium
L52950,L,301.6,311.2,1408,42.9,89,Medium
L52951,L,301.6,311.2,1525,43.7,91,Medium
L52952,L,301.6,311.3,1706,29.9,93,Medium
H35187,H,301.6,311.2,1395,46.8,95,Medium
L52954,L,301.5,311.1,1602,34.3,100,Medium
L52955,L,301.6,311.1,1907,21.5,102,Medium
L52956,L,301.6,311.1,1325,49.2,104,Medium
L52957,L,301.6,311.1,1408,44.4,106,Medium
M20638,M,301.7,311.1,1489,41.4,108,Medium
L52959,L,301.6,311.1,1680,29.2,111,Medium
L52960,L,301.7,311.2,1517,42.4,113,Medium
M20641,M,301.7,311.1,1618,36.7,115,Medium
L52962,L,301.7,311.1,1455,39.8,118,Medium
H35197,H,301.8,311.1,1543,36.4,120,Medium
M20644,M,301.8,311.1,1399,41.8,125,Medium
L52965,L,301.7,311.1,1469,37.2,128,Medium
L52966,L,301.7,311.2,1521,36.7,130,Medium
L52967,L,301.7,311.3,1584,38.8,132,Medium
L52968,L,301.8,311.5,1443,43.3,134,Medium
M20649,M,301.8,311.5,1416,49.0,136,Medium
M20650,M,301.7,311.2,1563,34.5,139,Medium
M20651,M,301.8,311.3,1542,40.1,142,Medium
M20652,M,301.8,311.3,1624,31.6,145,Medium
L52973,L,301.8,311.3,1471,44.2,148,Medium
M20654,M,301.9,311.5,1492,40.8,150,Medium
M20655,M,301.9,311.4,1465,39.9,153,Medium
L52976,L,301.7,311.1,1399,55.1,156,Medium
L52977,L,301.6,311.0,1431,42.6,158,Medium
L52978,L,301.5,310.9,1600,39.0,160,Medium
L52979,L,301.5,310.8,1593,34.5,162,Medium
L52980,L,301.5,310.9,1469,44.7,164,Medium
L52981,L,301.5,310.8,1413,44.6,166,Medium
L52982,L,301.4,310.8,1490,38.0,168,Medium
L52983,L,301.5,310.9,1671,31.1,170,Medium
L52984,L,301.5,310.9,1365,46.5,172,Medium
M20665,M,301.4,310.9,1557,39.3,174,Medium
L52986,L,301.4,310.9,1440,45.4,177,Medium
M20667,M,301.4,310.9,1489,38.9,179,Medium
L52988,L,301.4,311.0,1733,25.7,182,Critical
H35223,H,301.3,311.0,1580,36.6,184,Critical
L52990,L,301.3,311.0,1856,21.9,189,Critical
L52991,L,301.3,311.1,1454,40.3,191,Critical
L52992,L,301.4,311.1,1495,36.3,193,Critical
L52993,L,301.2,311.0,1761,29.1,195,Critical
M20674,M,301.3,311.0,1402,47.5,197,Critical
L52995,L,301.2,311.0,1670,33.0,200,Critical
L52996,L,301.3,311.0,1582,35.6,202,Critical
L52997,L,301.3,311.0,1542,35.1,204,Critical
L52998,L,301.3,311.0,1539,36.9,206,Critical
L52999,L,301.3,311.0,1418,41.9,208,Critical
L53000,L,301.3,311.1,1723,27.6,210,Critical
L53001,L,301.3,311.1,1303,49.2,212,Critical
M20682,M,301.3,311.0,1463,50.2,214,Critical
L53003,L,301.2,311.0,1544,39.3,217,Critical
L53004,L,301.2,311.0,1596,37.2,219,Critical
L53005,L,301.3,311.1,1413,42.0,221,Critical
M20686,M,301.3,311.1,1492,41.2,223,Critical
L53007,L,301.3,311.1,1624,40.9,0,Healthy
L53008,L,301.3,311.1,1504,39.1,2,Healthy
M20689,M,301.2,311.1,1574,34.3,4,Healthy
M20690,M,301.3,311.2,1438,42.4,7,Healthy
L53011,L,301.3,311.3,1474,50.7,10,Healthy
L53012,L,301.3,311.2,1675,32.1,12,Healthy
L53013,L,301.3,311.2,1457,44.5,14,Healthy
L53014,L,301.3,311.3,1434,49.8,16,Healthy
L53015,L,301.3,311.2,1668,30.1,18,Healthy
L53016,L,301.2,311.1,1550,39.7,20,Healthy
M20697,M,301.3,311.1,1834,25.4,22,Healthy
M20698,M,301.4,311.2,1476,36.5,25,Healthy
M20699,M,301.4,311.2,1541,36.3,28,Healthy
M20700,M,301.3,311.1,1581,30.9,31,Healthy
M20701,M,301.3,311.1,1678,30.7,34,Healthy
L53022,L,301.4,311.2,1355,50.6,37,Healthy
L53023,L,301.5,311.2,1700,28.8,39,Healthy
L53024,L,301.4,311.1,1462,37.1,41,Healthy
M20705,M,301.4,311.2,1727,26.5,43,Healthy
L53026,L,301.4,311.3,1674,33.3,46,Healthy
L53027,L,301.4,311.3,1397,42.3,48,Healthy
L53028,L,301.4,311.3,2323,15.9,50,Healthy
M20709,M,301.4,311.2,1434,47.6,52,Healthy
L53030,L,301.3,311.1,1560,35.3,55,Healthy
L53031,L,301.2,311.0,1573,32.8,57,Healthy
H35266,H,301.2,310.9,1798,22.3,59,Healthy
L53033,L,301.2,311.0,1567,35.1,64,Healthy
L53034,L,301.2,310.9,1416,53.3,66,Healthy
M20715,M,301.2,310.9,1424,45.2,68,Healthy
H35270,H,301.2,310.9,1598,35.9,71,Healthy
L53037,L,301.3,310.9,1760,23.9,76,Healthy
L53038,L,301.3,311.0,1348,44.5,78,Healthy
L53039,L,301.3,311.0,1542,33.6,80,Medium
L53040,L,301.3,310.9,1566,33.1,82,Medium
L53041,L,301.3,311.0,1554,47.7,84,Medium
L53042,L,301.4,311.0,1470,40.6,86,Medium
M20723,M,301.4,311.1,1758,25.4,88,Medium
M20724,M,301.4,311.0,1486,36.5,91,Medium
M20725,M,301.5,311.1,1402,40.0,94,Medium
L53046,L,301.5,311.1,1459,45.1,97,Medium
L53047,L,301.5,311.0,1494,45.3,99,Medium
L53048,L,301.5,311.1,1731,27.9,101,Medium
L53049,L,301.5,311.1,2076,18.7,103,Medium
L53050,L,301.5,311.1,2055,16.8,105,Medium
L53051,L,301.5,311.1,1469,49.5,107,Medium
M20732,M,301.5,311.0,1504,42.6,109,Medium
M20733,M,301.5,311.1,1396,43.5,112,Medium
M20734,M,301.5,311.1,1660,33.8,115,Medium
M20735,M,301.5,311.0,1577,39.7,118,Medium
L53056,L,301.5,311.1,1426,52.1,121,Medium
L53057,L,301.5,311.1,1458,41.4,123,Medium
L53058,L,301.4,311.0,1533,45.8,125,Medium
L53059,L,301.4,311.0,1701,28.4,127,Medium
L53060,L,301.5,311.1,1434,49.6,129,Medium
L53061,L,301.4,311.1,1952,22.7,131,Medium
L53062,L,301.4,311.1,1469,36.9,133,Medium
L53063,L,301.4,311.1,1800,26.0,135,Medium
M20744,M,301.3,311.1,1438,43.0,137,Medium
L53065,L,301.3,311.1,1647,28.2,140,Medium
L53066,L,301.4,311.1,1494,41.9,142,Medium
H35301,H,301.4,311.1,1445,41.4,144,Medium
M20748,M,301.5,311.1,1507,38.6,149,Medium
M20749,M,301.4,311.0,1234,55.8,152,Medium
L53070,L,301.4,311.0,1634,32.6,155,Medium
L53071,L,301.4,311.0,1334,53.3,157,Medium
L53072,L,301.4,311.1,1472,44.5,159,Medium
M20753,M,301.3,311.0,1410,52.7,161,Medium
L53074,L,301.2,310.9,1597,37.9,164,Medium
M20755,M,301.2,310.9,1460,46.7,166,Medium
L53076,L,301.1,310.8,1274,55.7,169,Medium
M20757,M,301.0,310.7,1517,40.2,171,Medium
L53078,L,301.0,310.7,1300,57.2,174,Medium
H35313,H,300.9,310.6,1686,27.7,176,Medium
M20760,M,300.9,310.7,1485,41.0,181,Critical
L53081,L,301.0,310.7,1464,45.8,184,Critical
L53082,L,300.9,310.6,1598,35.4,186,Critical
L53083,L,300.9,310.5,1894,21.9,188,Critical
M20764,M,300.8,310.5,1330,59.0,190,Critical
H35319,H,300.8,310.5,1582,31.1,193,Critical
L53086,L,300.7,310.3,1533,35.6,198,Critical
H35321,H,300.8,310.4,1419,46.4,200,Critical
M20768,M,300.8,310.3,1526,36.3,205,Critical
H35323,H,300.7,310.2,1364,65.3,208,Critical
M20770,M,300.8,310.3,1458,43.4,0,Healthy
M20771,M,300.8,310.4,1288,64.0,3,Healthy
M20772,M,300.7,310.3,1659,29.8,6,Healthy
H35327,H,300.7,310.2,1479,52.3,9,Healthy
L53094,L,300.7,310.3,1592,36.0,14,Healthy
M20775,M,300.6,310.2,1532,38.7,16,Healthy
L53096,L,300.6,310.2,1555,41.9,19,Healthy
L53097,L,300.6,310.2,1341,52.6,21,Healthy
L53098,L,300.6,310.1,1541,42.0,23,Healthy
L53099,L,300.6,310.3,1414,50.6,25,Healthy
L53100,L,300.5,310.2,1764,25.9,27,Healthy
L53101,L,300.5,310.3,1336,57.1,29,Healthy
L53102,L,300.5,310.3,1435,43.3,31,Healthy
M20783,M,300.4,310.3,1537,35.0,33,Healthy
L53104,L,300.3,310.2,1369,48.8,36,Healthy
M20785,M,300.2,310.1,1619,31.3,38,Healthy
L53106,L,300.2,310.1,1440,51.1,41,Healthy
L53107,L,300.2,310.1,1649,30.5,43,Healthy
M20788,M,300.2,310.1,1550,38.7,45,Healthy
L53109,L,300.3,310.2,1471,45.2,48,Healthy
L53110,L,300.3,310.3,1483,51.6,50,Healthy
L53111,L,300.3,310.4,1336,54.4,52,Healthy
L53112,L,300.5,310.5,1515,36.6,54,Healthy
L53113,L,300.5,310.5,1373,47.4,56,Healthy
H35348,H,300.6,310.5,1454,51.2,58,Healthy
L53115,L,300.5,310.5,1646,34.5,63,Healthy
M20796,M,300.5,310.4,1548,37.3,65,Healthy
M20797,M,300.6,310.5,1462,41.3,68,Healthy
L53118,L,300.5,310.4,1702,33.1,71,Healthy
L53119,L,300.5,310.5,1409,60.9,73,Healthy
M20800,M,300.6,310.6,1427,52.8,75,Healthy
L53121,L,300.6,310.7,1438,48.5,78,Critical
L53122,L,300.7,310.7,1450,43.4,80,Medium
L53123,L,300.7,310.7,1541,41.3,82,Medium
M20804,M,300.7,310.6,1484,38.0,84,Medium
M20805,M,300.8,310.8,1415,44.5,87,Medium
L53126,L,300.7,310.8,1496,46.4,90,Medium
M20807,M,300.7,310.8,1465,45.2,92,Medium
L53128,L,300.7,310.8,2113,18.5,95,Medium
M20809,M,300.7,310.8,1506,44.0,97,Medium
L53130,L,300.7,310.8,1689,28.9,100,Medium
L53131,L,300.7,310.9,1650,29.4,102,Medium
L53132,L,300.7,310.8,1563,33.8,104,Medium
M20813,M,300.7,310.9,1486,38.9,106,Medium
L53134,L,300.8,310.9,1732,25.7,109,Medium
L53135,L,300.7,310.8,1653,31.6,111,Medium
L53136,L,300.7,310.9,1535,37.1,113,Medium
L53137,L,300.7,310.9,1637,37.2,115,Medium
L53138,L,300.6,310.8,1533,38.5,117,Medium
L53139,L,300.6,310.8,1378,51.2,119,Medium
L53140,L,300.5,310.7,1606,33.5,121,Medium
L53141,L,300.3,310.7,1539,32.3,123,Medium
L53142,L,300.5,310.8,1728,26.3,125,Medium
H35377,H,300.4,310.7,1656,36.3,127,Medium
H35378,H,300.5,310.8,1631,30.5,132,Medium
H35379,H,300.5,310.9,1447,46.5,137,Medium
L53146,L,300.4,310.8,1396,49.3,142,Medium
L53147,L,300.4,310.8,1390,52.5,144,Medium
L53148,L,300.4,310.8,1348,56.0,146,Medium
M20829,M,300.4,310.8,1491,35.9,148,Medium
L53150,L,300.4,310.8,1520,37.6,151,Medium
L53151,L,300.5,310.8,1509,33.0,153,Medium
L53152,L,300.5,310.8,1445,46.6,155,Medium
L53153,L,300.5,310.8,1354,51.8,157,Medium
L53154,L,300.5,310.7,1488,39.4,159,Medium
H35389,H,300.5,310.7,1654,28.6,161,Medium
H35390,H,300.5,310.6,1378,51.5,166,Medium
L53157,L,300.6,310.7,1750,30.6,171,Medium
L53158,L,300.5,310.6,1448,46.3,173,Medium
H35393,H,300.6,310.7,1501,45.3,175,Medium
M20840,M,300.6,310.7,1654,32.0,180,Critical
M20841,M,300.7,310.7,1347,46.5,183,Critical
L53162,L,300.7,310.8,1486,37.1,186,Critical
H35397,H,300.8,310.8,1466,45.2,188,Critical
H35398,H,300.7,310.8,1346,52.0,193,Critical
L53165,L,300.7,310.7,1314,42.4,198,Critical
L53166,L,300.6,310.7,1440,52.5,200,Critical
L53167,L,300.7,310.8,1608,39.5,202,Critical
H35402,H,300.7,310.8,1296,58.2,204,Critical
L53169,L,300.7,310.7,1507,46.1,209,Critical
M20850,M,300.7,310.7,1343,51.6,211,Critical
L53171,L,300.7,310.7,1416,40.4,214,Critical
L53172,L,300.7,310.6,1288,47.2,216,Critical
M20853,M,300.7,310.6,1407,42.4,218,Critical
L53174,L,300.6,310.4,1608,39.2,221,Critical
L53175,L,300.6,310.3,1920,22.3,223,Critical
M20856,M,300.5,310.2,1386,48.2,225,Critical
M20857,M,300.5,310.2,1571,34.6,228,Critical
M20858,M,300.4,310.2,1613,36.9,231,Critical
M20859,M,300.4,310.2,1671,30.5,234,Critical
H35414,H,300.4,310.2,1431,43.2,0,Healthy
M20861,M,300.4,310.2,1380,47.3,5,Healthy
L53182,L,300.5,310.3,1683,31.5,8,Healthy
L53183,L,300.4,310.2,1529,36.2,10,Healthy
L53184,L,300.5,310.4,1761,26.5,12,Healthy
L53185,L,300.6,310.5,1570,38.3,14,Healthy
M20866,M,300.6,310.5,2156,18.0,16,Healthy
M20867,M,300.7,310.6,1349,54.5,19,Healthy
L53188,L,300.7,310.7,1431,39.3,22,Healthy
L53189,L,300.6,310.6,1931,22.0,24,Healthy
H35424,H,300.7,310.7,1428,43.4,26,Healthy
L53191,L,300.8,310.8,1564,36.2,31,Healthy
H35426,H,300.8,310.9,1425,44.0,33,Healthy
L53193,L,300.7,310.8,1597,30.5,38,Healthy
H35428,H,300.8,310.8,1618,32.8,40,Healthy
M20875,M,300.8,310.8,1520,38.0,45,Healthy
L53196,L,300.7,310.7,1425,45.3,48,Healthy
L53197,L,300.8,310.9,1398,38.2,50,Healthy
M20878,M,300.8,310.9,1557,31.6,52,Healthy
L53199,L,300.7,310.8,1519,43.9,55,Healthy
L53200,L,300.7,310.8,1619,34.9,57,Healthy
L53201,L,300.7,310.8,1814,21.4,59,Healthy
L53202,L,300.7,310.9,1521,39.4,61,Healthy
M20883,M,300.7,310.9,1369,51.2,63,Healthy
L53204,L,300.7,310.9,1356,65.3,66,Critical
L53205,L,300.7,311.0,1336,53.3,68,Healthy
L53206,L,300.7,311.0,1403,48.3,70,Healthy
M20887,M,300.7,311.0,1413,44.3,72,Healthy
L53208,L,300.6,310.9,1472,47.6,75,Healthy
M20889,M,300.7,310.8,1452,47.9,77,Healthy
L53210,L,300.6,310.7,1397,53.7,80,Medium
L53211,L,300.6,310.7,1455,40.6,82,Medium
L53212,L,300.7,310.8,1754,27.7,84,Medium
L53213,L,300.6,310.9,1471,37.9,86,Medium
M20894,M,300.6,310.8,1389,48.1,88,Medium
M20895,M,300.6,310.9,1702,30.3,91,Medium
M20896,M,300.6,311.0,1401,54.6,94,Medium
L53217,L,300.7,311.1,1426,46.2,97,Medium
L53218,L,300.7,311.0,1496,38.3,99,Medium
L53219,L,300.6,310.9,1433,42.6,101,Medium
M20900,M,300.7,311.1,1438,46.6,103,Medium
M20901,M,300.7,311.0,1418,49.3,106,Medium
M20902,M,300.8,311.0,1580,36.6,109,Medium
M20903,M,300.7,310.9,1468,41.8,112,Medium
M20904,M,300.8,310.9,1522,41.7,115,Medium
L53225,L,300.8,310.9,1311,55.8,118,Medium
L53226,L,300.9,311.0,1316,56.5,120,Medium
H35461,H,300.9,311.0,1853,23.6,122,Medium
M20908,M,300.9,311.0,1556,38.8,127,Medium
M20909,M,300.9,311.0,1567,34.3,130,Medium
M20910,M,300.9,311.1,1546,37.7,133,Medium
L53231,L,300.9,311.0,1382,51.2,136,Medium
L53232,L,300.9,311.0,2003,20.2,138,Medium
L53233,L,300.8,310.9,1748,29.9,140,Medium
H35468,H,300.7,310.8,1518,40.1,142,Medium
L53235,L,300.7,310.8,1475,42.0,147,Medium
L53236,L,300.8,310.8,1634,29.2,149,Medium
L53237,L,300.8,310.8,1689,32.9,151,Medium
M20918,M,300.9,310.9,1636,35.3,153,Medium
L53239,L,300.9,311.0,2235,15.8,156,Medium
L53240,L,301.0,311.1,1615,35.6,158,Medium
H35475,H,301.1,311.1,1618,29.5,160,Medium
M20922,M,301.1,311.2,1407,53.0,165,Medium
L53243,L,301.1,311.1,1450,43.3,168,Medium
L53244,L,301.1,311.1,1889,23.8,170,Medium
L53245,L,301.0,310.9,1568,38.2,172,Medium
L53246,L,301.0,311.0,1804,25.8,174,Medium
L53247,L,301.0,311.0,1582,37.5,176,Medium
M20928,M,301.0,310.9,2047,17.9,178,Medium
L53249,L,300.9,310.9,1601,34.0,181,Critical
L53250,L,300.9,310.9,1615,32.0,183,Critical
M20931,M,300.9,310.8,1452,43.6,185,Critical
M20932,M,300.9,310.8,1695,30.2,188,Critical
M20933,M,300.9,310.8,1790,26.2,191,Critical
M20934,M,301.0,310.8,1533,39.3,194,Critical
L53255,L,301.0,310.9,1813,28.5,197,Critical
L53256,L,301.0,310.9,1492,36.7,199,Critical
L53257,L,300.9,310.7,1479,43.3,201,Critical
L53258,L,300.8,310.7,1339,59.1,203,Critical
M20939,M,300.8,310.7,1371,44.7,205,Critical
L53260,L,300.9,310.7,1468,36.2,208,Critical
L53261,L,300.9,310.7,1517,41.7,210,Critical
L53262,L,300.9,310.7,1352,46.4,212,Critical
L53263,L,300.9,310.7,1389,50.0,214,Critical
M20944,M,300.8,310.6,1505,36.2,0,Healthy
L53265,L,300.9,310.6,1538,36.7,3,Healthy
L53266,L,300.9,310.8,1482,37.0,5,Healthy
M20947,M,300.9,310.8,1599,33.0,7,Healthy
L53268,L,300.9,310.8,1476,39.0,10,Healthy
L53269,L,300.9,310.7,1509,37.5,12,Healthy
L53270,L,300.9,310.8,1708,29.1,14,Healthy
L53271,L,300.9,310.7,1412,57.5,16,Healthy
L53272,L,300.9,310.7,1658,28.5,18,Healthy
L53273,L,301.0,310.8,1375,57.2,20,Healthy
M20954,M,300.9,310.8,1402,48.1,22,Healthy
M20955,M,300.9,310.7,1452,47.3,25,Healthy
M20956,M,300.8,310.7,1483,40.8,28,Healthy
H35511,H,300.9,310.8,1477,38.4,31,Healthy
M20958,M,300.8,310.7,1924,22.4,36,Healthy
H35513,H,300.9,310.7,1609,28.7,39,Healthy
M20960,M,300.8,310.7,1886,21.1,44,Healthy
L53281,L,300.7,310.6,1616,29.6,47,Healthy
L53282,L,300.7,310.7,1442,43.2,49,Healthy
L53283,L,300.8,310.8,1407,45.1,51,Healthy
M20964,M,300.8,310.8,1461,41.3,53,Healthy
M20965,M,300.8,310.9,1522,46.2,56,Healthy
L53286,L,300.9,311.0,1432,48.1,59,Healthy
L53287,L,300.9,311.0,1438,49.0,61,Healthy
M20968,M,300.8,310.9,1678,28.1,63,Healthy
M20969,M,300.8,310.9,1514,38.7,66,Healthy
L53290,L,300.7,310.8,1534,41.3,69,Healthy
M20971,M,300.7,310.8,1486,41.2,71,Healthy
L53292,L,300.7,310.8,1925,22.0,74,Healthy
M20973,M,300.7,310.8,1724,30.0,76,Healthy
M20974,M,300.8,310.8,1549,35.5,79,Healthy
L53295,L,300.8,310.9,1457,47.7,82,Medium
L53296,L,300.8,310.9,1453,43.9,84,Medium
L53297,L,300.8,311.0,1578,44.4,86,Medium
M20978,M,300.9,311.1,1325,61.4,88,Medium
L53299,L,300.9,311.1,1471,39.3,91,Medium
M20980,M,300.9,311.2,1472,40.0,93,Medium
L53301,L,300.9,311.1,1457,37.4,96,Medium
L53302,L,301.0,311.0,1402,55.3,98,Medium
L53303,L,300.9,310.9,1477,41.5,100,Medium
M20984,M,300.9,310.9,1727,30.1,102,Medium
L53305,L,300.9,310.9,1995,20.2,105,Medium
L53306,L,300.9,310.9,1370,52.5,107,Medium
L53307,L,300.9,310.9,1228,66.4,109,Medium
L53308,L,300.9,311.0,1499,38.0,111,Medium
M20989,M,301.0,311.0,1508,46.9,113,Medium
L53310,L,301.0,310.9,1473,44.2,116,Medium
H35545,H,301.0,311.0,1640,37.6,118,Medium
L53312,L,301.1,311.1,1429,42.5,123,Medium
L53313,L,301.1,311.1,1470,40.9,125,Medium
L53314,L,301.0,311.0,1581,37.0,127,Medium
L53315,L,301.0,310.9,1740,28.9,129,Medium
H35550,H,300.9,310.8,1390,40.6,131,Medium
M20997,M,300.9,310.8,1988,19.7,136,Medium
M20998,M,300.8,310.7,1452,43.0,139,Medium
L53319,L,300.8,310.7,1586,33.4,142,Medium
L53320,L,300.8,310.7,1589,34.3,144,Medium
L53321,L,300.8,310.8,1486,45.7,146,Medium
L53322,L,300.9,310.9,1755,27.9,148,Medium
M21003,M,301.0,310.9,1575,34.6,150,Medium
M21004,M,301.1,311.1,1615,37.7,153,Medium
M21005,M,301.1,311.1,1436,41.8,156,Medium
M21006,M,301.1,311.1,1470,40.6,159,Medium
M21007,M,301.1,311.1,2089,19.8,162,Medium
L53328,L,301.1,311.2,1564,37.0,165,Medium
M21009,M,301.0,311.1,1420,47.4,167,Medium
L53330,L,301.1,311.1,1711,29.1,170,Medium
L53331,L,301.1,311.2,1555,35.3,172,Medium
M21012,M,301.1,311.1,1592,35.7,174,Medium
L53333,L,301.0,311.1,1236,64.4,177,Critical
M21014,M,301.0,310.9,1765,24.2,179,Medium
L53335,L,301.0,311.0,1634,31.2,182,Critical
L53336,L,301.1,311.1,1508,41.5,184,Critical
L53337,L,301.1,311.2,1774,29.6,186,Critical
L53338,L,301.1,311.0,1677,29.1,188,Critical
L53339,L,301.0,311.0,1399,58.0,190,Critical
L53340,L,301.0,310.9,1570,34.0,192,Critical
L53341,L,301.0,310.9,1479,44.3,194,Critical
L53342,L,301.0,310.8,1558,34.9,196,Critical
L53343,L,300.8,310.7,1358,48.1,198,Critical
H35578,H,300.9,310.7,1656,30.7,200,Critical
L53345,L,300.9,310.7,1523,35.8,205,Critical
H35580,H,300.9,310.7,1403,40.6,207,Critical
M21027,M,300.9,310.7,1362,51.6,212,Critical
M21028,M,300.7,310.6,1778,27.1,215,Critical
L53349,L,300.7,310.5,1448,38.2,218,Critical
H35584,H,300.8,310.5,1559,40.1,220,Critical
L53351,L,300.8,310.6,1416,42.2,225,Critical
L53352,L,300.8,310.6,1577,37.9,227,Critical
L53353,L,300.8,310.7,1633,27.8,0,Healthy
L53354,L,300.9,310.7,1573,31.2,2,Healthy
L53355,L,300.9,310.8,1517,44.3,4,Healthy
L53356,L,301.0,310.9,1515,37.3,6,Healthy
L53357,L,301.0,310.8,1527,45.3,8,Healthy
L53358,L,301.1,310.9,1282,67.9,10,Critical
M21039,M,301.1,310.9,1396,45.1,12,Healthy
L53360,L,301.0,310.9,1492,44.6,15,Healthy
L53361,L,301.0,310.8,1975,19.7,17,Healthy
L53362,L,301.0,310.8,1475,35.3,19,Healthy
H35597,H,301.0,310.9,1495,37.3,21,Healthy
L53364,L,301.0,311.0,1553,35.8,26,Healthy
L53365,L,301.1,311.0,1918,21.7,28,Healthy
M21046,M,301.1,311.0,1413,46.6,30,Healthy
L53367,L,301.0,311.0,1437,56.0,33,Healthy
L53368,L,301.0,310.9,1450,45.9,35,Healthy
M21049,M,301.0,310.9,1910,21.9,37,Healthy
L53370,L,300.9,310.9,1749,26.4,40,Healthy
H35605,H,301.0,310.9,1916,22.0,42,Healthy
L53372,L,301.0,310.9,1428,45.3,47,Healthy
L53373,L,301.0,310.9,1578,38.4,49,Healthy
L53374,L,300.9,310.8,1571,39.9,51,Healthy
L53375,L,300.9,310.8,1729,30.2,53,Healthy
L53376,L,300.9,310.8,1701,30.4,55,Healthy
L53377,L,300.9,310.8,1493,45.8,57,Healthy
M21058,M,301.0,310.9,1554,32.7,59,Healthy
L53379,L,300.9,310.9,1497,43.2,62,Healthy
L53380,L,301.0,310.9,1679,29.8,64,Healthy
M21061,M,301.0,310.9,1510,44.5,66,Healthy
L53382,L,301.0,310.9,1296,54.9,69,Healthy
L53383,L,301.0,310.9,1404,41.8,71,Healthy
M21064,M,300.9,310.8,1519,34.9,73,Healthy
M21065,M,300.9,310.7,1696,27.3,76,Healthy
M21066,M,300.8,310.6,1669,28.4,79,Healthy
L53387,L,300.7,310.6,1447,40.7,82,Medium
M21068,M,300.7,310.6,1418,46.3,84,Medium
L53389,L,300.7,310.6,1407,40.5,87,Medium
L53390,L,300.8,310.5,1434,44.5,89,Medium
L53391,L,300.8,310.6,1360,48.8,91,Medium
L53392,L,300.8,310.6,1402,53.7,93,Medium
L53393,L,300.9,310.6,1552,34.9,95,Medium
L53394,L,300.9,310.7,1392,44.2,97,Medium
L53395,L,301.1,310.8,1521,41.0,99,Medium
L53396,L,301.1,310.8,1724,27.5,101,Medium
M21077,M,301.0,310.7,1455,46.1,103,Medium
H35632,H,301.0,310.6,1366,50.6,106,Medium
H35633,H,301.1,310.6,1407,43.9,111,Medium
L53400,L,301.1,310.8,1470,49.3,116,Medium
M21081,M,301.2,310.9,1359,50.8,118,Medium
H35636,H,301.1,310.8,1792,25.8,121,Medium
M21083,M,301.1,310.9,1552,37.9,126,Medium
L53404,L,301.2,311.0,1612,32.9,129,Medium
M21085,M,301.2,311.0,1424,41.4,131,Medium
H35640,H,301.3,311.0,1341,59.3,134,Medium
L53407,L,301.2,310.8,1479,38.2,139,Medium
L53408,L,301.2,310.9,1413,50.1,141,Medium
L53409,L,301.3,310.9,2165,17.4,143,Medium
M21090,M,301.3,311.0,1641,33.0,145,Medium
M21091,M,301.3,311.0,1495,40.8,148,Medium
L53412,L,301.3,311.0,1576,30.4,151,Medium
L53413,L,301.2,310.9,1467,37.1,153,Medium
L53414,L,301.2,310.8,1479,41.2,155,Medium
L53415,L,301.3,310.9,1596,33.9,157,Medium
M21096,M,301.3,310.9,1512,36.9,159,Medium
L53417,L,301.4,310.9,1414,38.8,162,Medium
L53418,L,301.3,310.8,1390,57.4,164,Medium
L53419,L,301.2,310.7,1644,31.6,166,Medium
M21100,M,301.2,310.7,1394,42.8,168,Medium
L53421,L,301.1,310.5,1324,52.4,171,Medium
L53422,L,301.0,310.4,1476,43.6,173,Medium
L53423,L,301.0,310.4,2204,16.6,175,Medium
M21104,M,301.0,310.4,1665,30.9,177,Medium
L53425,L,300.9,310.4,1445,41.7,180,Critical
H35660,H,300.8,310.3,1457,46.8,182,Critical
L53427,L,300.8,310.2,1492,46.3,187,Critical
L53428,L,300.8,310.1,1405,61.2,189,Critical
L53429,L,300.7,310.1,1542,35.5,191,Critical
L53430,L,300.8,310.2,1520,37.7,193,Critical
M21111,M,300.8,310.2,1598,36.5,195,Critical
L53432,L,300.8,310.3,1538,36.1,198,Critical
L53433,L,300.9,310.4,1615,30.9,200,Critical
L53434,L,301.0,310.5,1408,47.0,202,Critical
L53435,L,301.0,310.5,1379,57.3,204,Critical
L53436,L,301.0,310.6,1493,37.8,206,Critical
L53437,L,301.1,310.7,1376,49.1,0,Healthy
M21118,M,301.1,310.7,1583,40.7,2,Healthy
M21119,M,301.2,310.8,1396,47.4,5,Healthy
L53440,L,301.1,310.7,1436,45.3,8,Healthy
L53441,L,301.1,310.6,1417,47.6,10,Healthy
L53442,L,301.0,310.6,1641,33.4,12,Healthy
M21123,M,301.0,310.6,1698,27.3,14,Healthy
L53444,L,300.9,310.4,1541,39.1,17,Healthy
L53445,L,300.8,310.3,1383,46.6,19,Healthy
L53446,L,300.8,310.4,1368,46.8,21,Healthy
L53447,L,300.8,310.4,1570,35.2,23,Healthy
L53448,L,300.9,310.5,1616,33.5,25,Healthy
M21129,M,300.9,310.5,1444,43.2,27,Healthy
L53450,L,300.9,310.4,2021,18.8,30,Healthy
M21131,M,300.9,310.5,1702,29.3,32,Healthy
M21132,M,301.1,310.6,1429,52.7,35,Healthy
L53453,L,301.2,310.8,1711,28.9,38,Healthy
M21134,M,301.2,310.7,1543,32.9,40,Healthy
L53455,L,301.3,310.8,1628,32.2,43,Healthy
L53456,L,301.2,310.8,1233,64.6,45,Healthy
L53457,L,301.2,310.8,1461,40.6,47,Healthy
L53458,L,301.2,310.7,1568,38.3,49,Healthy
L53459,L,301.3,310.8,1432,54.4,51,Healthy
M21140,M,301.2,310.7,1527,41.1,53,Healthy
M21141,M,301.3,310.8,1455,41.2,56,Healthy
M21142,M,301.3,310.8,1418,45.4,59,Healthy
L53463,L,301.3,310.8,1719,29.5,62,Healthy
M21144,M,301.2,310.8,1734,31.3,64,Healthy
M21145,M,301.2,310.7,1426,46.1,67,Healthy
L53466,L,301.1,310.6,1611,35.2,70,Healthy
M21147,M,301.1,310.6,1479,41.1,72,Healthy
L53468,L,301.0,310.5,1317,50.9,75,Healthy
L53469,L,301.0,310.5,1248,61.4,77,Healthy
L53470,L,301.0,310.5,1932,21.7,79,Healthy
M21151,M,301.1,310.5,1547,35.8,81,Medium
L53472,L,301.0,310.4,1614,31.6,84,Medium
H35707,H,301.0,310.4,1512,44.9,86,Medium
L53474,L,301.1,310.5,1529,38.7,91,Medium
H35709,H,301.1,310.6,1782,24.9,93,Medium
L53476,L,301.0,310.5,1429,39.4,98,Medium
M21157,M,301.1,310.5,1309,60.7,100,Medium
L53478,L,301.1,310.5,1428,44.1,103,Medium
L53479,L,301.2,310.6,1385,49.2,105,Medium
L53480,L,301.2,310.7,1517,39.4,107,Medium
M21161,M,301.2,310.6,1576,39.6,109,Medium
L53482,L,301.2,310.6,1437,51.2,112,Medium
H35717,H,301.2,310.6,1457,50.5,114,Medium
L53484,L,301.1,310.5,1532,37.5,119,Medium
M21165,M,301.1,310.5,1603,32.6,121,Medium
L53486,L,301.0,310.4,1563,34.4,124,Medium
L53487,L,301.0,310.3,1617,34.5,126,Medium
M21168,M,300.8,310.1,1686,26.9,128,Medium
L53489,L,300.9,310.2,1382,50.4,131,Medium
L53490,L,300.9,310.1,2090,17.8,133,Medium
L53491,L,300.9,310.3,1446,44.5,135,Medium
M21172,M,300.9,310.2,1533,38.1,137,Medium
L53493,L,300.9,310.3,1440,47.6,140,Medium
M21174,M,301.0,310.4,1793,25.0,142,Medium
M21175,M,301.0,310.4,1517,46.1,145,Medium
L53496,L,300.9,310.4,1544,36.0,148,Medium
L53497,L,300.9,310.3,1321,48.8,150,Medium
M21178,M,300.9,310.3,1416,50.9,152,Medium
L53499,L,300.8,310.2,1514,40.0,155,Medium
M21180,M,300.8,310.2,1304,52.5,157,Medium
L53501,L,300.7,310.2,1286,64.9,160,Medium
M21182,M,300.7,310.1,1483,40.2,162,Medium
L53503,L,300.7,310.1,1351,46.9,165,Medium
M21184,M,300.7,310.1,1367,52.6,167,Medium
L53505,L,300.7,310.1,1721,32.3,170,Medium
L53506,L,300.6,310.0,1455,40.4,172,Medium
L53507,L,300.6,310.0,1425,49.5,174,Medium
L53508,L,300.7,310.0,1672,29.7,176,Medium
M21189,M,300.7,310.0,1641,34.6,178,Medium
M21190,M,300.5,310.0,1580,37.0,181,Critical
H35745,H,300.5,310.0,1495,47.4,184,Critical
M21192,M,300.5,309.9,1994,19.8,189,Critical
M21193,M,300.4,309.9,1415,31.8,192,Critical
M21194,M,300.4,309.8,1725,30.4,195,Critical
M21195,M,300.4,309.8,1430,43.4,198,Critical
L53516,L,300.4,309.8,1395,48.1,201,Critical
M21197,M,300.4,309.8,1435,43.6,203,Critical
L53518,L,300.4,309.9,1681,28.6,206,Critical
L53519,L,300.5,310.0,1451,48.6,208,Critical
H35754,H,300.5,309.9,1397,45.9,210,Critical
M21201,M,300.4,309.8,1421,47.2,0,Healthy
M21202,M,300.3,309.8,1444,42.0,3,Healthy
L53523,L,300.2,309.8,1827,23.0,6,Healthy
H35758,H,300.2,309.8,1374,47.7,8,Healthy
L53525,L,300.2,309.8,1650,29.6,13,Healthy
L53526,L,300.2,309.7,1275,60.7,15,Healthy
L53527,L,300.2,309.7,1421,44.6,17,Healthy
L53528,L,300.2,309.8,1557,33.8,19,Healthy
L53529,L,300.1,309.8,1506,35.2,21,Healthy
L53530,L,300.1,309.7,1362,49.1,23,Healthy
L53531,L,300.0,309.7,1542,47.1,25,Healthy
L53532,L,300.0,309.6,1496,38.8,27,Healthy
M21213,M,300.0,309.6,1491,42.0,29,Healthy
L53534,L,300.1,309.6,1565,34.8,32,Healthy
L53535,L,300.1,309.7,1481,37.9,34,Healthy
M21216,M,300.1,309.7,1420,48.4,36,Healthy
L53537,L,300.2,309.8,1398,54.8,39,Healthy
M21218,M,300.2,309.8,1466,45.7,41,Healthy
L53539,L,300.1,309.8,1430,56.7,44,Healthy
L53540,L,300.1,309.7,1441,40.1,46,Healthy
M21221,M,300.1,309.7,1348,57.3,48,Healthy
L53542,L,300.0,309.6,1738,28.7,51,Healthy
M21223,M,300.0,309.6,1618,36.2,53,Healthy
M21224,M,299.9,309.6,1489,41.7,56,Healthy
M21225,M,299.9,309.5,1412,57.9,59,Healthy
M21226,M,299.9,309.5,2065,18.1,62,Healthy
L53547,L,300.0,309.6,1571,33.1,65,Healthy
M21228,M,300.0,309.6,1423,48.7,67,Healthy
H35783,H,300.0,309.5,1781,24.9,70,Healthy
L53550,L,300.1,309.6,1321,46.9,75,Healthy
L53551,L,300.1,309.6,1546,36.7,77,Healthy
M21232,M,300.0,309.5,1879,22.4,79,Healthy
H35787,H,300.0,309.5,1735,28.9,82,Medium
L53554,L,300.0,309.5,1506,38.8,87,Medium
H35789,H,300.0,309.6,1629,32.3,89,Medium
L53556,L,300.0,309.6,1694,28.7,94,Medium
L53557,L,300.1,309.6,1541,37.0,96,Medium
L53558,L,300.0,309.6,1514,44.6,98,Medium
L53559,L,300.1,309.7,1485,45.9,100,Medium
L53560,L,300.2,309.8,1430,55.0,102,Medium
L53561,L,300.2,309.7,1771,27.1,104,Medium
L53562,L,300.2,309.8,1481,41.9,106,Medium
H35797,H,300.2,309.7,1483,43.8,108,Medium
H35798,H,300.1,309.6,1463,45.1,113,Medium
L53565,L,300.1,309.7,1410,48.3,118,Medium
L53566,L,300.2,309.7,1656,34.3,120,Medium
M21247,M,300.2,309.8,1487,39.2,122,Medium
H35802,H,300.3,309.9,1509,46.6,125,Medium
H35803,H,300.3,309.9,1677,30.1,130,Medium
L53570,L,300.3,309.8,1450,55.0,135,Medium
M21251,M,300.2,309.7,1413,43.0,137,Medium
L53572,L,300.1,309.7,1680,33.8,140,Medium
L53573,L,300.2,309.7,1678,30.5,142,Medium
M21254,M,300.2,309.7,1408,44.0,144,Medium
M21255,M,300.1,309.6,1376,52.1,147,Medium
L53576,L,300.0,309.6,1526,46.4,150,Medium
M21257,M,300.0,309.6,1587,32.6,152,Medium
L53578,L,300.1,309.7,1351,58.2,155,Medium
M21259,M,300.1,309.6,1501,38.0,157,Medium
L53580,L,300.1,309.7,1601,35.8,160,Medium
M21261,M,300.0,309.6,1573,39.7,162,Medium
M21262,M,300.1,309.6,1584,36.7,165,Medium
L53583,L,300.1,309.6,1649,33.6,168,Medium
M21264,M,300.2,309.7,1183,61.4,170,Medium
L53585,L,300.1,309.7,2151,17.5,173,Medium
L53586,L,300.2,309.8,1526,45.6,175,Medium
M21267,M,300.3,309.9,1611,29.0,177,Medium
L53588,L,300.3,309.9,1601,31.7,180,Critical
L53589,L,300.3,310.0,1560,40.8,182,Critical
L53590,L,300.4,310.1,1544,41.9,184,Critical
M21271,M,300.4,310.0,1560,42.3,186,Critical
L53592,L,300.4,310.0,1423,44.2,189,Critical
L53593,L,300.4,310.1,1614,33.5,191,Critical
M21274,M,300.4,310.1,1457,35.1,193,Critical
L53595,L,300.4,310.1,1503,42.2,196,Critical
H35830,H,300.4,310.1,1484,38.0,198,Critical
L53597,L,300.3,309.9,1540,39.9,203,Critical
H35832,H,300.3,309.9,1405,52.1,205,Critical
H35833,H,300.3,309.9,1394,46.7,210,Critical
L53600,L,300.3,309.9,1518,36.4,0,Healthy
L53601,L,300.3,309.9,1527,41.4,2,Healthy
L53602,L,300.3,309.9,1377,55.3,4,Healthy
M21283,M,300.3,310.0,1537,37.5,6,Healthy
M21284,M,300.3,310.0,1409,43.2,9,Healthy
L53605,L,300.3,309.9,1393,56.1,12,Healthy
L53606,L,300.2,309.7,1448,36.8,14,Healthy
L53607,L,300.2,309.8,1418,49.3,16,Healthy
M21288,M,300.2,309.8,1743,24.1,18,Healthy
M21289,M,300.2,309.8,1394,47.4,21,Healthy
L53610,L,300.3,309.8,1523,39.2,24,Healthy
L53611,L,300.2,309.8,1353,59.4,26,Healthy
M21292,M,300.3,309.9,1447,46.5,28,Healthy
L53613,L,300.3,309.9,1570,34.0,31,Healthy
M21294,M,300.3,309.9,1494,38.5,33,Healthy
L53615,L,300.3,309.9,1621,34.1,36,Healthy
L53616,L,300.4,310.0,1769,26.1,38,Healthy
L53617,L,300.4,310.0,1282,66.1,40,Healthy
L53618,L,300.4,310.0,1581,30.3,42,Healthy
L53619,L,300.6,310.1,1656,32.7,44,Healthy
L53620,L,300.6,310.2,1648,31.7,46,Healthy
L53621,L,300.7,310.2,1639,31.4,48,Healthy
L53622,L,300.7,310.2,1348,54.8,50,Healthy
L53623,L,300.8,310.3,1537,33.3,52,Healthy
M21304,M,300.8,310.3,1270,61.0,54,Healthy
L53625,L,300.7,310.3,1662,34.4,57,Healthy
M21306,M,300.7,310.3,1471,40.2,59,Healthy
L53627,L,300.6,310.1,1337,45.8,62,Healthy
H35862,H,300.7,310.2,1877,24.8,64,Healthy
L53629,L,300.6,310.2,1519,44.6,69,Healthy
L53630,L,300.6,310.2,1378,47.3,71,Healthy
L53631,L,300.7,310.2,1696,27.5,73,Healthy
L53632,L,300.7,310.1,1376,50.8,75,Healthy
L53633,L,300.7,310.2,1807,24.2,77,Healthy
L53634,L,300.7,310.1,1598,32.8,79,Healthy
L53635,L,300.7,310.1,1565,40.2,81,Medium
L53636,L,300.7,310.2,1387,50.6,83,Medium
L53637,L,300.7,310.0,1395,48.0,85,Medium
M21318,M,300.6,310.0,1302,62.9,87,Medium
M21319,M,300.6,310.0,1397,55.2,90,Medium
L53640,L,300.6,310.0,1313,52.9,93,Medium
L53641,L,300.6,310.0,1505,35.9,95,Medium
H35876,H,300.6,310.0,1483,44.0,97,Medium
H35877,H,300.5,310.0,1358,60.4,102,Medium
M21324,M,300.5,309.9,1735,27.0,107,Medium
M21325,M,300.5,309.8,1416,48.5,110,Medium
L53646,L,300.4,309.7,1740,31.1,113,Medium
L53647,L,300.4,309.7,1692,27.4,115,Medium
L53648,L,300.5,309.8,1507,42.5,117,Medium
M21329,M,300.4,309.6,1521,35.0,119,Medium
L53650,L,300.4,309.6,1379,54.5,122,Medium
L53651,L,300.4,309.6,1523,38.5,124,Medium
H35886,H,300.4,309.6,1571,33.6,126,Medium
H35887,H,300.4,309.5,1547,50.7,131,Medium
M21334,M,300.5,309.7,1347,54.3,136,Medium
L53655,L,300.5,309.7,1560,30.2,139,Medium
L53656,L,300.5,309.7,1384,48.6,141,Medium
L53657,L,300.5,309.7,1841,24.6,143,Medium
L53658,L,300.5,309.8,1663,29.1,145,Critical
L53659,L,300.6,309.8,1418,42.7,147,Medium
L53660,L,300.7,309.9,1775,26.6,149,Medium
L53661,L,300.7,309.8,1406,48.4,151,Medium
L53662,L,300.6,309.9,1480,43.7,153,Medium
L53663,L,300.7,309.9,1412,45.3,155,Medium
H35898,H,300.6,309.8,1913,22.5,157,Medium
L53665,L,300.6,309.8,1629,37.6,162,Medium
L53666,L,300.5,309.8,1939,21.4,164,Medium
H35901,H,300.6,309.8,1541,36.2,166,Medium
L53668,L,300.7,309.8,1330,54.4,171,Medium
M21349,M,300.7,309.8,1490,38.8,173,Medium
L53670,L,300.7,309.9,1383,44.5,176,Medium
L53671,L,300.8,310.0,1468,52.7,178,Medium
M21352,M,300.8,309.9,1444,46.0,180,Critical
L53673,L,300.7,309.8,1363,53.1,183,Critical
L53674,L,300.6,309.7,1617,33.2,185,Critical
M21355,M,300.6,309.8,1694,31.1,187,Critical
L53676,L,300.7,309.9,1815,27.0,190,Critical
L53677,L,300.8,309.9,1312,65.3,192,Critical
H35912,H,300.8,309.9,2041,19.2,194,Critical
L53679,L,300.9,310.0,1671,26.8,199,Critical
M21360,M,300.9,310.0,1416,46.6,201,Critical
M21361,M,300.9,310.0,1600,36.0,204,Critical
L53682,L,300.9,310.0,2595,13.7,207,Critical
M21363,M,300.9,309.9,1465,42.9,209,Critical
M21364,M,301.0,310.1,1681,27.4,212,Critical
L53685,L,301.1,310.1,1457,39.6,215,Critical
H35920,H,301.0,310.1,1454,44.1,217,Critical
L53687,L,301.0,310.1,1558,32.6,0,Healthy
H35922,H,301.0,310.1,1756,30.7,2,Healthy
L53689,L,301.1,310.1,1564,36.8,7,Healthy
L53690,L,301.1,310.2,1455,55.3,9,Healthy
M21371,M,301.2,310.1,2280,15.7,11,Healthy
M21372,M,301.1,310.0,1433,48.1,14,Healthy
L53693,L,301.1,310.0,1513,38.0,17,Healthy
L53694,L,301.0,309.9,1507,41.8,19,Healthy
L53695,L,301.0,310.0,1480,43.5,21,Healthy
H35930,H,301.1,310.0,1470,40.1,23,Healthy
L53697,L,301.1,310.1,1540,36.6,28,Healthy
H35932,H,301.0,310.0,1212,67.9,30,Healthy
L53699,L,301.1,310.1,1417,46.9,35,Healthy
M21380,M,301.2,310.1,1666,34.9,37,Healthy
L53701,L,301.1,310.1,1666,27.2,40,Healthy
L53702,L,301.1,310.1,1489,45.8,42,Healthy
M21383,M,301.1,310.2,1850,27.7,44,Healthy
L53704,L,301.1,310.4,1874,24.8,47,Healthy
L53705,L,301.1,310.4,1312,73.6,49,Critical
L53706,L,301.2,310.4,1515,38.4,51,Healthy
L53707,L,301.2,310.4,1516,44.4,53,Healthy
L53708,L,301.2,310.5,1546,40.0,55,Healthy
L53709,L,301.3,310.6,1481,40.9,57,Healthy
H35944,H,301.3,310.6,1605,32.5,59,Healthy
H35945,H,301.2,310.7,1656,26.2,64,Healthy
H35946,H,301.2,310.6,1352,52.0,69,Healthy
L53713,L,301.3,310.7,1504,47.2,74,Healthy
L53714,L,301.3,310.6,1436,44.2,76,Healthy
H35949,H,301.2,310.5,1505,43.6,78,Healthy
L53716,L,301.3,310.5,1406,47.1,83,Medium
M21397,M,301.3,310.5,1481,39.7,85,Medium
L53718,L,301.4,310.7,1487,44.6,88,Medium
L53719,L,301.4,310.7,1436,54.1,90,Medium
M21400,M,301.4,310.7,1368,63.7,92,Critical
L53721,L,301.4,310.7,1509,38.3,95,Medium
L53722,L,301.4,310.8,1543,36.9,97,Medium
L53723,L,301.4,310.8,1698,29.6,99,Medium
M21404,M,301.4,310.7,1470,46.5,101,Medium
M21405,M,301.4,310.8,1738,30.3,104,Medium
M21406,M,301.4,310.8,1530,39.9,107,Medium
L53727,L,301.4,310.8,1740,29.2,110,Medium
L53728,L,301.4,310.8,1770,24.1,112,Medium
H35963,H,301.3,310.6,1527,44.0,114,Medium
L53730,L,301.3,310.7,1516,46.0,119,Medium
L53731,L,301.4,310.7,1616,36.5,121,Medium
L53732,L,301.4,310.7,1786,26.1,123,Medium
L53733,L,301.4,310.8,1389,52.7,125,Medium
M21414,M,301.4,310.7,1639,29.8,127,Medium
H35969,H,301.5,310.7,1394,46.7,130,Medium
L53736,L,301.5,310.7,1686,27.9,135,Medium
M21417,M,301.5,310.6,1638,31.9,137,Medium
M21418,M,301.5,310.6,1447,41.9,140,Medium
H35973,H,301.5,310.6,1512,39.0,143,Medium
L53740,L,301.6,310.8,1961,21.8,148,Medium
L53741,L,301.5,310.7,1596,35.4,150,Medium
M21422,M,301.5,310.7,1871,21.3,152,Medium
L53743,L,301.5,310.7,1942,20.5,155,Medium
L53744,L,301.4,310.6,1557,38.2,157,Medium
L53745,L,301.4,310.6,1550,36.8,159,Medium
L53746,L,301.3,310.6,1966,22.6,161,Medium
M21427,M,301.3,310.6,1499,36.1,163,Medium
L53748,L,301.3,310.6,1521,36.3,166,Medium
M21429,M,301.4,310.7,1375,42.0,168,Medium
L53750,L,301.4,310.6,1634,31.1,171,Medium
M21431,M,301.3,310.6,1378,49.4,173,Medium
L53752,L,301.4,310.7,1428,53.7,176,Medium
M21433,M,301.4,310.6,1855,25.3,178,Medium
L53754,L,301.4,310.6,1578,33.0,181,Critical
M21435,M,301.4,310.5,1451,45.3,183,Critical
L53756,L,301.5,310.5,1644,34.9,186,Critical
L53757,L,301.4,310.4,1388,45.3,188,Critical
L53758,L,301.4,310.4,1543,40.9,190,Critical
L53759,L,301.3,310.4,1501,41.6,192,Critical
L53760,L,301.3,310.4,1507,39.1,194,Critical
L53761,L,301.4,310.4,1559,36.0,196,Critical
L53762,L,301.5,310.5,1528,35.7,198,Critical
M21443,M,301.5,310.5,1503,38.2,200,Critical
L53764,L,301.5,310.5,1372,44.0,203,Critical
M21445,M,301.5,310.5,1600,32.8,205,Critical
L53766,L,301.5,310.6,1453,44.0,208,Critical
M21447,M,301.6,310.7,1813,24.6,210,Critical
L53768,L,301.6,310.7,1457,40.4,213,Critical
M21449,M,301.6,310.6,1553,38.9,0,Healthy
L53770,L,301.7,310.7,1763,25.9,3,Healthy
L53771,L,301.7,310.7,2023,20.9,5,Healthy
M21452,M,301.6,310.7,1457,47.8,7,Healthy
L53773,L,301.6,310.7,1679,29.5,10,Healthy
L53774,L,301.6,310.6,2103,19.7,12,Healthy
M21455,M,301.5,310.7,1460,38.6,14,Healthy
M21456,M,301.5,310.7,1454,39.4,17,Healthy
L53777,L,301.5,310.6,1481,46.8,20,Healthy
L53778,L,301.5,310.7,1424,51.1,22,Healthy
L53779,L,301.6,310.7,1494,39.5,24,Healthy
M21460,M,301.5,310.6,1424,47.0,26,Healthy
M21461,M,301.5,310.7,1347,47.9,29,Healthy
L53782,L,301.5,310.6,1374,46.7,32,Healthy
M21463,M,301.5,310.6,1403,47.4,34,Healthy
M21464,M,301.5,310.6,1573,37.4,37,Healthy
M21465,M,301.6,310.6,1691,30.1,40,Healthy
H36020,H,301.5,310.5,1538,44.3,43,Healthy
L53787,L,301.5,310.5,1556,39.1,48,Healthy
M21468,M,301.5,310.4,1593,36.8,50,Healthy
L53789,L,301.5,310.4,1474,39.9,53,Healthy
L53790,L,301.5,310.4,1543,34.0,55,Healthy
H36025,H,301.5,310.5,1587,33.8,57,Healthy
L53792,L,301.6,310.6,1222,70.0,62,Healthy
L53793,L,301.7,310.6,1513,41.1,64,Healthy
L53794,L,301.7,310.6,1660,28.7,66,Healthy
L53795,L,301.7,310.6,1545,42.1,68,Healthy
M21476,M,301.7,310.6,1380,45.8,70,Healthy
L53797,L,301.6,310.6,1321,60.8,73,Healthy
M21478,M,301.6,310.6,1309,65.8,75,Critical
M21479,M,301.7,310.7,1627,31.3,78,Healthy
M21480,M,301.6,310.7,1791,23.8,81,Medium
M21481,M,301.7,310.7,1861,21.8,84,Medium
L53802,L,301.7,310.7,1493,51.1,87,Medium
M21483,M,301.7,310.7,1442,41.1,89,Medium
L53804,L,301.7,310.7,1532,39.8,92,Medium
M21485,M,301.6,310.7,1421,44.4,94,Medium
L53806,L,301.6,310.6,1613,42.5,97,Medium
M21487,M,301.7,310.6,1876,22.1,99,Medium
L53808,L,301.6,310.5,1593,34.5,102,Medium
L53809,L,301.6,310.5,1397,49.4,104,Medium
M21490,M,301.6,310.5,1414,49.3,106,Medium
M21491,M,301.5,310.4,1378,55.3,109,Medium
L53812,L,301.4,310.4,1301,51.2,112,Medium
M21493,M,301.5,310.5,1737,29.3,114,Medium
L53814,L,301.5,310.5,1396,44.5,117,Medium
L53815,L,301.5,310.5,1534,39.3,119,Medium
M21496,M,301.5,310.5,1774,25.5,121,Medium
H36051,H,301.5,310.5,1453,48.0,124,Medium
L53818,L,301.5,310.5,1453,44.2,129,Medium
L53819,L,301.4,310.5,1380,48.4,131,Medium
L53820,L,301.4,310.4,1334,43.2,133,Medium
L53821,L,301.5,310.5,1702,28.7,135,Medium
L53822,L,301.6,310.6,1431,37.5,137,Medium
M21503,M,301.5,310.5,1308,60.5,139,Medium
L53824,L,301.5,310.6,1565,43.9,142,Medium
M21505,M,301.5,310.4,1486,39.6,144,Medium
L53826,L,301.5,310.5,1479,34.2,147,Medium
L53827,L,301.5,310.5,1927,22.4,149,Medium
L53828,L,301.5,310.4,1488,41.1,151,Medium
M21509,M,301.5,310.4,1350,54.9,153,Medium
L53830,L,301.6,310.4,1561,35.3,156,Medium
M21511,M,301.5,310.4,1276,55.6,158,Medium
H36066,H,301.5,310.4,1580,35.7,161,Medium
M21513,M,301.4,310.3,1610,29.1,166,Medium
L53834,L,301.4,310.3,2203,16.6,169,Medium
L53835,L,301.4,310.3,1639,32.7,171,Medium
M21516,M,301.4,310.4,1553,44.7,173,Medium
L53837,L,301.4,310.3,1374,47.6,176,Medium
L53838,L,301.4,310.4,1430,50.9,178,Medium
L53839,L,301.3,310.3,1626,31.3,180,Critical
H36074,H,301.4,310.5,1421,43.8,182,Critical
M21521,M,301.3,310.4,1501,39.8,187,Critical
M21522,M,301.3,310.4,2093,18.7,190,Critical
L53843,L,301.3,310.4,1504,47.2,193,Critical
L53844,L,301.3,310.4,1538,38.4,195,Critical
L53845,L,301.3,310.4,1440,41.5,197,Critical
L53846,L,301.3,310.4,1414,51.4,199,Critical
H36081,H,301.4,310.5,1536,39.9,201,Critical
L53848,L,301.4,310.5,1476,39.2,206,Critical
L53849,L,301.4,310.5,1571,33.9,208,Critical
L53850,L,301.5,310.6,1998,20.2,210,Critical
L53851,L,301.5,310.6,1357,42.1,212,Critical
L53852,L,301.6,310.7,1424,50.5,214,Critical
L53853,L,301.6,310.7,1380,51.8,216,Critical
L53854,L,301.5,310.7,1618,35.5,218,Critical
L53855,L,301.5,310.6,1579,28.0,220,Critical
L53856,L,301.5,310.7,1423,44.0,222,Critical
L53857,L,301.5,310.7,1435,38.5,224,Critical
M21538,M,301.5,310.7,1336,65.6,0,Critical
L53859,L,301.6,310.8,1392,42.4,3,Healthy
L53860,L,301.5,310.8,1417,49.7,5,Healthy
L53861,L,301.4,310.7,1425,45.1,7,Healthy
L53862,L,301.5,310.8,1512,38.9,9,Healthy
L53863,L,301.5,310.9,1318,50.6,11,Healthy
L53864,L,301.6,310.9,1538,40.4,13,Healthy
L53865,L,301.6,310.9,1532,43.6,15,Healthy
L53866,L,301.7,311.0,1715,24.8,17,Healthy
L53867,L,301.7,311.0,1700,28.7,19,Healthy
L53868,L,301.7,311.0,1548,40.3,21,Healthy
L53869,L,301.7,311.0,1546,43.0,23,Healthy
L53870,L,301.7,311.0,1343,49.2,25,Healthy
M21551,M,301.7,311.0,1510,47.8,27,Healthy
M21552,M,301.8,311.0,1839,23.6,30,Healthy
M21553,M,301.8,311.0,1756,26.7,33,Healthy
M21554,M,301.7,310.9,1300,62.7,36,Healthy
M21555,M,301.7,311.0,1311,55.8,39,Healthy
L53876,L,301.7,310.9,1636,31.3,42,Healthy
L53877,L,301.6,310.9,1643,34.1,44,Healthy
L53878,L,301.6,310.8,1418,44.7,46,Healthy
M21559,M,301.7,310.8,1516,40.4,48,Healthy
H36114,H,301.6,310.9,1419,50.2,51,Healthy
L53881,L,301.6,310.9,1623,34.1,56,Healthy
M21562,M,301.6,310.8,1664,32.0,58,Healthy
M21563,M,301.5,310.7,1744,28.2,61,Healthy
M21564,M,301.5,310.7,1510,36.0,64,Healthy
M21565,M,301.5,310.6,1382,58.1,67,Healthy
L53886,L,301.4,310.6,1381,46.1,70,Healthy
L53887,L,301.3,310.6,1556,39.0,72,Healthy
M21568,M,301.4,310.6,1464,37.4,74,Healthy
L53889,L,301.4,310.6,1481,37.6,77,Healthy
L53890,L,301.5,310.7,1323,49.7,79,Healthy
L53891,L,301.5,310.7,1426,46.1,81,Medium
H36126,H,301.4,310.7,1516,36.4,83,Medium
L53893,L,301.3,310.6,1416,45.2,88,Medium
L53894,L,301.3,310.6,1440,53.8,90,Medium
L53895,L,301.3,310.6,1576,30.4,92,Medium
L53896,L,301.3,310.6,1387,53.6,94,Medium
M21577,M,301.4,310.6,1464,48.6,96,Medium
L53898,L,301.4,310.6,2137,18.0,99,Medium
M21579,M,301.4,310.6,1431,40.6,101,Medium
L53900,L,301.3,310.6,1458,48.0,104,Medium
L53901,L,301.4,310.7,1280,61.0,106,Medium
L53902,L,301.4,310.7,1657,28.7,108,Medium
M21583,M,301.4,310.6,1565,36.1,110,Medium
L53904,L,301.3,310.6,1560,36.8,113,Medium
M21585,M,301.5,310.7,1359,47.1,115,Medium
L53906,L,301.5,310.8,1500,41.0,118,Medium
L53907,L,301.5,310.8,1785,25.5,120,Medium
L53908,L,301.5,310.9,1891,23.2,122,Medium
H36143,H,301.5,310.9,1524,40.4,124,Medium
M21590,M,301.6,311.0,1431,42.3,129,Medium
L53911,L,301.6,310.9,1385,51.2,132,Medium
L53912,L,301.7,311.0,1503,44.8,134,Medium
M21593,M,301.7,311.0,1311,46.8,136,Medium
M21594,M,301.6,310.9,1575,40.1,139,Medium
L53915,L,301.6,311.0,1485,40.1,142,Medium
L53916,L,301.7,311.0,1527,42.2,144,Medium
M21597,M,301.7,311.0,1537,33.5,146,Medium
H36152,H,301.8,311.1,1463,50.1,149,Medium
L53919,L,301.7,311.2,1482,43.6,154,Medium
L53920,L,301.8,311.2,1417,55.9,156,Medium
M21601,M,301.7,311.1,1506,39.5,158,Medium
H36156,H,301.7,311.2,1639,30.0,161,Medium
L53923,L,301.7,311.2,1418,38.0,166,Medium
M21604,M,301.7,311.0,1298,58.1,168,Medium
M21605,M,301.8,311.1,1395,44.6,171,Medium
M21606,M,301.7,311.1,1578,40.5,174,Medium
M21607,M,301.8,311.1,1597,29.8,177,Medium
H36162,H,301.7,311.0,2016,19.3,180,Critical
L53929,L,301.7,311.0,1585,35.9,185,Critical
M21610,M,301.7,311.0,1505,44.0,187,Critical
M21611,M,301.7,311.0,1505,37.1,190,Critical
L53932,L,301.6,310.9,1706,29.5,193,Critical
L53933,L,301.6,310.9,1385,50.7,195,Critical
L53934,L,301.8,311.1,1495,36.9,197,Critical
M21615,M,301.8,311.1,1663,31.6,199,Critical
L53936,L,301.8,311.2,1840,26.6,202,Critical
L53937,L,301.8,311.2,1822,26.2,204,Critical
L53938,L,301.7,311.1,1644,32.8,206,Critical
L53939,L,301.7,311.0,1441,44.3,208,Critical
L53940,L,301.5,310.9,1451,40.6,0,Healthy
L53941,L,301.5,310.9,1400,50.8,2,Healthy
L53942,L,301.4,310.8,1362,53.2,4,Healthy
M21623,M,301.4,310.8,1782,26.5,6,Healthy
L53944,L,301.4,310.9,1536,38.3,9,Healthy
L53945,L,301.5,310.9,1580,32.3,11,Healthy
M21626,M,301.4,311.0,1427,43.2,13,Healthy
L53947,L,301.3,310.9,1509,41.7,16,Healthy
H36182,H,301.3,310.8,1434,39.5,18,Healthy
L53949,L,301.2,310.8,1392,52.6,23,Healthy
M21630,M,301.3,310.8,1509,40.1,25,Healthy
M21631,M,301.2,310.7,1962,22.5,28,Healthy
L53952,L,301.3,310.7,1536,39.3,31,Healthy
L53953,L,301.3,310.8,1381,47.9,33,Healthy
H36188,H,301.2,310.7,1747,27.3,35,Healthy
L53955,L,301.2,310.6,1670,30.0,40,Healthy
L53956,L,301.3,310.6,1451,47.5,42,Healthy
L53957,L,301.2,310.7,1951,21.3,44,Healthy
M21638,M,301.3,310.7,1819,25.5,46,Healthy
M21639,M,301.3,310.8,1372,54.2,49,Healthy
L53960,L,301.3,310.8,1560,38.5,52,Healthy
M21641,M,301.3,310.8,1494,35.3,54,Healthy
L53962,L,301.3,310.8,1531,53.4,57,Healthy
L53963,L,301.3,310.8,1450,46.9,59,Healthy
M21644,M,301.3,310.7,1391,52.5,61,Healthy
L53965,L,301.2,310.6,1389,45.3,64,Healthy
L53966,L,301.2,310.6,1409,50.9,66,Healthy
H36201,H,301.1,310.6,1388,58.5,68,Healthy
M21648,M,301.1,310.6,1410,43.9,73,Healthy
M21649,M,301.1,310.5,1646,30.7,76,Healthy
M21650,M,301.1,310.7,2219,16.7,79,Healthy
L53971,L,301.2,310.7,1551,41.2,82,Medium
L53972,L,301.2,310.6,1811,24.0,84,Medium
L53973,L,301.3,310.7,1608,31.4,86,Medium
L53974,L,301.3,310.8,1428,55.2,88,Medium
L53975,L,301.4,310.8,1477,50.4,90,Medium
M21656,M,301.3,310.7,1300,58.3,92,Medium
M21657,M,301.2,310.7,1615,34.9,95,Medium
L53978,L,301.2,310.7,1676,32.4,98,Medium
M21659,M,301.1,310.7,2636,12.2,100,Critical
M21660,M,301.1,310.6,1310,48.8,103,Medium
L53981,L,301.1,310.7,1334,48.2,106,Medium
M21662,M,301.1,310.7,1621,31.0,108,Medium
M21663,M,301.1,310.7,1367,43.4,111,Medium
L53984,L,301.0,310.6,1588,33.7,114,Medium
M21665,M,301.0,310.7,1497,37.6,116,Medium
L53986,L,301.1,310.8,1608,32.9,119,Medium
L53987,L,301.0,310.8,1549,41.4,121,Medium
L53988,L,301.0,310.7,1391,45.0,123,Medium
L53989,L,300.9,310.8,1490,38.1,125,Medium
L53990,L,301.0,310.7,1727,34.5,127,Medium
L53991,L,300.9,310.6,1504,46.4,129,Medium
L53992,L,300.9,310.6,1350,53.8,131,Medium
M21673,M,300.9,310.7,1420,43.0,133,Medium
H36228,H,300.8,310.6,1465,44.1,136,Medium
L53995,L,300.9,310.7,1427,44.1,141,Medium
L53996,L,300.9,310.7,1477,43.2,143,Medium
M21677,M,301.0,310.7,1493,48.1,145,Medium
M21678,M,301.0,310.7,1657,29.9,148,Medium
L53999,L,300.9,310.7,1359,46.0,151,Medium
L54000,L,300.8,310.6,1551,34.5,153,Medium
M21681,M,300.8,310.6,1545,37.5,155,Medium
M21682,M,300.9,310.6,1709,29.2,158,Medium
M21683,M,300.9,310.7,1268,56.3,161,Medium
L54004,L,300.9,310.7,1740,25.3,164,Medium
L54005,L,301.0,310.9,1828,25.1,166,Medium
L54006,L,301.0,310.9,1822,21.6,168,Medium
M21687,M,301.0,310.9,1515,41.8,170,Medium
L54008,L,301.0,310.9,1392,52.9,173,Medium
H36243,H,300.9,310.9,1474,35.7,175,Medium
M21690,M,301.0,310.9,1359,53.4,180,Critical
L54011,L,301.1,311.0,1565,52.3,183,Critical
M21692,M,301.1,311.1,1384,42.5,185,Critical
L54013,L,301.1,311.1,1387,53.1,188,Critical
L54014,L,301.1,311.0,1378,51.1,190,Critical
L54015,L,301.0,310.9,1809,25.7,192,Critical
H36250,H,301.1,311.0,1339,52.8,194,Critical
M21697,M,301.0,311.0,1423,38.6,199,Critical
L54018,L,301.1,311.1,1570,41.6,202,Critical
L54019,L,301.2,311.2,1558,34.1,204,Critical
L54020,L,301.1,311.1,1799,21.7,206,Critical
M21701,M,301.1,311.2,1591,35.0,208,Critical
L54022,L,301.2,311.2,1635,29.6,211,Critical
L54023,L,301.3,311.3,1509,42.5,213,Critical
M21704,M,301.3,311.4,1838,23.2,215,Critical
M21705,M,301.3,311.5,1648,32.4,0,Healthy
M21706,M,301.2,311.5,1498,49.5,3,Healthy
L54027,L,301.2,311.4,1757,28.0,6,Healthy
M21708,M,301.1,311.3,1389,53.3,8,Healthy
L54029,L,301.1,311.3,1498,37.6,11,Healthy
M21710,M,301.0,311.2,1521,35.8,13,Healthy
M21711,M,301.0,311.2,1394,41.3,16,Healthy
H36266,H,301.0,311.2,1602,32.7,19,Healthy
L54033,L,300.9,311.1,1417,40.7,24,Healthy
L54034,L,301.0,311.2,1511,42.9,26,Healthy
M21715,M,301.1,311.3,1654,30.7,28,Healthy
M21716,M,301.1,311.3,1836,22.8,31,Healthy
L54037,L,301.1,311.3,1622,35.6,34,Healthy
L54038,L,301.0,311.2,1467,45.4,36,Healthy
M21719,M,301.1,311.3,1909,22.7,38,Healthy
L54040,L,301.1,311.2,1910,20.2,41,Healthy
H36275,H,301.1,311.3,2207,16.6,43,Healthy
M21722,M,301.1,311.2,1384,49.4,48,Healthy
L54043,L,301.1,311.3,1630,29.5,51,Healthy
L54044,L,301.1,311.3,1268,60.0,53,Healthy
L54045,L,301.1,311.4,1531,38.7,55,Healthy
M21726,M,301.0,311.3,1454,41.5,57,Healthy
L54047,L,301.0,311.3,1342,50.9,60,Healthy
L54048,L,301.0,311.2,1363,46.3,62,Healthy
L54049,L,301.0,311.2,1412,42.1,64,Healthy
H36284,H,301.0,311.3,1597,39.2,66,Healthy
L54051,L,301.0,311.3,1349,47.0,71,Healthy
L54052,L,301.0,311.3,1472,35.3,73,Healthy
L54053,L,301.0,311.4,1478,39.5,75,Healthy
H36288,H,300.9,311.3,1295,58.9,77,Healthy
M21735,M,300.8,311.2,1592,32.9,82,Medium
L54056,L,300.8,311.2,1430,54.4,85,Medium
M21737,M,300.8,311.2,1488,40.1,87,Medium
H36292,H,300.9,311.2,1518,35.0,90,Medium
H36293,H,300.8,311.2,2237,17.0,95,Medium
M21740,M,300.9,311.3,1801,24.6,100,Medium
L54061,L,301.0,311.4,1573,37.6,103,Medium
L54062,L,300.9,311.4,2073,21.4,105,Medium
L54063,L,300.9,311.3,1953,19.4,107,Medium
L54064,L,300.8,311.2,1492,39.0,109,Medium
L54065,L,300.8,311.2,1397,48.7,111,Medium
M21746,M,300.8,311.3,1465,43.2,113,Medium
L54067,L,300.8,311.3,1782,26.9,116,Medium
M21748,M,300.9,311.4,1434,45.4,118,Medium
H36303,H,300.9,311.4,1387,42.7,121,Medium
M21750,M,300.9,311.4,1532,41.5,126,Medium
L54071,L,300.9,311.5,1505,41.1,129,Medium
L54072,L,301.0,311.6,1440,43.3,131,Medium
L54073,L,301.0,311.6,1470,43.4,133,Medium
L54074,L,301.1,311.7,1408,46.3,135,Medium
M21755,M,301.0,311.6,1357,45.6,137,Medium
M21756,M,301.0,311.6,1454,40.0,140,Medium
L54077,L,301.0,311.6,1352,63.5,143,Medium
M21758,M,301.0,311.6,1448,43.9,145,Medium
L54079,L,300.9,311.6,1671,33.5,148,Medium
L54080,L,301.0,311.7,1670,31.3,150,Medium
L54081,L,301.0,311.7,1547,34.5,152,Medium
L54082,L,301.0,311.6,1461,40.6,154,Medium
M21763,M,301.0,311.6,1609,35.8,156,Medium
M21764,M,300.9,311.5,1704,31.3,159,Medium
M21765,M,301.0,311.5,1550,34.9,162,Medium
M21766,M,301.0,311.5,1530,43.9,165,Medium
L54087,L,300.9,311.3,1449,40.2,168,Medium
L54088,L,300.9,311.3,1613,32.7,170,Medium
L54089,L,300.8,311.2,1376,48.1,172,Medium
L54090,L,300.8,311.2,1434,45.6,174,Medium
L54091,L,300.8,311.1,1480,41.1,176,Medium
M21772,M,300.8,311.2,1634,31.9,178,Medium
L54093,L,300.8,311.2,1481,38.5,181,Critical
H36328,H,300.9,311.3,1668,28.9,183,Critical
L54095,L,301.0,311.4,1484,36.2,188,Critical
M21776,M,300.9,311.3,1603,31.8,190,Critical
L54097,L,301.0,311.4,1481,37.5,193,Critical
L54098,L,301.0,311.5,1559,31.8,195,Critical
L54099,L,301.0,311.5,1444,39.8,197,Critical
M21780,M,301.2,311.6,1423,48.0,199,Critical
L54101,L,301.1,311.6,1432,48.1,202,Critical
L54102,L,301.2,311.7,1463,48.3,204,Critical
L54103,L,301.2,311.7,1433,49.3,206,Critical
L54104,L,301.2,311.6,1461,52.9,208,Critical
M21785,M,301.1,311.6,1266,55.5,210,Critical
H36340,H,301.1,311.6,1417,53.4,0,Healthy
L54107,L,301.1,311.6,1488,43.4,5,Healthy
L54108,L,301.1,311.7,1816,24.5,7,Healthy
M21789,M,301.0,311.6,1301,55.0,9,Healthy
M21790,M,300.9,311.5,1836,21.8,12,Healthy
M21791,M,300.8,311.4,1521,39.9,15,Healthy
L54112,L,300.8,311.4,1322,67.2,18,Critical
L54113,L,300.8,311.4,1492,40.6,20,Healthy
L54114,L,300.8,311.4,1536,40.9,22,Healthy
L54115,L,300.7,311.2,1878,24.3,24,Healthy
L54116,L,300.6,311.1,1471,40.7,26,Healthy
H36351,H,300.6,311.1,1452,40.2,28,Healthy
L54118,L,300.7,311.2,1452,44.4,33,Healthy
M21799,M,300.7,311.3,1348,53.0,35,Healthy
H36354,H,300.8,311.4,1453,44.6,38,Healthy
L54121,L,300.8,311.4,1316,57.6,43,Healthy
M21802,M,300.8,311.4,1732,26.9,45,Healthy
L54123,L,300.7,311.3,1522,35.2,48,Healthy
M21804,M,300.7,311.3,1487,39.8,50,Healthy
M21805,M,300.8,311.4,1852,22.2,53,Healthy
L54126,L,300.7,311.2,1486,46.8,56,Healthy
M21807,M,300.7,311.3,1562,37.1,58,Healthy
L54128,L,300.7,311.2,1457,51.4,61,Healthy
M21809,M,300.7,311.2,1769,26.5,63,Healthy
H36364,H,300.7,311.3,1374,53.1,66,Healthy
L54131,L,300.8,311.3,1524,43.5,71,Healthy
L54132,L,300.8,311.3,1498,40.2,73,Healthy
L54133,L,300.8,311.3,1462,41.4,75,Healthy
M21814,M,300.8,311.2,1429,52.3,77,Healthy
L54135,L,300.7,311.2,1399,47.9,80,Medium
M21816,M,300.8,311.2,1434,39.1,82,Medium
L54137,L,300.7,311.1,1324,52.2,85,Medium
L54138,L,300.6,311.0,1563,40.7,87,Medium
L54139,L,300.6,311.0,1543,34.7,89,Medium
L54140,L,300.7,311.0,1413,52.0,91,Medium
M21821,M,300.7,311.0,1378,41.2,93,Medium
M21822,M,300.7,311.1,1373,49.9,96,Medium
H36377,H,300.7,311.0,1981,19.9,99,Medium
M21824,M,300.7,311.0,1263,52.3,104,Medium
L54145,L,300.7,311.0,1312,52.1,107,Medium
L54146,L,300.7,311.0,1969,20.7,109,Medium
M21827,M,300.8,311.2,1365,51.7,111,Medium
L54148,L,300.9,311.2,1789,25.5,114,Medium
M21829,M,300.8,311.1,1583,32.1,116,Medium
L54150,L,300.7,311.0,1436,44.9,119,Medium
M21831,M,300.7,311.0,1559,42.8,121,Medium
L54152,L,300.7,311.0,1377,49.9,124,Medium
L54153,L,300.7,311.0,1462,41.9,126,Medium
L54154,L,300.7,311.0,1318,48.2,128,Medium
M21835,M,300.7,311.0,1378,51.6,130,Medium
L54156,L,300.6,310.9,1344,46.7,133,Medium
L54157,L,300.7,311.1,2377,14.3,135,Medium
L54158,L,300.7,311.1,1427,50.3,137,Medium
L54159,L,300.9,311.2,1353,60.4,139,Medium
L54160,L,300.8,311.3,1505,45.5,141,Medium
H36395,H,300.8,311.2,1612,32.5,143,Medium
L54162,L,300.7,311.1,1440,43.0,148,Medium
M21843,M,300.7,311.0,1334,53.9,150,Medium
M21844,M,300.7,311.0,1706,25.0,153,Medium
H36399,H,300.8,311.1,1698,24.8,156,Medium
L54166,L,300.7,311.1,1688,30.7,161,Medium
L54167,L,300.7,311.1,2437,13.8,163,Medium
L54168,L,300.7,311.1,1478,46.8,165,Medium
M21849,M,300.7,311.1,1608,35.3,167,Medium
L54170,L,300.7,311.1,2478,13.4,170,Critical
L54171,L,300.8,311.1,1509,33.4,172,Medium
L54172,L,300.7,311.0,1596,36.9,174,Medium
M21853,M,300.7,311.0,1740,25.6,176,Medium
L54174,L,300.6,310.8,1375,53.2,179,Medium
M21855,M,300.6,310.7,1705,31.2,181,Critical
M21856,M,300.5,310.6,1621,32.0,184,Critical
M21857,M,300.6,310.7,1566,38.2,187,Critical
M21858,M,300.6,310.7,1388,42.9,190,Critical
M21859,M,300.6,310.7,1457,36.7,193,Critical
M21860,M,300.6,310.6,1463,45.5,196,Critical
L54181,L,300.5,310.5,1564,38.2,199,Critical
H36416,H,300.5,310.6,1411,47.2,201,Critical
L54183,L,300.5,310.6,1540,46.7,206,Critical
L54184,L,300.5,310.6,1950,20.3,208,Critical
M21865,M,300.6,310.7,1339,52.9,0,Healthy
H36420,H,300.6,310.6,1419,39.6,3,Healthy
L54187,L,300.5,310.6,1499,45.2,8,Healthy
L54188,L,300.5,310.6,1368,49.6,10,Healthy
L54189,L,300.5,310.5,1536,36.2,12,Healthy
M21870,M,300.5,310.5,1469,42.9,14,Healthy
L54191,L,300.5,310.5,2633,12.2,17,Critical
L54192,L,300.4,310.4,1298,61.4,19,Healthy
M21873,M,300.4,310.4,1544,36.3,21,Healthy
H36428,H,300.5,310.5,1403,47.7,24,Healthy
L54195,L,300.5,310.5,1452,42.9,29,Healthy
L54196,L,300.6,310.5,1509,43.1,31,Healthy
M21877,M,300.7,310.6,1474,37.0,33,Healthy
M21878,M,300.7,310.7,1377,46.7,36,Healthy
L54199,L,300.8,310.8,1741,27.1,39,Healthy
L54200,L,300.8,310.8,1460,53.8,41,Healthy
H36435,H,300.7,310.6,1631,32.6,43,Healthy
L54202,L,300.7,310.5,1561,33.2,48,Healthy
M21883,M,300.7,310.6,1572,38.5,50,Healthy
L54204,L,300.6,310.6,2127,18.7,53,Healthy
H36439,H,300.6,310.6,1448,44.7,55,Healthy
L54206,L,300.6,310.7,1543,39.6,60,Healthy
L54207,L,300.6,310.6,1508,34.8,62,Healthy
M21888,M,300.6,310.6,1403,50.4,64,Healthy
L54209,L,300.6,310.6,1454,39.7,67,Healthy
L54210,L,300.7,310.8,1772,27.3,69,Healthy
L54211,L,300.7,310.8,1479,49.1,71,Healthy
L54212,L,300.7,310.9,1723,31.0,73,Healthy
M21893,M,300.7,310.8,1469,46.4,75,Healthy
H36448,H,300.6,310.6,1830,26.2,78,Healthy
L54215,L,300.6,310.6,1497,38.2,83,Medium
L54216,L,300.7,310.6,1540,52.7,85,Medium
L54217,L,300.6,310.6,1514,39.5,87,Medium
L54218,L,300.7,310.6,1654,34.2,89,Medium
H36453,H,300.6,310.5,1519,37.0,91,Medium
L54220,L,300.7,310.6,1720,30.3,96,Medium
L54221,L,300.6,310.5,1470,37.7,98,Medium
L54222,L,300.6,310.5,1642,29.9,100,Medium
M21903,M,300.7,310.6,2006,19.1,102,Medium
M21904,M,300.7,310.6,1505,35.6,105,Medium
M21905,M,300.7,310.6,1609,27.6,108,Medium
M21906,M,300.7,310.5,1863,22.2,111,Medium
L54227,L,300.6,310.4,1401,42.6,114,Medium
L54228,L,300.6,310.4,2007,19.8,116,Medium
L54229,L,300.6,310.4,1494,47.3,118,Medium
L54230,L,300.6,310.4,1457,47.7,120,Medium
L54231,L,300.6,310.4,1556,37.7,122,Medium
H36466,H,300.6,310.4,1510,42.8,124,Medium
H36467,H,300.7,310.5,1567,38.7,129,Medium
H36468,H,300.7,310.5,1476,43.1,134,Medium
L54235,L,300.8,310.6,1663,30.6,139,Medium
M21916,M,300.8,310.5,1409,50.6,141,Medium
L54237,L,300.8,310.6,1666,36.2,144,Medium
L54238,L,300.7,310.6,1520,45.9,146,Medium
L54239,L,300.6,310.5,1644,33.8,148,Medium
H36474,H,300.6,310.4,1479,35.6,150,Medium
L54241,L,300.6,310.4,1446,49.7,155,Medium
M21922,M,300.6,310.4,1407,51.1,157,Medium
L54243,L,300.7,310.4,1234,51.7,160,Medium
M21924,M,300.8,310.5,1696,29.7,162,Medium
L54245,L,300.8,310.6,1384,52.9,165,Medium
M21926,M,300.8,310.7,1572,36.2,167,Medium
M21927,M,300.8,310.7,1386,42.1,170,Medium
L54248,L,300.8,310.7,1461,42.8,173,Medium
L54249,L,300.8,310.7,1525,39.4,175,Medium
L54250,L,300.7,310.7,1333,61.0,177,Medium
H36485,H,300.7,310.6,1505,40.6,179,Medium
M21932,M,300.7,310.6,1439,41.7,184,Critical
L54253,L,300.7,310.6,1491,43.2,187,Critical
M21934,M,300.7,310.6,1488,39.2,189,Critical
L54255,L,300.7,310.5,1536,47.4,192,Critical
L54256,L,300.7,310.5,1960,21.0,194,Critical
M21937,M,300.7,310.5,1594,31.0,196,Critical
L54258,L,300.7,310.5,1357,52.6,199,Critical
L54259,L,300.7,310.5,1445,41.1,201,Critical
L54260,L,300.7,310.4,1543,47.3,203,Critical
L54261,L,300.7,310.4,1366,52.6,205,Critical
L54262,L,300.7,310.3,1458,40.0,207,Critical
L54263,L,300.7,310.4,1416,61.8,209,Critical
L54264,L,300.6,310.3,1794,24.4,211,Critical
L54265,L,300.6,310.3,1484,41.0,213,Critical
L54266,L,300.6,310.4,2514,13.4,215,Critical
L54267,L,300.6,310.3,1648,30.5,217,Critical
M21948,M,300.6,310.3,1614,32.7,0,Healthy
L54269,L,300.6,310.2,1622,34.1,3,Healthy
M21950,M,300.6,310.2,1478,40.1,5,Healthy
L54271,L,300.6,310.2,1318,51.0,8,Healthy
L54272,L,300.7,310.2,1493,35.9,10,Healthy
H36507,H,300.7,310.3,1369,50.7,12,Healthy
L54274,L,300.6,310.2,1447,45.9,17,Healthy
L54275,L,300.6,310.1,1485,49.9,19,Healthy
L54276,L,300.6,310.2,1489,47.8,21,Healthy
M21957,M,300.6,310.2,1233,52.3,23,Healthy
L54278,L,300.7,310.2,1642,32.6,26,Healthy
M21959,M,300.7,310.2,1373,44.1,28,Healthy
L54280,L,300.7,310.2,1569,32.8,31,Healthy
L54281,L,300.8,310.2,1850,22.8,33,Healthy
M21962,M,300.8,310.3,1494,42.2,35,Healthy
H36517,H,300.8,310.3,1777,30.1,38,Healthy
L54284,L,300.9,310.4,1454,43.1,43,Healthy
L54285,L,300.9,310.4,1536,34.2,45,Healthy
L54286,L,300.8,310.5,1482,39.0,47,Healthy
H36521,H,300.9,310.5,1512,41.2,49,Healthy
M21968,M,300.8,310.5,1511,35.8,54,Healthy
L54289,L,300.9,310.5,1599,40.5,57,Healthy
M21970,M,300.8,310.4,1518,36.0,59,Healthy
M21971,M,300.8,310.4,1450,39.4,62,Healthy
L54292,L,300.9,310.4,1427,47.0,65,Healthy
L54293,L,300.9,310.4,1561,32.7,67,Healthy
H36528,H,300.9,310.4,1457,43.8,69,Healthy
M21975,M,301.0,310.6,1460,53.6,74,Healthy
L54296,L,301.0,310.5,1601,33.2,77,Healthy
L54297,L,300.9,310.5,1570,40.1,79,Healthy
L54298,L,300.9,310.5,1565,35.9,81,Medium
L54299,L,301.0,310.5,1378,44.4,83,Medium
L54300,L,300.9,310.5,2288,16.1,85,Medium
M21981,M,300.9,310.4,1375,44.7,87,Medium
L54302,L,300.9,310.4,1788,27.8,90,Medium
M21983,M,300.9,310.4,1576,40.4,92,Medium
M21984,M,300.8,310.3,1868,24.5,95,Medium
L54305,L,300.7,310.1,1261,56.6,98,Medium
M21986,M,300.6,310.0,1542,33.9,100,Medium
L54307,L,300.6,310.0,1438,53.8,103,Medium
L54308,L,300.6,310.0,1511,36.9,105,Medium
L54309,L,300.6,310.0,1635,31.0,107,Medium
L54310,L,300.6,309.9,1428,48.8,109,Medium
M21991,M,300.5,309.8,1410,44.4,111,Medium
L54312,L,300.5,309.9,1423,47.9,114,Medium
M21993,M,300.5,309.9,1552,41.3,116,Medium
M21994,M,300.5,310.0,1406,50.2,119,Medium
L54315,L,300.5,309.9,1443,48.3,122,Medium
M21996,M,300.5,309.9,1343,63.7,124,Medium
M21997,M,300.6,310.0,1486,41.2,127,Medium
L54318,L,300.6,310.1,1297,50.0,130,Medium
L54319,L,300.6,310.1,1495,42.3,132,Medium
L54320,L,300.5,309.9,1382,46.5,134,Medium
M22001,M,300.4,309.8,1356,44.4,136,Medium
H36556,H,300.3,309.7,1452,41.5,139,Medium
H36557,H,300.3,309.7,1582,30.8,144,Medium
M22004,M,300.4,309.8,1517,40.3,149,Medium
L54325,L,300.5,310.0,1413,44.5,152,Medium
L54326,L,300.4,309.9,1496,31.8,154,Medium
L54327,L,300.3,309.8,1466,41.2,156,Medium
M22008,M,300.3,309.8,1617,40.8,158,Medium
L54329,L,300.2,309.8,1506,41.8,161,Medium
L54330,L,300.2,309.8,1401,49.3,163,Medium
H36565,H,300.2,309.9,1906,22.9,165,Medium
L54332,L,300.2,309.9,1566,36.4,170,Medium
L54333,L,300.2,310.0,1493,47.3,172,Medium
L54334,L,300.3,310.1,1483,39.9,174,Medium
M22015,M,300.2,309.9,1569,31.2,176,Medium
M22016,M,300.2,310.0,1664,30.7,179,Medium
L54337,L,300.2,310.0,1486,40.1,182,Critical
L54338,L,300.2,310.0,1389,53.6,184,Critical
L54339,L,300.1,310.0,1511,41.7,186,Critical
M22020,M,300.2,310.1,1485,40.5,188,Critical
L54341,L,300.2,310.2,1440,42.9,191,Critical
L54342,L,300.2,310.2,1378,43.9,193,Critical
M22023,M,300.1,310.1,1501,39.3,195,Critical
M22024,M,300.2,310.1,1474,44.0,198,Critical
L54345,L,300.2,310.1,1392,47.9,201,Critical
M22026,M,300.3,310.2,1429,44.7,203,Critical
L54347,L,300.3,310.3,1362,60.3,206,Critical
L54348,L,300.3,310.3,1704,29.5,0,Healthy
L54349,L,300.3,310.2,1492,52.3,2,Healthy
M22030,M,300.3,310.2,1442,39.5,4,Healthy
M22031,M,300.2,310.2,1438,51.5,7,Healthy
M22032,M,300.1,310.1,1402,46.6,10,Healthy
L54353,L,300.1,310.1,1684,30.8,13,Healthy
L54354,L,300.2,310.2,1530,48.5,15,Healthy
L54355,L,300.1,310.1,1569,43.5,17,Healthy
L54356,L,300.1,310.1,1650,31.6,19,Healthy
L54357,L,300.2,310.2,1415,49.6,21,Healthy
L54358,L,300.2,310.2,1600,31.5,23,Healthy
L54359,L,300.2,310.1,1523,42.3,25,Healthy
M22040,M,300.2,310.2,1628,30.3,27,Healthy
L54361,L,300.2,310.3,1331,52.1,30,Healthy
L54362,L,300.3,310.3,2158,16.8,32,Healthy
L54363,L,300.2,310.3,1445,50.9,34,Healthy
M22044,M,300.2,310.3,1593,36.1,36,Healthy
L54365,L,300.3,310.4,1672,29.2,39,Healthy
M22046,M,300.4,310.5,1644,31.4,41,Healthy
L54367,L,300.4,310.5,1402,54.3,44,Healthy
L54368,L,300.4,310.4,1286,56.8,46,Healthy
L54369,L,300.4,310.4,1486,46.3,48,Healthy
L54370,L,300.3,310.3,1345,46.3,50,Healthy
L54371,L,300.3,310.3,1629,34.1,52,Healthy
M22052,M,300.2,310.2,1429,43.8,54,Healthy
L54373,L,300.1,310.1,1306,64.7,57,Healthy
L54374,L,300.1,310.1,1380,52.6,59,Healthy
M22055,M,300.1,310.1,1443,49.3,61,Healthy
H36610,H,300.1,310.1,1426,42.7,64,Healthy
L54377,L,300.0,310.0,1486,41.8,69,Healthy
M22058,M,300.0,309.9,1530,34.5,71,Healthy
L54379,L,300.0,309.9,1507,41.4,74,Healthy
L54380,L,300.0,309.9,1608,33.4,76,Healthy
L54381,L,300.0,309.8,1474,40.6,78,Healthy
L54382,L,300.0,309.7,1326,61.9,80,Medium
M22063,M,299.8,309.6,1434,48.0,82,Medium
L54384,L,299.8,309.6,1526,41.7,85,Medium
L54385,L,299.8,309.7,1483,39.6,87,Medium
L54386,L,299.8,309.7,1457,51.9,89,Medium
M22067,M,299.7,309.6,1540,34.4,91,Medium
L54388,L,299.8,309.7,1707,29.1,94,Medium
L54389,L,299.8,309.7,1624,34.2,96,Medium
M22070,M,299.8,309.6,1331,50.2,98,Medium
L54391,L,299.8,309.7,1431,40.3,101,Medium
M22072,M,299.8,309.7,1705,28.5,103,Medium
M22073,M,299.8,309.8,1427,45.2,106,Medium
M22074,M,299.9,309.8,1625,41.2,109,Medium
L54395,L,299.9,309.8,1477,47.7,112,Medium
M22076,M,300.0,309.9,1651,28.1,114,Medium
L54397,L,299.9,309.8,1716,28.2,117,Medium
H36632,H,299.9,309.8,1400,48.7,119,Medium
M22079,M,299.8,309.7,1556,37.7,124,Medium
L54400,L,299.8,309.7,1429,42.6,127,Medium
H36635,H,299.7,309.6,1433,49.6,129,Medium
M22082,M,299.8,309.7,1320,61.7,134,Medium
L54403,L,299.8,309.6,1374,51.6,137,Medium
L54404,L,299.8,309.6,1598,31.0,139,Medium
M22085,M,299.8,309.7,1910,21.8,141,Medium
L54406,L,299.7,309.6,1399,51.3,144,Medium
L54407,L,299.7,309.6,1720,27.1,146,Medium
H36642,H,299.8,309.7,1368,47.4,148,Medium
L54409,L,299.8,309.8,1749,33.4,153,Medium
L54410,L,299.8,309.8,1542,39.4,155,Medium
L54411,L,299.8,309.9,1553,36.6,157,Medium
M22092,M,299.9,309.9,1639,42.1,159,Medium
L54413,L,299.9,310.0,1447,45.9,162,Medium
M22094,M,299.8,310.0,1397,48.1,164,Medium
L54415,L,299.8,310.0,1361,53.8,167,Medium
M22096,M,299.8,310.0,1460,37.1,169,Medium
M22097,M,299.8,310.0,1632,33.7,172,Medium
L54418,L,299.8,310.0,1697,36.0,175,Medium
L54419,L,299.8,310.1,1553,42.0,177,Medium
M22100,M,299.9,310.1,1362,56.3,179,Medium
M22101,M,299.9,310.0,1484,42.1,182,Critical
H36656,H,299.9,310.1,1447,51.4,185,Critical
M22103,M,300.0,310.2,1393,51.2,190,Critical
L54424,L,300.0,310.2,1760,26.9,193,Critical
L54425,L,300.0,310.1,1477,34.6,195,Critical
L54426,L,299.9,310.1,1681,29.1,197,Critical
M22107,M,300.0,310.1,1314,53.5,199,Critical
L54428,L,300.0,310.1,1762,28.0,202,Critical
L54429,L,299.9,310.0,1402,44.7,204,Critical
M22110,M,300.1,310.2,1429,42.0,206,Critical
M22111,M,300.2,310.3,1448,40.1,209,Critical
H36666,H,300.2,310.4,1501,42.9,212,Critical
L54433,L,300.3,310.5,1522,39.1,217,Critical
L54434,L,300.3,310.4,1493,37.5,219,Critical
M22115,M,300.2,310.3,1704,29.4,221,Critical
H36670,H,300.2,310.3,1408,42.5,0,Healthy
L54437,L,300.2,310.4,1518,41.8,5,Healthy
L54438,L,300.3,310.4,1742,25.9,7,Healthy
M22119,M,300.4,310.5,1500,43.0,9,Healthy
L54440,L,300.4,310.5,2424,14.5,12,Healthy
L54441,L,300.4,310.5,1818,25.1,14,Healthy
M22122,M,300.4,310.6,1545,35.6,16,Healthy
L54443,L,300.4,310.6,1429,46.9,19,Healthy
M22124,M,300.4,310.6,1448,44.9,21,Healthy
L54445,L,300.4,310.6,1384,48.7,24,Healthy
L54446,L,300.4,310.5,1578,32.8,26,Healthy
L54447,L,300.5,310.5,1695,26.7,28,Healthy
L54448,L,300.5,310.6,1543,36.2,30,Healthy
M22129,M,300.4,310.5,1540,33.4,32,Healthy
L54450,L,300.2,310.4,1808,25.8,35,Healthy
M22131,M,300.3,310.4,1293,49.7,37,Healthy
L54452,L,300.2,310.3,1202,59.5,40,Healthy
M22133,M,300.2,310.3,1704,29.2,42,Healthy
M22134,M,300.2,310.3,1478,38.1,45,Healthy
L54455,L,300.2,310.3,1514,38.7,48,Healthy
M22136,M,300.1,310.3,1350,48.8,50,Healthy
L54457,L,300.1,310.2,1475,54.2,53,Healthy
H36692,H,300.0,310.1,1714,28.7,55,Healthy
L54459,L,300.0,310.1,1465,40.9,60,Healthy
L54460,L,299.9,310.2,1288,69.6,62,Critical
L54461,L,300.0,310.2,1675,29.7,64,Healthy
L54462,L,300.0,310.2,1486,36.4,66,Healthy
M22143,M,300.0,310.2,1443,58.7,68,Healthy
M22144,M,300.1,310.3,1345,57.1,71,Healthy
M22145,M,300.2,310.4,1202,61.7,74,Healthy
M22146,M,300.1,310.4,1480,37.1,77,Healthy
M22147,M,300.2,310.4,1530,35.7,80,Medium
M22148,M,300.2,310.6,1983,20.8,83,Medium
L54469,L,300.3,310.6,1433,53.8,86,Medium
L54470,L,300.3,310.6,1806,24.4,88,Medium
L54471,L,300.2,310.5,1416,46.7,90,Medium
M22152,M,300.1,310.4,1556,38.1,92,Medium
L54473,L,300.1,310.5,1627,29.2,95,Medium
L54474,L,300.1,310.6,1809,24.3,97,Medium
M22155,M,300.1,310.5,1329,57.4,99,Medium
H36710,H,300.0,310.4,1881,21.9,102,Medium
L54477,L,300.1,310.5,1500,39.8,107,Medium
L54478,L,300.1,310.5,1532,36.0,109,Medium
L54479,L,300.1,310.5,1492,50.9,111,Medium
L54480,L,300.2,310.6,1431,42.3,113,Medium
L54481,L,300.1,310.4,1554,39.4,115,Medium
L54482,L,300.1,310.5,1494,44.2,117,Medium
L54483,L,300.1,310.6,1374,45.4,119,Medium
L54484,L,300.1,310.5,1394,44.3,121,Medium
M22165,M,300.0,310.5,1790,25.7,123,Medium
L54486,L,300.1,310.5,1356,45.8,126,Medium
M22167,M,300.0,310.4,1385,52.1,128,Medium
L54488,L,300.0,310.4,1333,49.1,131,Medium
L54489,L,300.0,310.4,1505,44.9,133,Medium
L54490,L,300.0,310.5,1606,33.5,135,Medium
H36725,H,300.0,310.5,1558,36.7,137,Medium
L54492,L,300.0,310.5,1412,52.4,142,Medium
L54493,L,299.9,310.4,1408,38.4,144,Medium
L54494,L,299.9,310.3,1268,53.3,146,Medium
L54495,L,299.9,310.4,1470,50.0,148,Medium
L54496,L,299.9,310.4,1497,47.0,150,Medium
L54497,L,299.9,310.3,1638,29.1,152,Medium
H36732,H,299.9,310.3,1535,43.9,154,Medium
L54499,L,299.8,310.2,1654,32.7,159,Medium
H36734,H,299.8,310.2,1411,49.7,161,Medium
L54501,L,299.8,310.2,1911,23.5,166,Medium
H36736,H,299.8,310.2,1573,33.3,168,Medium
L54503,L,299.9,310.2,1479,46.3,173,Medium
M22184,M,299.9,310.4,1820,26.6,175,Medium
L54505,L,299.9,310.4,1419,45.7,178,Medium
M22186,M,299.9,310.5,1335,52.9,180,Critical
M22187,M,299.9,310.5,1576,39.4,183,Critical
L54508,L,300.0,310.5,1517,42.2,186,Critical
M22189,M,299.9,310.4,1576,34.3,188,Critical
H36744,H,299.8,310.2,1537,36.6,191,Critical
L54511,L,299.8,310.3,1524,34.2,196,Critical
M22192,M,299.8,310.3,1805,23.7,198,Critical
M22193,M,299.9,310.4,1367,53.3,201,Critical
L54514,L,299.8,310.4,1694,30.3,204,Critical
L54515,L,299.9,310.4,1328,49.9,206,Critical
H36750,H,299.9,310.5,1549,42.8,208,Critical
L54517,L,299.9,310.5,1539,32.8,213,Critical
L54518,L,299.8,310.5,1496,38.8,215,Critical
L54519,L,299.8,310.4,1579,36.4,0,Healthy
L54520,L,299.7,310.3,1386,46.6,2,Healthy
L54521,L,299.7,310.3,1505,37.7,4,Healthy
M22202,M,299.7,310.3,1661,34.5,6,Healthy
L54523,L,299.6,310.2,1468,48.0,9,Healthy
L54524,L,299.6,310.1,1384,49.8,11,Healthy
L54525,L,299.6,310.2,1381,60.5,13,Healthy
L54526,L,299.6,310.2,1469,47.0,15,Healthy
L54527,L,299.6,310.2,1627,36.6,17,Healthy
H36762,H,299.7,310.3,1462,40.4,19,Healthy
L54529,L,299.7,310.2,1633,36.5,24,Healthy
L54530,L,299.7,310.2,1469,39.5,26,Healthy
L54531,L,299.7,310.2,1458,43.4,28,Healthy
M22212,M,299.7,310.2,1440,42.8,30,Healthy
L54533,L,299.8,310.3,1687,30.4,33,Healthy
M22214,M,299.7,310.3,1429,47.7,35,Healthy
L54535,L,299.6,310.2,1588,34.1,38,Healthy
L54536,L,299.6,310.2,1333,51.2,40,Healthy
L54537,L,299.6,310.1,1487,42.9,42,Healthy
M22218,M,299.5,310.1,1659,31.5,44,Healthy
M22219,M,299.4,310.0,1512,43.2,47,Healthy
L54540,L,299.5,310.1,1585,35.2,50,Healthy
L54541,L,299.5,310.0,1502,38.5,52,Healthy
L54542,L,299.5,310.0,1594,35.1,54,Healthy
L54543,L,299.5,310.0,1412,48.9,56,Healthy
L54544,L,299.5,309.9,1402,51.7,58,Healthy
L54545,L,299.6,310.1,2057,20.4,60,Healthy
H36780,H,299.6,310.1,1531,36.8,62,Healthy
M22227,M,299.5,310.1,1359,61.1,67,Healthy
M22228,M,299.6,310.2,1620,30.0,70,Healthy
M22229,M,299.6,310.1,1646,29.6,73,Healthy
M22230,M,299.6,310.1,1455,46.1,76,Healthy
L54551,L,299.6,310.2,1512,44.0,79,Healthy
L54552,L,299.6,310.2,1473,42.7,81,Medium
L54553,L,299.6,310.1,1553,38.0,83,Medium
L54554,L,299.5,310.0,1379,50.4,85,Medium
M22235,M,299.4,309.9,1567,40.6,87,Medium
L54556,L,299.5,310.0,1481,43.1,90,Medium
L54557,L,299.5,310.0,1349,52.7,92,Medium
L54558,L,299.5,310.0,1388,52.4,94,Medium
M22239,M,299.6,310.1,1357,48.7,96,Medium
L54560,L,299.6,310.2,1743,24.8,99,Medium
L54561,L,299.7,310.3,1495,43.1,101,Medium
L54562,L,299.8,310.4,1698,28.3,103,Medium
M22243,M,299.7,310.4,1410,44.5,105,Medium
L54564,L,299.7,310.4,1614,36.2,108,Medium
M22245,M,299.8,310.5,1375,53.9,110,Medium
M22246,M,299.8,310.6,1574,31.8,113,Medium
H36801,H,299.8,310.6,1423,44.6,116,Medium
M22248,M,299.8,310.6,1694,31.3,121,Medium
L54569,L,299.8,310.6,1707,32.5,124,Medium
M22250,M,299.7,310.5,1490,41.2,126,Medium
L54571,L,299.7,310.6,1675,31.3,129,Medium
M22252,M,299.7,310.5,1492,39.3,131,Medium
M22253,M,299.7,310.5,1594,35.4,134,Medium
L54574,L,299.7,310.6,1479,38.0,137,Medium
M22255,M,299.7,310.6,1572,38.0,139,Medium
L54576,L,299.7,310.6,1616,35.1,142,Medium
L54577,L,299.7,310.6,1737,26.1,144,Medium
M22258,M,299.7,310.7,1498,37.8,146,Medium
L54579,L,299.6,310.6,1642,35.1,149,Medium
M22260,M,299.6,310.6,1633,34.2,151,Medium
L54581,L,299.8,310.8,1409,51.9,154,Medium
M22262,M,299.8,310.8,1463,43.5,156,Medium
L54583,L,299.8,310.8,1376,48.6,159,Medium
L54584,L,299.8,310.8,1553,32.2,161,Medium
M22265,M,299.8,310.8,1530,35.2,163,Medium
L54586,L,299.8,310.9,1545,40.7,166,Medium
H36821,H,299.8,310.9,1427,47.2,168,Medium
L54588,L,299.9,310.9,1292,51.1,173,Medium
L54589,L,299.8,310.9,2084,17.6,175,Medium
L54590,L,299.9,311.0,1747,27.6,177,Medium
L54591,L,300.0,311.1,1425,47.8,179,Medium
L54592,L,300.0,311.0,1637,33.6,181,Critical
M22273,M,300.1,311.1,1616,35.2,183,Critical
L54594,L,300.1,311.1,1619,33.4,186,Critical
L54595,L,300.1,311.2,1489,39.1,188,Critical
M22276,M,300.1,311.2,1452,42.4,190,Critical
M22277,M,300.1,311.3,1495,41.0,193,Critical
M22278,M,300.2,311.4,1427,39.7,196,Critical
L54599,L,300.1,311.4,1572,36.2,199,Critical
L54600,L,300.1,311.3,1547,40.0,201,Critical
M22281,M,300.1,311.4,1342,48.5,203,Critical
L54602,L,300.0,311.2,1351,44.1,206,Critical
L54603,L,300.0,311.3,1407,47.3,208,Critical
M22284,M,300.1,311.4,1575,29.8,210,Critical
M22285,M,300.0,311.4,1791,24.1,213,Critical
M22286,M,300.0,311.4,1692,29.0,216,Critical
L54607,L,300.0,311.4,1634,31.9,0,Healthy
M22288,M,300.0,311.4,1864,23.3,2,Healthy
L54609,L,300.0,311.4,1590,33.6,5,Healthy
M22290,M,300.0,311.4,1384,46.1,7,Healthy
M22291,M,300.0,311.4,1352,61.8,10,Healthy
L54612,L,300.1,311.4,1484,43.1,13,Healthy
M22293,M,300.1,311.4,1913,21.9,15,Healthy
L54614,L,300.0,311.4,1508,38.2,18,Healthy
L54615,L,299.9,311.3,1504,40.7,20,Healthy
L54616,L,300.0,311.4,1487,41.2,22,Healthy
L54617,L,299.8,311.3,1727,30.0,24,Healthy
L54618,L,299.9,311.3,1647,27.5,26,Healthy
L54619,L,300.0,311.3,1493,41.4,28,Healthy
L54620,L,300.0,311.4,1655,29.6,30,Healthy
M22301,M,299.9,311.4,1337,54.8,32,Healthy
L54622,L,300.0,311.5,1601,36.9,35,Healthy
H36857,H,300.1,311.6,1589,37.9,37,Healthy
L54624,L,300.2,311.7,1286,55.1,42,Healthy
L54625,L,300.2,311.7,1553,41.3,44,Healthy
L54626,L,300.2,311.8,1379,51.0,46,Healthy
M22307,M,300.3,311.9,1677,30.8,48,Healthy
L54628,L,300.3,311.8,1488,38.4,51,Healthy
L54629,L,300.3,311.8,1418,45.9,53,Healthy
L54630,L,300.3,311.8,1451,41.0,55,Healthy
L54631,L,300.3,311.8,1508,43.1,57,Healthy
L54632,L,300.3,311.7,1579,33.6,59,Healthy
H36867,H,300.3,311.7,1432,47.7,61,Healthy
L54634,L,300.2,311.6,1446,47.3,66,Healthy
M22315,M,300.2,311.7,1597,39.5,68,Healthy
M22316,M,300.2,311.7,1397,50.2,71,Healthy
L54637,L,300.1,311.6,1530,36.6,74,Healthy
M22318,M,300.1,311.6,1433,51.4,76,Healthy
L54639,L,300.0,311.5,1591,32.0,79,Healthy
L54640,L,300.0,311.5,1445,41.6,81,Medium
L54641,L,300.0,311.5,1749,28.3,83,Medium
L54642,L,300.0,311.3,1703,30.4,85,Medium
H36877,H,300.1,311.4,1518,46.9,87,Medium
L54644,L,300.1,311.3,1535,42.3,92,Medium
M22325,M,300.1,311.4,1390,52.1,94,Medium
H36880,H,300.3,311.6,1801,23.6,97,Medium
H36881,H,300.3,311.6,1463,41.6,102,Medium
L54648,L,300.3,311.6,1560,37.7,107,Medium
L54649,L,300.3,311.6,1607,33.5,109,Medium
L54650,L,300.4,311.6,1332,54.6,111,Medium
L54651,L,300.3,311.7,1365,53.3,113,Medium
M22332,M,300.3,311.6,1617,32.5,115,Medium
M22333,M,300.3,311.6,1304,62.8,118,Medium
L54654,L,300.3,311.7,1989,22.3,121,Medium
H36889,H,300.3,311.6,1339,53.4,123,Medium
L54656,L,300.2,311.5,1492,41.8,128,Medium
M22337,M,300.1,311.3,1518,40.2,130,Medium
L54658,L,300.1,311.3,1479,39.5,133,Medium
M22339,M,300.1,311.3,1523,34.1,135,Medium
M22340,M,300.2,311.4,1570,35.3,138,Medium
H36895,H,300.2,311.4,1506,36.1,141,Medium
M22342,M,300.2,311.6,1510,47.5,146,Medium
L54663,L,300.2,311.6,1671,28.8,149,Medium
M22344,M,300.3,311.6,1312,53.4,151,Medium
L54665,L,300.3,311.6,1595,38.8,154,Medium
L54666,L,300.3,311.7,1635,31.8,156,Medium
L54667,L,300.3,311.7,1707,33.6,158,Medium
L54668,L,300.3,311.7,1545,43.5,160,Medium
M22349,M,300.2,311.6,1751,28.0,162,Medium
M22350,M,300.4,311.8,1707,30.0,165,Medium
L54671,L,300.4,311.8,1320,57.9,168,Medium
M22352,M,300.3,311.7,1319,51.4,170,Medium
L54673,L,300.2,311.7,1448,54.2,173,Medium
L54674,L,300.2,311.8,1436,48.2,175,Medium
L54675,L,300.3,311.9,1609,34.0,177,Medium
L54676,L,300.2,311.8,1464,44.5,179,Medium
M22357,M,300.3,311.8,1483,45.1,181,Critical
M22358,M,300.2,311.8,1748,28.5,184,Critical
L54679,L,300.3,311.8,1746,26.3,187,Critical
L54680,L,300.2,311.8,1410,51.4,189,Critical
L54681,L,300.2,311.7,1640,30.8,191,Critical
H36916,H,300.3,311.7,1655,29.9,193,Critical
M22363,M,300.3,311.7,1646,28.9,198,Critical
L54684,L,300.4,311.8,1589,42.0,201,Critical
L54685,L,300.5,311.9,1546,39.4,203,Critical
L54686,L,300.5,311.9,1511,41.8,205,Critical
L54687,L,300.5,311.9,1750,28.3,207,Critical
M22368,M,300.5,311.9,1730,27.5,209,Critical
L54689,L,300.6,311.9,1372,60.1,212,Critical
L54690,L,300.5,311.8,1524,38.9,214,Critical
L54691,L,300.4,311.8,1601,36.1,0,Healthy
M22372,M,300.5,311.8,1636,34.4,2,Healthy
L54693,L,300.4,311.8,2261,14.9,5,Healthy
L54694,L,300.4,311.8,1636,32.3,7,Healthy
M22375,M,300.4,311.9,1335,58.3,9,Healthy
M22376,M,300.3,311.7,1236,57.5,12,Healthy
L54697,L,300.3,311.7,1445,47.3,15,Healthy
L54698,L,300.2,311.5,1500,40.8,17,Healthy
L54699,L,300.2,311.6,1999,21.0,19,Healthy
L54700,L,300.2,311.6,1529,35.5,21,Healthy
M22381,M,300.2,311.6,1467,40.7,23,Healthy
L54702,L,300.1,311.5,1334,54.0,26,Healthy
M22383,M,300.1,311.5,1343,46.2,28,Healthy
L54704,L,300.2,311.5,1639,31.1,31,Healthy
H36939,H,300.1,311.5,1383,49.1,33,Healthy
L54706,L,300.1,311.4,1660,31.4,38,Healthy
L54707,L,300.1,311.3,1470,45.2,40,Healthy
M22388,M,300.1,311.3,1748,26.6,42,Healthy
L54709,L,300.1,311.4,1467,35.7,45,Healthy
M22390,M,300.1,311.4,1617,39.3,47,Healthy
H36945,H,300.1,311.4,1377,56.7,50,Healthy
M22392,M,300.0,311.3,1629,32.1,55,Healthy
L54713,L,300.0,311.2,1504,37.9,58,Healthy
L54714,L,300.0,311.2,1418,47.3,60,Healthy
L54715,L,300.0,311.2,1629,31.7,62,Healthy
L54716,L,300.1,311.3,2579,12.5,64,Critical
L54717,L,300.1,311.3,1305,64.7,66,Healthy
M22398,M,300.2,311.4,1450,38.5,68,Healthy
L54719,L,300.2,311.3,1487,36.9,71,Healthy
M22400,M,300.2,311.3,1587,31.2,73,Healthy
M22401,M,300.3,311.5,1528,40.9,76,Healthy
M22402,M,300.4,311.6,1401,49.9,79,Healthy
L54723,L,300.3,311.5,1446,45.0,82,Medium
L54724,L,300.2,311.4,1425,44.2,84,Medium
L54725,L,300.2,311.4,1891,22.6,86,Medium
H36960,H,300.2,311.5,1454,42.8,88,Medium
L54727,L,300.1,311.4,1430,40.9,93,Medium
L54728,L,300.2,311.4,1495,43.6,95,Medium
L54729,L,300.3,311.4,1544,41.6,97,Medium
M22410,M,300.3,311.4,1554,34.3,99,Medium
M22411,M,300.2,311.3,1491,37.3,102,Medium
L54732,L,300.3,311.3,1525,40.7,105,Medium
L54733,L,300.3,311.3,1505,39.6,107,Medium
M22414,M,300.3,311.4,1371,50.2,109,Medium
L54735,L,300.3,311.3,1332,60.5,112,Medium
L54736,L,300.3,311.4,1471,37.0,114,Medium
M22417,M,300.4,311.5,1750,27.3,116,Medium
M22418,M,300.3,311.4,1386,48.1,119,Medium
M22419,M,300.4,311.4,1355,56.2,122,Medium
M22420,M,300.3,311.3,1377,53.8,125,Medium
L54741,L,300.3,311.1,1388,49.4,128,Medium
M22422,M,300.3,311.1,1350,58.7,130,Medium
M22423,M,300.4,311.2,1831,23.4,133,Medium
M22424,M,300.3,311.2,1381,65.2,136,Critical
M22425,M,300.3,311.2,1783,25.6,139,Medium
L54746,L,300.3,311.0,1613,34.7,142,Medium
M22427,M,300.2,311.0,2370,14.7,144,Medium
L54748,L,300.2,311.0,1627,33.7,147,Medium
L54749,L,300.2,311.0,1255,71.8,149,Critical
H36984,H,300.2,311.0,1777,27.5,151,Medium
L54751,L,300.3,311.1,1606,30.9,156,Medium
L54752,L,300.3,311.1,1676,28.6,158,Medium
L54753,L,300.3,311.1,1605,37.1,160,Medium
L54754,L,300.4,311.1,1487,37.4,162,Medium
L54755,L,300.4,311.2,1471,46.5,164,Medium
M22436,M,300.3,311.1,1477,44.2,166,Medium
L54757,L,300.4,311.2,1530,32.0,169,Medium
L54758,L,300.4,311.2,1673,28.9,171,Medium
L54759,L,300.4,311.2,1436,56.8,173,Medium
L54760,L,300.4,311.3,1495,51.2,175,Medium
M22441,M,300.4,311.2,1366,56.1,177,Medium
H36996,H,300.4,311.2,1489,45.3,180,Critical
L54763,L,300.3,311.1,1480,46.6,185,Critical
L54764,L,300.4,311.2,1472,37.3,187,Critical
L54765,L,300.4,311.1,1397,50.8,189,Critical
L54766,L,300.4,311.1,1589,35.5,191,Critical
L54767,L,300.4,311.1,1405,54.1,193,Critical
L54768,L,300.4,311.1,2013,20.1,195,Critical
L54769,L,300.4,311.0,1802,26.0,197,Critical
M22450,M,300.4,311.0,1433,46.1,199,Critical
M22451,M,300.5,311.1,1296,61.3,202,Critical
M22452,M,300.5,311.2,1551,36.6,205,Critical
L54773,L,300.5,311.2,1270,67.5,208,Critical
L54774,L,300.6,311.3,1531,38.5,0,Healthy
H37009,H,300.5,311.2,1397,45.2,2,Healthy
L54776,L,300.5,311.1,1547,37.2,7,Healthy
L54777,L,300.5,311.0,2074,18.9,9,Healthy
L54778,L,300.5,311.1,1491,42.6,11,Healthy
L54779,L,300.5,311.0,1759,28.3,13,Healthy
M22460,M,300.4,311.0,1595,35.4,15,Healthy
L54781,L,300.4,311.2,1351,62.0,18,Healthy
L54782,L,300.4,311.2,1705,28.7,20,Healthy
L54783,L,300.4,311.2,1406,43.6,22,Healthy
L54784,L,300.4,311.3,1639,34.6,24,Healthy
H37019,H,300.4,311.3,2026,20.3,26,Healthy
M22466,M,300.4,311.3,1350,56.5,31,Healthy
M22467,M,300.5,311.3,1468,41.1,34,Healthy
L54788,L,300.5,311.4,1642,27.1,37,Healthy
L54789,L,300.5,311.3,1490,41.8,39,Healthy
M22470,M,300.5,311.3,1507,43.4,41,Healthy
L54791,L,300.5,311.4,1611,32.7,44,Healthy
M22472,M,300.5,311.4,1743,27.6,46,Healthy
L54793,L,300.5,311.3,1475,46.3,49,Healthy
L54794,L,300.5,311.4,1432,47.5,51,Healthy
L54795,L,300.5,311.4,1442,47.0,53,Healthy
M22476,M,300.6,311.4,1468,40.4,55,Healthy
L54797,L,300.5,311.4,1556,45.3,58,Healthy
M22478,M,300.5,311.4,1312,51.4,60,Healthy
L54799,L,300.6,311.5,1459,47.0,63,Healthy
L54800,L,300.5,311.5,1651,36.9,65,Healthy
L54801,L,300.5,311.5,1490,38.4,67,Healthy
M22482,M,300.6,311.6,1473,31.5,69,Healthy
L54803,L,300.6,311.7,1734,29.9,72,Healthy
L54804,L,300.6,311.7,1507,45.5,74,Healthy
L54805,L,300.6,311.7,1556,34.9,76,Healthy
H37040,H,300.5,311.6,1351,53.5,78,Healthy
L54807,L,300.5,311.7,1445,44.8,83,Medium
L54808,L,300.5,311.7,1619,32.7,85,Medium
M22489,M,300.5,311.7,1269,64.0,87,Medium
L54810,L,300.5,311.6,1534,37.7,90,Medium
L54811,L,300.5,311.6,1444,49.3,92,Medium
L54812,L,300.5,311.6,1744,26.8,94,Medium
L54813,L,300.4,311.5,1441,44.6,96,Medium
M22494,M,300.3,311.3,1506,40.7,98,Medium
L54815,L,300.3,311.4,1526,38.5,101,Medium
L54816,L,300.4,311.5,1704,29.7,103,Medium
H37051,H,300.4,311.4,1445,52.4,105,Medium
L54818,L,300.5,311.5,1661,35.9,110,Medium
L54819,L,300.5,311.4,1466,41.8,112,Medium
L54820,L,300.4,311.3,1608,35.1,114,Medium
M22501,M,300.4,311.4,1352,57.3,116,Medium
M22502,M,300.4,311.4,1604,31.7,119,Medium
H37057,H,300.4,311.4,1427,50.7,122,Medium
L54824,L,300.4,311.4,1424,44.6,127,Medium
L54825,L,300.4,311.4,1662,29.3,129,Medium
L54826,L,300.4,311.4,1936,23.9,131,Medium
L54827,L,300.4,311.4,1728,31.7,133,Medium
L54828,L,300.4,311.4,1552,28.8,135,Medium
H37063,H,300.4,311.5,1662,29.0,137,Medium
L54830,L,300.3,311.4,1343,57.7,142,Medium
M22511,M,300.4,311.5,1476,32.6,144,Medium
L54832,L,300.3,311.4,1346,51.1,147,Medium
L54833,L,300.4,311.5,1492,44.6,149,Medium
M22514,M,300.3,311.5,1540,41.5,151,Medium
L54835,L,300.4,311.5,1596,32.5,154,Medium
L54836,L,300.5,311.6,1541,47.8,156,Medium
L54837,L,300.5,311.6,1661,30.0,158,Medium
M22518,M,300.4,311.6,1359,55.4,160,Medium
L54839,L,300.5,311.6,1528,42.4,163,Medium
M22520,M,300.5,311.6,1246,52.9,165,Medium
L54841,L,300.5,311.6,1575,32.5,168,Medium
M22522,M,300.5,311.6,1658,30.4,170,Medium
L54843,L,300.5,311.6,1385,54.8,173,Medium
H37078,H,300.5,311.7,1454,50.3,175,Medium
L54845,L,300.5,311.6,1497,40.5,180,Critical
M22526,M,300.6,311.7,1424,50.8,182,Critical
L54847,L,300.6,311.7,1528,43.9,185,Critical
L54848,L,300.6,311.8,1539,37.0,187,Critical
L54849,L,300.7,311.8,1336,58.4,189,Critical
L54850,L,300.5,311.6,1525,37.6,191,Critical
M22531,M,300.5,311.6,1456,51.1,193,Critical
M22532,M,300.5,311.7,2141,17.2,196,Critical
M22533,M,300.5,311.6,1476,39.1,199,Critical
L54854,L,300.5,311.6,1509,47.2,202,Critical
L54855,L,300.5,311.6,1447,45.4,204,Critical
L54856,L,300.6,311.7,1448,49.1,206,Critical
L54857,L,300.6,311.7,1428,52.6,208,Critical
M22538,M,300.6,311.7,1389,52.1,210,Critical
L54859,L,300.7,311.7,1635,32.4,213,Critical
L54860,L,300.7,311.7,1395,43.7,215,Critical
L54861,L,300.7,311.8,1443,43.7,217,Critical
M22542,M,300.7,311.7,1412,49.1,219,Critical
L54863,L,300.7,311.7,1524,43.5,222,Critical
M22544,M,300.7,311.8,1407,42.4,224,Critical
L54865,L,300.8,311.7,1397,43.5,227,Critical
M22546,M,300.7,311.7,1504,36.9,229,Critical
M22547,M,300.7,311.7,2097,18.9,232,Critical
L54868,L,300.6,311.7,1553,39.8,0,Healthy
L54869,L,300.6,311.7,1432,39.2,2,Healthy
M22550,M,300.5,311.6,1577,36.5,4,Healthy
M22551,M,300.5,311.5,1370,56.1,7,Healthy
H37106,H,300.5,311.6,1506,36.2,10,Healthy
L54873,L,300.6,311.6,1964,21.4,15,Healthy
H37108,H,300.6,311.7,1500,36.7,17,Healthy
L54875,L,300.6,311.7,1488,47.7,22,Healthy
H37110,H,300.6,311.5,1282,60.2,24,Healthy
L54877,L,300.5,311.4,1400,45.1,29,Healthy
L54878,L,300.6,311.5,1419,38.6,31,Healthy
M22559,M,300.7,311.5,1441,40.6,33,Healthy
M22560,M,300.7,311.6,1348,62.5,36,Healthy
H37115,H,300.8,311.7,1468,38.7,39,Healthy
M22562,M,300.7,311.7,1701,30.8,44,Healthy
H37117,H,300.7,311.7,1864,23.6,47,Healthy
M22564,M,300.6,311.6,1630,31.8,52,Healthy
L54885,L,300.5,311.5,1316,49.7,55,Healthy
L54886,L,300.5,311.5,1708,31.2,57,Healthy
H37121,H,300.5,311.4,1679,27.5,59,Healthy
L54888,L,300.5,311.4,1709,32.3,64,Healthy
L54889,L,300.5,311.4,1445,41.5,66,Healthy
M22570,M,300.5,311.4,1390,51.9,68,Healthy
L54891,L,300.4,311.4,1309,55.5,71,Healthy
L54892,L,300.5,311.5,1499,37.6,73,Healthy
M22573,M,300.5,311.4,2072,18.8,75,Healthy
L54894,L,300.5,311.5,1487,43.0,78,Healthy
L54895,L,300.5,311.5,1302,49.6,80,Medium
M22576,M,300.5,311.5,1378,48.2,82,Medium
L54897,L,300.5,311.6,1365,53.0,85,Medium
H37132,H,300.6,311.7,1427,44.6,87,Medium
H37133,H,300.6,311.7,1535,33.3,92,Medium
H37134,H,300.5,311.6,1476,41.7,97,Medium
L54901,L,300.5,311.6,1425,42.4,102,Medium
L54902,L,300.5,311.7,1409,54.7,104,Medium
L54903,L,300.5,311.6,1730,30.2,106,Medium
M22584,M,300.5,311.6,1454,41.4,108,Medium
L54905,L,300.6,311.7,1744,26.9,111,Medium
M22586,M,300.8,311.9,1761,29.0,113,Medium
M22587,M,300.7,311.9,1657,30.9,116,Medium
L54908,L,300.7,311.8,1420,47.0,119,Medium
H37143,H,300.7,311.9,1329,59.2,121,Medium
L54910,L,300.6,311.9,1472,44.2,126,Medium
L54911,L,300.6,312.0,1566,30.1,128,Medium
L54912,L,300.6,312.0,1430,42.7,130,Medium
L54913,L,300.6,312.0,1481,40.9,132,Medium
L54914,L,300.6,312.0,1670,29.4,134,Medium
L54915,L,300.6,312.0,1406,55.1,136,Medium
H37150,H,300.6,312.1,1354,46.9,138,Medium
M22597,M,300.5,312.0,1985,19.3,143,Medium
M22598,M,300.5,312.0,1263,60.8,146,Medium
L54919,L,300.5,311.9,1576,31.1,149,Medium
L54920,L,300.5,312.0,1453,45.1,151,Medium
L54921,L,300.5,312.0,1478,39.0,153,Medium
M22602,M,300.5,311.9,1323,57.9,155,Medium
L54923,L,300.5,311.9,1710,28.4,158,Medium
L54924,L,300.4,311.7,1314,59.5,160,Medium
L54925,L,300.4,311.7,1460,39.6,162,Medium
M22606,M,300.4,311.7,1508,45.4,164,Medium
M22607,M,300.5,311.8,1331,55.3,167,Medium
L54928,L,300.4,311.7,1515,47.4,170,Medium
L54929,L,300.4,311.6,1674,33.0,172,Medium
L54930,L,300.4,311.7,1444,51.2,174,Medium
M22611,M,300.4,311.7,1398,42.6,176,Medium
M22612,M,300.4,311.7,1832,24.2,179,Medium
M22613,M,300.5,311.8,1591,42.0,182,Critical
M22614,M,300.4,311.7,1478,39.9,185,Critical
M22615,M,300.4,311.8,1362,47.6,188,Critical
L54936,L,300.5,311.8,1368,57.9,191,Critical
M22617,M,300.3,311.7,1723,28.3,193,Critical
L54938,L,300.4,311.8,1689,30.8,196,Critical
L54939,L,300.4,311.8,1272,59.2,198,Critical
M22620,M,300.4,311.7,1511,33.0,200,Critical
H37175,H,300.4,311.6,1715,30.8,203,Critical
M22622,M,300.3,311.5,1400,43.8,0,Healthy
L54943,L,300.4,311.6,1200,76.6,3,Critical
M22624,M,300.4,311.7,1555,38.7,5,Healthy
H37179,H,300.3,311.6,1427,56.2,8,Healthy
L54946,L,300.3,311.4,1318,52.7,13,Healthy
H37181,H,300.2,311.4,1319,54.6,15,Healthy
M22628,M,300.2,311.4,1960,20.9,20,Healthy
L54949,L,300.3,311.5,1552,38.9,23,Healthy
L54950,L,300.3,311.5,1548,32.2,25,Healthy
L54951,L,300.3,311.6,1709,29.5,27,Healthy
H37186,H,300.3,311.5,1464,41.0,29,Healthy
L54953,L,300.3,311.4,1759,24.8,34,Healthy
L54954,L,300.3,311.5,1634,31.9,36,Healthy
L54955,L,300.3,311.5,1663,33.6,38,Healthy
M22636,M,300.3,311.5,1445,47.3,40,Healthy
L54957,L,300.3,311.5,1695,25.6,43,Healthy
L54958,L,300.4,311.6,1517,39.0,45,Healthy
L54959,L,300.5,311.7,1811,26.8,47,Healthy
L54960,L,300.4,311.6,1815,23.5,49,Healthy
L54961,L,300.4,311.7,1513,40.0,51,Healthy
M22642,M,300.4,311.6,1518,36.4,53,Healthy
L54963,L,300.3,311.5,1667,28.8,56,Healthy
L54964,L,300.3,311.5,1403,60.1,58,Healthy
L54965,L,300.2,311.5,1383,42.1,60,Healthy
L54966,L,300.3,311.5,1466,46.2,62,Healthy
L54967,L,300.3,311.5,1378,47.5,64,Healthy
M22648,M,300.2,311.5,1547,40.9,66,Healthy
L54969,L,300.2,311.5,1495,38.5,69,Healthy
L54970,L,300.1,311.4,1729,29.3,71,Healthy
L54971,L,300.1,311.4,1418,47.7,73,Healthy
H37206,H,300.1,311.4,1485,40.4,75,Healthy
L54973,L,300.1,311.5,1434,40.8,80,Medium
M22654,M,300.2,311.6,1415,55.8,82,Medium
H37209,H,300.1,311.6,1674,29.6,85,Medium
L54976,L,300.1,311.5,1454,52.4,90,Medium
L54977,L,300.0,311.4,1476,39.0,92,Medium
L54978,L,300.0,311.5,1812,28.3,94,Medium
L54979,L,300.0,311.4,1374,41.9,96,Medium
M22660,M,300.1,311.4,1524,40.6,98,Medium
L54981,L,300.0,311.4,1383,49.6,101,Medium
L54982,L,299.9,311.3,1429,58.2,103,Medium
M22663,M,299.8,311.3,1517,41.2,105,Medium
M22664,M,299.9,311.4,1480,44.9,108,Medium
L54985,L,299.9,311.4,1706,28.8,111,Medium
L54986,L,300.0,311.5,1349,48.6,113,Medium
M22667,M,300.0,311.5,1451,49.0,115,Medium
L54988,L,299.9,311.4,1627,36.7,118,Medium
M22669,M,300.0,311.4,1537,35.4,120,Medium
L54990,L,300.1,311.5,2218,17.0,123,Medium
M22671,M,300.0,311.4,1466,39.0,125,Medium
L54992,L,300.0,311.5,1666,32.0,128,Medium
L54993,L,300.0,311.5,1455,41.7,130,Medium
L54994,L,300.0,311.4,1927,24.6,132,Medium
M22675,M,299.9,311.3,1703,28.4,134,Medium
L54996,L,299.8,311.2,1533,35.9,137,Medium
H37231,H,299.8,311.3,1785,25.4,139,Medium
L54998,L,299.8,311.2,2142,16.6,144,Medium
L54999,L,299.8,311.2,1369,46.2,146,Medium
M22680,M,299.8,311.2,1706,29.2,148,Medium
L55001,L,299.9,311.3,1802,24.4,151,Medium
H37236,H,299.9,311.3,1413,41.8,153,Medium
L55003,L,300.0,311.3,1484,53.2,158,Medium
L55004,L,299.9,311.3,1535,38.1,160,Medium
M22685,M,299.9,311.2,1579,35.5,162,Medium
L55006,L,299.8,311.1,1300,64.2,165,Medium
M22687,M,299.8,311.1,1452,44.3,167,Medium
M22688,M,299.8,311.1,1562,35.7,170,Medium
L55009,L,299.8,311.2,1664,28.3,173,Medium
H37244,H,299.9,311.2,1495,35.8,175,Medium
M22691,M,300.0,311.4,1533,42.6,180,Critical
L55012,L,300.0,311.4,1484,37.0,183,Critical
L55013,L,300.0,311.4,1604,38.7,185,Critical
L55014,L,300.0,311.4,1483,45.6,187,Critical
L55015,L,300.1,311.5,1549,34.7,189,Critical
L55016,L,300.1,311.4,1604,35.0,191,Critical
L55017,L,300.2,311.5,1685,31.0,193,Critical
L55018,L,300.2,311.6,1372,49.2,195,Critical
L55019,L,300.3,311.6,1374,47.4,197,Critical
L55020,L,300.2,311.6,1606,31.0,199,Critical
L55021,L,300.1,311.5,1471,47.2,201,Critical
L55022,L,300.1,311.5,1659,31.1,203,Critical
M22703,M,300.1,311.7,1400,48.5,205,Critical
L55024,L,300.1,311.7,1503,42.6,208,Critical
L55025,L,300.2,311.8,1798,23.2,210,Critical
M22706,M,300.2,311.6,1608,35.0,212,Critical
L55027,L,300.2,311.6,1322,50.9,215,Critical
H37262,H,300.2,311.6,1547,37.7,217,Critical
M22709,M,300.3,311.7,1374,47.9,222,Critical
M22710,M,300.3,311.7,1447,36.8,0,Healthy
L55031,L,300.4,311.7,1373,47.2,3,Healthy
L55032,L,300.3,311.7,1515,37.5,5,Healthy
L55033,L,300.3,311.7,1317,56.5,7,Healthy
L55034,L,300.3,311.8,1551,37.2,9,Healthy
M22715,M,300.3,311.8,1592,32.1,11,Healthy
L55036,L,300.4,311.8,1433,42.2,14,Healthy
L55037,L,300.5,311.9,1432,43.1,16,Healthy
L55038,L,300.5,311.9,1350,51.7,18,Healthy
M22719,M,300.5,311.9,1370,44.8,20,Healthy
L55040,L,300.5,312.0,1415,44.6,23,Healthy
L55041,L,300.5,312.0,1498,42.9,25,Healthy
M22722,M,300.5,312.0,1382,54.1,27,Healthy
M22723,M,300.5,311.9,1511,44.5,30,Healthy
L55044,L,300.5,311.9,1330,59.5,33,Healthy
L55045,L,300.5,311.9,1383,50.5,35,Healthy
L55046,L,300.5,311.9,1431,49.4,37,Healthy
L55047,L,300.5,312.0,1461,38.1,39,Healthy
H37282,H,300.4,311.9,1438,46.7,41,Healthy
M22729,M,300.5,312.0,1779,27.7,46,Healthy
M22730,M,300.6,312.1,1293,52.3,49,Healthy
L55051,L,300.6,312.2,1308,54.7,52,Healthy
L55052,L,300.6,312.3,1532,37.2,54,Healthy
L55053,L,300.7,312.4,1470,38.6,56,Healthy
L55054,L,300.7,312.3,1548,37.9,58,Healthy
L55055,L,300.7,312.3,1898,24.0,60,Healthy
H37290,H,300.7,312.2,1335,49.0,62,Healthy
L55057,L,300.7,312.3,1420,53.8,67,Healthy
L55058,L,300.7,312.3,1418,49.0,69,Healthy
M22739,M,300.8,312.3,1535,40.3,71,Healthy
H37294,H,300.7,312.4,1457,47.2,74,Healthy
L55061,L,300.8,312.4,1493,39.1,79,Healthy
H37296,H,300.7,312.3,1670,27.3,81,Medium
H37297,H,300.7,312.3,1446,45.4,86,Medium
L55064,L,300.8,312.4,1465,59.1,91,Critical
L55065,L,300.7,312.3,1590,36.3,93,Medium
M22746,M,300.6,312.2,2174,18.5,95,Medium
L55067,L,300.7,312.4,1590,37.9,98,Medium
L55068,L,300.7,312.3,1577,33.2,100,Medium
M22749,M,300.7,312.4,1371,61.7,102,Medium
L55070,L,300.8,312.4,1767,25.6,105,Medium
L55071,L,300.8,312.5,1517,39.2,107,Medium
M22752,M,300.9,312.6,1555,40.6,109,Medium
L55073,L,300.9,312.7,1416,43.8,112,Medium
M22754,M,300.8,312.6,1588,35.6,114,Medium
L55075,L,300.8,312.6,1422,50.0,117,Medium
L55076,L,300.8,312.6,1376,53.6,119,Medium
L55077,L,300.8,312.5,1434,50.7,121,Medium
L55078,L,300.8,312.5,1423,47.3,123,Medium
L55079,L,300.9,312.4,1364,52.5,125,Medium
L55080,L,300.8,312.4,1825,23.8,127,Medium
L55081,L,300.8,312.4,1365,44.5,129,Medium
M22762,M,300.7,312.3,1430,47.2,131,Medium
L55083,L,300.8,312.3,1435,44.8,134,Medium
M22764,M,300.8,312.4,1811,25.1,136,Medium
M22765,M,300.8,312.4,1465,43.7,139,Medium
L55086,L,300.9,312.4,1372,51.0,142,Medium
L55087,L,300.8,312.3,1858,26.3,144,Medium
L55088,L,300.7,312.3,1715,26.8,146,Medium
L55089,L,300.7,312.2,1590,38.5,148,Medium
M22770,M,300.8,312.2,1664,25.7,150,Medium
L55091,L,300.7,312.1,1512,36.9,153,Medium
L55092,L,300.7,312.1,1498,44.0,155,Medium
L55093,L,300.7,312.1,1395,41.9,157,Medium
H37328,H,300.7,312.1,1490,43.1,159,Medium
H37329,H,300.8,312.1,1527,35.1,164,Medium
L55096,L,300.8,312.1,1512,37.1,169,Medium
L55097,L,300.9,312.1,1474,42.4,171,Medium
L55098,L,300.8,312.1,1505,41.3,173,Medium
L55099,L,300.8,312.0,1496,40.0,175,Medium
L55100,L,300.8,312.0,1382,49.3,177,Medium
L55101,L,300.7,311.9,1419,47.7,179,Medium
L55102,L,300.7,311.9,1462,39.7,181,Critical
M22783,M,300.8,312.0,1450,45.0,183,Critical
H37338,H,300.7,311.9,1389,46.5,186,Critical
M22785,M,300.7,311.9,1697,28.2,191,Critical
L55106,L,300.7,311.9,1335,57.1,194,Critical
L55107,L,300.7,311.9,1476,42.0,196,Critical
L55108,L,300.6,311.7,1497,43.6,198,Critical
M22789,M,300.6,311.6,1669,29.2,200,Critical
L55110,L,300.6,311.6,1455,48.0,203,Critical
L55111,L,300.7,311.7,1499,38.4,205,Critical
L55112,L,300.7,311.8,1478,41.9,207,Critical
L55113,L,300.8,311.8,1928,21.8,209,Critical
M22794,M,300.8,311.9,1621,28.3,211,Critical
M22795,M,300.8,311.9,1356,44.3,214,Critical
L55116,L,300.8,311.7,1490,46.4,217,Critical
L55117,L,300.8,311.7,1578,31.4,219,Critical
L55118,L,300.8,311.7,1681,31.3,221,Critical
L55119,L,300.8,311.8,1417,43.4,223,Critical
M22800,M,300.7,311.7,1532,40.0,0,Healthy
M22801,M,300.7,311.7,1499,38.9,3,Healthy
L55122,L,300.8,311.7,1432,45.8,6,Healthy
L55123,L,300.8,311.7,1753,29.0,8,Healthy
L55124,L,300.8,311.7,1414,49.0,10,Healthy
L55125,L,300.8,311.7,1655,32.2,12,Healthy
L55126,L,300.8,311.6,1516,35.6,14,Healthy
L55127,L,300.8,311.7,1426,45.5,16,Healthy
L55128,L,300.8,311.7,1479,39.4,18,Healthy
M22809,M,300.7,311.5,1569,36.4,20,Healthy
L55130,L,300.8,311.6,1568,36.0,23,Healthy
M22811,M,300.9,311.8,1843,24.5,25,Healthy
M22812,M,300.9,311.9,1480,40.9,28,Healthy
L55133,L,301.0,312.0,1447,36.8,31,Healthy
L55134,L,301.0,311.9,1454,41.9,33,Healthy
M22815,M,300.9,311.9,1310,56.1,35,Healthy
H37370,H,300.9,311.9,1513,38.0,38,Healthy
H37371,H,300.9,311.9,2140,16.5,43,Healthy
L55138,L,301.0,312.1,1377,49.9,48,Healthy
L55139,L,301.0,312.1,1585,32.3,50,Healthy
H37374,H,301.1,312.2,1491,42.6,52,Healthy
L55141,L,301.0,312.2,1264,59.0,57,Healthy
L55142,L,301.0,312.2,1372,47.0,59,Healthy
L55143,L,301.0,312.2,1510,39.9,61,Healthy
L55144,L,300.9,312.1,1423,40.2,63,Healthy
L55145,L,301.1,312.3,1464,35.3,65,Healthy
L55146,L,301.0,312.2,1602,35.9,67,Healthy
M22827,M,301.0,312.2,1629,32.6,69,Healthy
L55148,L,300.9,312.2,1811,23.2,72,Healthy
L55149,L,300.9,312.1,1711,28.8,74,Healthy
M22830,M,300.9,312.1,1297,48.6,76,Healthy
L55151,L,301.0,312.1,1405,46.1,79,Healthy
L55152,L,301.1,312.2,1397,54.9,81,Medium
L55153,L,301.1,312.3,1682,29.7,83,Medium
L55154,L,301.2,312.3,1528,38.4,85,Medium
M22835,M,301.2,312.3,1548,38.3,87,Medium
H37390,H,301.2,312.4,1395,47.8,90,Medium
L55157,L,301.2,312.4,1378,59.0,95,Medium
L55158,L,301.2,312.4,1480,53.5,97,Medium
M22839,M,301.2,312.4,1428,36.6,99,Medium
M22840,M,301.2,312.4,1505,39.6,102,Medium
L55161,L,301.0,312.3,1445,36.4,105,Medium
L55162,L,301.0,312.3,1488,42.6,107,Medium
L55163,L,301.0,312.2,1601,33.0,109,Medium
L55164,L,301.0,312.3,1550,34.9,111,Medium
L55165,L,301.0,312.2,1540,34.1,113,Medium
L55166,L,301.1,312.3,1587,34.5,115,Medium
H37401,H,301.0,312.2,1489,40.3,117,Medium
L55168,L,301.1,312.3,1486,34.9,122,Medium
L55169,L,301.1,312.4,1430,37.9,124,Medium
M22850,M,301.1,312.4,1809,25.1,126,Medium
L55171,L,301.1,312.3,1534,39.0,129,Medium
M22852,M,301.1,312.3,1852,25.9,131,Medium
L55173,L,301.1,312.3,1595,31.9,134,Medium
L55174,L,301.0,312.3,1424,43.5,136,Medium
L55175,L,301.0,312.2,1776,28.8,138,Medium
M22856,M,301.0,312.2,1499,41.5,140,Medium
M22857,M,301.0,312.2,2710,9.7,143,Critical
L55178,L,300.9,312.1,1359,51.7,146,Medium
M22859,M,300.9,312.1,1617,31.0,148,Medium
M22860,M,300.8,312.0,1443,53.3,151,Medium
L55181,L,300.8,312.0,1374,50.2,154,Medium
M22862,M,300.9,312.1,1851,23.0,156,Medium
M22863,M,300.8,312.0,1274,67.3,159,Medium
L55184,L,300.9,312.0,1533,44.0,162,Medium
L55185,L,300.8,312.0,1477,37.3,164,Medium
L55186,L,300.9,312.1,1462,46.0,166,Medium
M22867,M,301.0,312.1,1664,28.4,168,Medium
L55188,L,300.8,311.9,1414,41.1,171,Medium
H37423,H,300.9,312.0,2129,17.8,173,Medium
L55190,L,300.8,311.8,1323,61.1,178,Medium
L55191,L,300.8,311.8,1427,43.3,180,Critical
M22872,M,300.9,312.0,1375,56.1,182,Critical
M22873,M,300.9,312.0,1402,50.7,185,Critical
L55194,L,300.9,312.0,1500,44.2,188,Critical
M22875,M,301.0,312.0,1558,37.5,190,Critical
M22876,M,300.9,312.0,1447,41.4,193,Critical
L55197,L,301.0,312.0,1518,39.3,196,Critical
L55198,L,301.0,311.9,1889,23.5,198,Critical
L55199,L,301.0,312.1,1675,30.7,200,Critical
H37434,H,300.9,312.0,1720,27.9,202,Critical
M22881,M,301.0,312.0,1499,34.6,207,Critical
L55202,L,300.9,312.0,1441,43.8,210,Critical
H37437,H,300.9,312.0,1397,42.7,212,Critical
L55204,L,300.9,312.0,1493,38.7,217,Critical
M22885,M,300.8,312.0,1422,50.7,219,Critical
L55206,L,300.7,311.9,1399,50.2,222,Critical
L55207,L,300.6,311.9,1425,44.9,224,Critical
L55208,L,300.6,311.8,1501,44.8,226,Critical
M22889,M,300.6,311.9,1629,35.3,0,Healthy
L55210,L,300.6,312.0,1490,42.2,3,Healthy
L55211,L,300.7,312.0,1550,32.4,5,Healthy
L55212,L,300.8,312.0,1416,46.5,7,Healthy
L55213,L,300.7,311.9,1485,38.8,9,Healthy
L55214,L,300.7,311.8,1564,36.8,11,Healthy
L55215,L,300.7,311.7,1910,19.7,13,Healthy
L55216,L,300.7,311.7,1460,46.1,15,Healthy
L55217,L,300.7,311.8,1603,34.1,17,Healthy
L55218,L,300.7,311.8,1486,47.3,19,Healthy
L55219,L,300.8,311.9,1560,31.8,21,Healthy
L55220,L,300.8,311.9,1498,39.3,23,Healthy
H37455,H,300.8,311.9,1431,48.5,25,Healthy
L55222,L,300.8,311.9,1486,45.1,30,Healthy
L55223,L,300.7,311.9,1486,35.8,32,Healthy
L55224,L,300.7,311.8,1441,38.1,34,Healthy
M22905,M,300.7,311.9,1366,55.1,36,Healthy
L55226,L,300.6,311.8,1471,41.4,39,Healthy
L55227,L,300.6,311.9,1463,38.2,41,Healthy
L55228,L,300.6,311.9,1413,41.3,43,Healthy
H37463,H,300.6,311.9,1604,30.5,45,Healthy
L55230,L,300.7,312.0,1401,51.1,50,Healthy
L55231,L,300.6,311.8,1652,27.2,52,Healthy
L55232,L,300.5,311.9,1403,45.7,54,Healthy
L55233,L,300.5,311.9,1887,21.7,56,Healthy
L55234,L,300.4,311.8,1405,47.9,58,Healthy
H37469,H,300.2,311.6,1496,41.1,60,Healthy
L55236,L,300.1,311.5,1499,43.4,65,Healthy
L55237,L,300.2,311.5,1549,37.2,67,Healthy
L55238,L,300.3,311.6,1515,44.9,69,Healthy
L55239,L,300.2,311.6,1540,37.7,71,Healthy
H37474,H,300.2,311.5,1426,44.3,73,Healthy
M22921,M,300.2,311.6,1465,41.4,78,Healthy
M22922,M,300.3,311.6,1359,54.1,81,Medium
M22923,M,300.3,311.7,1551,36.4,84,Medium
L55244,L,300.5,311.8,1596,34.8,87,Medium
M22925,M,300.5,311.9,1670,26.3,89,Medium
L55246,L,300.4,311.9,1868,21.3,92,Medium
M22927,M,300.6,312.0,1490,39.8,94,Medium
M22928,M,300.5,311.9,1676,35.2,97,Medium
M22929,M,300.5,311.9,1875,22.1,100,Medium
M22930,M,300.5,312.0,1867,23.0,103,Medium
L55251,L,300.5,312.0,1646,29.5,106,Medium
H37486,H,300.5,312.0,1375,43.2,108,Medium
L55253,L,300.5,312.0,1558,36.7,113,Medium
L55254,L,300.4,312.0,1631,34.9,115,Medium
L55255,L,300.4,312.0,1366,43.0,117,Medium
L55256,L,300.3,311.8,1360,48.0,119,Medium
L55257,L,300.3,311.8,1547,39.7,121,Medium
L55258,L,300.3,311.7,1571,31.2,123,Medium
L55259,L,300.2,311.5,1528,36.1,125,Medium
H37494,H,300.2,311.5,1432,43.6,127,Medium
L55261,L,300.2,311.6,1356,53.5,132,Medium
H37496,H,300.1,311.5,1422,46.2,134,Medium
L55263,L,300.1,311.4,1438,42.2,139,Medium
L55264,L,300.2,311.4,1483,44.4,141,Medium
L55265,L,300.2,311.4,1331,49.8,143,Medium
L55266,L,300.2,311.4,1463,37.5,145,Medium
L55267,L,300.1,311.4,1446,40.6,147,Medium
L55268,L,300.1,311.4,1356,45.7,149,Medium
L55269,L,300.1,311.3,1676,30.3,151,Medium
L55270,L,300.1,311.4,1910,23.0,153,Medium
L55271,L,300.2,311.6,1375,56.9,155,Medium
M22952,M,300.2,311.6,1513,40.8,157,Medium
L55273,L,300.2,311.6,1511,35.7,160,Medium
H37508,H,300.2,311.6,1662,28.8,162,Medium
L55275,L,300.2,311.7,1493,48.3,167,Medium
M22956,M,300.2,311.7,1555,37.4,169,Medium
L55277,L,300.3,311.7,1452,41.5,172,Medium
L55278,L,300.2,311.6,1500,39.0,174,Medium
L55279,L,300.2,311.7,1603,30.5,176,Medium
L55280,L,300.3,311.7,1682,27.8,178,Medium
L55281,L,300.3,311.8,1567,37.7,180,Critical
L55282,L,300.3,311.8,1413,46.0,182,Critical
M22963,M,300.3,311.9,1429,41.6,184,Critical
L55284,L,300.3,311.9,1692,31.5,187,Critical
L55285,L,300.4,311.9,1476,48.7,189,Critical
M22966,M,300.4,312.0,1596,30.4,191,Critical
H37521,H,300.3,311.9,1390,49.0,194,Critical
M22968,M,300.3,311.8,1607,33.7,199,Critical
L55289,L,300.3,311.7,1821,26.3,202,Critical
H37524,H,300.3,311.8,2141,18.5,204,Critical
M22971,M,300.4,311.8,1553,33.1,209,Critical
M22972,M,300.4,311.8,1442,45.1,0,Healthy
L55293,L,300.4,311.7,1459,45.6,3,Healthy
H37528,H,300.4,311.8,2496,13.5,5,Healthy
L55295,L,300.4,311.8,1367,57.2,10,Healthy
L55296,L,300.3,311.8,2004,19.6,12,Healthy
L55297,L,300.3,311.7,1406,47.5,14,Healthy
L55298,L,300.3,311.8,1548,33.0,16,Healthy
L55299,L,300.3,311.7,1333,55.2,18,Healthy
L55300,L,300.2,311.6,1767,26.4,20,Healthy
L55301,L,300.2,311.6,1827,27.0,22,Healthy
M22982,M,300.2,311.6,1533,46.4,24,Healthy
H37537,H,300.2,311.5,1515,36.8,27,Healthy
L55304,L,300.2,311.4,1568,41.0,32,Healthy
L55305,L,300.2,311.4,1452,47.8,34,Healthy
L55306,L,300.2,311.4,1433,37.9,36,Healthy
M22987,M,300.1,311.3,1650,33.8,38,Healthy
L55308,L,300.1,311.4,1629,31.3,41,Healthy
L55309,L,300.0,311.3,1520,39.2,43,Healthy
H37544,H,300.0,311.2,1393,43.1,45,Healthy
H37545,H,299.9,311.2,1364,49.6,50,Healthy
M22992,M,299.9,311.3,1389,50.0,55,Healthy
L55313,L,299.8,311.1,1466,46.1,58,Healthy
L55314,L,299.7,311.1,1650,32.4,60,Healthy
L55315,L,299.6,311.0,1554,36.3,62,Healthy
M22996,M,299.6,310.9,1474,39.7,64,Healthy
H37551,H,299.5,310.8,1600,32.4,67,Healthy
L55318,L,299.5,310.8,1356,54.9,72,Healthy
L55319,L,299.5,310.8,1571,38.2,74,Healthy
L55320,L,299.6,310.9,1658,28.0,76,Healthy
L55321,L,299.6,310.8,1393,49.9,78,Healthy
M23002,M,299.7,311.0,1448,49.8,80,Medium
L55323,L,299.7,310.9,1477,40.4,83,Medium
M23004,M,299.7,311.0,1506,42.7,85,Medium
M23005,M,299.7,310.9,1685,32.1,88,Medium
L55326,L,299.6,310.9,1533,31.8,91,Medium
L55327,L,299.5,310.8,1447,41.0,93,Medium
M23008,M,299.5,310.7,1488,39.5,95,Medium
M23009,M,299.6,310.8,1427,50.4,98,Medium
M23010,M,299.5,310.7,1424,41.3,101,Medium
L55331,L,299.5,310.7,1472,40.9,104,Medium
L55332,L,299.5,310.7,1438,45.7,106,Medium
L55333,L,299.6,310.8,1507,42.4,108,Medium
L55334,L,299.6,310.7,1393,52.1,110,Medium
L55335,L,299.5,310.8,1283,52.4,112,Medium
L55336,L,299.6,310.8,1644,30.9,114,Medium
L55337,L,299.6,310.8,1498,46.9,116,Medium
L55338,L,299.6,310.8,1400,40.8,118,Medium
H37573,H,299.6,310.9,1679,31.2,120,Medium
M23020,M,299.7,311.1,1618,30.3,125,Medium
H37575,H,299.6,311.0,1714,30.2,128,Medium
L55342,L,299.6,311.0,1574,35.0,133,Medium
L55343,L,299.7,311.1,1574,36.4,135,Medium
L55344,L,299.6,310.9,1472,40.9,137,Medium
L55345,L,299.6,311.0,1552,33.2,139,Medium
L55346,L,299.7,311.1,1603,31.4,141,Medium
H37581,H,299.7,311.1,1353,47.1,143,Medium
L55348,L,299.7,311.1,1690,30.6,148,Medium
M23029,M,299.8,311.2,1745,26.3,150,Medium
L55350,L,299.9,311.3,1522,45.7,153,Medium
H37585,H,300.0,311.4,1641,34.5,155,Medium
L55352,L,299.9,311.4,1596,28.9,160,Medium
H37587,H,299.9,311.4,1497,37.0,162,Medium
L55354,L,299.9,311.3,1371,52.3,167,Medium
M23035,M,299.9,311.3,1445,41.2,169,Medium
L55356,L,299.8,311.2,1564,40.0,172,Medium
L55357,L,299.7,311.1,1439,44.9,174,Medium
L55358,L,299.7,311.2,1352,52.1,176,Medium
L55359,L,299.8,311.3,1560,35.4,178,Medium
M23040,M,299.7,311.2,1616,42.3,180,Critical
L55361,L,299.7,311.2,1835,23.7,183,Critical
M23042,M,299.7,311.1,1649,32.7,185,Critical
L55363,L,299.8,311.1,1452,47.3,188,Critical
L55364,L,299.8,311.1,2144,17.7,190,Critical
L55365,L,299.7,311.1,1554,41.0,192,Critical
L55366,L,299.7,311.0,1827,25.4,194,Critical
L55367,L,299.6,310.9,1448,46.3,196,Critical
M23048,M,299.6,310.9,1530,38.8,198,Critical
L55369,L,299.7,311.0,1983,21.0,201,Critical
M23050,M,299.7,310.9,1620,37.2,203,Critical
M23051,M,299.6,310.9,1630,29.8,206,Critical
L55372,L,299.6,310.9,1229,65.2,209,Critical
L55373,L,299.5,310.8,1873,22.3,211,Critical
L55374,L,299.4,310.7,1426,45.7,213,Critical
L55375,L,299.4,310.8,1376,53.9,215,Critical
L55376,L,299.4,310.8,1622,33.6,217,Critical
M23057,M,299.4,310.7,1492,45.7,219,Critical
M23058,M,299.3,310.7,1374,48.9,222,Critical
L55379,L,299.2,310.7,1737,27.0,225,Critical
L55380,L,299.3,310.8,1426,42.4,0,Healthy
M23061,M,299.3,310.9,1826,25.1,2,Healthy
L55382,L,299.3,310.9,1669,32.4,5,Healthy
M23063,M,299.4,310.9,1473,40.1,7,Healthy
L55384,L,299.4,310.9,1751,27.8,10,Healthy
M23065,M,299.4,310.9,1446,47.3,12,Healthy
L55386,L,299.3,310.8,1483,43.5,15,Healthy
L55387,L,299.2,310.7,1535,42.6,17,Healthy
L55388,L,299.2,310.7,1477,44.0,19,Healthy
L55389,L,299.3,310.8,1391,46.9,21,Healthy
H37624,H,299.2,310.7,1636,29.4,23,Healthy
L55391,L,299.2,310.6,1675,33.3,28,Healthy
H37626,H,299.2,310.5,1329,48.9,30,Healthy
M23073,M,299.2,310.5,1548,33.5,35,Healthy
L55394,L,299.2,310.5,1391,45.8,38,Healthy
L55395,L,299.1,310.5,1437,43.1,40,Healthy
L55396,L,299.2,310.6,1370,61.9,42,Healthy
L55397,L,299.1,310.6,1577,37.1,44,Healthy
L55398,L,299.1,310.5,1485,37.8,46,Healthy
L55399,L,299.0,310.4,1504,34.3,48,Healthy
M23080,M,298.9,310.3,1551,35.2,50,Healthy
M23081,M,299.1,310.5,1428,43.0,53,Healthy
L55402,L,299.0,310.5,1755,27.9,56,Healthy
L55403,L,299.1,310.5,1329,54.9,58,Healthy
L55404,L,299.1,310.5,1496,35.2,60,Healthy
L55405,L,299.1,310.5,1532,36.6,62,Healthy
L55406,L,299.1,310.5,1389,61.4,64,Healthy
M23087,M,299.1,310.4,1524,51.4,66,Healthy
M23088,M,299.1,310.4,1422,49.3,69,Healthy
L55409,L,299.1,310.5,1739,27.4,72,Healthy
L55410,L,299.1,310.5,1736,26.9,74,Healthy
L55411,L,299.1,310.5,1419,48.8,76,Healthy
L55412,L,299.1,310.6,1326,49.7,78,Healthy
M23093,M,299.1,310.6,1449,43.2,80,Medium
L55414,L,299.2,310.6,1534,39.7,83,Medium
M23095,M,299.2,310.6,1443,50.9,85,Medium
L55416,L,299.2,310.6,1498,41.1,88,Medium
L55417,L,299.1,310.6,1796,26.0,90,Medium
L55418,L,299.1,310.4,1519,45.3,92,Medium
L55419,L,299.0,310.4,1339,49.6,94,Medium
L55420,L,299.0,310.4,1483,41.5,96,Medium
M23101,M,298.9,310.2,2099,20.0,98,Medium
M23102,M,299.0,310.3,1689,29.7,101,Medium
H37657,H,299.1,310.4,1369,54.5,104,Medium
L55424,L,299.0,310.4,1512,38.8,109,Medium
M23105,M,299.0,310.3,1303,68.6,111,Critical
L55426,L,299.0,310.3,1552,39.9,114,Medium
L55427,L,299.0,310.4,1713,28.0,116,Medium
L55428,L,298.9,310.3,1456,44.1,118,Medium
L55429,L,299.0,310.4,1524,39.8,120,Medium
M23110,M,299.0,310.4,1394,45.2,122,Medium
L55431,L,299.0,310.4,1981,21.2,125,Medium
L55432,L,299.0,310.4,1565,36.1,127,Medium
L55433,L,299.1,310.4,1657,31.0,129,Medium
M23114,M,299.0,310.4,1625,37.1,131,Medium
L55435,L,299.0,310.4,1606,31.1,134,Medium
H37670,H,299.0,310.5,1336,56.8,136,Medium
M23117,M,299.0,310.6,1587,34.2,141,Medium
L55438,L,299.1,310.6,1602,39.7,144,Medium
L55439,L,299.1,310.5,1471,38.4,146,Medium
H37674,H,299.1,310.6,1332,48.0,148,Medium
H37675,H,299.2,310.6,1434,48.4,153,Medium
L55442,L,299.1,310.6,1921,23.9,158,Medium
H37677,H,299.2,310.6,1704,30.6,160,Medium
M23124,M,299.1,310.6,1397,49.5,165,Medium
H37679,H,299.1,310.6,1791,28.0,168,Medium
L55446,L,299.1,310.6,1818,24.1,173,Medium
L55447,L,299.2,310.7,1540,36.3,175,Medium
M23128,M,299.2,310.8,1502,39.8,177,Medium
H37683,H,299.2,310.8,1761,30.4,180,Critical
M23130,M,299.1,310.8,1517,38.4,185,Critical
L55451,L,299.1,310.7,1309,51.1,188,Critical
L55452,L,298.9,310.6,1363,52.6,190,Critical
M23133,M,299.0,310.6,1787,22.2,192,Critical
L55454,L,298.9,310.5,1640,29.2,195,Critical
M23135,M,298.9,310.6,1720,25.3,197,Critical
L55456,L,298.8,310.5,1384,52.8,200,Critical
H37691,H,298.8,310.5,1294,55.8,202,Critical
L55458,L,298.8,310.5,1464,46.4,207,Critical
L55459,L,298.8,310.6,1803,25.4,209,Critical
L55460,L,298.8,310.6,1602,39.1,211,Critical
H37695,H,298.9,310.6,1519,38.8,213,Critical
M23142,M,298.9,310.7,1638,33.6,218,Critical
H37697,H,298.9,310.6,1615,33.0,221,Critical
L55464,L,298.8,310.6,1651,33.3,0,Healthy
L55465,L,298.9,310.6,1387,52.7,2,Healthy
M23146,M,298.8,310.5,1678,32.8,4,Healthy
L55467,L,298.9,310.6,1585,38.1,7,Healthy
M23148,M,298.8,310.6,1640,33.8,9,Healthy
L55469,L,298.9,310.6,1406,43.8,12,Healthy
M23150,M,298.9,310.6,1679,35.8,14,Healthy
L55471,L,298.9,310.5,1717,26.9,17,Healthy
H37706,H,298.9,310.5,1429,39.9,19,Healthy
M23153,M,298.9,310.4,1533,44.4,24,Healthy
M23154,M,298.9,310.5,1525,38.5,27,Healthy
L55475,L,298.9,310.4,1739,26.3,30,Healthy
L55476,L,298.9,310.3,1436,39.0,32,Healthy
M23157,M,298.8,310.2,1595,33.1,34,Healthy
H37712,H,298.7,310.1,1435,45.6,37,Healthy
L55479,L,298.7,310.0,1637,31.8,42,Healthy
L55480,L,298.7,310.1,1558,37.6,44,Healthy
M23161,M,298.7,310.1,1644,34.1,46,Healthy
L55482,L,298.7,310.1,1641,31.1,49,Healthy
L55483,L,298.8,310.2,1504,41.0,51,Healthy
M23164,M,298.7,310.1,1506,50.7,53,Healthy
H37719,H,298.8,310.1,1380,44.0,56,Healthy
M23166,M,298.7,310.1,1549,42.5,61,Healthy
M23167,M,298.7,310.1,1402,69.7,64,Critical
L55488,L,298.7,310.1,1401,45.3,67,Healthy
M23169,M,298.7,310.0,1459,40.2,69,Healthy
L55490,L,298.7,309.9,1465,39.7,72,Healthy
M23171,M,298.8,310.0,1295,52.7,74,Healthy
M23172,M,298.8,310.0,1529,38.5,77,Healthy
M23173,M,298.8,310.0,1484,44.9,80,Medium
L55494,L,298.8,309.9,1739,30.6,83,Medium
H37729,H,298.7,309.8,1422,40.7,85,Medium
L55496,L,298.8,309.8,1463,40.0,90,Medium
L55497,L,298.7,309.7,1667,30.4,92,Medium
H37732,H,298.7,309.7,1565,39.3,94,Medium
L55499,L,298.7,309.7,1393,45.7,99,Medium
M23180,M,298.8,309.7,1453,47.7,101,Medium
L55501,L,298.8,309.6,1442,50.0,104,Medium
L55502,L,298.7,309.6,1364,44.9,106,Medium
H37737,H,298.7,309.5,1453,40.4,108,Medium
M23184,M,298.7,309.5,1394,46.0,113,Medium
M23185,M,298.7,309.5,1500,38.8,116,Medium
H37740,H,298.6,309.5,1523,34.2,119,Medium
M23187,M,298.7,309.6,1254,57.1,124,Medium
L55508,L,298.6,309.5,1325,52.2,127,Medium
L55509,L,298.8,309.7,1424,49.6,129,Medium
L55510,L,298.8,309.7,1505,39.0,131,Medium
M23191,M,298.8,309.7,1392,48.7,133,Medium
L55512,L,298.8,309.7,1529,44.0,136,Medium
M23193,M,298.8,309.7,1477,48.5,138,Medium
M23194,M,298.8,309.7,1459,47.3,141,Medium
M23195,M,299.0,309.8,2240,15.9,144,Medium
L55516,L,298.9,309.7,1449,48.8,147,Medium
M23197,M,298.8,309.7,1589,35.3,149,Medium
L55518,L,298.8,309.7,1740,28.5,152,Medium
M23199,M,298.8,309.7,1499,40.3,154,Medium
M23200,M,298.8,309.7,1480,38.1,157,Medium
L55521,L,298.8,309.7,1751,29.6,160,Medium
L55522,L,298.7,309.7,1510,40.6,162,Medium
H37757,H,298.8,309.8,1437,48.2,164,Medium
L55524,L,298.8,309.7,1609,40.4,169,Medium
H37759,H,298.8,309.8,1490,35.9,171,Medium
L55526,L,298.7,309.7,1601,35.7,176,Medium
L55527,L,298.7,309.6,1665,31.1,178,Medium
M23208,M,298.7,309.6,1452,42.7,180,Critical
M23209,M,298.7,309.5,1487,33.6,183,Critical
M23210,M,298.7,309.6,1382,48.1,186,Critical
M23211,M,298.7,309.6,1686,26.2,189,Critical
L55532,L,298.6,309.6,1491,36.9,192,Critical
L55533,L,298.7,309.6,1442,55.6,194,Critical
L55534,L,298.6,309.6,1390,50.3,196,Critical
L55535,L,298.7,309.6,1502,46.7,198,Critical
M23216,M,298.6,309.6,1344,59.4,200,Critical
L55537,L,298.5,309.5,1385,46.3,203,Critical
L55538,L,298.7,309.7,1547,37.4,0,Healthy
M23219,M,298.6,309.6,1525,42.4,2,Healthy
L55540,L,298.6,309.6,1540,35.8,5,Healthy
L55541,L,298.6,309.5,1450,44.3,7,Healthy
L55542,L,298.6,309.6,1353,62.5,9,Healthy
L55543,L,298.8,309.7,1582,45.0,11,Healthy
L55544,L,298.9,309.8,1396,49.0,13,Healthy
M23225,M,298.8,309.8,1551,36.6,15,Healthy
M23226,M,298.9,309.8,1836,22.8,18,Healthy
L55547,L,298.9,309.8,1390,49.9,21,Healthy
L55548,L,298.9,309.8,1534,42.1,23,Healthy
L55549,L,298.8,309.7,1953,20.6,25,Healthy
L55550,L,298.8,309.8,1634,33.6,27,Healthy
L55551,L,298.7,309.7,1881,21.7,29,Healthy
M23232,M,298.8,309.7,1448,44.8,31,Healthy
M23233,M,298.7,309.7,1362,50.5,34,Healthy
L55554,L,298.8,309.7,1225,63.4,37,Healthy
M23235,M,298.8,309.6,1384,48.2,39,Healthy
L55556,L,298.8,309.8,1334,49.3,42,Healthy
L55557,L,298.8,309.7,1336,50.3,44,Healthy
M23238,M,298.8,309.9,1331,61.6,46,Healthy
L55559,L,298.8,309.9,1629,31.9,49,Healthy
L55560,L,298.9,310.0,1776,25.7,51,Healthy
H37795,H,298.8,310.0,1530,38.3,53,Healthy
L55562,L,298.9,310.0,1719,27.3,58,Healthy
M23243,M,298.8,309.9,1495,35.2,60,Healthy
L55564,L,298.8,309.7,1450,43.1,63,Healthy
H37799,H,298.8,309.8,1563,38.8,65,Healthy
M23246,M,298.9,309.9,1501,37.1,70,Healthy
L55567,L,298.8,309.9,1351,47.2,73,Healthy
L55568,L,298.9,309.9,1365,46.5,75,Healthy
L55569,L,298.8,309.9,1525,39.7,77,Healthy
M23250,M,298.8,309.8,1288,61.9,79,Healthy
L55571,L,298.6,309.6,1423,42.7,82,Medium
M23252,M,298.5,309.6,1502,39.4,84,Medium
L55573,L,298.5,309.5,1428,43.5,87,Medium
M23254,M,298.6,309.5,1566,38.1,89,Medium
M23255,M,298.5,309.5,1483,44.8,92,Medium
H37810,H,298.6,309.6,1593,33.3,95,Medium
L55577,L,298.5,309.6,1724,26.4,100,Medium
L55578,L,298.5,309.7,2617,12.1,102,Critical
L55579,L,298.6,309.7,1294,59.4,104,Medium
L55580,L,298.6,309.6,1533,40.7,106,Medium
H37815,H,298.5,309.4,1671,31.8,108,Medium
L55582,L,298.5,309.5,1370,52.4,113,Medium
L55583,L,298.5,309.6,1462,45.1,115,Medium
L55584,L,298.4,309.5,1545,36.6,117,Medium
M23265,M,298.4,309.5,1484,41.7,119,Medium
M23266,M,298.4,309.5,1344,45.3,122,Medium
L55587,L,298.4,309.5,1357,50.1,125,Medium
M23268,M,298.5,309.6,1572,33.0,127,Medium
L55589,L,298.5,309.6,1861,26.9,130,Medium
L55590,L,298.5,309.5,1548,44.5,132,Medium
L55591,L,298.6,309.8,1496,37.7,134,Medium
M23272,M,298.6,309.7,1314,49.7,136,Medium
M23273,M,298.6,309.7,1422,49.7,139,Medium
L55594,L,298.6,309.8,1842,20.1,142,Medium
M23275,M,298.7,309.9,1434,53.0,144,Medium
M23276,M,298.8,310.1,1585,31.3,147,Medium
H37831,H,298.8,310.1,1704,30.7,150,Medium
L55598,L,298.9,310.2,1971,23.2,155,Medium
L55599,L,299.0,310.3,1431,39.9,157,Medium
L55600,L,298.9,310.4,1546,37.7,159,Medium
L55601,L,298.9,310.3,1496,36.3,161,Medium
H37836,H,298.9,310.3,1243,63.0,163,Medium
L55603,L,299.0,310.4,1452,46.2,168,Medium
L55604,L,299.1,310.6,1380,44.7,170,Medium
L55605,L,299.2,310.6,1567,38.4,172,Medium
L55606,L,299.1,310.5,1628,35.9,174,Medium
L55607,L,299.1,310.4,1505,46.1,176,Medium
M23288,M,299.0,310.3,1827,28.0,178,Medium
L55609,L,299.0,310.3,1577,40.0,181,Critical
L55610,L,298.9,310.2,1304,57.2,183,Critical
H37845,H,298.9,310.1,1324,54.6,185,Critical
L55612,L,298.8,310.0,1537,39.9,190,Critical
M23293,M,298.8,310.1,1501,48.7,192,Critical
M23294,M,298.7,309.9,1654,29.1,195,Critical
M23295,M,298.7,310.0,1519,38.1,198,Critical
L55616,L,298.7,309.9,1371,51.3,201,Critical
L55617,L,298.7,309.8,1181,65.9,203,Critical
L55618,L,298.6,309.8,1469,42.8,205,Critical
L55619,L,298.6,309.8,1637,34.6,207,Critical
L55620,L,298.6,309.8,1370,56.0,0,Healthy
L55621,L,298.6,309.9,1630,30.6,2,Healthy
L55622,L,298.6,310.0,1517,39.0,4,Healthy
M23303,M,298.6,309.9,1668,32.3,6,Healthy
M23304,M,298.6,309.9,1818,24.9,9,Healthy
M23305,M,298.6,310.0,1541,36.9,12,Healthy
L55626,L,298.5,309.9,1482,42.1,15,Healthy
L55627,L,298.6,310.1,1439,49.9,17,Healthy
L55628,L,298.5,310.0,1492,41.2,19,Healthy
L55629,L,298.4,309.9,1725,27.8,21,Healthy
L55630,L,298.4,310.0,1559,44.2,23,Healthy
L55631,L,298.5,310.0,1435,42.5,25,Healthy
M23312,M,298.6,310.0,1512,37.5,27,Healthy
L55633,L,298.6,309.9,1564,37.1,30,Healthy
L55634,L,298.6,310.0,1522,40.3,32,Healthy
L55635,L,298.6,309.9,1356,59.5,34,Healthy
L55636,L,298.6,309.9,1556,38.6,36,Healthy
L55637,L,298.6,309.9,1393,45.5,38,Healthy
L55638,L,298.7,309.9,1753,26.8,40,Healthy
L55639,L,298.7,309.9,1651,29.5,42,Healthy
L55640,L,298.7,309.9,1372,54.7,44,Healthy
L55641,L,298.7,309.9,1446,43.3,46,Healthy
M23322,M,298.7,309.8,1501,44.7,48,Healthy
M23323,M,298.7,309.9,1411,45.1,51,Healthy
H37878,H,298.6,309.7,1672,27.5,54,Healthy
M23325,M,298.7,309.8,1475,40.5,59,Healthy
L55646,L,298.7,309.8,1469,38.4,62,Healthy
L55647,L,298.6,309.8,1704,28.3,64,Healthy
H37882,H,298.6,309.7,1463,39.1,66,Healthy
M23329,M,298.6,309.7,1280,64.1,71,Healthy
L55650,L,298.7,309.9,1464,38.0,74,Healthy
L55651,L,298.6,309.8,1332,46.4,76,Healthy
L55652,L,298.5,309.7,1634,37.8,78,Healthy
M23333,M,298.6,309.8,1430,43.1,80,Medium
M23334,M,298.5,309.7,1523,44.6,83,Medium
M23335,M,298.5,309.7,1557,37.7,86,Medium
L55656,L,298.5,309.6,1585,32.2,89,Medium
H37891,H,298.5,309.6,1579,33.5,91,Medium
M23338,M,298.5,309.7,1354,60.8,96,Medium
L55659,L,298.6,309.7,1627,33.4,99,Medium
L55660,L,298.4,309.6,1477,35.6,101,Medium
M23341,M,298.3,309.4,1595,29.0,103,Medium
L55662,L,298.4,309.5,1520,38.1,106,Medium
L55663,L,298.3,309.4,1618,31.5,108,Medium
L55664,L,298.4,309.5,1397,50.3,110,Medium
L55665,L,298.4,309.5,1450,47.9,112,Medium
M23346,M,298.5,309.5,1501,40.2,114,Medium
L55667,L,298.4,309.4,1392,50.1,117,Medium
L55668,L,298.4,309.4,1385,43.2,119,Medium
L55669,L,298.4,309.4,1461,46.3,121,Medium
M23350,M,298.5,309.6,1364,58.7,123,Medium
L55671,L,298.5,309.5,1579,38.6,126,Medium
M23352,M,298.4,309.5,1514,38.8,128,Medium
M23353,M,298.3,309.5,1560,36.9,131,Medium
L55674,L,298.3,309.5,1542,36.7,134,Medium
L55675,L,298.3,309.4,1668,27.1,136,Medium
M23356,M,298.3,309.4,1816,22.6,138,Medium
M23357,M,298.3,309.4,1509,34.2,141,Medium
L55678,L,298.4,309.6,1479,37.8,144,Medium
L55679,L,298.4,309.6,1655,30.2,146,Medium
L55680,L,298.3,309.5,1711,30.3,148,Medium
L55681,L,298.4,309.7,1581,34.6,150,Medium
H37916,H,298.6,309.8,1279,55.9,152,Medium
L55683,L,298.5,309.8,1468,40.9,157,Medium
L55684,L,298.4,309.7,1419,41.3,159,Medium
L55685,L,298.4,309.7,1530,38.6,161,Medium
L55686,L,298.4,309.6,1710,27.3,163,Critical
L55687,L,298.4,309.7,1518,39.8,165,Medium
M23368,M,298.4,309.7,1679,33.3,167,Medium
M23369,M,298.4,309.7,1870,22.5,170,Medium
L55690,L,298.3,309.7,1484,44.3,173,Medium
L55691,L,298.4,309.7,1457,44.2,175,Medium
H37926,H,298.3,309.6,1546,36.2,177,Medium
M23373,M,298.2,309.5,1478,36.5,182,Critical
L55694,L,298.2,309.4,1447,47.1,185,Critical
L55695,L,298.2,309.4,1443,45.4,187,Critical
L55696,L,298.3,309.6,1527,30.9,189,Critical
M23377,M,298.3,309.6,1469,54.8,191,Critical
M23378,M,298.3,309.6,1681,27.1,194,Critical
L55699,L,298.3,309.6,1420,44.1,197,Critical
M23380,M,298.3,309.5,1543,49.9,199,Critical
L55701,L,298.4,309.5,1376,50.4,202,Critical
H37936,H,298.3,309.4,1631,29.8,0,Healthy
H37937,H,298.3,309.3,1529,41.7,5,Healthy
L55704,L,298.3,309.4,1468,46.2,10,Healthy
L55705,L,298.3,309.4,1378,52.3,12,Healthy
L55706,L,298.3,309.3,1401,51.9,14,Healthy
L55707,L,298.4,309.3,1531,37.4,16,Healthy
L55708,L,298.4,309.3,1512,35.8,18,Healthy
M23389,M,298.5,309.4,1522,47.4,20,Healthy
M23390,M,298.5,309.3,1615,31.8,23,Healthy
L55711,L,298.6,309.3,1449,46.5,26,Healthy
L55712,L,298.6,309.4,1315,55.5,28,Healthy
M23393,M,298.6,309.4,1465,41.1,30,Healthy
M23394,M,298.6,309.5,1404,43.3,33,Healthy
L55715,L,298.6,309.5,1547,44.8,36,Healthy
M23396,M,298.6,309.5,1426,45.4,38,Healthy
L55717,L,298.6,309.5,1730,30.2,41,Healthy
L55718,L,298.5,309.4,1548,37.7,43,Healthy
L55719,L,298.5,309.4,1517,40.2,45,Healthy
L55720,L,298.6,309.5,1687,29.3,47,Healthy
L55721,L,298.5,309.5,1738,25.2,49,Healthy
H37956,H,298.4,309.4,1512,35.3,51,Healthy
M23403,M,298.5,309.4,1365,48.7,56,Healthy
H37958,H,298.5,309.4,2011,21.0,59,Healthy
L55725,L,298.4,309.3,1806,27.6,64,Healthy
L55726,L,298.4,309.3,1716,28.4,66,Healthy
M23407,M,298.4,309.4,1666,24.3,68,Healthy
L55728,L,298.5,309.4,1578,36.3,71,Healthy
L55729,L,298.3,309.3,1558,37.2,73,Healthy
L55730,L,298.3,309.2,1456,45.5,75,Healthy
M23411,M,298.2,309.1,1457,49.0,77,Healthy
L55732,L,298.2,309.1,1467,44.5,80,Medium
M23413,M,298.1,309.0,1661,38.2,82,Medium
L55734,L,298.1,309.0,1592,33.9,85,Medium
L55735,L,298.2,309.0,1596,37.2,87,Medium
L55736,L,298.2,309.0,1489,40.6,89,Medium
L55737,L,298.3,309.0,1471,48.3,91,Medium
M23418,M,298.3,309.0,1505,41.3,93,Medium
L55739,L,298.3,309.0,1519,40.0,96,Medium
L55740,L,298.3,309.0,1408,45.4,98,Medium
L55741,L,298.2,308.9,1332,44.4,100,Medium
L55742,L,298.1,308.9,1351,52.4,102,Medium
L55743,L,298.0,308.9,1500,36.7,104,Medium
M23424,M,298.0,308.7,1614,30.7,106,Medium
L55745,L,298.0,308.8,1489,36.5,109,Medium
M23426,M,297.9,308.7,1751,26.6,111,Medium
L55747,L,298.0,308.7,1511,45.8,114,Medium
L55748,L,297.9,308.6,1691,29.6,116,Medium
L55749,L,297.9,308.6,1757,27.5,118,Medium
H37984,H,297.9,308.7,1545,35.9,120,Medium
L55751,L,297.9,308.6,2262,15.7,125,Medium
M23432,M,297.7,308.5,1559,35.2,127,Medium
L55753,L,297.6,308.4,1626,32.4,130,Medium
L55754,L,297.6,308.3,1424,53.9,132,Medium
M23435,M,297.6,308.3,1648,29.1,134,Medium
L55756,L,297.6,308.3,1523,39.5,137,Medium
L55757,L,297.6,308.3,1502,43.2,139,Medium
L55758,L,297.5,308.2,1489,40.7,141,Medium
M23439,M,297.4,308.1,1620,31.2,143,Medium
L55760,L,297.5,308.1,1631,30.6,146,Medium
M23441,M,297.5,308.0,1429,45.8,148,Medium
M23442,M,297.5,308.1,1334,72.0,151,Critical
L55763,L,297.4,308.0,1423,38.0,154,Medium
L55764,L,297.4,307.9,1390,47.7,156,Medium
M23445,M,297.4,307.9,1338,48.5,158,Medium
H38000,H,297.3,307.9,1461,37.5,161,Medium
M23447,M,297.4,307.9,1627,34.3,166,Medium
L55768,L,297.3,307.8,1385,44.4,169,Medium
M23449,M,297.3,307.8,1538,48.0,171,Medium
L55770,L,297.4,307.9,1557,35.5,174,Medium
L55771,L,297.4,307.9,1606,33.4,176,Medium
M23452,M,297.5,308.0,1430,44.5,178,Medium
M23453,M,297.4,308.0,1601,34.6,181,Critical
L55774,L,297.4,308.0,1356,51.9,184,Critical
M23455,M,297.5,308.2,1624,30.9,186,Critical
L55776,L,297.5,308.2,1327,56.5,189,Critical
L55777,L,297.6,308.3,1410,47.0,191,Critical
L55778,L,297.6,308.3,1478,42.3,193,Critical
L55779,L,297.6,308.4,1460,40.3,195,Critical
L55780,L,297.5,308.3,1435,40.3,197,Critical
H38015,H,297.4,308.2,1359,46.9,199,Critical
L55782,L,297.4,308.1,1729,31.7,204,Critical
H38017,H,297.3,308.0,1384,49.1,206,Critical
L55784,L,297.4,308.2,1297,52.1,211,Critical
L55785,L,297.5,308.4,1633,33.3,213,Critical
M23466,M,297.5,308.4,1505,37.2,215,Critical
L55787,L,297.5,308.4,1433,50.0,218,Critical
L55788,L,297.4,308.4,1369,50.6,220,Critical
L55789,L,297.4,308.3,1475,40.5,222,Critical
L55790,L,297.4,308.3,1561,38.3,0,Healthy
L55791,L,297.4,308.3,1472,45.5,2,Healthy
L55792,L,297.5,308.4,1441,44.5,4,Healthy
M23473,M,297.5,308.5,1401,50.5,6,Healthy
L55794,L,297.5,308.5,1691,33.1,9,Healthy
L55795,L,297.6,308.6,1382,47.1,11,Healthy
L55796,L,297.6,308.6,1355,46.4,13,Healthy
L55797,L,297.6,308.6,1529,45.3,15,Healthy
L55798,L,297.7,308.7,1829,24.9,17,Healthy
H38033,H,297.6,308.6,1480,39.8,19,Healthy
L55800,L,297.6,308.5,1475,42.4,24,Healthy
M23481,M,297.6,308.5,1431,52.6,26,Healthy
L55802,L,297.5,308.3,1437,42.3,29,Healthy
M23483,M,297.5,308.3,1476,45.6,31,Healthy
H38038,H,297.5,308.4,1490,39.7,34,Healthy
L55805,L,297.4,308.3,1632,33.5,39,Healthy
L55806,L,297.4,308.2,1402,49.7,41,Healthy
L55807,L,297.4,308.3,1347,45.8,43,Healthy
L55808,L,297.5,308.4,1747,31.0,45,Healthy
H38043,H,297.5,308.5,1557,39.1,47,Healthy
L55810,L,297.4,308.4,1371,57.4,52,Healthy
H38045,H,297.3,308.3,1506,37.0,54,Healthy
L55812,L,297.3,308.3,1590,35.5,59,Healthy
L55813,L,297.4,308.3,1336,53.7,61,Healthy
L55814,L,297.3,308.3,1411,43.2,63,Healthy
L55815,L,297.4,308.3,1704,27.3,65,Healthy
L55816,L,297.5,308.4,1723,27.3,67,Healthy
L55817,L,297.5,308.5,1459,39.7,69,Healthy
L55818,L,297.6,308.5,1572,35.9,71,Healthy
L55819,L,297.5,308.4,1384,56.0,73,Healthy
L55820,L,297.6,308.6,1383,47.5,75,Healthy
M23501,M,297.6,308.5,1360,48.6,77,Healthy
M23502,M,297.5,308.4,1596,36.6,80,Medium
L55823,L,297.5,308.5,1448,54.3,83,Medium
M23504,M,297.6,308.5,1443,38.2,85,Medium
M23505,M,297.6,308.6,1492,35.5,88,Medium
L55826,L,297.5,308.6,1497,43.9,91,Medium
L55827,L,297.5,308.5,1530,38.5,93,Medium
M23508,M,297.4,308.4,1478,46.2,95,Medium
L55829,L,297.4,308.4,1328,61.8,98,Medium
H38064,H,297.4,308.3,1771,27.4,100,Medium
M23511,M,297.4,308.4,1564,35.0,105,Medium
H38066,H,297.3,308.3,1461,41.5,108,Medium
M23513,M,297.4,308.3,1335,57.9,113,Medium
M23514,M,297.4,308.4,1441,46.8,116,Medium
L55835,L,297.3,308.3,1268,60.6,119,Medium
M23516,M,297.3,308.3,1697,27.4,121,Medium
L55837,L,297.4,308.4,1421,46.0,124,Medium
L55838,L,297.4,308.5,1496,36.4,126,Medium
L55839,L,297.5,308.5,1375,55.6,128,Medium
L55840,L,297.4,308.5,1295,52.1,130,Medium
L55841,L,297.4,308.5,1643,33.8,132,Medium
L55842,L,297.5,308.6,1514,36.9,134,Medium
L55843,L,297.5,308.6,1671,29.4,136,Medium
H38078,H,297.5,308.6,1355,58.9,138,Medium
L55845,L,297.6,308.7,1365,50.6,143,Medium
L55846,L,297.5,308.7,1407,42.5,145,Medium
M23527,M,297.5,308.8,1455,46.1,147,Medium
L55848,L,297.5,308.8,1502,45.9,150,Medium
M23529,M,297.5,308.8,1471,52.3,152,Medium
L55850,L,297.5,308.9,1581,30.4,155,Medium
L55851,L,297.5,308.8,1530,37.8,157,Medium
L55852,L,297.5,308.8,1312,50.3,159,Medium
L55853,L,297.4,308.6,1494,42.6,161,Medium
M23534,M,297.4,308.6,1528,29.1,163,Medium
H38089,H,297.3,308.6,1688,29.4,166,Medium
M23536,M,297.3,308.5,1520,42.4,171,Medium
M23537,M,297.3,308.5,1664,28.9,174,Medium
L55858,L,297.3,308.5,1514,44.5,177,Medium
L55859,L,297.3,308.5,1456,54.2,179,Medium
L55860,L,297.2,308.5,1494,39.6,181,Critical
L55861,L,297.2,308.4,1605,30.0,183,Critical
M23542,M,297.2,308.5,1353,46.5,185,Critical
L55863,L,297.2,308.5,1447,47.9,188,Critical
L55864,L,297.2,308.5,1588,40.4,190,Critical
H38099,H,297.2,308.5,1524,41.4,192,Critical
M23546,M,297.2,308.5,1611,31.6,197,Critical
M23547,M,297.2,308.5,1604,34.9,200,Critical
L55868,L,297.1,308.5,1483,46.9,203,Critical
L55869,L,297.1,308.4,1543,39.6,205,Critical
L55870,L,297.1,308.5,1323,44.4,207,Critical
L55871,L,297.1,308.5,1555,36.2,0,Healthy
L55872,L,297.1,308.4,1583,31.9,2,Healthy
M23553,M,297.2,308.5,1584,40.0,4,Healthy
L55874,L,297.2,308.5,1766,25.8,7,Healthy
M23555,M,297.2,308.6,1498,44.4,9,Healthy
L55876,L,297.2,308.6,1413,49.8,12,Healthy
L55877,L,297.3,308.6,1505,33.5,14,Healthy
H38112,H,297.3,308.7,1438,46.2,16,Healthy
M23559,M,297.3,308.7,1655,34.1,21,Healthy
M23560,M,297.3,308.7,1451,43.8,24,Healthy
M23561,M,297.3,308.7,1466,38.4,27,Healthy
L55882,L,297.2,308.6,1774,23.0,30,Healthy
M23563,M,297.2,308.6,1284,51.3,32,Healthy
L55884,L,297.1,308.5,1425,40.0,35,Healthy
L55885,L,297.2,308.6,1437,52.4,37,Healthy
L55886,L,297.2,308.6,1335,53.0,39,Healthy
L55887,L,297.2,308.5,1471,41.7,41,Healthy
M23568,M,297.2,308.5,1364,54.0,43,Healthy
L55889,L,297.1,308.5,1578,35.6,46,Healthy
L55890,L,297.1,308.5,1712,32.1,48,Healthy
L55891,L,297.1,308.5,1733,28.7,50,Healthy
L55892,L,297.2,308.6,1652,32.1,52,Healthy
L55893,L,297.2,308.6,1917,24.1,54,Healthy
M23574,M,297.2,308.6,1444,41.1,56,Healthy
L55895,L,297.1,308.6,1442,37.1,59,Healthy
M23576,M,297.1,308.6,1717,31.3,61,Healthy
L55897,L,297.1,308.7,1474,42.3,64,Healthy
L55898,L,297.2,308.7,1509,39.3,66,Healthy
L55899,L,297.2,308.8,1451,43.1,68,Healthy
L55900,L,297.3,308.8,1554,36.1,70,Healthy
L55901,L,297.2,308.7,1669,30.7,72,Healthy
L55902,L,297.2,308.6,1366,50.4,74,Healthy
L55903,L,297.2,308.6,1578,34.4,76,Healthy
M23584,M,297.2,308.6,1513,39.0,78,Healthy
M23585,M,297.1,308.5,1515,42.1,81,Medium
L55906,L,297.2,308.6,1562,33.0,84,Medium
L55907,L,297.2,308.7,1501,38.5,86,Medium
M23588,M,297.2,308.7,1398,38.1,88,Medium
L55909,L,297.3,308.7,1352,53.8,91,Medium
H38144,H,297.3,308.7,1569,33.9,93,Medium
H38145,H,297.2,308.6,1486,46.6,98,Medium
L55912,L,297.2,308.6,1864,23.6,103,Medium
M23593,M,297.3,308.7,1447,44.5,105,Medium
L55914,L,297.2,308.6,1392,41.5,108,Medium
L55915,L,297.3,308.6,1358,47.6,110,Medium
L55916,L,297.3,308.7,1491,40.2,112,Medium
L55917,L,297.3,308.7,1556,36.7,114,Medium
L55918,L,297.3,308.7,1531,36.7,116,Medium
H38153,H,297.4,308.7,1429,37.6,118,Medium
M23600,M,297.4,308.8,1573,33.9,123,Medium
L55921,L,297.4,308.8,1538,41.2,126,Medium
L55922,L,297.4,308.8,1467,39.0,128,Medium
H38157,H,297.4,308.7,1323,51.1,130,Medium
M23604,M,297.4,308.7,1798,23.0,135,Medium
L55925,L,297.4,308.6,1411,46.3,138,Medium
L55926,L,297.3,308.5,1528,44.5,140,Medium
L55927,L,297.3,308.5,1504,42.0,142,Medium
L55928,L,297.3,308.5,1384,39.6,144,Medium
L55929,L,297.2,308.4,1677,26.4,146,Medium
L55930,L,297.3,308.5,1764,30.8,148,Medium
M23611,M,297.4,308.5,1472,42.0,150,Medium
M23612,M,297.4,308.5,1465,55.9,153,Medium
M23613,M,297.4,308.6,1657,33.1,156,Medium
L55934,L,297.4,308.6,1635,30.5,159,Medium
M23615,M,297.4,308.7,1582,31.9,161,Medium
L55936,L,297.5,308.7,1761,26.2,164,Medium
L55937,L,297.5,308.8,1587,34.9,166,Medium
M23618,M,297.5,308.7,1446,53.0,168,Medium
M23619,M,297.5,308.7,1352,53.0,171,Medium
M23620,M,297.4,308.7,1392,46.4,174,Medium
L55941,L,297.5,308.8,1417,49.8,177,Medium
H38176,H,297.5,308.8,1824,24.0,179,Medium
L55943,L,297.5,308.8,1603,36.7,184,Critical
L55944,L,297.4,308.8,1620,33.4,186,Critical
L55945,L,297.4,308.8,1353,49.4,188,Critical
L55946,L,297.5,308.8,1360,50.7,190,Critical
L55947,L,297.5,308.6,1380,53.5,192,Critical
M23628,M,297.5,308.7,1363,53.6,194,Critical
M23629,M,297.4,308.6,1452,41.2,197,Critical
L55950,L,297.4,308.6,1680,32.8,200,Critical
L55951,L,297.5,308.6,1536,39.0,202,Critical
L55952,L,297.5,308.6,1621,28.9,0,Healthy
L55953,L,297.5,308.6,1585,37.6,2,Healthy
M23634,M,297.6,308.7,1408,51.5,4,Healthy
H38189,H,297.5,308.6,1536,38.7,7,Healthy
L55956,L,297.5,308.6,1352,52.6,12,Healthy
H38191,H,297.5,308.6,1481,38.8,14,Healthy
L55958,L,297.5,308.7,1454,45.0,19,Healthy
M23639,M,297.5,308.6,1349,51.5,21,Healthy
M23640,M,297.5,308.6,1327,52.1,24,Healthy
L55961,L,297.6,308.7,1552,42.3,27,Healthy
L55962,L,297.5,308.7,1456,44.7,29,Healthy
M23643,M,297.6,308.6,1254,45.8,31,Healthy
L55964,L,297.5,308.6,1437,43.3,34,Healthy
L55965,L,297.5,308.6,1694,27.1,36,Healthy
L55966,L,297.5,308.5,1306,50.7,38,Healthy
M23647,M,297.5,308.5,1699,30.1,40,Healthy
L55968,L,297.4,308.5,1369,53.2,43,Healthy
L55969,L,297.4,308.5,1471,43.9,45,Healthy
L55970,L,297.4,308.5,1410,43.9,47,Healthy
M23651,M,297.4,308.5,1412,45.5,49,Healthy
L55972,L,297.4,308.5,1418,51.2,52,Healthy
L55973,L,297.4,308.5,1782,25.9,54,Healthy
M23654,M,297.4,308.5,1497,36.4,56,Healthy
L55975,L,297.3,308.4,1459,39.4,59,Healthy
L55976,L,297.2,308.3,1796,23.8,61,Healthy
L55977,L,297.2,308.3,1569,31.2,63,Healthy
L55978,L,297.3,308.4,1469,46.7,65,Healthy
L55979,L,297.3,308.4,1472,41.3,67,Healthy
L55980,L,297.4,308.5,1475,47.2,69,Healthy
L55981,L,297.4,308.6,1488,36.4,71,Healthy
L55982,L,297.4,308.6,1524,43.1,73,Healthy
L55983,L,297.4,308.5,1486,48.6,75,Healthy
M23664,M,297.5,308.6,1255,60.7,77,Healthy
M23665,M,297.4,308.6,1469,42.6,80,Medium
L55986,L,297.4,308.5,1692,34.3,83,Medium
M23667,M,297.4,308.6,1604,32.8,85,Medium
L55988,L,297.4,308.6,1446,48.1,88,Medium
L55989,L,297.3,308.5,1503,43.3,90,Medium
M23670,M,297.3,308.5,1625,32.8,92,Medium
L55991,L,297.2,308.5,1574,35.8,95,Medium
M23672,M,297.2,308.4,1378,41.9,97,Medium
L55993,L,297.1,308.4,1693,29.5,100,Medium
L55994,L,297.2,308.4,1462,51.2,102,Medium
H38229,H,297.3,308.5,1435,55.0,104,Medium
M23676,M,297.2,308.5,1425,45.8,109,Medium
H38231,H,297.3,308.6,1376,53.5,112,Medium
M23678,M,297.4,308.7,1481,48.0,117,Medium
H38233,H,297.4,308.7,1349,48.9,120,Medium
L56000,L,297.3,308.7,1551,40.0,125,Medium
H38235,H,297.4,308.7,1623,33.8,127,Medium
L56002,L,297.4,308.8,1462,49.7,132,Medium
M23683,M,297.3,308.8,1447,57.4,134,Medium
M23684,M,297.3,308.9,1799,24.5,137,Medium
M23685,M,297.3,308.8,1548,41.3,140,Medium
M23686,M,297.2,308.8,1485,47.9,143,Medium
L56007,L,297.2,308.7,1463,49.9,146,Medium
L56008,L,297.3,308.7,1587,35.8,148,Medium
M23689,M,297.3,308.8,1469,44.1,150,Medium
H38244,H,297.3,308.7,1430,42.8,153,Medium
H38245,H,297.4,308.7,1726,26.8,158,Medium
L56012,L,297.4,308.8,1651,34.1,163,Medium
L56013,L,297.4,308.8,1529,41.3,165,Medium
L56014,L,297.4,308.8,1473,46.2,167,Medium
H38249,H,297.4,308.8,1324,53.5,169,Medium
L56016,L,297.4,308.9,1708,28.8,174,Medium
M23697,M,297.5,309.1,1540,38.5,176,Medium
L56018,L,297.5,309.0,1320,54.7,179,Medium
M23699,M,297.4,308.9,1376,39.0,181,Critical
M23700,M,297.3,308.7,1542,37.0,184,Critical
L56021,L,297.3,308.7,1506,39.3,187,Critical
L56022,L,297.3,308.7,1492,43.6,189,Critical
H38257,H,297.3,308.8,1564,38.0,191,Critical
H38258,H,297.4,308.9,1645,30.8,196,Critical
M23705,M,297.4,308.9,1348,59.1,201,Critical
M23706,M,297.4,308.8,1325,62.4,204,Critical
L56027,L,297.5,308.9,1443,43.5,0,Healthy
M23708,M,297.5,308.9,1436,44.8,2,Healthy
L56029,L,297.5,308.9,1596,30.7,5,Healthy
L56030,L,297.6,309.0,1491,43.2,7,Healthy
M23711,M,297.7,308.9,1573,35.1,9,Healthy
L56032,L,297.7,308.9,1575,39.9,12,Healthy
L56033,L,297.7,308.9,1458,41.1,14,Healthy
M23714,M,297.7,309.0,1433,41.8,16,Healthy
L56035,L,297.7,308.9,1662,28.1,19,Healthy
M23716,M,297.7,308.9,1327,63.7,21,Healthy
L56037,L,297.7,308.9,1742,26.3,24,Healthy
L56038,L,297.8,308.9,1506,33.5,26,Healthy
L56039,L,297.9,309.1,1457,44.4,28,Healthy
M23720,M,297.9,309.1,1488,37.3,30,Healthy
L56041,L,297.9,309.1,1619,34.7,33,Healthy
M23722,M,298.0,309.2,1558,41.7,35,Healthy
L56043,L,298.0,309.2,1731,28.7,38,Healthy
M23724,M,298.0,309.1,1574,34.8,40,Healthy
L56045,L,297.9,309.0,1290,49.8,43,Healthy
H38280,H,297.9,308.9,1416,39.6,45,Healthy
L56047,L,297.9,308.9,1566,41.9,50,Healthy
L56048,L,297.9,309.0,1456,46.5,52,Healthy
L56049,L,297.9,309.0,1528,37.5,54,Healthy
M23730,M,297.9,309.1,1338,49.6,56,Healthy
M23731,M,297.9,309.1,1558,39.2,59,Healthy
M23732,M,297.9,309.1,1614,38.1,62,Healthy
H38287,H,298.0,309.1,1557,36.4,65,Healthy
L56054,L,298.1,309.3,1443,45.3,70,Healthy
H38289,H,298.1,309.3,1332,51.0,72,Healthy
M23736,M,298.1,309.3,1752,25.2,77,Healthy
M23737,M,298.1,309.2,1460,45.8,80,Medium
L56058,L,298.1,309.2,1802,26.9,83,Medium
L56059,L,298.0,309.2,1527,39.5,85,Medium
L56060,L,298.0,309.2,1458,39.8,87,Medium
H38295,H,298.0,309.2,1520,37.9,89,Medium
L56062,L,298.0,309.2,1378,49.7,94,Medium
M23743,M,297.9,309.2,1529,38.1,96,Medium
L56064,L,298.0,309.2,1527,32.4,99,Medium
M23745,M,298.0,309.2,1438,42.9,101,Medium
L56066,L,297.9,309.0,1583,36.7,104,Medium
L56067,L,297.8,308.9,1530,37.6,106,Medium
M23748,M,297.7,308.9,1530,39.1,108,Medium
M23749,M,297.7,308.8,2089,19.1,111,Medium
L56070,L,297.7,308.8,1616,34.2,114,Medium
M23751,M,297.7,308.9,1681,28.3,116,Medium
L56072,L,297.6,308.8,1475,43.0,119,Medium
L56073,L,297.5,308.7,1371,46.5,121,Medium
M23754,M,297.5,308.7,1546,38.0,123,Medium
H38309,H,297.4,308.6,1461,40.1,126,Medium
L56076,L,297.4,308.7,1638,31.9,131,Medium
M23757,M,297.3,308.7,1577,35.6,133,Medium
L56078,L,297.4,308.6,1532,38.7,136,Medium
M23759,M,297.3,308.5,1710,27.7,138,Medium
M23760,M,297.3,308.6,1584,29.4,141,Medium
L56081,L,297.3,308.6,1446,50.1,144,Medium
H38316,H,297.4,308.7,1522,46.3,146,Medium
M23763,M,297.4,308.7,1382,49.9,151,Medium
L56084,L,297.4,308.7,1584,38.2,154,Medium
L56085,L,297.3,308.6,1385,55.2,156,Medium
L56086,L,297.3,308.7,1592,34.4,158,Medium
M23767,M,297.2,308.6,1404,43.7,160,Medium
L56088,L,297.2,308.5,1518,44.3,163,Medium
L56089,L,297.1,308.4,1529,40.4,165,Medium
L56090,L,297.1,308.4,1550,37.0,167,Medium
L56091,L,297.1,308.3,1773,23.8,169,Medium
L56092,L,297.2,308.5,1446,43.7,171,Medium
M23773,M,297.2,308.5,1487,46.9,173,Medium
M23774,M,297.3,308.5,1524,49.3,176,Medium
L56095,L,297.1,308.3,1403,54.1,179,Medium
L56096,L,297.1,308.2,2267,15.7,181,Critical
M23777,M,297.1,308.2,1529,37.9,183,Critical
L56098,L,297.1,308.2,1402,51.2,186,Critical
L56099,L,297.2,308.3,1693,28.0,188,Critical
L56100,L,297.1,308.3,1496,45.8,190,Critical
L56101,L,297.1,308.1,1633,33.3,192,Critical
L56102,L,297.1,308.2,1399,42.6,194,Critical
M23783,M,297.0,308.1,1363,45.3,196,Critical
H38338,H,297.1,308.2,1527,42.2,199,Critical
M23785,M,297.2,308.2,1405,42.5,204,Critical
M23786,M,297.3,308.3,1459,59.6,207,Critical
M23787,M,297.4,308.4,1789,25.0,210,Critical
L56108,L,297.4,308.4,1531,41.5,213,Critical
M23789,M,297.4,308.4,1620,35.8,215,Critical
L56110,L,297.4,308.4,1571,39.4,0,Healthy
L56111,L,297.4,308.4,1434,39.9,2,Healthy
L56112,L,297.4,308.4,1474,43.6,4,Healthy
M23793,M,297.3,308.3,1544,41.7,6,Healthy
L56114,L,297.3,308.2,1601,35.7,9,Healthy
L56115,L,297.4,308.3,1801,26.9,11,Healthy
L56116,L,297.4,308.3,1465,42.0,13,Healthy
M23797,M,297.4,308.4,1340,52.6,15,Healthy
M23798,M,297.4,308.4,1517,41.0,18,Healthy
M23799,M,297.3,308.4,1434,44.8,21,Healthy
H38354,H,297.3,308.3,1935,19.3,24,Healthy
M23801,M,297.3,308.3,1595,32.2,29,Healthy
L56122,L,297.3,308.3,2188,17.0,32,Healthy
M23803,M,297.3,308.4,1449,44.4,34,Healthy
L56124,L,297.3,308.3,1471,38.2,37,Healthy
L56125,L,297.4,308.2,1639,33.8,39,Healthy
M23806,M,297.3,308.2,1846,24.5,41,Healthy
M23807,M,297.3,308.2,1452,38.2,44,Healthy
M23808,M,297.4,308.3,1483,41.9,47,Healthy
L56129,L,297.4,308.3,1284,60.3,50,Healthy
L56130,L,297.4,308.2,1419,50.0,52,Healthy
L56131,L,297.3,308.1,1763,28.4,54,Healthy
M23812,M,297.2,308.0,1478,42.5,56,Healthy
L56133,L,297.3,308.0,1518,36.0,59,Healthy
L56134,L,297.3,308.0,1447,49.0,61,Healthy
M23815,M,297.4,308.0,1355,55.1,63,Healthy
L56136,L,297.4,308.1,1348,57.4,66,Healthy
L56137,L,297.4,308.1,1348,53.7,68,Healthy
M23818,M,297.4,308.1,1734,27.7,70,Healthy
L56139,L,297.3,308.0,1420,46.5,73,Healthy
L56140,L,297.3,307.9,1797,24.7,75,Healthy
M23821,M,297.3,308.0,1403,45.0,77,Healthy
L56142,L,297.3,307.9,1628,30.2,80,Medium
M23823,M,297.2,307.9,1687,30.4,82,Medium
M23824,M,297.2,307.9,1456,44.9,85,Medium
L56145,L,297.1,307.9,1496,44.7,88,Medium
L56146,L,297.1,307.8,1636,30.3,90,Medium
L56147,L,297.1,307.8,1536,40.4,92,Medium
L56148,L,297.1,307.8,1454,50.6,94,Medium
L56149,L,297.0,307.8,1396,50.0,96,Medium
L56150,L,297.0,307.6,1575,37.4,98,Medium
L56151,L,296.9,307.6,1514,35.7,100,Medium
M23832,M,296.8,307.4,1455,49.9,102,Medium
L56153,L,296.8,307.4,1549,48.3,105,Medium
L56154,L,296.8,307.5,1474,42.4,107,Medium
H38389,H,296.7,307.4,1661,34.2,109,Medium
L56156,L,296.7,307.4,1535,34.6,114,Medium
M23837,M,296.9,307.5,1556,31.2,116,Medium
L56158,L,296.9,307.6,1435,45.0,119,Medium
M23839,M,296.9,307.5,1332,51.1,121,Medium
L56160,L,297.0,307.6,1513,42.4,124,Medium
L56161,L,297.0,307.7,1502,39.4,126,Medium
L56162,L,297.0,307.7,1315,60.1,128,Medium
M23843,M,297.0,307.7,1261,51.1,130,Medium
L56164,L,297.1,307.8,1406,60.4,133,Medium
L56165,L,297.1,307.8,1584,42.3,135,Medium
M23846,M,297.1,307.8,1443,43.9,137,Medium
L56167,L,297.2,307.9,1580,35.8,140,Medium
L56168,L,297.2,307.9,1825,24.6,142,Medium
L56169,L,297.2,307.9,1469,48.2,144,Medium
L56170,L,297.2,307.9,1493,38.4,146,Medium
M23851,M,297.3,308.0,1598,29.4,148,Medium
H38406,H,297.2,307.9,1450,37.2,151,Medium
M23853,M,297.2,307.9,1632,37.5,156,Medium
M23854,M,297.1,307.9,1980,20.3,159,Medium
L56175,L,297.2,308.0,1474,43.7,162,Medium
L56176,L,297.2,307.9,1540,37.1,164,Medium
M23857,M,297.1,307.9,1609,38.9,166,Medium
L56178,L,297.1,308.0,1467,42.8,169,Medium
L56179,L,297.1,307.9,1492,39.4,171,Medium
L56180,L,297.0,307.9,1493,46.1,173,Medium
L56181,L,297.0,307.8,1500,39.9,175,Medium
L56182,L,297.1,307.8,1477,36.6,177,Medium
L56183,L,297.1,307.9,1342,49.1,179,Medium
M23864,M,297.1,307.8,1538,34.3,181,Critical
L56185,L,297.2,307.9,1337,58.1,184,Critical
L56186,L,297.3,307.9,1417,41.8,186,Critical
L56187,L,297.4,308.0,1383,46.2,188,Critical
M23868,M,297.4,308.0,1440,42.4,190,Critical
L56189,L,297.3,307.9,1579,34.4,193,Critical
L56190,L,297.2,307.9,1441,40.0,195,Critical
M23871,M,297.2,307.9,1530,35.9,197,Critical
L56192,L,297.2,308.0,1705,26.0,200,Critical
H38427,H,297.2,308.0,1435,43.0,202,Critical
M23874,M,297.2,308.1,1340,61.3,207,Critical
L56195,L,297.2,308.1,1431,49.7,210,Critical
L56196,L,297.3,308.2,1396,52.7,212,Critical
M23877,M,297.3,308.1,1369,52.0,214,Critical
L56198,L,297.3,308.1,1615,35.4,217,Critical
L56199,L,297.2,308.1,1662,31.3,0,Healthy
L56200,L,297.3,308.2,1553,33.5,2,Healthy
M23881,M,297.4,308.2,1536,34.6,4,Healthy
L56202,L,297.4,308.3,1548,46.6,7,Healthy
L56203,L,297.4,308.3,1706,30.9,9,Healthy
L56204,L,297.4,308.3,1366,45.5,11,Healthy
L56205,L,297.5,308.4,1440,35.9,13,Healthy
M23886,M,297.5,308.4,1685,28.1,15,Healthy
M23887,M,297.4,308.3,1444,44.0,18,Healthy
L56208,L,297.4,308.3,1395,48.7,21,Healthy
L56209,L,297.4,308.3,1483,38.8,23,Healthy
M23890,M,297.5,308.4,1403,44.3,25,Healthy
H38445,H,297.5,308.4,1793,23.9,28,Healthy
L56212,L,297.4,308.3,1723,28.8,33,Healthy
L56213,L,297.4,308.2,1386,41.0,35,Healthy
H38448,H,297.4,308.2,1585,46.2,37,Healthy
M23895,M,297.3,308.1,1731,27.7,42,Healthy
L56216,L,297.3,308.3,1519,37.7,45,Healthy
L56217,L,297.3,308.2,1896,24.4,47,Healthy
L56218,L,297.3,308.3,2358,14.9,49,Healthy
M23899,M,297.3,308.3,1341,51.9,51,Healthy
L56220,L,297.3,308.3,1550,37.0,54,Healthy
L56221,L,297.3,308.3,1309,61.5,56,Healthy
M23902,M,297.3,308.4,1599,32.9,58,Healthy
L56223,L,297.4,308.4,1343,40.0,61,Healthy
L56224,L,297.4,308.4,1378,39.9,63,Healthy
L56225,L,297.4,308.4,1603,34.6,65,Healthy
L56226,L,297.4,308.4,1664,28.1,67,Healthy
L56227,L,297.3,308.4,1488,37.4,69,Healthy
M23908,M,297.3,308.4,1370,50.5,71,Healthy
L56229,L,297.3,308.5,1545,34.3,74,Healthy
M23910,M,297.4,308.5,1566,31.4,76,Healthy
L56231,L,297.4,308.6,1820,24.6,79,Healthy
M23912,M,297.4,308.6,1901,22.1,81,Medium
M23913,M,297.4,308.5,1638,32.2,84,Medium
M23914,M,297.3,308.4,1521,38.2,87,Medium
H38469,H,297.3,308.4,1864,23.1,90,Medium
L56236,L,297.3,308.3,1430,41.9,95,Medium
M23917,M,297.3,308.4,1686,34.5,97,Medium
M23918,M,297.2,308.3,1326,57.2,100,Medium
L56239,L,297.2,308.3,1805,25.6,103,Medium
H38474,H,297.2,308.3,1453,45.8,105,Medium
M23921,M,297.2,308.4,1863,26.0,110,Medium
L56242,L,297.2,308.3,1576,35.3,113,Medium
L56243,L,297.2,308.3,1419,39.7,115,Medium
L56244,L,297.2,308.4,1833,25.2,117,Medium
H38479,H,297.2,308.4,2182,17.3,119,Medium
L56246,L,297.2,308.3,1656,30.3,124,Medium
L56247,L,297.1,308.2,1351,56.6,126,Medium
H38482,H,297.1,308.2,1790,30.3,128,Medium
M23929,M,297.2,308.2,1678,28.1,133,Medium
L56250,L,297.1,308.2,1427,45.2,136,Medium
L56251,L,297.0,308.1,1429,54.0,138,Medium
H38486,H,297.2,308.1,1770,27.2,140,Medium
L56253,L,297.2,308.1,1689,31.2,145,Medium
M23934,M,297.2,308.1,1554,41.3,147,Medium
L56255,L,297.3,308.1,1506,36.0,150,Medium
L56256,L,297.2,308.1,1474,44.3,152,Medium
L56257,L,297.3,308.1,1762,26.1,154,Medium
L56258,L,297.3,308.1,1566,35.7,156,Medium
H38493,H,297.3,308.1,1554,42.4,158,Medium
L56260,L,297.2,308.0,1869,25.4,163,Medium
L56261,L,297.3,308.0,1527,35.1,165,Medium
L56262,L,297.2,307.9,1309,49.6,167,Medium
M23943,M,297.2,307.9,1541,35.7,169,Medium
L56264,L,297.2,307.9,1326,75.4,172,Critical
H38499,H,297.1,307.9,1365,54.0,174,Medium
L56266,L,297.1,307.8,1428,43.7,179,Medium
L56267,L,297.1,307.8,1681,27.6,181,Critical
M23948,M,297.1,307.9,1662,26.9,183,Critical
L56269,L,297.2,307.9,1989,20.3,186,Critical
M23950,M,297.2,307.9,1747,29.0,188,Critical
M23951,M,297.2,308.0,1765,31.1,191,Critical
L56272,L,297.3,308.1,1568,34.4,194,Critical
M23953,M,297.3,308.1,1709,30.6,196,Critical
M23954,M,297.3,308.1,1370,58.8,199,Critical
L56275,L,297.3,308.1,1458,45.7,202,Critical
L56276,L,297.2,308.1,1712,30.9,204,Critical
L56277,L,297.3,308.1,1642,36.9,206,Critical
L56278,L,297.3,308.1,1468,49.8,0,Healthy
H38513,H,297.3,308.1,1477,52.3,2,Healthy
L56280,L,297.3,308.2,1446,53.5,7,Healthy
H38515,H,297.3,308.2,1653,31.4,9,Healthy
L56282,L,297.3,308.3,1494,38.2,14,Healthy
L56283,L,297.3,308.2,1490,41.0,16,Healthy
M23964,M,297.4,308.3,1550,47.8,18,Healthy
M23965,M,297.3,308.2,1677,34.9,21,Healthy
L56286,L,297.4,308.3,1854,21.8,24,Healthy
M23967,M,297.5,308.5,1662,30.3,26,Healthy
M23968,M,297.5,308.6,1440,38.8,29,Healthy
L56289,L,297.5,308.6,1513,39.7,32,Healthy
M23970,M,297.6,308.6,1389,49.0,34,Healthy
L56291,L,297.6,308.6,1351,51.0,37,Healthy
M23972,M,297.6,308.6,1482,38.3,39,Healthy
L56293,L,297.6,308.6,1744,28.5,42,Healthy
L56294,L,297.6,308.7,1476,39.0,44,Healthy
M23975,M,297.6,308.6,1444,48.2,46,Healthy
H38530,H,297.6,308.7,1659,32.1,49,Healthy
M23977,M,297.6,308.7,1475,46.6,54,Healthy
L56298,L,297.6,308.6,1526,42.1,57,Healthy
M23979,M,297.4,308.4,1675,29.5,59,Healthy
L56300,L,297.4,308.4,1525,38.7,62,Healthy
L56301,L,297.3,308.3,1396,45.9,64,Healthy
L56302,L,297.4,308.4,1580,41.2,66,Healthy
L56303,L,297.4,308.5,1462,42.8,68,Healthy
L56304,L,297.4,308.4,1426,50.4,70,Healthy
L56305,L,297.4,308.5,1569,34.2,72,Healthy
L56306,L,297.4,308.5,1477,40.7,74,Healthy
L56307,L,297.4,308.5,1761,27.2,76,Healthy
M23988,M,297.5,308.6,1486,45.9,78,Healthy
L56309,L,297.6,308.6,1664,30.1,81,Medium
L56310,L,297.6,308.6,1576,32.7,83,Medium
H38545,H,297.6,308.6,1463,46.7,85,Medium
M23992,M,297.6,308.6,1585,42.0,90,Medium
L56313,L,297.7,308.7,1479,45.7,93,Medium
L56314,L,297.7,308.7,1449,40.2,95,Medium
H38549,H,297.7,308.8,1404,50.3,97,Medium
L56316,L,297.7,308.7,1694,29.1,102,Medium
L56317,L,297.7,308.7,1731,28.4,104,Medium
L56318,L,297.6,308.6,1522,37.0,106,Medium
L56319,L,297.5,308.5,1536,36.9,108,Medium
L56320,L,297.5,308.5,1373,39.9,110,Medium
L56321,L,297.5,308.5,1597,36.4,112,Medium
L56322,L,297.6,308.5,1678,34.2,114,Medium
L56323,L,297.6,308.5,1452,42.6,116,Medium
M24004,M,297.5,308.5,1447,41.6,118,Medium
L56325,L,297.6,308.5,1574,37.1,121,Medium
L56326,L,297.6,308.6,1528,40.0,123,Medium
L56327,L,297.7,308.7,1688,27.2,125,Medium
L56328,L,297.6,308.6,1393,40.4,127,Medium
M24009,M,297.5,308.6,1429,50.5,129,Medium
M24010,M,297.5,308.6,1347,57.0,132,Medium
L56331,L,297.6,308.6,1553,40.5,135,Medium
L56332,L,297.5,308.6,1260,53.6,137,Medium
L56333,L,297.5,308.6,1546,33.8,139,Medium
L56334,L,297.5,308.6,1596,36.0,141,Medium
L56335,L,297.5,308.5,1340,57.4,143,Medium
M24016,M,297.5,308.4,1369,54.8,145,Medium
L56337,L,297.5,308.5,1462,52.3,148,Medium
H38572,H,297.4,308.4,1487,46.2,150,Medium
M24019,M,297.5,308.6,1510,35.5,155,Medium
H38574,H,297.5,308.5,1671,28.0,158,Medium
M24021,M,297.5,308.5,1612,30.0,163,Medium
M24022,M,297.6,308.6,1509,39.7,166,Medium
L56343,L,297.6,308.6,1415,47.3,169,Medium
L56344,L,297.6,308.6,2384,14.4,171,Medium
L56345,L,297.6,308.6,1326,62.4,173,Medium
M24026,M,297.6,308.6,1390,53.4,175,Medium
M24027,M,297.6,308.7,1392,41.2,178,Medium
H38582,H,297.6,308.8,1385,44.4,181,Critical
L56349,L,297.7,308.8,1896,24.5,186,Critical
L56350,L,297.7,308.7,1474,46.8,188,Critical
M24031,M,297.7,308.8,1388,45.6,190,Critical
L56352,L,297.7,308.9,1715,27.2,193,Critical
H38587,H,297.8,308.9,1650,32.2,195,Critical
L56354,L,297.8,308.9,1871,25.6,200,Critical
L56355,L,297.8,309.0,1403,64.2,0,Critical
L56356,L,297.8,308.9,1518,40.4,2,Healthy
L56357,L,297.9,309.1,1504,43.0,4,Healthy
L56358,L,297.8,309.0,1340,56.9,6,Healthy
H38593,H,297.9,309.1,1435,44.7,8,Healthy
L56360,L,297.9,309.1,1507,36.9,13,Healthy
L56361,L,297.9,309.1,1521,36.1,15,Healthy
M24042,M,297.8,309.0,1576,45.0,17,Healthy
L56363,L,297.9,309.1,1543,36.6,20,Healthy
L56364,L,298.0,309.2,1665,36.6,22,Healthy
L56365,L,297.9,309.1,1442,50.3,24,Healthy
L56366,L,297.9,309.0,1629,29.0,26,Healthy
L56367,L,297.9,309.0,1379,47.3,28,Healthy
L56368,L,297.9,309.0,1502,40.2,30,Healthy
L56369,L,297.9,309.1,1595,32.0,32,Healthy
M24050,M,298.0,309.0,1439,38.5,34,Healthy
M24051,M,297.9,309.0,1970,21.6,37,Healthy
L56372,L,297.9,309.0,1562,35.8,40,Healthy
M24053,M,297.9,309.0,1530,40.9,42,Healthy
L56374,L,297.9,308.9,1393,40.6,45,Healthy
L56375,L,297.9,309.0,1532,37.6,47,Healthy
L56376,L,298.0,308.9,1607,37.7,49,Healthy
M24057,M,297.9,308.8,1469,49.0,51,Healthy
M24058,M,297.9,308.8,1538,37.6,54,Healthy
L56379,L,297.9,308.8,1613,31.4,57,Healthy
M24060,M,297.9,308.8,1602,32.1,59,Healthy
L56381,L,297.8,308.7,1404,44.2,62,Healthy
L56382,L,297.8,308.8,1548,36.9,64,Healthy
L56383,L,297.8,308.8,1559,35.2,66,Healthy
L56384,L,297.8,308.8,1621,36.1,68,Healthy
L56385,L,297.8,308.8,1579,32.9,70,Healthy
M24066,M,297.9,308.9,1547,44.0,72,Healthy
L56387,L,297.9,308.8,1386,48.6,75,Healthy
L56388,L,298.0,308.9,1406,40.9,77,Healthy
M24069,M,298.0,309.0,1393,55.9,79,Healthy
M24070,M,297.9,309.0,2456,13.9,82,Medium
M24071,M,298.0,309.0,1409,49.1,85,Medium
L56392,L,298.0,308.9,1390,53.9,88,Medium
L56393,L,298.0,309.0,1679,32.4,90,Medium
L56394,L,298.0,308.9,1508,37.1,92,Medium
L56395,L,297.9,308.8,1681,31.7,94,Medium
H38630,H,297.7,308.8,1469,43.7,96,Medium
L56397,L,297.8,308.8,1421,49.6,101,Medium
L56398,L,297.7,308.8,1354,50.2,103,Medium
M24079,M,297.7,308.8,1350,57.0,105,Medium
L56400,L,297.8,308.9,1282,58.1,108,Medium
M24081,M,297.8,309.0,1675,30.0,110,Medium
M24082,M,297.9,309.0,1525,38.5,113,Medium
L56403,L,297.9,309.0,1382,43.9,116,Medium
L56404,L,297.9,309.0,1450,46.8,118,Medium
L56405,L,298.0,309.1,1820,23.6,120,Medium
L56406,L,298.0,309.1,1822,23.5,122,Medium
L56407,L,298.0,309.1,1473,44.3,124,Medium
M24088,M,298.1,309.1,1572,37.5,126,Medium
M24089,M,298.1,309.0,2042,17.8,129,Medium
L56410,L,298.2,309.2,1922,22.6,132,Medium
L56411,L,298.2,309.1,1539,36.5,134,Medium
L56412,L,298.2,309.1,1350,52.0,136,Medium
L56413,L,298.3,309.1,1403,45.1,138,Medium
L56414,L,298.3,309.1,1904,20.3,140,Medium
M24095,M,298.2,308.9,1592,35.2,142,Medium
L56416,L,298.1,308.7,1556,31.6,145,Medium
M24097,M,298.1,308.8,1811,25.4,147,Medium
M24098,M,298.2,308.8,1456,41.2,150,Medium
H38653,H,298.2,308.8,1436,51.9,153,Medium
M24100,M,298.1,308.7,1362,49.6,158,Medium
L56421,L,298.1,308.7,1683,29.1,161,Medium
M24102,M,298.2,308.7,1269,60.9,163,Medium
L56423,L,298.3,308.8,1454,49.0,166,Medium
L56424,L,298.3,308.8,1767,27.3,168,Medium
L56425,L,298.3,308.9,1708,27.3,170,Medium
L56426,L,298.3,308.9,1862,27.0,172,Medium
L56427,L,298.3,308.9,1695,30.7,174,Medium
M24108,M,298.3,309.1,1488,40.6,176,Medium
L56429,L,298.3,309.0,1657,32.2,179,Medium
H38664,H,298.3,309.0,1823,25.9,181,Critical
M24111,M,298.2,309.1,1651,28.8,186,Critical
M24112,M,298.1,309.0,1533,36.1,189,Critical
M24113,M,298.2,309.0,1508,40.5,192,Critical
L56434,L,298.3,309.1,1616,31.1,195,Critical
L56435,L,298.2,309.0,1651,31.5,197,Critical
L56436,L,298.2,309.1,1569,35.2,199,Critical
M24117,M,298.3,309.1,1296,58.7,201,Critical
H38672,H,298.3,309.0,1379,43.2,0,Healthy
M24119,M,298.2,309.0,1694,28.0,5,Healthy
L56440,L,298.2,309.0,1377,57.8,8,Healthy
H38675,H,298.3,309.0,1470,38.4,10,Healthy
M24122,M,298.3,309.1,1404,47.0,15,Healthy
L56443,L,298.3,309.1,1593,40.1,18,Healthy
M24124,M,298.3,309.0,1526,36.9,20,Healthy
M24125,M,298.3,308.9,1390,49.7,23,Healthy
L56446,L,298.2,308.9,1737,25.5,26,Healthy
L56447,L,298.2,308.8,1362,57.3,28,Healthy
L56448,L,298.2,308.8,1666,31.5,30,Healthy
L56449,L,298.2,308.8,1354,60.9,32,Healthy
L56450,L,298.2,308.8,1302,60.4,34,Healthy
L56451,L,298.2,308.7,1991,20.5,36,Healthy
L56452,L,298.2,308.6,1353,54.1,38,Healthy
H38687,H,298.2,308.7,1520,35.7,40,Healthy
L56454,L,298.2,308.7,1428,54.9,45,Healthy
L56455,L,298.2,308.7,1605,29.4,47,Healthy
L56456,L,298.1,308.7,1691,30.3,49,Healthy
L56457,L,298.2,308.7,1447,48.4,51,Healthy
H38692,H,298.2,308.8,1606,39.9,53,Healthy
M24139,M,298.2,308.8,1645,28.2,58,Healthy
H38694,H,298.2,308.8,1470,43.3,61,Healthy
L56461,L,298.2,308.9,1336,45.0,66,Healthy
M24142,M,298.2,308.9,1414,44.3,68,Healthy
M24143,M,298.3,309.0,1802,27.5,71,Healthy
L56464,L,298.2,308.9,1683,31.7,74,Healthy
M24145,M,298.2,309.0,1410,47.6,76,Healthy
L56466,L,298.2,308.9,1605,32.0,79,Healthy
L56467,L,298.2,308.9,1709,28.1,81,Medium
L56468,L,298.2,308.9,1444,53.1,83,Medium
L56469,L,298.2,308.9,1367,45.0,85,Medium
L56470,L,298.2,309.0,1418,44.2,87,Medium
L56471,L,298.2,309.0,1353,57.8,89,Medium
L56472,L,298.2,309.0,1643,34.1,91,Medium
L56473,L,298.3,309.1,1437,38.0,93,Medium
L56474,L,298.1,309.0,1437,36.2,95,Medium
M24155,M,298.2,309.0,1413,47.9,97,Medium
H38710,H,298.2,309.0,1524,39.1,100,Medium
M24157,M,298.1,308.9,1479,43.4,105,Medium
L56478,L,298.1,308.9,1313,50.6,108,Medium
M24159,M,298.1,308.9,1335,50.4,110,Medium
L56480,L,298.1,308.9,1367,41.9,113,Medium
M24161,M,298.1,308.9,1459,50.3,115,Medium
M24162,M,298.1,308.9,1804,25.1,118,Medium
L56483,L,298.2,309.0,1491,38.3,121,Medium
L56484,L,298.3,309.1,1537,43.0,123,Medium
H38719,H,298.3,309.1,1646,30.2,125,Medium
M24166,M,298.3,309.2,1783,28.3,130,Medium
L56487,L,298.3,309.1,1395,49.8,133,Medium
L56488,L,298.4,309.1,1423,48.0,135,Medium
L56489,L,298.3,309.2,1562,37.6,137,Medium
L56490,L,298.4,309.3,1549,40.8,139,Medium
L56491,L,298.4,309.4,1540,43.2,141,Medium
H38726,H,298.5,309.4,1573,33.6,143,Medium
L56493,L,298.5,309.4,1418,45.1,148,Medium
M24174,M,298.5,309.4,1565,33.7,150,Medium
L56495,L,298.5,309.5,1569,41.0,153,Medium
H38730,H,298.5,309.4,1417,41.2,155,Medium
L56497,L,298.5,309.5,1480,38.1,160,Medium
L56498,L,298.5,309.4,1364,44.5,162,Medium
L56499,L,298.5,309.4,1911,21.5,164,Medium
L56500,L,298.4,309.3,1409,43.1,166,Medium
L56501,L,298.4,309.2,1335,53.5,168,Medium
M24182,M,298.5,309.3,1512,38.1,170,Medium
L56503,L,298.6,309.4,1447,40.2,173,Medium
L56504,L,298.6,309.3,1537,37.6,175,Medium
M24185,M,298.6,309.3,1510,40.8,177,Medium
L56506,L,298.6,309.3,1677,31.2,180,Critical
L56507,L,298.5,309.2,1504,33.7,182,Critical
H38742,H,298.5,309.1,2051,19.0,184,Critical
L56509,L,298.5,309.1,1474,41.3,189,Critical
M24190,M,298.4,309.0,1507,36.1,191,Critical
L56511,L,298.4,308.9,1496,37.9,194,Critical
M24192,M,298.5,309.0,1921,22.0,196,Critical
L56513,L,298.5,309.0,1450,40.5,199,Critical
L56514,L,298.4,308.9,1402,44.8,201,Critical
L56515,L,298.4,308.9,1501,50.0,203,Critical
L56516,L,298.5,308.9,1725,31.9,205,Critical
H38751,H,298.5,308.9,1500,40.3,207,Critical
H38752,H,298.5,309.0,1531,30.8,212,Critical
L56519,L,298.5,309.0,1458,44.8,217,Critical
H38754,H,298.4,308.9,1577,37.1,0,Healthy
M24201,M,298.3,308.9,1363,46.1,5,Healthy
H38756,H,298.3,308.9,1706,31.8,8,Healthy
M24203,M,298.3,308.8,1391,50.4,13,Healthy
L56524,L,298.2,308.8,1616,33.7,16,Healthy
L56525,L,298.2,308.8,1442,47.0,18,Healthy
M24206,M,298.2,308.8,1626,40.4,20,Healthy
M24207,M,298.2,308.7,1426,42.6,23,Healthy
L56528,L,298.2,308.7,1436,49.1,26,Healthy
M24209,M,298.2,308.7,1599,36.2,28,Healthy
L56530,L,298.2,308.7,2186,17.8,31,Healthy
L56531,L,298.3,308.8,1645,30.4,33,Healthy
L56532,L,298.2,308.7,1780,27.9,35,Healthy
L56533,L,298.2,308.8,1345,44.3,37,Healthy
M24214,M,298.2,308.8,1607,31.9,39,Healthy
L56535,L,298.3,308.9,1708,28.0,42,Healthy
L56536,L,298.3,308.9,1270,52.7,44,Healthy
M24217,M,298.3,308.9,1646,25.4,46,Healthy
L56538,L,298.2,308.7,1407,45.1,49,Healthy
M24219,M,298.1,308.7,1581,47.4,51,Healthy
L56540,L,298.0,308.6,1532,42.6,54,Healthy
L56541,L,298.0,308.6,1610,33.1,56,Healthy
M24222,M,298.0,308.5,1682,33.0,58,Healthy
L56543,L,297.9,308.5,1519,34.3,61,Healthy
L56544,L,297.9,308.5,1683,28.5,63,Healthy
M24225,M,298.0,308.6,1254,55.8,65,Healthy
L56546,L,298.0,308.5,1461,48.0,68,Healthy
L56547,L,297.9,308.5,1472,45.1,70,Healthy
L56548,L,297.7,308.4,1510,38.6,72,Healthy
M24229,M,297.7,308.3,1547,36.8,74,Healthy
H38784,H,297.7,308.4,1418,51.9,77,Healthy
L56551,L,297.7,308.4,1289,51.3,82,Medium
L56552,L,297.7,308.4,1487,41.4,84,Medium
L56553,L,297.7,308.5,1453,45.5,86,Medium
M24234,M,297.8,308.5,1466,44.7,88,Medium
H38789,H,297.7,308.4,1288,49.5,91,Medium
H38790,H,297.7,308.4,1738,27.7,96,Medium
H38791,H,297.7,308.3,1488,41.0,101,Medium
L56558,L,297.6,308.3,1816,28.8,106,Medium
L56559,L,297.5,308.2,1419,48.5,108,Medium
L56560,L,297.4,308.1,1435,45.7,110,Medium
M24241,M,297.5,308.1,1480,42.4,112,Medium
L56562,L,297.5,308.2,1610,33.6,115,Medium
H38797,H,297.5,308.1,1548,38.2,117,Medium
M24244,M,297.6,308.1,1379,57.4,122,Medium
M24245,M,297.5,308.1,1907,23.5,125,Medium
M24246,M,297.5,308.0,2033,16.7,128,Medium
H38801,H,297.4,307.9,1390,52.0,131,Medium
M24248,M,297.5,307.9,1544,37.9,136,Medium
L56569,L,297.6,308.0,1258,57.4,139,Medium
M24250,M,297.5,308.0,1560,39.0,141,Medium
H38805,H,297.6,308.2,2071,18.5,144,Medium
L56572,L,297.6,308.1,1437,46.3,149,Medium
H38807,H,297.7,308.2,1489,43.0,151,Medium
L56574,L,297.7,308.2,1334,53.0,156,Medium
L56575,L,297.7,308.2,1500,39.9,158,Medium
L56576,L,297.8,308.3,1498,47.3,160,Medium
M24257,M,297.7,308.2,1370,53.4,162,Medium
H38812,H,297.7,308.2,1526,40.1,165,Medium
L56579,L,297.8,308.3,1477,44.8,170,Medium
L56580,L,297.7,308.2,1446,43.9,172,Medium
M24261,M,297.7,308.2,1720,25.6,174,Medium
L56582,L,297.7,308.1,1734,30.7,177,Medium
L56583,L,297.7,308.1,1697,29.1,179,Medium
L56584,L,297.7,308.2,2007,19.3,181,Critical
M24265,M,297.7,308.1,1469,48.8,183,Critical
M24266,M,297.7,308.1,2189,15.6,186,Critical
L56587,L,297.8,308.3,1435,50.1,189,Critical
H38822,H,297.9,308.4,1637,34.5,191,Critical
L56589,L,298.0,308.5,1664,28.3,196,Critical
M24270,M,298.0,308.5,1666,31.0,198,Critical
L56591,L,298.0,308.5,1404,46.6,201,Critical
L56592,L,298.0,308.5,1702,26.7,203,Critical
L56593,L,298.1,308.6,1439,44.9,205,Critical
L56594,L,298.1,308.6,1354,53.9,207,Critical
M24275,M,298.2,308.7,1361,44.2,0,Healthy
M24276,M,298.1,308.5,1463,45.9,3,Healthy
H38831,H,298.1,308.4,1515,43.8,6,Healthy
L56598,L,298.0,308.4,1432,46.2,11,Healthy
L56599,L,298.0,308.4,1911,22.0,13,Healthy
L56600,L,298.0,308.4,1472,42.0,15,Healthy
M24281,M,298.1,308.5,1382,54.5,17,Healthy
L56602,L,298.1,308.5,1665,29.6,20,Healthy
L56603,L,298.1,308.5,1676,30.5,22,Healthy
M24284,M,298.0,308.5,1585,33.0,24,Healthy
M24285,M,298.1,308.6,1415,46.3,27,Healthy
L56606,L,298.1,308.7,1341,55.7,30,Healthy
L56607,L,298.2,308.8,1540,34.8,32,Healthy
H38842,H,298.2,308.8,1837,28.4,34,Healthy
L56609,L,298.2,308.8,1498,36.0,39,Healthy
L56610,L,298.1,308.7,1671,28.8,41,Healthy
L56611,L,298.0,308.6,1430,57.0,43,Healthy
L56612,L,298.0,308.7,1619,40.1,45,Healthy
M24293,M,298.0,308.7,1430,51.9,47,Healthy
L56614,L,298.0,308.6,1626,33.3,50,Healthy
L56615,L,298.0,308.7,1443,49.3,52,Healthy
L56616,L,298.0,308.6,1481,42.5,54,Healthy
M24297,M,298.1,308.7,1527,43.0,56,Healthy
M24298,M,298.1,308.7,1315,56.8,59,Healthy
M24299,M,298.1,308.8,1433,48.2,62,Healthy
M24300,M,298.1,308.8,1378,53.5,65,Healthy
L56621,L,298.1,308.8,1432,43.4,68,Healthy
M24302,M,298.1,308.8,1394,47.9,70,Healthy
H38857,H,298.0,308.8,1411,53.8,73,Healthy
L56624,L,298.1,308.9,2136,15.9,78,Healthy
M24305,M,298.2,309.0,1446,45.8,80,Medium
H38860,H,298.1,308.9,1388,53.5,83,Medium
M24307,M,298.1,308.9,1323,51.7,88,Medium
L56628,L,298.2,309.0,1780,29.3,91,Medium
M24309,M,298.1,308.8,1434,41.8,93,Medium
M24310,M,298.0,308.7,1494,42.6,96,Medium
H38865,H,298.0,308.7,1536,39.6,99,Medium
M24312,M,298.0,308.7,1392,53.4,104,Medium
H38867,H,298.2,309.0,1360,56.8,107,Medium
L56634,L,298.4,309.2,1583,35.4,112,Medium
L56635,L,298.5,309.2,1983,20.2,114,Medium
L56636,L,298.5,309.3,1630,33.3,116,Medium
M24317,M,298.5,309.3,1692,26.7,118,Medium
L56638,L,298.4,309.1,1417,40.6,121,Medium
L56639,L,298.4,309.1,1579,36.1,123,Medium
M24320,M,298.4,309.2,1399,45.2,125,Medium
M24321,M,298.4,309.2,1414,46.4,128,Medium
L56642,L,298.5,309.3,1570,40.1,131,Medium
M24323,M,298.5,309.3,1552,36.8,133,Medium
L56644,L,298.6,309.4,1440,48.2,136,Medium
M24325,M,298.6,309.4,1460,43.8,138,Medium
L56646,L,298.6,309.4,1471,48.0,141,Medium
L56647,L,298.6,309.3,1702,27.6,143,Medium
L56648,L,298.6,309.4,1375,55.4,145,Medium
L56649,L,298.6,309.4,1698,33.2,147,Medium
H38884,H,298.6,309.4,1439,47.1,149,Medium
M24331,M,298.6,309.4,1774,27.5,154,Medium
M24332,M,298.7,309.4,1375,48.3,157,Medium
L56653,L,298.7,309.5,1446,40.0,160,Medium
M24334,M,298.7,309.6,1455,46.8,162,Medium
L56655,L,298.8,309.6,1523,41.9,165,Medium
M24336,M,298.8,309.6,1692,31.9,167,Medium
M24337,M,298.8,309.6,1693,33.3,170,Medium
L56658,L,298.8,309.6,1890,24.0,173,Medium
H38893,H,298.9,309.6,1600,33.5,175,Medium
M24340,M,298.9,309.6,1434,43.8,180,Critical
L56661,L,298.9,309.6,1365,50.9,183,Critical
H38896,H,298.8,309.6,1309,57.4,185,Critical
H38897,H,298.9,309.6,1546,35.3,190,Critical
L56664,L,298.9,309.6,1663,33.7,195,Critical
L56665,L,298.9,309.6,1589,34.2,197,Critical
M24346,M,298.9,309.6,1472,46.0,199,Critical
L56667,L,298.9,309.6,1583,39.8,202,Critical
M24348,M,298.9,309.6,1567,34.5,204,Critical
L56669,L,298.9,309.7,1407,41.9,207,Critical
M24350,M,299.0,309.7,1418,44.7,209,Critical
M24351,M,299.0,309.7,1489,40.7,212,Critical
L56672,L,299.1,309.9,1586,36.6,215,Critical
L56673,L,299.1,309.8,1398,55.4,217,Critical
L56674,L,299.2,309.9,1516,41.4,219,Critical
H38909,H,299.3,310.0,1373,44.8,221,Critical
M24356,M,299.2,310.0,1349,50.4,226,Critical
H38911,H,299.1,309.9,1443,40.3,0,Healthy
H38912,H,299.2,310.1,1542,36.1,5,Healthy
L56679,L,299.2,310.1,1534,37.7,10,Healthy
L56680,L,299.2,310.2,1697,30.6,12,Healthy
L56681,L,299.3,310.3,1396,47.4,14,Healthy
L56682,L,299.3,310.2,1495,49.2,16,Healthy
M24363,M,299.2,310.3,1551,44.8,18,Healthy
L56684,L,299.2,310.3,1440,47.0,21,Healthy
L56685,L,299.2,310.3,1429,40.1,23,Healthy
H38920,H,299.3,310.4,1548,41.6,25,Healthy
L56687,L,299.3,310.5,1505,38.8,30,Healthy
L56688,L,299.2,310.4,1611,36.4,32,Healthy
M24369,M,299.2,310.4,1502,39.8,34,Healthy
M24370,M,299.2,310.4,1504,43.3,37,Healthy
L56691,L,299.1,310.3,1449,40.7,40,Healthy
L56692,L,299.0,310.2,1575,37.8,42,Healthy
M24373,M,299.0,310.2,1598,33.4,44,Healthy
L56694,L,299.0,310.1,1416,45.9,47,Healthy
L56695,L,299.0,310.2,1682,28.8,49,Healthy
L56696,L,298.9,310.1,1341,54.5,51,Healthy
L56697,L,298.9,310.1,1523,39.1,53,Healthy
L56698,L,299.0,310.1,1580,41.9,55,Healthy
L56699,L,299.0,310.1,1531,36.0,57,Healthy
L56700,L,299.0,310.1,1375,48.9,59,Healthy
M24381,M,298.9,310.1,1484,40.4,61,Healthy
M24382,M,299.0,310.2,1657,32.3,64,Healthy
L56703,L,299.0,310.2,1494,40.6,67,Healthy
H38938,H,299.0,310.3,1658,27.6,69,Healthy
L56705,L,299.1,310.3,1411,42.1,74,Healthy
M24386,M,299.2,310.4,1395,55.4,76,Healthy
L56707,L,299.1,310.4,1550,43.9,79,Healthy
M24388,M,299.1,310.3,1233,59.0,81,Medium
L56709,L,299.1,310.3,1459,46.7,84,Medium
H38944,H,299.1,310.4,1405,53.6,86,Medium
L56711,L,299.2,310.5,1458,44.1,91,Medium
L56712,L,299.2,310.5,1384,48.7,93,Medium
L56713,L,299.2,310.5,1705,29.5,95,Medium
L56714,L,299.3,310.6,1443,45.7,97,Medium
M24395,M,299.3,310.6,1609,31.4,99,Medium
L56716,L,299.3,310.5,1818,26.0,102,Medium
M24397,M,299.3,310.6,1457,42.1,104,Medium
L56718,L,299.3,310.6,1480,45.1,107,Medium
L56719,L,299.4,310.8,1424,47.7,109,Medium
M24400,M,299.4,310.8,1628,40.2,111,Medium
M24401,M,299.5,310.8,1754,31.3,114,Medium
L56722,L,299.6,310.9,1716,28.5,117,Medium
M24403,M,299.5,310.9,1378,48.7,119,Medium
L56724,L,299.6,311.0,1708,31.0,122,Medium
L56725,L,299.6,311.0,1430,38.3,124,Medium
M24406,M,299.7,311.2,1560,43.9,126,Medium
L56727,L,299.6,311.1,1679,30.7,129,Medium
L56728,L,299.6,311.1,1521,37.2,131,Medium
M24409,M,299.6,311.1,1649,33.8,133,Medium
M24410,M,299.5,311.0,1451,43.3,136,Medium
L56731,L,299.4,310.8,1391,48.9,139,Medium
M24412,M,299.3,310.8,1523,40.9,141,Medium
L56733,L,299.3,310.7,1495,39.2,144,Medium
M24414,M,299.3,310.7,1440,45.5,146,Medium
H38969,H,299.4,310.8,1585,31.4,149,Medium
L56736,L,299.5,310.8,1374,48.3,154,Medium
M24417,M,299.5,310.8,1507,40.2,156,Medium
M24418,M,299.5,310.9,1577,34.6,159,Medium
L56739,L,299.5,310.9,1496,38.5,162,Medium
L56740,L,299.6,310.9,1487,42.5,164,Medium
L56741,L,299.6,310.9,1853,26.3,166,Medium
M24422,M,299.7,311.0,1435,50.1,168,Medium
M24423,M,299.8,311.1,1763,25.5,171,Medium
L56744,L,299.8,311.1,1820,24.9,174,Medium
M24425,M,299.8,311.1,1498,38.1,176,Medium
L56746,L,299.8,311.1,1603,35.1,179,Medium
L56747,L,299.8,311.1,1412,42.5,181,Critical
L56748,L,299.8,311.1,1588,38.0,183,Critical
M24429,M,299.8,311.0,1948,20.0,185,Critical
L56750,L,299.7,310.9,1384,48.2,188,Critical
L56751,L,299.7,310.8,1589,36.0,190,Critical
M24432,M,299.7,310.8,1405,47.6,192,Critical
L56753,L,299.7,310.9,1491,40.1,195,Critical
H38988,H,299.7,310.8,1418,46.6,197,Critical
M24435,M,299.6,310.8,1603,35.4,202,Critical
L56756,L,299.6,310.7,1922,23.3,205,Critical
M24437,M,299.5,310.7,1364,49.5,0,Healthy
L56758,L,299.4,310.7,1551,41.2,3,Healthy
L56759,L,299.5,310.7,1589,33.5,5,Healthy
M24440,M,299.5,310.7,1423,56.5,7,Healthy
L56761,L,299.4,310.6,1418,53.1,10,Healthy
M24442,M,299.3,310.5,1404,47.5,12,Healthy
L56763,L,299.3,310.5,1281,59.8,15,Healthy
L56764,L,299.3,310.5,1529,41.3,17,Healthy
M24445,M,299.3,310.5,1563,42.1,19,Healthy
L56766,L,299.4,310.6,1348,54.5,22,Healthy
M24447,M,299.3,310.5,1462,40.5,24,Healthy
H39002,H,299.3,310.4,1510,45.5,27,Healthy
L56769,L,299.2,310.4,1472,43.3,32,Healthy
M24450,M,299.2,310.4,1325,52.0,34,Healthy
L56771,L,299.2,310.4,1570,37.3,37,Healthy
L56772,L,299.2,310.4,1379,46.8,39,Healthy
L56773,L,299.1,310.2,1352,52.8,41,Healthy
L56774,L,299.1,310.3,1727,28.7,43,Healthy
H39009,H,299.0,310.1,1432,50.0,45,Healthy
L56776,L,298.9,310.1,1466,43.4,50,Healthy
L56777,L,298.9,310.1,1510,38.0,52,Healthy
L56778,L,299.0,310.2,1490,41.1,54,Healthy
L56779,L,299.0,310.1,1463,37.4,56,Healthy
M24460,M,298.9,310.0,1561,45.3,58,Healthy
L56781,L,298.9,310.1,2109,18.0,61,Healthy
L56782,L,298.9,310.2,1705,32.5,63,Healthy
M24463,M,298.9,310.1,1549,40.2,65,Healthy
H39018,H,299.0,310.2,1637,38.0,68,Healthy
M24465,M,298.9,310.1,1484,37.9,73,Healthy
L56786,L,298.9,310.1,1401,44.4,76,Healthy
L56787,L,298.9,310.1,1571,36.8,78,Healthy
M24468,M,298.9,310.1,1513,41.5,80,Medium
L56789,L,299.0,310.1,1470,40.3,83,Medium
L56790,L,299.0,310.1,1505,41.3,85,Medium
L56791,L,299.0,310.2,1432,42.2,87,Medium
M24472,M,299.0,310.2,1625,31.8,89,Medium
L56793,L,299.0,310.2,1377,62.5,92,Critical
M24474,M,299.1,310.3,1441,43.9,94,Medium
M24475,M,299.0,310.2,1564,39.9,97,Medium
L56796,L,298.9,310.1,1580,37.3,100,Medium
L56797,L,299.0,310.2,1516,35.3,102,Medium
L56798,L,299.0,310.1,1447,42.8,104,Medium
M24479,M,298.9,310.0,1323,52.9,106,Medium
L56800,L,298.9,310.0,1470,45.9,109,Medium
M24481,M,299.0,310.0,2049,19.5,111,Medium
L56802,L,298.9,310.0,1794,27.2,114,Medium
L56803,L,298.9,310.1,1356,47.8,116,Medium
H39038,H,299.0,310.1,1555,38.6,118,Medium
M24485,M,299.0,310.1,1487,47.5,123,Medium
M24486,M,299.0,310.0,1341,58.9,126,Medium
M24487,M,298.9,310.0,1487,36.6,129,Medium
H39042,H,299.0,310.0,1569,34.3,132,Medium
H39043,H,299.0,310.1,2053,19.7,137,Medium
L56810,L,299.0,310.1,1583,35.8,142,Medium
L56811,L,299.0,310.0,1672,33.2,144,Medium
M24492,M,299.0,310.0,1337,57.4,146,Medium
H39047,H,299.1,310.1,1421,41.2,149,Medium
L56814,L,299.1,310.2,1425,52.7,154,Medium
L56815,L,299.2,310.2,1609,33.2,156,Medium
L56816,L,299.2,310.3,1507,41.3,158,Medium
L56817,L,299.2,310.3,1463,38.9,160,Medium
H39052,H,299.3,310.4,1393,44.9,162,Medium
L56819,L,299.3,310.4,1725,26.8,167,Medium
L56820,L,299.4,310.5,1514,36.1,169,Medium
L56821,L,299.3,310.4,1365,53.9,171,Medium
L56822,L,299.4,310.5,1372,46.3,173,Medium
L56823,L,299.4,310.4,1509,40.6,175,Medium
L56824,L,299.3,310.4,1629,32.6,177,Medium
L56825,L,299.4,310.5,1749,28.1,179,Medium
L56826,L,299.4,310.4,1582,31.7,181,Critical
L56827,L,299.2,310.2,1458,47.0,183,Critical
L56828,L,299.1,310.1,1416,41.2,185,Critical
H39063,H,299.1,310.0,1657,33.1,187,Critical
M24510,M,299.1,310.0,1437,41.1,192,Critical
M24511,M,299.1,310.0,1580,36.0,195,Critical
M24512,M,299.0,310.0,1488,46.3,198,Critical
L56833,L,299.0,309.9,1373,55.7,201,Critical
L56834,L,299.1,310.0,1367,56.3,203,Critical
H39069,H,299.1,310.0,1431,49.5,205,Critical
L56836,L,299.0,310.1,1623,33.0,210,Critical
L56837,L,299.0,310.0,1484,39.6,212,Critical
L56838,L,299.0,309.9,1548,34.5,214,Critical
L56839,L,298.9,309.8,1287,61.9,216,Critical
M24520,M,298.9,309.8,1392,43.1,218,Critical
H39075,H,299.0,310.0,1458,44.9,221,Critical
M24522,M,299.1,310.1,1570,30.9,226,Critical
L56843,L,299.1,310.1,1435,48.8,229,Critical
L56844,L,299.1,310.2,1317,54.8,231,Critical
L56845,L,299.2,310.3,1610,33.3,233,Critical
M24526,M,299.1,310.3,1838,24.0,235,Critical
L56847,L,299.2,310.3,1352,48.9,238,Critical
L56848,L,299.1,310.3,1619,35.2,240,Critical
L56849,L,299.1,310.3,1619,31.1,242,Critical
L56850,L,299.0,310.2,1690,30.7,244,Critical
L56851,L,299.0,310.2,1412,44.1,246,Critical
H39086,H,299.0,310.2,1744,31.5,0,Healthy
M24533,M,299.0,310.1,1593,35.4,5,Healthy
L56854,L,299.1,310.2,1695,29.6,8,Healthy
M24535,M,299.0,310.2,1298,57.2,10,Healthy
L56856,L,299.0,310.1,1886,21.2,13,Healthy
L56857,L,299.0,310.1,2033,19.3,15,Healthy
M24538,M,299.1,310.2,1711,28.1,17,Healthy
L56859,L,299.1,310.2,1598,33.4,20,Healthy
L56860,L,299.1,310.1,1894,24.2,22,Healthy
M24541,M,299.1,310.1,1412,44.4,24,Healthy
L56862,L,299.1,310.0,1394,46.6,27,Healthy
M24543,M,299.0,310.0,1338,56.4,29,Healthy
H39098,H,298.9,309.9,1376,51.0,32,Healthy
L56865,L,299.0,310.0,1360,48.1,37,Healthy
L56866,L,299.1,310.1,1486,40.7,39,Healthy
M24547,M,299.1,310.1,1649,31.6,41,Healthy
L56868,L,299.1,310.1,1367,45.6,44,Healthy
L56869,L,299.0,310.1,1362,59.5,46,Healthy
M24550,M,298.9,310.0,1520,35.6,48,Healthy
L56871,L,299.0,310.0,1582,31.9,51,Healthy
M24552,M,299.0,310.0,1667,30.0,53,Healthy
L56873,L,298.9,310.0,1693,28.8,56,Healthy
L56874,L,298.9,310.0,1559,33.4,58,Healthy
L56875,L,298.9,309.9,1592,32.0,60,Healthy
L56876,L,298.9,309.9,1404,39.8,62,Healthy
M24557,M,298.8,309.8,1413,45.5,64,Healthy
L56878,L,298.8,309.8,1663,28.2,67,Healthy
L56879,L,298.8,309.8,1508,36.3,69,Healthy
M24560,M,298.9,309.8,1353,53.7,71,Healthy
L56881,L,298.8,309.8,1485,42.4,74,Healthy
L56882,L,298.9,310.0,1633,31.2,76,Healthy
L56883,L,298.9,310.0,1422,43.6,78,Healthy
L56884,L,298.9,310.1,1577,41.4,80,Medium
L56885,L,298.9,310.0,1482,41.1,82,Medium
M24566,M,299.0,310.1,1705,30.1,84,Medium
L56887,L,299.0,310.1,1699,32.9,87,Medium
L56888,L,299.0,310.1,1664,29.7,89,Medium
M24569,M,299.0,310.0,1486,34.6,91,Medium
L56890,L,299.1,310.1,1336,61.3,94,Medium
H39125,H,299.1,310.1,1429,42.9,96,Medium
M24572,M,299.1,310.2,1456,48.4,101,Medium
L56893,L,299.1,310.2,1496,45.0,104,Medium
L56894,L,299.1,310.1,1894,20.1,106,Medium
L56895,L,299.1,310.1,1373,55.6,108,Medium
H39130,H,299.0,310.0,1387,45.2,110,Medium
L56897,L,298.9,309.9,1500,44.2,115,Medium
L56898,L,298.9,309.9,1517,36.6,117,Medium
L56899,L,298.9,309.9,1309,56.2,119,Medium
M24580,M,298.9,309.9,1357,54.5,121,Medium
L56901,L,298.8,309.8,1490,40.6,124,Medium
H39136,H,298.8,309.8,1911,21.6,126,Medium
L56903,L,298.8,309.8,1599,33.6,131,Medium
M24584,M,298.8,309.7,2098,19.0,133,Medium
M24585,M,298.7,309.7,1629,27.9,136,Medium
L56906,L,298.8,309.8,1557,37.2,139,Medium
L56907,L,298.8,309.8,1461,39.4,141,Medium
L56908,L,298.8,309.8,1563,33.7,143,Medium
L56909,L,298.7,309.8,1695,29.0,145,Medium
L56910,L,298.8,310.0,1528,36.7,147,Medium
L56911,L,298.8,310.0,1389,49.6,149,Medium
L56912,L,298.9,310.0,2231,17.4,151,Medium
M24593,M,298.9,310.1,1442,42.9,153,Medium
H39148,H,298.9,310.1,1458,44.3,156,Medium
L56915,L,299.0,310.1,1444,47.7,161,Medium
M24596,M,298.9,310.0,1348,58.2,163,Medium
L56917,L,298.9,310.0,1791,27.6,166,Medium
L56918,L,299.0,310.0,1509,38.0,168,Medium
L56919,L,298.9,310.0,1515,42.9,170,Medium
M24600,M,298.9,310.1,1655,31.5,172,Medium
L56921,L,298.9,310.1,1495,42.9,175,Medium
L56922,L,298.9,310.2,1623,37.2,177,Medium
L56923,L,298.9,310.2,1562,42.5,179,Medium
L56924,L,298.8,310.1,1574,36.2,181,Critical
L56925,L,298.8,310.0,1611,32.4,183,Critical
L56926,L,298.8,310.0,1403,45.6,185,Critical
L56927,L,298.8,310.1,1481,47.4,187,Critical
M24608,M,298.9,310.1,1441,41.2,189,Critical
H39163,H,298.8,310.1,1483,45.4,192,Critical
L56930,L,298.7,310.0,1555,32.6,197,Critical
L56931,L,298.6,309.9,1615,28.8,199,Critical
L56932,L,298.6,309.8,1561,32.6,201,Critical
L56933,L,298.5,309.8,1593,35.1,203,Critical
M24614,M,298.5,309.7,1552,34.0,205,Critical
H39169,H,298.5,309.7,1561,35.3,208,Critical
L56936,L,298.6,309.8,1597,35.9,213,Critical
M24617,M,298.6,309.9,1517,34.0,215,Critical
L56938,L,298.6,309.8,2271,16.2,218,Critical
L56939,L,298.5,309.7,1613,36.7,0,Healthy
M24620,M,298.5,309.6,1509,47.3,2,Healthy
L56941,L,298.6,309.7,1703,26.1,5,Healthy
L56942,L,298.6,309.7,1925,22.1,7,Healthy
M24623,M,298.6,309.6,1635,29.7,9,Healthy
L56944,L,298.5,309.5,1294,66.7,12,Critical
L56945,L,298.6,309.6,1472,39.1,14,Healthy
H39180,H,298.6,309.6,1449,42.5,16,Healthy
L56947,L,298.6,309.6,1563,35.0,21,Healthy
L56948,L,298.6,309.6,1611,35.7,23,Healthy
L56949,L,298.6,309.6,1386,48.6,25,Healthy
H39184,H,298.6,309.5,1584,31.8,27,Healthy
M24631,M,298.7,309.6,1424,50.4,32,Healthy
L56952,L,298.5,309.5,1561,34.8,35,Healthy
L56953,L,298.5,309.4,1560,37.9,37,Healthy
H39188,H,298.6,309.5,1375,41.0,39,Healthy
M24635,M,298.6,309.5,1684,27.8,44,Healthy
M24636,M,298.6,309.6,1397,54.1,47,Healthy
L56957,L,298.6,309.6,1387,57.6,50,Healthy
H39192,H,298.7,309.7,1311,54.5,52,Healthy
L56959,L,298.8,309.8,1509,36.2,57,Healthy
M24640,M,298.8,309.8,1477,46.7,59,Healthy
L56961,L,298.8,309.9,1441,41.6,62,Healthy
L56962,L,298.7,309.9,1404,47.1,64,Healthy
H39197,H,298.8,309.9,1466,44.6,66,Healthy
M24644,M,298.7,309.8,1435,48.8,71,Healthy
H39199,H,298.7,309.7,1697,29.8,74,Healthy
M24646,M,298.7,309.6,1738,27.3,79,Healthy
H39201,H,298.6,309.5,1420,50.4,82,Medium
M24648,M,298.5,309.5,1535,39.8,87,Medium
L56969,L,298.6,309.6,1715,28.4,90,Medium
L56970,L,298.6,309.5,1483,43.2,92,Medium
M24651,M,298.5,309.4,1521,37.5,94,Medium
H39206,H,298.5,309.4,1573,36.0,97,Medium
H39207,H,298.5,309.4,1414,46.7,102,Medium
L56974,L,298.5,309.3,1590,33.9,107,Medium
L56975,L,298.5,309.3,1623,33.1,109,Medium
H39210,H,298.4,309.3,1694,30.9,111,Medium
M24657,M,298.4,309.2,1597,33.5,116,Medium
L56978,L,298.5,309.3,1471,44.7,119,Medium
M24659,M,298.5,309.3,1551,34.7,121,Medium
H39214,H,298.5,309.3,1421,50.3,124,Medium
M24661,M,298.4,309.3,1496,45.6,129,Medium
H39216,H,298.4,309.3,1984,19.2,132,Medium
L56983,L,298.4,309.2,1692,29.8,137,Medium
L56984,L,298.4,309.1,1467,42.5,139,Medium
L56985,L,298.4,309.2,1651,28.5,141,Medium
L56986,L,298.3,309.1,1417,60.5,143,Medium
L56987,L,298.2,309.0,1413,55.0,145,Medium
M24668,M,298.2,309.0,1441,44.2,147,Medium
M24669,M,298.2,309.0,1353,50.3,150,Medium
L56990,L,298.1,309.0,1502,40.9,153,Medium
L56991,L,298.2,309.0,1610,31.7,155,Medium
M24672,M,298.2,309.1,1411,45.8,157,Medium
L56993,L,298.3,309.1,1387,52.3,160,Medium
H39228,H,298.3,309.1,1430,40.9,162,Medium
M24675,M,298.4,309.1,1576,38.8,167,Medium
M24676,M,298.5,309.2,1721,29.4,170,Medium
M24677,M,298.5,309.3,1465,42.4,173,Medium
M24678,M,298.6,309.4,1407,45.1,176,Medium
M24679,M,298.6,309.4,1464,36.9,179,Medium
M24680,M,298.6,309.5,1568,36.7,182,Critical
L57001,L,298.6,309.4,1667,35.6,185,Critical
L57002,L,298.5,309.4,1360,60.9,187,Critical
M24683,M,298.5,309.3,1488,43.7,189,Critical
L57004,L,298.4,309.3,1504,39.3,192,Critical
L57005,L,298.4,309.2,1610,32.4,194,Critical
L57006,L,298.4,309.2,1345,52.7,196,Critical
M24687,M,298.3,309.3,1376,57.0,198,Critical
L57008,L,298.4,309.4,1385,50.0,201,Critical
M24689,M,298.4,309.4,1429,41.8,203,Critical
L57010,L,298.3,309.3,1337,56.1,206,Critical
L57011,L,298.4,309.3,1542,35.4,208,Critical
L57012,L,298.4,309.2,2118,17.7,210,Critical
L57013,L,298.3,309.1,1386,45.3,212,Critical
M24694,M,298.3,309.1,1632,32.7,0,Healthy
L57015,L,298.4,309.3,1545,36.9,3,Healthy
M24696,M,298.4,309.3,1390,53.6,5,Healthy
M24697,M,298.4,309.3,1355,50.6,8,Healthy
L57018,L,298.4,309.2,1425,45.5,11,Healthy
M24699,M,298.4,309.2,1491,51.2,13,Healthy
H39254,H,298.3,309.2,1486,42.4,16,Healthy
M24701,M,298.3,309.2,1359,51.4,21,Healthy
L57022,L,298.4,309.3,1395,47.6,24,Healthy
L57023,L,298.3,309.2,1383,52.1,26,Healthy
H39258,H,298.3,309.1,1484,37.0,28,Healthy
L57025,L,298.3,309.1,1421,47.4,33,Healthy
L57026,L,298.3,309.0,1339,58.8,35,Healthy
L57027,L,298.4,309.1,1362,46.1,37,Healthy
H39262,H,298.5,309.2,1568,40.6,39,Healthy
L57029,L,298.6,309.4,2312,15.5,44,Healthy
M24710,M,298.5,309.3,1498,34.6,46,Healthy
M24711,M,298.5,309.3,1761,27.2,49,Healthy
L57032,L,298.6,309.4,1316,51.4,52,Healthy
L57033,L,298.6,309.4,1525,37.8,54,Healthy
H39268,H,298.6,309.4,1362,45.3,56,Healthy
L57035,L,298.7,309.6,1516,38.5,61,Healthy
L57036,L,298.6,309.5,1450,44.2,63,Healthy
M24717,M,298.6,309.5,1366,55.0,65,Healthy
L57038,L,298.5,309.5,1547,33.1,68,Healthy
M24719,M,298.6,309.5,1580,33.9,70,Healthy
H39274,H,298.7,309.6,1755,26.9,73,Healthy
M24721,M,298.7,309.6,1800,24.8,78,Healthy
M24722,M,298.8,309.7,1439,45.8,81,Medium
L57043,L,298.9,309.8,1411,56.3,84,Medium
M24724,M,298.9,309.9,1645,31.4,86,Medium
M24725,M,298.9,309.8,2450,13.9,89,Medium
L57046,L,299.0,309.9,1630,34.0,92,Medium
L57047,L,299.0,309.9,1411,44.7,94,Medium
L57048,L,298.9,309.9,1526,35.4,96,Medium
L57049,L,298.9,309.9,1590,31.3,98,Medium
H39284,H,299.0,309.9,1884,25.6,100,Medium
M24731,M,298.9,309.8,1947,21.7,105,Medium
L57052,L,298.9,309.9,1373,52.1,108,Medium
L57053,L,298.9,309.8,1616,36.5,110,Medium
M24734,M,298.9,309.9,1449,44.1,112,Medium
M24735,M,298.9,309.8,1363,50.6,115,Medium
H39290,H,298.8,309.7,1461,55.1,118,Medium
L57057,L,298.8,309.7,1374,58.6,123,Medium
L57058,L,298.7,309.7,1293,59.1,125,Medium
M24739,M,298.8,309.8,1490,38.6,127,Medium
L57060,L,298.8,309.8,1753,27.5,130,Medium
L57061,L,298.8,309.8,1493,38.5,132,Medium
L57062,L,298.8,309.8,1895,22.0,134,Medium
H39297,H,298.7,309.6,1654,34.3,136,Medium
L57064,L,298.7,309.5,1673,30.8,141,Medium
L57065,L,298.8,309.6,1613,27.7,143,Medium
L57066,L,298.8,309.6,1903,22.3,145,Medium
L57067,L,298.8,309.5,1368,44.7,147,Medium
M24748,M,298.8,309.6,1575,34.4,149,Medium
H39303,H,298.8,309.6,1516,40.2,152,Medium
L57070,L,298.8,309.5,1645,32.8,157,Medium
L57071,L,298.8,309.5,1374,48.1,159,Medium
H39306,H,298.9,309.7,1407,48.6,161,Medium
M24753,M,298.9,309.6,1284,55.3,166,Medium
L57074,L,298.9,309.5,1645,31.1,169,Medium
L57075,L,298.8,309.4,1387,54.1,171,Medium
M24756,M,298.8,309.3,1618,35.1,173,Medium
L57077,L,298.8,309.3,1357,47.1,176,Medium
L57078,L,298.7,309.2,1396,44.8,178,Medium
L57079,L,298.7,309.2,1586,31.4,180,Critical
H39314,H,298.7,309.2,1449,42.3,182,Critical
M24761,M,298.7,309.2,1423,48.9,187,Critical
H39316,H,298.7,309.3,1402,45.3,190,Critical
M24763,M,298.7,309.2,1437,45.7,195,Critical
L57084,L,298.6,309.1,1537,35.7,198,Critical
M24765,M,298.7,309.1,1423,49.5,200,Critical
M24766,M,298.6,309.1,1587,37.3,203,Critical
M24767,M,298.6,309.1,1487,43.2,206,Critical
L57088,L,298.6,309.0,1456,47.7,0,Healthy
L57089,L,298.7,309.1,1607,32.7,2,Healthy
L57090,L,298.6,309.0,1469,46.0,4,Healthy
M24771,M,298.6,309.0,1481,40.8,6,Healthy
L57092,L,298.6,308.9,1327,58.8,9,Healthy
L57093,L,298.5,308.8,1589,30.6,11,Healthy
L57094,L,298.5,308.8,1670,29.6,13,Healthy
M24775,M,298.5,308.7,1662,28.3,15,Healthy
M24776,M,298.5,308.8,1553,34.9,18,Healthy
M24777,M,298.5,308.8,1557,36.0,21,Healthy
L57098,L,298.4,308.8,1352,56.7,24,Healthy
L57099,L,298.5,308.8,1305,58.7,26,Healthy
H39334,H,298.5,308.7,1450,43.9,28,Healthy
M24781,M,298.5,308.7,1347,48.5,33,Healthy
H39336,H,298.6,308.8,1566,39.1,36,Healthy
M24783,M,298.5,308.7,1615,33.3,41,Healthy
M24784,M,298.5,308.6,1384,54.4,44,Healthy
M24785,M,298.5,308.7,1367,47.3,47,Healthy
M24786,M,298.5,308.6,1897,20.2,50,Healthy
L57107,L,298.5,308.6,1522,36.9,53,Healthy
M24788,M,298.4,308.5,1576,27.4,55,Healthy
H39343,H,298.4,308.4,1479,39.2,58,Healthy
L57110,L,298.3,308.3,1452,45.5,63,Healthy
L57111,L,298.3,308.3,1432,46.9,65,Healthy
L57112,L,298.3,308.2,1663,28.4,67,Healthy
L57113,L,298.3,308.3,1597,32.4,69,Healthy
L57114,L,298.3,308.2,1472,44.3,71,Healthy
L57115,L,298.4,308.3,1452,48.5,73,Healthy
H39350,H,298.3,308.2,1534,33.2,75,Healthy
L57117,L,298.3,308.1,1505,46.1,80,Medium
L57118,L,298.3,308.1,1528,33.9,82,Medium
H39353,H,298.3,308.1,2636,12.8,84,Medium
M24800,M,298.3,308.1,1722,28.6,89,Medium
L57121,L,298.4,308.1,1395,44.0,92,Medium
L57122,L,298.4,308.1,1375,50.8,94,Medium
M24803,M,298.3,308.0,1766,26.0,96,Medium
L57124,L,298.3,307.9,1399,47.8,99,Medium
L57125,L,298.3,308.0,1578,37.8,101,Medium
L57126,L,298.3,307.9,1502,42.0,103,Medium
M24807,M,298.2,307.9,1529,36.6,105,Medium
L57128,L,298.2,307.8,1804,25.1,108,Medium
M24809,M,298.2,307.8,1411,53.4,110,Medium
L57130,L,298.1,307.8,1413,54.1,113,Medium
L57131,L,298.2,307.8,1355,59.4,115,Medium
L57132,L,298.2,307.8,1429,46.9,117,Medium
L57133,L,298.1,307.8,1565,35.3,119,Medium
M24814,M,298.1,307.9,1446,42.8,121,Medium
M24815,M,298.2,307.9,1462,38.8,124,Medium
M24816,M,298.2,307.8,1578,34.5,127,Medium
L57137,L,298.1,307.8,1606,33.0,130,Medium
M24818,M,298.1,307.8,1525,35.9,132,Medium
L57139,L,298.1,307.8,1379,49.1,135,Medium
L57140,L,298.2,307.8,1575,35.0,137,Medium
L57141,L,298.2,307.9,1399,54.9,139,Medium
L57142,L,298.2,307.9,1429,49.4,141,Medium
L57143,L,298.3,307.9,1435,39.9,143,Medium
L57144,L,298.3,307.9,1766,26.5,145,Medium
L57145,L,298.3,307.9,1703,28.9,147,Medium
L57146,L,298.3,307.9,1507,41.2,149,Medium
M24827,M,298.3,307.9,1609,32.4,151,Medium
L57148,L,298.4,308.0,1605,32.4,154,Medium
L57149,L,298.4,308.1,1491,50.0,156,Medium
H39384,H,298.4,308.1,1891,24.7,158,Medium
H39385,H,298.5,308.2,1563,44.6,163,Medium
L57152,L,298.6,308.2,1390,51.4,168,Medium
L57153,L,298.5,308.2,1444,40.5,170,Medium
L57154,L,298.6,308.2,1361,68.2,172,Critical
M24835,M,298.6,308.3,1589,34.1,174,Medium
L57156,L,298.6,308.2,1705,26.3,177,Medium
L57157,L,298.6,308.3,1422,40.4,179,Medium
H39392,H,298.6,308.3,1377,52.1,181,Critical
L57159,L,298.5,308.3,1334,49.8,186,Critical
L57160,L,298.6,308.4,1559,36.6,188,Critical
L57161,L,298.7,308.5,1353,47.0,190,Critical
M24842,M,298.7,308.4,1507,45.7,192,Critical
L57163,L,298.7,308.4,1694,28.7,195,Critical
H39398,H,298.7,308.4,1432,42.8,197,Critical
H39399,H,298.7,308.5,1572,35.6,202,Critical
M24846,M,298.8,308.6,1507,42.3,207,Critical
M24847,M,298.8,308.6,1500,37.1,210,Critical
L57168,L,298.9,308.6,1771,24.1,213,Critical
M24849,M,298.8,308.5,1577,33.2,0,Healthy
L57170,L,298.8,308.5,1527,36.2,3,Healthy
M24851,M,298.9,308.4,1827,26.1,5,Healthy
L57172,L,298.8,308.4,1484,39.2,8,Healthy
L57173,L,298.8,308.4,1401,47.3,10,Healthy
L57174,L,298.8,308.3,1634,27.9,12,Healthy
M24855,M,298.8,308.4,1604,29.5,14,Healthy
H39410,H,298.9,308.4,1632,31.8,17,Healthy
M24857,M,299.0,308.6,1645,33.4,22,Healthy
H39412,H,299.0,308.7,1408,48.5,25,Healthy
M24859,M,299.0,308.7,1500,40.2,30,Healthy
