machine_id,maintenance_count,last_service_days,next_service_days,maintenance_type,total_downtime_hours,maintenance_cost,last_failure
M14860,1,120,180,Preventive,0,750,No
L47181,1,119,179,Preventive,0,450,No
L47182,1,118,178,Preventive,0,450,No
L47183,1,117,177,Preventive,0,450,No
L47184,1,116,176,Preventive,0,450,No
M14865,1,115,175,Preventive,0,750,No
L47186,1,113,173,Preventive,1,450,No
L47187,1,112,172,Preventive,1,450,No
M14868,1,111,171,Preventive,1,750,No
M14869,1,110,170,Preventive,1,750,No
H29424,1,108,168,Preventive,2,1150,No
H29425,1,106,166,Preventive,2,1150,No
M14872,1,103,163,Preventive,2,750,No
M14873,2,102,162,Preventive,3,900,No
L47194,2,100,160,Preventive,3,600,No
L47195,2,99,159,Preventive,3,600,No
M14876,2,98,158,Preventive,3,900,No
M14877,2,97,157,Preventive,3,900,No
H29432,2,95,155,Preventive,4,1300,No
M14879,2,93,153,Preventive,4,900,No
H29434,2,91,151,Preventive,4,1300,No
L47201,2,89,149,Preventive,5,600,No
M14882,2,88,148,Preventive,5,900,No
L47203,2,86,146,Preventive,5,600,No
M14884,3,85,145,Preventive,5,1050,No
L47205,3,84,144,Preventive,6,750,No
L47206,3,83,143,Preventive,6,750,No
H29441,3,82,142,Preventive,6,1450,No
L47208,3,79,139,Preventive,6,750,No
L47209,3,78,138,Preventive,7,750,No
M14890,3,77,137,Preventive,7,1050,No
L47211,3,76,136,Preventive,7,750,No
L47212,3,75,135,Preventive,7,750,No
L47213,3,74,134,Preventive,7,750,No
M14894,3,73,133,Preventive,7,1050,No
M14895,3,71,131,Preventive,8,1050,No
M14896,3,70,130,Preventive,8,1050,No
L47217,3,68,128,Preventive,8,750,No
H29452,4,67,127,Preventive,8,1600,No
L47219,4,65,125,Preventive,9,900,No
L47220,4,64,124,Preventive,9,900,No
L47221,4,63,123,Preventive,9,900,No
M14902,4,62,122,Preventive,9,1200,No
H29457,4,60,120,Corrective,10,1600,No
M14904,4,58,118,Corrective,10,1200,No
L47225,4,56,116,Corrective,10,900,No
M14906,4,55,115,Corrective,10,1200,No
L47227,4,54,114,Corrective,11,900,No
H29462,4,53,113,Corrective,11,1600,No
M14909,5,50,110,Corrective,11,1350,No
L47230,7,49,109,Emergency,35,1350,Yes
L47231,5,48,108,Corrective,12,1050,No
H29466,5,47,107,Corrective,12,1750,No
L47233,5,44,104,Corrective,12,1050,No
L47234,5,43,103,Corrective,12,1050,No
L47235,5,42,102,Corrective,13,1050,No
L47236,5,41,101,Corrective,13,1050,No
L47237,5,40,100,Corrective,13,1050,No
M14918,5,39,99,Corrective,13,1350,No
L47239,5,38,98,Corrective,13,1050,No
L47240,5,37,97,Corrective,13,1050,No
M14921,5,36,96,Corrective,14,1350,No
L47242,5,34,94,Corrective,14,1050,No
M14923,5,33,93,Corrective,14,1350,No
L47244,6,32,92,Corrective,14,1200,No
L47245,6,31,91,Corrective,14,1200,No
M14926,6,30,90,Corrective,15,1500,No
H29481,6,28,88,Corrective,15,1900,No
L47248,6,26,86,Corrective,15,1200,No
L47249,8,25,85,Emergency,39,1500,Yes
M14930,6,24,84,Corrective,16,1500,No
L47251,6,22,82,Corrective,16,1200,No
L47252,6,21,81,Corrective,16,1200,No
L47253,6,20,80,Corrective,16,1200,No
L47254,6,19,79,Corrective,16,1200,No
L47255,6,18,78,Corrective,17,1200,No
L47256,6,17,77,Corrective,17,1200,No
L47257,8,16,76,Emergency,41,1500,Yes
L47258,1,120,180,Preventive,0,450,No
L47259,1,119,179,Preventive,0,450,No
H29494,1,118,178,Preventive,0,1150,No
L47261,1,116,176,Preventive,0,450,No
L47262,1,115,175,Preventive,0,450,No
L47263,1,114,174,Preventive,1,450,No
L47264,1,113,173,Preventive,1,450,No
M14945,1,112,172,Preventive,1,750,No
H29500,1,110,170,Preventive,1,1150,No
L47267,1,108,168,Preventive,2,450,No
M14948,1,107,167,Preventive,2,750,No
M14949,1,105,165,Preventive,2,750,No
L47270,1,104,164,Preventive,2,450,No
L47271,2,103,163,Preventive,2,600,No
M14952,2,102,162,Preventive,3,900,No
L47273,2,100,160,Preventive,3,600,No
L47274,2,99,159,Preventive,3,600,No
M14955,2,98,158,Preventive,3,900,No
M14956,2,97,157,Preventive,3,900,No
M14957,2,95,155,Preventive,4,900,No
L47278,2,94,154,Preventive,4,600,No
L47279,2,93,153,Preventive,4,600,No
L47280,2,92,152,Preventive,4,600,No
L47281,2,91,151,Preventive,4,600,No
L47282,2,90,150,Preventive,5,600,No
M14963,2,89,149,Preventive,5,900,No
L47284,2,87,147,Preventive,5,600,No
L47285,2,86,146,Preventive,5,600,No
L47286,3,85,145,Preventive,5,750,No
M14967,3,84,144,Preventive,6,1050,No
H29522,3,83,143,Preventive,6,1450,No
L47289,3,80,140,Preventive,6,750,No
L47290,3,79,139,Preventive,6,750,No
H29525,3,78,138,Preventive,7,1450,No
M14972,3,76,136,Preventive,7,1050,No
M14973,3,74,134,Preventive,7,1050,No
L47294,3,73,133,Preventive,7,750,No
L47295,3,72,132,Preventive,8,750,No
L47296,3,71,131,Preventive,8,750,No
L47297,3,70,130,Preventive,8,750,No
M14978,3,69,129,Preventive,8,1050,No
L47299,4,67,127,Preventive,8,900,No
L47300,4,66,126,Preventive,9,900,No
L47301,4,65,125,Preventive,9,900,No
L47302,4,64,124,Preventive,9,900,No
L47303,4,63,123,Preventive,9,900,No
L47304,4,62,122,Preventive,9,900,No
L47305,4,61,121,Preventive,9,900,No
L47306,4,60,120,Corrective,10,900,No
L47307,4,59,119,Corrective,10,900,No
L47308,4,58,118,Corrective,10,900,No
L47309,4,57,117,Corrective,10,900,No
L47310,4,56,116,Corrective,10,900,No
L47311,4,55,115,Corrective,10,900,No
M14992,4,54,114,Corrective,11,1200,No
M14993,4,53,113,Corrective,11,1200,No
L47314,4,51,111,Corrective,11,900,No
M14995,5,50,110,Corrective,11,1350,No
H29550,5,49,109,Corrective,11,1750,No
L47317,5,46,106,Corrective,12,1050,No
H29552,5,45,105,Corrective,12,1750,No
L47319,5,43,103,Corrective,12,1050,No
L47320,5,42,102,Corrective,13,1050,No
L47321,5,41,101,Corrective,13,1050,No
M15002,5,40,100,Corrective,13,1350,No
H29557,5,38,98,Corrective,13,1750,No
M15004,5,36,96,Corrective,14,1350,No
L47325,5,34,94,Corrective,14,1050,No
H29560,5,33,93,Corrective,14,1750,No
L47327,6,31,91,Corrective,14,1200,No
M15008,6,30,90,Corrective,15,1500,No
L47329,6,28,88,Corrective,15,1200,No
L47330,6,27,87,Corrective,15,1200,No
M15011,6,26,86,Corrective,15,1500,No
M15012,6,25,85,Corrective,15,1500,No
L47333,6,23,83,Corrective,16,1200,No
L47334,6,22,82,Corrective,16,1200,No
H29569,6,21,81,Corrective,16,1900,No
M15016,6,19,79,Corrective,16,1500,No
H29571,6,17,77,Corrective,17,1900,No
M15018,7,15,75,Corrective,17,1650,No
L47339,7,13,73,Corrective,17,1350,No
L47340,9,12,72,Emergency,42,1650,Yes
L47341,9,11,71,Emergency,42,1650,Yes
L47342,1,120,180,Preventive,0,450,No
M15023,1,119,179,Preventive,0,750,No
M15024,1,118,178,Preventive,0,750,No
L47345,1,116,176,Preventive,0,450,No
H29580,1,115,175,Preventive,0,1150,No
H29581,1,113,173,Preventive,1,1150,No
L47348,3,110,170,Emergency,25,750,Yes
L47349,1,109,169,Preventive,1,450,No
M15030,1,108,168,Preventive,2,750,No
L47351,1,107,167,Preventive,2,450,No
M15032,1,106,166,Preventive,2,750,No
M15033,1,104,164,Preventive,2,750,No
L47354,2,103,163,Preventive,2,600,No
L47355,2,102,162,Preventive,3,600,No
L47356,2,101,161,Preventive,3,600,No
L47357,2,100,160,Preventive,3,600,No
L47358,2,99,159,Preventive,3,600,No
L47359,2,98,158,Preventive,3,600,No
L47360,2,97,157,Preventive,3,600,No
H29595,2,96,156,Preventive,4,1300,No
M15042,2,93,153,Preventive,4,900,No
L47363,2,92,152,Preventive,4,600,No
L47364,2,91,151,Preventive,4,600,No
L47365,2,90,150,Preventive,5,600,No
L47366,2,89,149,Preventive,5,600,No
L47367,2,88,148,Preventive,5,600,No
L47368,2,87,147,Preventive,5,600,No
M15049,2,86,146,Preventive,5,900,No
L47370,3,84,144,Preventive,6,750,No
L47371,3,83,143,Preventive,6,750,No
H29606,3,82,142,Preventive,6,1450,No
H29607,3,80,140,Preventive,6,1450,No
M15054,5,77,137,Emergency,31,1350,Yes
L47375,3,76,136,Preventive,7,750,No
H29610,3,75,135,Preventive,7,1450,No
M15057,3,72,132,Preventive,8,1050,No
L47378,3,71,131,Preventive,8,750,No
L47379,3,70,130,Preventive,8,750,No
L47380,3,69,129,Preventive,8,750,No
L47381,4,68,128,Preventive,8,900,No
M15062,4,67,127,Preventive,8,1200,No
L47383,4,65,125,Preventive,9,900,No
L47384,4,64,124,Preventive,9,900,No
M15065,4,63,123,Preventive,9,1200,No
L47386,4,62,122,Preventive,9,900,No
M15067,6,61,121,Emergency,33,1500,Yes
L47388,4,59,119,Corrective,10,900,No
L47389,4,58,118,Corrective,10,900,No
L47390,4,57,117,Corrective,10,900,No
L47391,4,56,116,Corrective,10,900,No
H29626,4,55,115,Corrective,10,1600,No
L47393,4,53,113,Corrective,11,900,No
M15074,4,52,112,Corrective,11,1200,No
L47395,5,50,110,Corrective,11,1050,No
L47396,5,49,109,Corrective,11,1050,No
L47397,5,48,108,Corrective,12,1050,No
L47398,5,47,107,Corrective,12,1050,No
M15079,5,46,106,Corrective,12,1350,No
L47400,5,45,105,Corrective,12,1050,No
H29635,5,44,104,Corrective,12,1750,No
L47402,5,41,101,Corrective,13,1050,No
L47403,5,40,100,Corrective,13,1050,No
L47404,5,39,99,Corrective,13,1050,No
L47405,5,38,98,Corrective,13,1050,No
L47406,5,37,97,Corrective,13,1050,No
L47407,5,36,96,Corrective,14,1050,No
M15088,5,35,95,Corrective,14,1350,No
L47409,5,34,94,Corrective,14,1050,No
L47410,6,33,93,Corrective,14,1200,No
L47411,6,32,92,Corrective,14,1200,No
L47412,6,31,91,Corrective,14,1200,No
L47413,6,30,90,Corrective,15,1200,No
L47414,6,29,89,Corrective,15,1200,No
M15095,6,28,88,Corrective,15,1500,No
L47416,6,26,86,Corrective,15,1200,No
M15097,6,25,85,Corrective,15,1500,No
L47418,6,24,84,Corrective,16,1200,No
L47419,6,23,83,Corrective,16,1200,No
M15100,6,22,82,Corrective,16,1500,No
L47421,6,20,80,Corrective,16,1200,No
L47422,8,19,79,Emergency,40,1500,Yes
L47423,6,18,78,Corrective,17,1200,No
M15104,6,17,77,Corrective,17,1500,No
M15105,6,16,76,Corrective,17,1500,No
L47426,7,14,74,Corrective,17,1350,No
L47427,7,13,73,Corrective,17,1350,No
L47428,9,12,72,Emergency,42,1650,Yes
L47429,9,11,71,Emergency,42,1650,Yes
L47430,1,120,180,Preventive,0,450,No
M15111,1,119,179,Preventive,0,750,No
L47432,1,118,178,Preventive,0,450,No
L47433,1,117,177,Preventive,0,450,No
L47434,1,116,176,Preventive,0,450,No
L47435,1,115,175,Preventive,0,450,No
L47436,1,114,174,Preventive,1,450,No
L47437,1,113,173,Preventive,1,450,No
L47438,1,112,172,Preventive,1,450,No
M15119,3,111,171,Emergency,25,1050,Yes
M15120,1,109,169,Preventive,1,750,No
L47441,1,108,168,Preventive,2,450,No
M15122,1,107,167,Preventive,2,750,No
M15123,1,105,165,Preventive,2,750,No
L47444,1,104,164,Preventive,2,450,No
L47445,2,103,163,Preventive,2,600,No
H29680,2,102,162,Preventive,3,1300,No
L47447,2,99,159,Preventive,3,600,No
H29682,2,98,158,Preventive,3,1300,No
L47449,2,96,156,Preventive,4,600,No
H29684,2,95,155,Preventive,4,1300,No
M15131,2,92,152,Preventive,4,900,No
L47452,2,91,151,Preventive,4,600,No
L47453,2,90,150,Preventive,5,600,No
L47454,2,89,149,Preventive,5,600,No
L47455,2,88,148,Preventive,5,600,No
M15136,2,87,147,Preventive,5,900,No
H29691,3,85,145,Preventive,5,1450,No
M15138,3,83,143,Preventive,6,1050,No
L47459,3,81,141,Preventive,6,750,No
M15140,3,80,140,Preventive,6,1050,No
L47461,3,79,139,Preventive,6,750,No
M15142,3,78,138,Preventive,7,1050,No
L47463,3,76,136,Preventive,7,750,No
L47464,3,75,135,Preventive,7,750,No
L47465,3,74,134,Preventive,7,750,No
L47466,3,73,133,Preventive,7,750,No
L47467,3,72,132,Preventive,8,750,No
H29702,3,71,131,Preventive,8,1450,No
L47469,3,69,129,Preventive,8,750,No
L47470,4,68,128,Preventive,8,900,No
L47471,4,67,127,Preventive,8,900,No
L47472,4,66,126,Preventive,9,900,No
H29707,4,65,125,Preventive,9,1600,No
M15154,4,62,122,Preventive,9,1200,No
M15155,4,61,121,Preventive,9,1200,No
L47476,4,59,119,Corrective,10,900,No
L47477,4,58,118,Corrective,10,900,No
H29712,4,57,117,Corrective,10,1600,No
M15159,4,55,115,Corrective,10,1200,No
L47480,4,53,113,Corrective,11,900,No
L47481,4,52,112,Corrective,11,900,No
H29716,4,51,111,Corrective,11,1600,No
M15163,5,49,109,Corrective,11,1350,No
L47484,5,47,107,Corrective,12,1050,No
L47485,5,46,106,Corrective,12,1050,No
L47486,5,45,105,Corrective,12,1050,No
M15167,5,44,104,Corrective,12,1350,No
L47488,5,43,103,Corrective,12,1050,No
M15169,5,42,102,Corrective,13,1350,No
H29724,5,40,100,Corrective,13,1750,No
M15171,5,38,98,Corrective,13,1350,No
L47492,5,36,96,Corrective,14,1050,No
L47493,5,35,95,Corrective,14,1050,No
M15174,5,34,94,Corrective,14,1350,No
L47495,6,33,93,Corrective,14,1200,No
L47496,6,32,92,Corrective,14,1200,No
L47497,6,31,91,Corrective,14,1200,No
L47498,6,30,90,Corrective,15,1200,No
L47499,6,29,89,Corrective,15,1200,No
H29734,6,28,88,Corrective,15,1900,No
L47501,6,25,85,Corrective,15,1200,No
L47502,6,24,84,Corrective,16,1200,No
L47503,6,23,83,Corrective,16,1200,No
M15184,6,22,82,Corrective,16,1500,No
L47505,6,21,81,Corrective,16,1200,No
L47506,6,20,80,Corrective,16,1200,No
L47507,8,19,79,Emergency,40,1500,Yes
H29742,6,18,78,Corrective,17,1900,No
H29743,7,15,75,Corrective,17,2050,No
M15190,7,13,73,Corrective,17,1650,No
M15191,7,11,71,Corrective,18,1650,No
M15192,1,120,180,Preventive,0,750,No
L47513,1,119,179,Preventive,0,450,No
M15194,1,118,178,Preventive,0,750,No
L47515,1,116,176,Preventive,0,450,No
M15196,1,115,175,Preventive,0,750,No
L47517,1,114,174,Preventive,1,450,No
L47518,1,113,173,Preventive,1,450,No
M15199,1,112,172,Preventive,1,750,No
L47520,1,110,170,Preventive,1,450,No
M15201,1,109,169,Preventive,1,750,No
L47522,1,108,168,Preventive,2,450,No
L47523,1,107,167,Preventive,2,450,No
M15204,1,106,166,Preventive,2,750,No
L47525,1,104,164,Preventive,2,450,No
M15206,1,103,163,Preventive,2,750,No
L47527,2,102,162,Preventive,3,600,No
L47528,2,101,161,Preventive,3,600,No
L47529,2,100,160,Preventive,3,600,No
H29764,2,99,159,Preventive,3,1300,No
M15211,2,96,156,Preventive,4,900,No
M15212,2,95,155,Preventive,4,900,No
H29767,2,93,153,Preventive,4,1300,No
L47534,2,91,151,Preventive,4,600,No
L47535,2,90,150,Preventive,5,600,No
M15216,2,89,149,Preventive,5,900,No
L47537,2,87,147,Preventive,5,600,No
M15218,2,86,146,Preventive,5,900,No
M15219,3,85,145,Preventive,5,1050,No
M15220,3,83,143,Preventive,6,1050,No
L47541,3,82,142,Preventive,6,750,No
H29776,3,81,141,Preventive,6,1450,No
L47543,3,78,138,Preventive,7,750,No
L47544,3,77,137,Preventive,7,750,No
L47545,3,76,136,Preventive,7,750,No
M15226,3,75,135,Preventive,7,1050,No
M15227,3,74,134,Preventive,7,1050,No
L47548,3,72,132,Preventive,8,750,No
H29783,3,71,131,Preventive,8,1450,No
M15230,3,69,129,Preventive,8,1050,No
L47551,4,67,127,Preventive,8,900,No
M15232,4,66,126,Preventive,9,1200,No
L47553,4,65,125,Preventive,9,900,No
L47554,4,64,124,Preventive,9,900,No
L47555,4,63,123,Preventive,9,900,No
M15236,4,62,122,Preventive,9,1200,No
M15237,4,60,120,Corrective,10,1200,No
L47558,4,59,119,Corrective,10,900,No
L47559,4,58,118,Corrective,10,900,No
L47560,6,57,117,Emergency,34,1200,Yes
L47561,4,56,116,Corrective,10,900,No
L47562,4,55,115,Corrective,10,900,No
M15243,4,54,114,Corrective,11,1200,No
L47564,4,52,112,Corrective,11,900,No
M15245,4,51,111,Corrective,11,1200,No
L47566,5,50,110,Corrective,11,1050,No
L47567,5,49,109,Corrective,11,1050,No
L47568,5,48,108,Corrective,12,1050,No
M15249,5,47,107,Corrective,12,1350,No
L47570,5,45,105,Corrective,12,1050,No
L47571,5,44,104,Corrective,12,1050,No
M15252,5,43,103,Corrective,12,1350,No
M15253,5,42,102,Corrective,13,1350,No
L47574,5,40,100,Corrective,13,1050,No
L47575,5,39,99,Corrective,13,1050,No
L47576,5,38,98,Corrective,13,1050,No
M15257,5,37,97,Corrective,13,1350,No
H29812,5,36,96,Corrective,14,1750,No
L47579,5,33,93,Corrective,14,1050,No
L47580,6,32,92,Corrective,14,1200,No
L47581,6,31,91,Corrective,14,1200,No
L47582,6,30,90,Corrective,15,1200,No
L47583,6,29,89,Corrective,15,1200,No
L47584,6,28,88,Corrective,15,1200,No
L47585,6,27,87,Corrective,15,1200,No
L47586,6,26,86,Corrective,15,1200,No
M15267,6,25,85,Corrective,15,1500,No
M15268,6,24,84,Corrective,16,1500,No
L47589,6,22,82,Corrective,16,1200,No
M15270,6,21,81,Corrective,16,1500,No
L47591,6,20,80,Corrective,16,1200,No
L47592,6,19,79,Corrective,16,1200,No
L47593,6,18,78,Corrective,17,1200,No
L47594,6,17,77,Corrective,17,1200,No
L47595,6,16,76,Corrective,17,1200,No
L47596,7,15,75,Corrective,17,1350,No
L47597,7,14,74,Corrective,17,1350,No
L47598,1,120,180,Preventive,0,450,No
M15279,1,119,179,Preventive,0,750,No
M15280,1,118,178,Preventive,0,750,No
M15281,1,116,176,Preventive,0,750,No
L47602,1,115,175,Preventive,0,450,No
L47603,1,114,174,Preventive,1,450,No
L47604,1,113,173,Preventive,1,450,No
M15285,1,112,172,Preventive,1,750,No
L47606,1,110,170,Preventive,1,450,No
M15287,1,109,169,Preventive,1,750,No
M15288,1,108,168,Preventive,2,750,No
L47609,1,106,166,Preventive,2,450,No
L47610,1,105,165,Preventive,2,450,No
L47611,1,104,164,Preventive,2,450,No
M15292,1,103,163,Preventive,2,750,No
M15293,2,102,162,Preventive,3,900,No
M15294,2,100,160,Preventive,3,900,No
L47615,2,99,159,Preventive,3,600,No
L47616,2,98,158,Preventive,3,600,No
L47617,2,97,157,Preventive,3,600,No
L47618,2,96,156,Preventive,4,600,No
M15299,2,95,155,Preventive,4,900,No
L47620,2,93,153,Preventive,4,600,No
H29855,2,92,152,Preventive,4,1300,No
L47622,4,90,150,Emergency,29,900,Yes
H29857,2,89,149,Preventive,5,1300,No
L47624,2,86,146,Preventive,5,600,No
L47625,3,85,145,Preventive,5,750,No
L47626,3,84,144,Preventive,6,750,No
M15307,3,83,143,Preventive,6,1050,No
L47628,3,82,142,Preventive,6,750,No
L47629,3,81,141,Preventive,6,750,No
M15310,3,80,140,Preventive,6,1050,No
H29865,3,78,138,Preventive,7,1450,No
M15312,3,76,136,Preventive,7,1050,No
L47633,3,74,134,Preventive,7,750,No
L47634,3,73,133,Preventive,7,750,No
L47635,3,72,132,Preventive,8,750,No
H29870,3,71,131,Preventive,8,1450,No
L47637,3,69,129,Preventive,8,750,No
L47638,4,68,128,Preventive,8,900,No
L47639,4,67,127,Preventive,8,900,No
H29874,4,66,126,Preventive,9,1600,No
L47641,4,63,123,Preventive,9,900,No
L47642,4,62,122,Preventive,9,900,No
L47643,6,61,121,Emergency,33,1200,Yes
L47644,4,60,120,Corrective,10,900,No
M15325,4,59,119,Corrective,10,1200,No
L47646,4,58,118,Corrective,10,900,No
L47647,4,57,117,Corrective,10,900,No
L47648,4,56,116,Corrective,10,900,No
M15329,4,55,115,Corrective,10,1200,No
H29884,4,53,113,Corrective,11,1600,No
H29885,4,51,111,Corrective,11,1600,No
M15332,5,48,108,Corrective,12,1350,No
M15333,5,47,107,Corrective,12,1350,No
L47654,5,45,105,Corrective,12,1050,No
L47655,5,44,104,Corrective,12,1050,No
L47656,5,43,103,Corrective,12,1050,No
H29891,5,42,102,Corrective,13,1750,No
L47658,5,40,100,Corrective,13,1050,No
M15339,5,39,99,Corrective,13,1350,No
L47660,5,37,97,Corrective,13,1050,No
M15341,5,36,96,Corrective,14,1350,No
L47662,5,35,95,Corrective,14,1050,No
L47663,5,34,94,Corrective,14,1050,No
L47664,6,33,93,Corrective,14,1200,No
M15345,6,32,92,Corrective,14,1500,No
M15346,6,30,90,Corrective,15,1500,No
M15347,6,29,89,Corrective,15,1500,No
L47668,6,27,87,Corrective,15,1200,No
M15349,6,26,86,Corrective,15,1500,No
L47670,6,25,85,Corrective,15,1200,No
L47671,6,24,84,Corrective,16,1200,No
L47672,6,23,83,Corrective,16,1200,No
L47673,6,22,82,Corrective,16,1200,No
L47674,6,21,81,Corrective,16,1200,No
H29909,6,20,80,Corrective,16,1900,No
M15356,6,17,77,Corrective,17,1500,No
L47677,6,16,76,Corrective,17,1200,No
L47678,7,15,75,Corrective,17,1350,No
L47679,7,14,74,Corrective,17,1350,No
M15360,7,13,73,Corrective,17,1650,No
M15361,7,11,71,Corrective,18,1650,No
L47682,7,10,70,Corrective,18,1350,No
M15363,1,120,180,Preventive,0,750,No
M15364,1,119,179,Preventive,0,750,No
L47685,1,117,177,Preventive,0,450,No
L47686,1,116,176,Preventive,0,450,No
H29921,1,115,175,Preventive,0,1150,No
L47688,1,113,173,Preventive,1,450,No
M15369,1,112,172,Preventive,1,750,No
L47690,1,110,170,Preventive,1,450,No
L47691,1,109,169,Preventive,1,450,No
L47692,1,108,168,Preventive,2,450,No
L47693,1,107,167,Preventive,2,450,No
L47694,1,106,166,Preventive,2,450,No
L47695,1,105,165,Preventive,2,450,No
L47696,1,104,164,Preventive,2,450,No
M15377,1,103,163,Preventive,2,750,No
L47698,2,102,162,Preventive,3,600,No
M15379,2,101,161,Preventive,3,900,No
L47700,2,99,159,Preventive,3,600,No
L47701,2,98,158,Preventive,3,600,No
M15382,2,97,157,Preventive,3,900,No
L47703,2,96,156,Preventive,4,600,No
L47704,2,95,155,Preventive,4,600,No
L47705,2,94,154,Preventive,4,600,No
L47706,2,93,153,Preventive,4,600,No
M15387,2,92,152,Preventive,4,900,No
M15388,2,90,150,Preventive,5,900,No
L47709,2,89,149,Preventive,5,600,No
M15390,2,88,148,Preventive,5,900,No
L47711,2,86,146,Preventive,5,600,No
L47712,3,85,145,Preventive,5,750,No
L47713,3,84,144,Preventive,6,750,No
L47714,3,83,143,Preventive,6,750,No
H29949,3,82,142,Preventive,6,1450,No
L47716,3,80,140,Preventive,6,750,No
H29951,3,79,139,Preventive,6,1450,No
M15398,3,76,136,Preventive,7,1050,No
M15399,3,75,135,Preventive,7,1050,No
L47720,3,73,133,Preventive,7,750,No
L47721,3,72,132,Preventive,8,750,No
L47722,3,71,131,Preventive,8,750,No
H29957,3,70,130,Preventive,8,1450,No
M15404,4,68,128,Preventive,8,1200,No
L47725,4,66,126,Preventive,9,900,No
L47726,4,65,125,Preventive,9,900,No
M15407,4,64,124,Preventive,9,1200,No
L47728,4,63,123,Preventive,9,900,No
L47729,4,62,122,Preventive,9,900,No
L47730,4,61,121,Preventive,9,900,No
L47731,4,60,120,Corrective,10,900,No
M15412,4,59,119,Corrective,10,1200,No
M15413,4,57,117,Corrective,10,1200,No
H29968,4,56,116,Corrective,10,1600,No
M15415,4,53,113,Corrective,11,1200,No
L47736,4,52,112,Corrective,11,900,No
M15417,4,51,111,Corrective,11,1200,No
L47738,5,49,109,Corrective,11,1050,No
L47739,5,48,108,Corrective,12,1050,No
L47740,5,47,107,Corrective,12,1050,No
M15421,5,46,106,Corrective,12,1350,No
L47742,5,45,105,Corrective,12,1050,No
L47743,5,44,104,Corrective,12,1050,No
H29978,5,43,103,Corrective,12,1750,No
H29979,5,40,100,Corrective,13,1750,No
M15426,5,38,98,Corrective,13,1350,No
M15427,5,36,96,Corrective,14,1350,No
L47748,5,35,95,Corrective,14,1050,No
M15429,5,34,94,Corrective,14,1350,No
L47750,6,32,92,Corrective,14,1200,No
M15431,6,31,91,Corrective,14,1500,No
L47752,6,30,90,Corrective,15,1200,No
L47753,6,29,89,Corrective,15,1200,No
M15434,6,28,88,Corrective,15,1500,No
M15435,6,26,86,Corrective,15,1500,No
H29990,6,25,85,Corrective,15,1900,No
L47757,6,22,82,Corrective,16,1200,No
L47758,6,21,81,Corrective,16,1200,No
M15439,6,20,80,Corrective,16,1500,No
M15440,6,19,79,Corrective,16,1500,No
L47761,6,17,77,Corrective,17,1200,No
L47762,6,16,76,Corrective,17,1200,No
H29997,7,15,75,Corrective,17,2050,No
H29998,7,13,73,Corrective,17,2050,No
L47765,7,10,70,Corrective,18,1350,No
L47766,9,9,69,Emergency,42,1650,Yes
H30001,7,8,68,Corrective,18,2050,No
L47768,7,6,66,Corrective,19,1350,No
L47769,7,5,65,Corrective,19,1350,No
L47770,7,5,64,Corrective,19,1350,No
H30005,7,5,63,Corrective,19,2050,No
H30006,7,5,60,Corrective,20,2050,No
L47773,1,120,180,Preventive,0,450,No
H30008,1,119,179,Preventive,0,1150,No
M15455,1,117,177,Preventive,0,750,No
M15456,1,115,175,Preventive,0,750,No
H30011,1,114,174,Preventive,1,1150,No
L47778,1,111,171,Preventive,1,450,No
H30013,1,110,170,Preventive,1,1150,No
L47780,1,108,168,Preventive,2,450,No
L47781,1,107,167,Preventive,2,450,No
L47782,1,106,166,Preventive,2,450,No
L47783,3,105,165,Emergency,26,750,Yes
L47784,1,104,164,Preventive,2,450,No
M15465,2,103,163,Preventive,2,900,No
L47786,2,101,161,Preventive,3,600,No
M15467,2,100,160,Preventive,3,900,No
L47788,2,99,159,Preventive,3,600,No
L47789,2,98,158,Preventive,3,600,No
L47790,2,97,157,Preventive,3,600,No
L47791,2,96,156,Preventive,4,600,No
L47792,2,95,155,Preventive,4,600,No
L47793,2,94,154,Preventive,4,600,No
M15474,2,93,153,Preventive,4,900,No
L47795,2,91,151,Preventive,4,600,No
H30030,2,90,150,Preventive,5,1300,No
M15477,2,88,148,Preventive,5,900,No
H30032,2,86,146,Preventive,5,1300,No
L47799,3,84,144,Preventive,6,750,No
M15480,3,83,143,Preventive,6,1050,No
L47801,3,81,141,Preventive,6,750,No
M15482,3,80,140,Preventive,6,1050,No
L47803,3,79,139,Preventive,6,750,No
H30038,3,78,138,Preventive,7,1450,No
L47805,3,75,135,Preventive,7,750,No
L47806,3,74,134,Preventive,7,750,No
L47807,3,73,133,Preventive,7,750,No
M15488,3,72,132,Preventive,8,1050,No
L47809,3,71,131,Preventive,8,750,No
L47810,3,70,130,Preventive,8,750,No
L47811,3,69,129,Preventive,8,750,No
H30046,4,68,128,Preventive,8,1600,No
L47813,4,65,125,Preventive,9,900,No
L47814,4,64,124,Preventive,9,900,No
L47815,4,63,123,Preventive,9,900,No
L47816,4,62,122,Preventive,9,900,No
L47817,4,61,121,Preventive,9,900,No
L47818,4,60,120,Corrective,10,900,No
L47819,4,59,119,Corrective,10,900,No
M15500,4,58,118,Corrective,10,1200,No
L47821,4,57,117,Corrective,10,900,No
M15502,4,56,116,Corrective,10,1200,No
M15503,4,54,114,Corrective,11,1200,No
H30058,4,53,113,Corrective,11,1600,No
L47825,5,50,110,Corrective,11,1050,No
M15506,5,49,109,Corrective,11,1350,No
L47827,5,48,108,Corrective,12,1050,No
H30062,5,47,107,Corrective,12,1750,No
M15509,5,44,104,Corrective,12,1350,No
L47830,5,43,103,Corrective,12,1050,No
L47831,5,42,102,Corrective,13,1050,No
L47832,5,41,101,Corrective,13,1050,No
L47833,5,40,100,Corrective,13,1050,No
L47834,5,39,99,Corrective,13,1050,No
L47835,5,38,98,Corrective,13,1050,No
M15516,5,37,97,Corrective,13,1350,No
L47837,5,35,95,Corrective,14,1050,No
L47838,5,34,94,Corrective,14,1050,No
L47839,5,33,93,Corrective,14,1050,No
M15520,6,32,92,Corrective,14,1500,No
M15521,6,31,91,Corrective,14,1500,No
M15522,6,29,89,Corrective,15,1500,No
L47843,6,28,88,Corrective,15,1200,No
L47844,6,27,87,Corrective,15,1200,No
L47845,6,26,86,Corrective,15,1200,No
L47846,6,25,85,Corrective,15,1200,No
L47847,6,24,84,Corrective,16,1200,No
L47848,6,23,83,Corrective,16,1200,No
H30083,6,22,82,Corrective,16,1900,No
L47850,6,19,79,Corrective,16,1200,No
L47851,6,18,78,Corrective,17,1200,No
M15532,6,17,77,Corrective,17,1500,No
L47853,6,16,76,Corrective,17,1200,No
L47854,1,120,180,Preventive,0,450,No
M15535,1,119,179,Preventive,0,750,No
H30090,1,118,178,Preventive,0,1150,No
L47857,1,115,175,Preventive,0,450,No
M15538,1,114,174,Preventive,1,750,No
L47859,1,113,173,Preventive,1,450,No
M15540,1,112,172,Preventive,1,750,No
M15541,1,110,170,Preventive,1,750,No
H30096,1,109,169,Preventive,1,1150,No
L47863,1,106,166,Preventive,2,450,No
L47864,1,105,165,Preventive,2,450,No
M15545,1,104,164,Preventive,2,750,No
M15546,2,103,163,Preventive,2,900,No
M15547,2,101,161,Preventive,3,900,No
H30102,2,100,160,Preventive,3,1300,No
H30103,2,97,157,Preventive,3,1300,No
H30104,2,95,155,Preventive,4,1300,No
L47871,2,92,152,Preventive,4,600,No
L47872,2,91,151,Preventive,4,600,No
L47873,2,90,150,Preventive,5,600,No
L47874,2,89,149,Preventive,5,600,No
L47875,2,88,148,Preventive,5,600,No
M15556,2,87,147,Preventive,5,900,No
M15557,2,86,146,Preventive,5,900,No
L47878,3,84,144,Preventive,6,750,No
H30113,3,83,143,Preventive,6,1450,No
M15560,3,81,141,Preventive,6,1050,No
L47881,3,79,139,Preventive,6,750,No
M15562,3,78,138,Preventive,7,1050,No
H30117,3,77,137,Preventive,7,1450,No
L47884,3,74,134,Preventive,7,750,No
L47885,3,73,133,Preventive,7,750,No
M15566,3,72,132,Preventive,8,1050,No
L47887,3,71,131,Preventive,8,750,No
M15568,3,70,130,Preventive,8,1050,No
M15569,3,68,128,Preventive,8,1050,No
M15570,4,67,127,Preventive,8,1200,No
L47891,4,65,125,Preventive,9,900,No
L47892,4,64,124,Preventive,9,900,No
L47893,4,63,123,Preventive,9,900,No
L47894,4,62,122,Preventive,9,900,No
L47895,4,61,121,Preventive,9,900,No
H30130,4,60,120,Corrective,10,1600,No
L47897,4,58,118,Corrective,10,900,No
L47898,4,57,117,Corrective,10,900,No
L47899,4,56,116,Corrective,10,900,No
L47900,4,55,115,Corrective,10,900,No
L47901,4,54,114,Corrective,11,900,No
L47902,4,53,113,Corrective,11,900,No
M15583,4,52,112,Corrective,11,1200,No
L47904,5,50,110,Corrective,11,1050,No
L47905,5,49,109,Corrective,11,1050,No
M15586,5,48,108,Corrective,12,1350,No
H30141,5,47,107,Corrective,12,1750,No
M15588,5,44,104,Corrective,12,1350,No
L47909,5,43,103,Corrective,12,1050,No
M15590,5,42,102,Corrective,13,1350,No
M15591,5,40,100,Corrective,13,1350,No
L47912,5,39,99,Corrective,13,1050,No
M15593,5,38,98,Corrective,13,1350,No
H30148,5,36,96,Corrective,14,1750,No
L47915,5,34,94,Corrective,14,1050,No
L47916,6,33,93,Corrective,14,1200,No
H30151,6,32,92,Corrective,14,1900,No
L47918,6,29,89,Corrective,15,1200,No
L47919,6,28,88,Corrective,15,1200,No
M15600,6,27,87,Corrective,15,1500,No
L47921,6,26,86,Corrective,15,1200,No
L47922,6,25,85,Corrective,15,1200,No
L47923,6,24,84,Corrective,16,1200,No
L47924,6,23,83,Corrective,16,1200,No
L47925,6,22,82,Corrective,16,1200,No
L47926,8,21,81,Emergency,40,1500,Yes
L47927,6,20,80,Corrective,16,1200,No
H30162,6,19,79,Corrective,16,1900,No
L47929,6,16,76,Corrective,17,1200,No
L47930,7,15,75,Corrective,17,1350,No
M15611,7,14,74,Corrective,17,1650,No
L47932,7,13,73,Corrective,17,1350,No
L47933,7,12,72,Corrective,18,1350,No
M15614,7,11,71,Corrective,18,1650,No
H30169,7,9,69,Corrective,18,2050,No
L47936,7,7,67,Corrective,18,1350,No
L47937,7,6,66,Corrective,19,1350,No
L47938,7,5,65,Corrective,19,1350,No
M15619,7,5,64,Corrective,19,1650,No
L47940,7,5,62,Corrective,19,1350,No
L47941,7,5,61,Corrective,19,1350,No
M15622,1,120,180,Preventive,0,750,No
L47943,1,119,179,Preventive,0,450,No
L47944,1,118,178,Preventive,0,450,No
L47945,1,117,177,Preventive,0,450,No
L47946,1,116,176,Preventive,0,450,No
L47947,1,115,175,Preventive,0,450,No
L47948,1,114,174,Preventive,1,450,No
L47949,1,113,173,Preventive,1,450,No
L47950,1,112,172,Preventive,1,450,No
H30185,1,111,171,Preventive,1,1150,No
H30186,1,108,168,Preventive,2,1150,No
L47953,1,106,166,Preventive,2,450,No
L47954,1,105,165,Preventive,2,450,No
L47955,1,104,164,Preventive,2,450,No
L47956,2,103,163,Preventive,2,600,No
L47957,2,102,162,Preventive,3,600,No
L47958,2,101,161,Preventive,3,600,No
L47959,2,100,160,Preventive,3,600,No
M15640,2,99,159,Preventive,3,900,No
L47961,2,97,157,Preventive,3,600,No
L47962,2,96,156,Preventive,4,600,No
H30197,2,95,155,Preventive,4,1300,No
L47964,2,93,153,Preventive,4,600,No
M15645,2,92,152,Preventive,4,900,No
L47966,2,90,150,Preventive,5,600,No
L47967,2,89,149,Preventive,5,600,No
M15648,2,88,148,Preventive,5,900,No
M15649,2,87,147,Preventive,5,900,No
L47970,3,85,145,Preventive,5,750,No
L47971,3,84,144,Preventive,6,750,No
L47972,3,83,143,Preventive,6,750,No
M15653,3,82,142,Preventive,6,1050,No
H30208,3,81,141,Preventive,6,1450,No
L47975,3,78,138,Preventive,7,750,No
M15656,3,77,137,Preventive,7,1050,No
L47977,3,76,136,Preventive,7,750,No
M15658,3,75,135,Preventive,7,1050,No
M15659,3,73,133,Preventive,7,1050,No
M15660,3,72,132,Preventive,8,1050,No
L47981,3,70,130,Preventive,8,750,No
L47982,3,69,129,Preventive,8,750,No
H30217,3,68,128,Preventive,8,1450,No
M15664,4,66,126,Preventive,9,1200,No
M15665,4,64,124,Preventive,9,1200,No
M15666,4,63,123,Preventive,9,1200,No
L47987,4,61,121,Preventive,9,900,No
L47988,4,60,120,Corrective,10,900,No
L47989,4,59,119,Corrective,10,900,No
L47990,4,58,118,Corrective,10,900,No
L47991,4,57,117,Corrective,10,900,No
L47992,4,56,116,Corrective,10,900,No
L47993,4,55,115,Corrective,10,900,No
M15674,4,54,114,Corrective,11,1200,No
M15675,4,53,113,Corrective,11,1200,No
L47996,4,51,111,Corrective,11,900,No
L47997,5,50,110,Corrective,11,1050,No
L47998,5,49,109,Corrective,11,1050,No
L47999,5,48,108,Corrective,12,1050,No
L48000,5,47,107,Corrective,12,1050,No
L48001,5,46,106,Corrective,12,1050,No
M15682,5,45,105,Corrective,12,1350,No
M15683,5,44,104,Corrective,12,1350,No
L48004,5,42,102,Corrective,13,1050,No
L48005,5,41,101,Corrective,13,1050,No
L48006,5,40,100,Corrective,13,1050,No
L48007,5,39,99,Corrective,13,1050,No
L48008,5,38,98,Corrective,13,1050,No
L48009,5,37,97,Corrective,13,1050,No
L48010,5,36,96,Corrective,14,1050,No
M15691,5,35,95,Corrective,14,1350,No
L48012,5,34,94,Corrective,14,1050,No
L48013,6,33,93,Corrective,14,1200,No
H30248,6,32,92,Corrective,14,1900,No
M15695,6,29,89,Corrective,15,1500,No
L48016,6,28,88,Corrective,15,1200,No
L48017,6,27,87,Corrective,15,1200,No
H30252,6,26,86,Corrective,15,1900,No
M15699,6,23,83,Corrective,16,1500,No
L48020,6,22,82,Corrective,16,1200,No
L48021,6,21,81,Corrective,16,1200,No
M15702,6,20,80,Corrective,16,1500,No
L48023,6,18,78,Corrective,17,1200,No
L48024,6,17,77,Corrective,17,1200,No
L48025,6,16,76,Corrective,17,1200,No
M15706,7,15,75,Corrective,17,1650,No
L48027,9,14,74,Emergency,41,1650,Yes
L48028,7,13,73,Corrective,17,1350,No
H30263,1,120,180,Preventive,0,1150,No
L48030,1,118,178,Preventive,0,450,No
M15711,1,117,177,Preventive,0,750,No
M15712,1,115,175,Preventive,0,750,No
L48033,1,114,174,Preventive,1,450,No
M15714,1,113,173,Preventive,1,750,No
L48035,1,111,171,Preventive,1,450,No
L48036,1,110,170,Preventive,1,450,No
M15717,1,109,169,Preventive,1,750,No
M15718,1,108,168,Preventive,2,750,No
H30273,1,106,166,Preventive,2,1150,No
H30274,1,104,164,Preventive,2,1150,No
M15721,2,101,161,Preventive,3,900,No
H30276,2,100,160,Preventive,3,1300,No
L48043,2,97,157,Preventive,3,600,No
M15724,2,96,156,Preventive,4,900,No
L48045,2,95,155,Preventive,4,600,No
L48046,2,94,154,Preventive,4,600,No
H30281,2,93,153,Preventive,4,1300,No
M15728,2,90,150,Preventive,5,900,No
L48049,2,89,149,Preventive,5,600,No
L48050,2,88,148,Preventive,5,600,No
L48051,2,87,147,Preventive,5,600,No
M15732,2,86,146,Preventive,5,900,No
L48053,3,84,144,Preventive,6,750,No
L48054,3,83,143,Preventive,6,750,No
M15735,3,82,142,Preventive,6,1050,No
L48056,3,81,141,Preventive,6,750,No
M15737,3,80,140,Preventive,6,1050,No
M15738,3,78,138,Preventive,7,1050,No
L48059,3,77,137,Preventive,7,750,No
M15740,5,76,136,Emergency,31,1350,Yes
L48061,3,74,134,Preventive,7,750,No
M15742,3,73,133,Preventive,7,1050,No
L48063,3,72,132,Preventive,8,750,No
L48064,3,71,131,Preventive,8,750,No
L48065,3,70,130,Preventive,8,750,No
L48066,3,69,129,Preventive,8,750,No
H30301,4,68,128,Preventive,8,1600,No
M15748,4,65,125,Preventive,9,1200,No
L48069,4,64,124,Preventive,9,900,No
L48070,4,63,123,Preventive,9,900,No
L48071,4,62,122,Preventive,9,900,No
L48072,4,61,121,Preventive,9,900,No
M15753,4,60,120,Corrective,10,1200,No
L48074,4,58,118,Corrective,10,900,No
M15755,4,57,117,Corrective,10,1200,No
L48076,4,56,116,Corrective,10,900,No
L48077,4,55,115,Corrective,10,900,No
L48078,4,54,114,Corrective,11,900,No
H30313,4,53,113,Corrective,11,1600,No
L48080,5,50,110,Corrective,11,1050,No
H30315,5,49,109,Corrective,11,1750,No
L48082,5,47,107,Corrective,12,1050,No
L48083,7,46,106,Emergency,36,1350,Yes
H30318,5,45,105,Corrective,12,1750,No
L48085,5,42,102,Corrective,13,1050,No
M15766,5,41,101,Corrective,13,1350,No
M15767,5,40,100,Corrective,13,1350,No
M15768,5,38,98,Corrective,13,1350,No
L48089,5,37,97,Corrective,13,1050,No
L48090,5,36,96,Corrective,14,1050,No
M15771,5,35,95,Corrective,14,1350,No
L48092,5,33,93,Corrective,14,1050,No
L48093,6,32,92,Corrective,14,1200,No
M15774,6,31,91,Corrective,14,1500,No
M15775,6,30,90,Corrective,15,1500,No
M15776,6,28,88,Corrective,15,1500,No
L48097,6,27,87,Corrective,15,1200,No
M15778,6,26,86,Corrective,15,1500,No
L48099,6,24,84,Corrective,16,1200,No
M15780,6,23,83,Corrective,16,1500,No
H30335,6,22,82,Corrective,16,1900,No
M15782,6,19,79,Corrective,16,1500,No
M15783,6,18,78,Corrective,17,1500,No
L48104,6,16,76,Corrective,17,1200,No
H30339,7,15,75,Corrective,17,2050,No
L48106,9,13,73,Emergency,41,1650,Yes
H30341,1,120,180,Preventive,0,1150,No
L48108,1,118,178,Preventive,0,450,No
L48109,1,117,177,Preventive,0,450,No
M15790,1,116,176,Preventive,0,750,No
L48111,1,114,174,Preventive,1,450,No
L48112,1,113,173,Preventive,1,450,No
L48113,1,112,172,Preventive,1,450,No
M15794,1,111,171,Preventive,1,750,No
M15795,1,110,170,Preventive,1,750,No
M15796,1,108,168,Preventive,2,750,No
L48117,1,107,167,Preventive,2,450,No
L48118,1,106,166,Preventive,2,450,No
L48119,1,105,165,Preventive,2,450,No
L48120,1,104,164,Preventive,2,450,No
L48121,2,103,163,Preventive,2,600,No
M15802,2,102,162,Preventive,3,900,No
M15803,2,100,160,Preventive,3,900,No
M15804,2,99,159,Preventive,3,900,No
M15805,2,97,157,Preventive,3,900,No
L48126,2,96,156,Preventive,4,600,No
L48127,2,95,155,Preventive,4,600,No
M15808,2,94,154,Preventive,4,900,No
L48129,2,92,152,Preventive,4,600,No
L48130,2,91,151,Preventive,4,600,No
H30365,2,90,150,Preventive,5,1300,No
L48132,2,88,148,Preventive,5,600,No
L48133,2,87,147,Preventive,5,600,No
H30368,2,86,146,Preventive,5,1300,No
L48135,3,83,143,Preventive,6,750,No
H30370,3,82,142,Preventive,6,1450,No
M15817,3,80,140,Preventive,6,1050,No
L48138,3,78,138,Preventive,7,750,No
L48139,3,77,137,Preventive,7,750,No
L48140,3,76,136,Preventive,7,750,No
L48141,3,75,135,Preventive,7,750,No
M15822,3,74,134,Preventive,7,1050,No
L48143,3,73,133,Preventive,7,750,No
L48144,3,72,132,Preventive,8,750,No
L48145,3,71,131,Preventive,8,750,No
M15826,3,70,130,Preventive,8,1050,No
M15827,3,68,128,Preventive,8,1050,No
L48148,4,67,127,Preventive,8,900,No
L48149,4,66,126,Preventive,9,900,No
L48150,4,65,125,Preventive,9,900,No
L48151,4,64,124,Preventive,9,900,No
L48152,4,63,123,Preventive,9,900,No
L48153,4,62,122,Preventive,9,900,No
L48154,4,61,121,Preventive,9,900,No
M15835,4,60,120,Corrective,10,1200,No
M15836,4,58,118,Corrective,10,1200,No
L48157,4,57,117,Corrective,10,900,No
M15838,4,56,116,Corrective,10,1200,No
L48159,4,54,114,Corrective,11,900,No
L48160,4,53,113,Corrective,11,900,No
L48161,4,52,112,Corrective,11,900,No
L48162,4,51,111,Corrective,11,900,No
L48163,5,50,110,Corrective,11,1050,No
L48164,5,49,109,Corrective,11,1050,No
L48165,5,48,108,Corrective,12,1050,No
H30400,5,47,107,Corrective,12,1750,No
M15847,5,45,105,Corrective,12,1350,No
H30402,5,43,103,Corrective,12,1750,No
M15849,5,41,101,Corrective,13,1350,No
L48170,5,39,99,Corrective,13,1050,No
M15851,5,38,98,Corrective,13,1350,No
L48172,5,37,97,Corrective,13,1050,No
M15853,5,36,96,Corrective,14,1350,No
M15854,5,34,94,Corrective,14,1350,No
L48175,6,33,93,Corrective,14,1200,No
M15856,6,32,92,Corrective,14,1500,No
M15857,6,30,90,Corrective,15,1500,No
M15858,6,29,89,Corrective,15,1500,No
L48179,6,27,87,Corrective,15,1200,No
L48180,6,26,86,Corrective,15,1200,No
L48181,6,25,85,Corrective,15,1200,No
L48182,6,24,84,Corrective,16,1200,No
L48183,6,23,83,Corrective,16,1200,No
H30418,6,22,82,Corrective,16,1900,No
L48185,6,20,80,Corrective,16,1200,No
L48186,6,19,79,Corrective,16,1200,No
M15867,1,120,180,Preventive,0,750,No
L48188,1,119,179,Preventive,0,450,No
M15869,1,118,178,Preventive,0,750,No
M15870,1,116,176,Preventive,0,750,No
M15871,1,115,175,Preventive,0,750,No
M15872,1,113,173,Preventive,1,750,No
M15873,1,112,172,Preventive,1,750,No
L48194,1,110,170,Preventive,1,450,No
L48195,1,109,169,Preventive,1,450,No
M15876,3,108,168,Emergency,26,1050,Yes
L48197,1,107,167,Preventive,2,450,No
L48198,1,106,166,Preventive,2,450,No
L48199,1,105,165,Preventive,2,450,No
L48200,1,104,164,Preventive,2,450,No
M15881,2,103,163,Preventive,2,900,No
L48202,2,101,161,Preventive,3,600,No
L48203,2,100,160,Preventive,3,600,No
L48204,2,99,159,Preventive,3,600,No
L48205,2,98,158,Preventive,3,600,No
L48206,2,97,157,Preventive,3,600,No
M15887,2,96,156,Preventive,4,900,No
L48208,2,95,155,Preventive,4,600,No
M15889,2,94,154,Preventive,4,900,No
L48210,2,92,152,Preventive,4,600,No
L48211,2,91,151,Preventive,4,600,No
L48212,2,90,150,Preventive,5,600,No
H30447,2,89,149,Preventive,5,1300,No
M15894,2,87,147,Preventive,5,900,No
L48215,3,85,145,Preventive,5,750,No
M15896,3,84,144,Preventive,6,1050,No
H30451,3,83,143,Preventive,6,1450,No
L48218,3,80,140,Preventive,6,750,No
L48219,3,79,139,Preventive,6,750,No
L48220,3,78,138,Preventive,7,750,No
L48221,3,77,137,Preventive,7,750,No
L48222,3,76,136,Preventive,7,750,No
L48223,3,75,135,Preventive,7,750,No
L48224,3,74,134,Preventive,7,750,No
H30459,3,73,133,Preventive,7,1450,No
L48226,3,71,131,Preventive,8,750,No
M15907,3,70,130,Preventive,8,1050,No
L48228,3,68,128,Preventive,8,750,No
L48229,4,67,127,Preventive,8,900,No
L48230,4,66,126,Preventive,9,900,No
L48231,4,65,125,Preventive,9,900,No
L48232,4,64,124,Preventive,9,900,No
M15913,4,63,123,Preventive,9,1200,No
H30468,4,62,122,Preventive,9,1600,No
L48235,4,59,119,Corrective,10,900,No
L48236,4,58,118,Corrective,10,900,No
L48237,4,57,117,Corrective,10,900,No
L48238,4,56,116,Corrective,10,900,No
M15919,4,55,115,Corrective,10,1200,No
H30474,4,54,114,Corrective,11,1600,No
L48241,4,51,111,Corrective,11,900,No
L48242,5,50,110,Corrective,11,1050,No
M15923,5,49,109,Corrective,11,1350,No
M15924,5,48,108,Corrective,12,1350,No
L48245,5,46,106,Corrective,12,1050,No
M15926,5,45,105,Corrective,12,1350,No
L48247,5,44,104,Corrective,12,1050,No
L48248,5,43,103,Corrective,12,1050,No
M15929,5,42,102,Corrective,13,1350,No
M15930,5,40,100,Corrective,13,1350,No
L48251,5,39,99,Corrective,13,1050,No
M15932,5,38,98,Corrective,13,1350,No
L48253,5,36,96,Corrective,14,1050,No
L48254,5,35,95,Corrective,14,1050,No
H30489,5,34,94,Corrective,14,1750,No
L48256,6,32,92,Corrective,14,1200,No
L48257,6,31,91,Corrective,14,1200,No
H30492,6,30,90,Corrective,15,1900,No
L48259,6,27,87,Corrective,15,1200,No
L48260,6,26,86,Corrective,15,1200,No
L48261,6,25,85,Corrective,15,1200,No
H30496,6,24,84,Corrective,16,1900,No
L48263,6,22,82,Corrective,16,1200,No
M15944,6,21,81,Corrective,16,1500,No
L48265,8,19,79,Emergency,40,1500,Yes
L48266,6,18,78,Corrective,17,1200,No
H30501,8,17,77,Emergency,41,2200,Yes
M15948,1,120,180,Preventive,0,750,No
M15949,1,119,179,Preventive,0,750,No
L48270,1,117,177,Preventive,0,450,No
L48271,1,116,176,Preventive,0,450,No
M15952,1,115,175,Preventive,0,750,No
M15953,1,114,174,Preventive,1,750,No
L48274,1,112,172,Preventive,1,450,No
L48275,3,111,171,Emergency,25,750,Yes
L48276,1,110,170,Preventive,1,450,No
H30511,1,109,169,Preventive,1,1150,No
M15958,1,107,167,Preventive,2,750,No
M15959,1,105,165,Preventive,2,750,No
H30514,1,104,164,Preventive,2,1150,No
H30515,2,101,161,Preventive,3,1300,No
L48282,2,99,159,Preventive,3,600,No
M15963,2,98,158,Preventive,3,900,No
L48284,2,96,156,Preventive,4,600,No
M15965,2,95,155,Preventive,4,900,No
L48286,2,94,154,Preventive,4,600,No
M15967,2,93,153,Preventive,4,900,No
L48288,2,91,151,Preventive,4,600,No
L48289,2,90,150,Preventive,5,600,No
L48290,2,89,149,Preventive,5,600,No
H30525,2,88,148,Preventive,5,1300,No
M15972,2,86,146,Preventive,5,900,No
M15973,3,84,144,Preventive,6,1050,No
H30528,3,83,143,Preventive,6,1450,No
M15975,3,80,140,Preventive,6,1050,No
L48296,3,79,139,Preventive,6,750,No
L48297,3,78,138,Preventive,7,750,No
L48298,3,77,137,Preventive,7,750,No
L48299,3,76,136,Preventive,7,750,No
H30534,3,75,135,Preventive,7,1450,No
L48301,3,72,132,Preventive,8,750,No
L48302,3,71,131,Preventive,8,750,No
H30537,5,70,130,Emergency,32,1750,Yes
M15984,6,68,128,Emergency,32,1500,Yes
M15985,4,66,126,Preventive,9,1200,No
L48306,4,65,125,Preventive,9,900,No
M15987,4,64,124,Preventive,9,1200,No
M15988,4,62,122,Preventive,9,1200,No
L48309,4,61,121,Preventive,9,900,No
L48310,4,60,120,Corrective,10,900,No
L48311,4,59,119,Corrective,10,900,No
L48312,4,58,118,Corrective,10,900,No
M15993,4,57,117,Corrective,10,1200,No
M15994,4,55,115,Corrective,10,1200,No
L48315,4,54,114,Corrective,11,900,No
L48316,4,53,113,Corrective,11,900,No
L48317,4,52,112,Corrective,11,900,No
L48318,4,51,111,Corrective,11,900,No
M15999,5,50,110,Corrective,11,1350,No
M16000,5,48,108,Corrective,12,1350,No
L48321,5,47,107,Corrective,12,1050,No
L48322,5,46,106,Corrective,12,1050,No
L48323,5,45,105,Corrective,12,1050,No
L48324,7,44,104,Emergency,36,1350,Yes
L48325,5,43,103,Corrective,12,1050,No
L48326,5,42,102,Corrective,13,1050,No
M16007,5,41,101,Corrective,13,1350,No
L48328,5,39,99,Corrective,13,1050,No
L48329,5,38,98,Corrective,13,1050,No
L48330,5,37,97,Corrective,13,1050,No
L48331,5,36,96,Corrective,14,1050,No
L48332,5,35,95,Corrective,14,1050,No
H30567,5,34,94,Corrective,14,1750,No
L48334,6,32,92,Corrective,14,1200,No
H30569,6,31,91,Corrective,14,1900,No
H30570,6,28,88,Corrective,15,1900,No
L48337,6,26,86,Corrective,15,1200,No
L48338,6,25,85,Corrective,15,1200,No
L48339,6,24,84,Corrective,16,1200,No
H30574,6,23,83,Corrective,16,1900,No
L48341,8,20,80,Emergency,40,1500,Yes
L48342,8,19,79,Emergency,40,1500,Yes
L48343,6,18,78,Corrective,17,1200,No
L48344,6,17,77,Corrective,17,1200,No
L48345,6,16,76,Corrective,17,1200,No
M16026,7,15,75,Corrective,17,1650,No
L48347,9,14,74,Emergency,41,1650,Yes
L48348,7,13,73,Corrective,17,1350,No
L48349,7,12,72,Corrective,18,1350,No
M16030,7,11,71,Corrective,18,1650,No
H30585,7,9,69,Corrective,18,2050,No
L48352,7,7,67,Corrective,18,1350,No
H30587,7,6,66,Corrective,19,2050,No
M16034,1,120,180,Preventive,0,750,No
M16035,1,119,179,Preventive,0,750,No
M16036,1,117,177,Preventive,0,750,No
M16037,1,116,176,Preventive,0,750,No
L48358,1,114,174,Preventive,1,450,No
L48359,1,113,173,Preventive,1,450,No
H30594,1,112,172,Preventive,1,1150,No
L48361,1,110,170,Preventive,1,450,No
L48362,1,109,169,Preventive,1,450,No
L48363,1,108,168,Preventive,2,450,No
L48364,1,107,167,Preventive,2,450,No
L48365,1,106,166,Preventive,2,450,No
L48366,1,105,165,Preventive,2,450,No
M16047,1,104,164,Preventive,2,750,No
L48368,2,102,162,Preventive,3,600,No
M16049,2,101,161,Preventive,3,900,No
L48370,2,100,160,Preventive,3,600,No
M16051,2,99,159,Preventive,3,900,No
M16052,2,97,157,Preventive,3,900,No
L48373,2,96,156,Preventive,4,600,No
M16054,2,95,155,Preventive,4,900,No
M16055,2,93,153,Preventive,4,900,No
M16056,2,92,152,Preventive,4,900,No
M16057,2,90,150,Preventive,5,900,No
H30612,2,89,149,Preventive,5,1300,No
M16059,2,86,146,Preventive,5,900,No
M16060,3,85,145,Preventive,5,1050,No
L48381,3,83,143,Preventive,6,750,No
M16062,3,82,142,Preventive,6,1050,No
H30617,3,81,141,Preventive,6,1450,No
L48384,3,78,138,Preventive,7,750,No
L48385,3,77,137,Preventive,7,750,No
H30620,3,76,136,Preventive,7,1450,No
M16067,3,74,134,Preventive,7,1050,No
L48388,3,72,132,Preventive,8,750,No
H30623,3,71,131,Preventive,8,1450,No
L48390,3,69,129,Preventive,8,750,No
H30625,4,68,128,Preventive,8,1600,No
L48392,4,65,125,Preventive,9,900,No
M16073,4,64,124,Preventive,9,1200,No
M16074,4,63,123,Preventive,9,1200,No
L48395,4,61,121,Preventive,9,900,No
L48396,4,60,120,Corrective,10,900,No
L48397,4,59,119,Corrective,10,900,No
M16078,4,58,118,Corrective,10,1200,No
M16079,4,57,117,Corrective,10,1200,No
L48400,4,55,115,Corrective,10,900,No
M16081,4,54,114,Corrective,11,1200,No
L48402,4,53,113,Corrective,11,900,No
L48403,4,52,112,Corrective,11,900,No
L48404,4,51,111,Corrective,11,900,No
H30639,5,50,110,Corrective,11,1750,No
L48406,5,47,107,Corrective,12,1050,No
L48407,5,46,106,Corrective,12,1050,No
M16088,5,45,105,Corrective,12,1350,No
L48409,5,44,104,Corrective,12,1050,No
M16090,5,43,103,Corrective,12,1350,No
M16091,5,41,101,Corrective,13,1350,No
L48412,5,40,100,Corrective,13,1050,No
M16093,5,39,99,Corrective,13,1350,No
H30648,5,37,97,Corrective,13,1750,No
H30649,5,35,95,Corrective,14,1750,No
H30650,6,32,92,Corrective,14,1900,No
M16097,6,30,90,Corrective,15,1500,No
M16098,6,28,88,Corrective,15,1500,No
H30653,6,27,87,Corrective,15,1900,No
L48420,6,24,84,Corrective,16,1200,No
M16101,6,23,83,Corrective,16,1500,No
L48422,6,22,82,Corrective,16,1200,No
M16103,6,21,81,Corrective,16,1500,No
L48424,6,19,79,Corrective,16,1200,No
M16105,6,18,78,Corrective,17,1500,No
H30660,6,17,77,Corrective,17,1900,No
L48427,7,14,74,Corrective,17,1350,No
L48428,7,13,73,Corrective,17,1350,No
L48429,7,12,72,Corrective,18,1350,No
L48430,7,11,71,Corrective,18,1350,No
M16111,7,10,70,Corrective,18,1650,No
L48432,7,9,69,Corrective,18,1350,No
L48433,1,120,180,Preventive,0,450,No
H30668,1,119,179,Preventive,0,1150,No
H30669,1,117,177,Preventive,0,1150,No
M16116,1,114,174,Preventive,1,750,No
L48437,1,113,173,Preventive,1,450,No
L48438,1,112,172,Preventive,1,450,No
M16119,1,111,171,Preventive,1,750,No
L48440,1,109,169,Preventive,1,450,No
H30675,1,108,168,Preventive,2,1150,No
H30676,1,106,166,Preventive,2,1150,No
L48443,1,103,163,Preventive,2,450,No
M16124,2,102,162,Preventive,3,900,No
L48445,2,101,161,Preventive,3,600,No
L48446,2,100,160,Preventive,3,600,No
M16127,2,99,159,Preventive,3,900,No
L48448,2,97,157,Preventive,3,600,No
L48449,2,96,156,Preventive,4,600,No
M16130,2,95,155,Preventive,4,900,No
H30685,2,94,154,Preventive,4,1300,No
H30686,2,91,151,Preventive,4,1300,No
L48453,2,89,149,Preventive,5,600,No
H30688,2,88,148,Preventive,5,1300,No
M16135,3,85,145,Preventive,5,1050,No
M16136,3,84,144,Preventive,6,1050,No
M16137,3,82,142,Preventive,6,1050,No
L48458,3,81,141,Preventive,6,750,No
M16139,3,80,140,Preventive,6,1050,No
H30694,3,78,138,Preventive,7,1450,No
H30695,3,76,136,Preventive,7,1450,No
L48462,3,73,133,Preventive,7,750,No
L48463,3,72,132,Preventive,8,750,No
L48464,5,71,131,Emergency,32,1050,Yes
M16145,3,70,130,Preventive,8,1050,No
L48466,3,69,129,Preventive,8,750,No
L48467,4,68,128,Preventive,8,900,No
M16148,4,67,127,Preventive,8,1200,No
M16149,4,65,125,Preventive,9,1200,No
L48470,4,64,124,Preventive,9,900,No
M16151,4,63,123,Preventive,9,1200,No
M16152,4,61,121,Preventive,9,1200,No
H30707,4,60,120,Corrective,10,1600,No
L48474,4,57,117,Corrective,10,900,No
L48475,4,56,116,Corrective,10,900,No
L48476,4,55,115,Corrective,10,900,No
L48477,4,54,114,Corrective,11,900,No
M16158,4,53,113,Corrective,11,1200,No
M16159,4,52,112,Corrective,11,1200,No
L48480,5,50,110,Corrective,11,1050,No
L48481,5,49,109,Corrective,11,1050,No
L48482,5,48,108,Corrective,12,1050,No
L48483,5,47,107,Corrective,12,1050,No
L48484,5,46,106,Corrective,12,1050,No
L48485,5,45,105,Corrective,12,1050,No
L48486,5,44,104,Corrective,12,1050,No
L48487,5,43,103,Corrective,12,1050,No
L48488,5,42,102,Corrective,13,1050,No
L48489,5,41,101,Corrective,13,1050,No
L48490,5,40,100,Corrective,13,1050,No
L48491,5,39,99,Corrective,13,1050,No
L48492,5,38,98,Corrective,13,1050,No
L48493,5,37,97,Corrective,13,1050,No
M16174,5,36,96,Corrective,14,1350,No
L48495,5,35,95,Corrective,14,1050,No
L48496,5,34,94,Corrective,14,1050,No
L48497,6,33,93,Corrective,14,1200,No
M16178,6,32,92,Corrective,14,1500,No
L48499,6,30,90,Corrective,15,1200,No
M16180,6,29,89,Corrective,15,1500,No
L48501,6,28,88,Corrective,15,1200,No
H30736,6,27,87,Corrective,15,1900,No
L48503,6,24,84,Corrective,16,1200,No
M16184,8,23,83,Emergency,40,1800,Yes
H30739,6,22,82,Corrective,16,1900,No
L48506,6,19,79,Corrective,16,1200,No
L48507,6,18,78,Corrective,17,1200,No
M16188,6,17,77,Corrective,17,1500,No
H30743,6,16,76,Corrective,17,1900,No
L48510,7,13,73,Corrective,17,1350,No
H30745,7,12,72,Corrective,18,2050,No
L48512,7,10,70,Corrective,18,1350,No
M16193,7,9,69,Corrective,18,1650,No
L48514,9,7,67,Emergency,42,1650,Yes
L48515,9,6,66,Emergency,43,1650,Yes
L48516,7,5,65,Corrective,19,1350,No
H30751,1,120,180,Preventive,0,1150,No
L48518,1,118,178,Preventive,0,450,No
M16199,1,117,177,Preventive,0,750,No
L48520,1,115,175,Preventive,0,450,No
M16201,1,114,174,Preventive,1,750,No
M16202,1,113,173,Preventive,1,750,No
L48523,1,111,171,Preventive,1,450,No
L48524,1,110,170,Preventive,1,450,No
L48525,1,109,169,Preventive,1,450,No
L48526,1,108,168,Preventive,2,450,No
L48527,1,107,167,Preventive,2,450,No
L48528,1,106,166,Preventive,2,450,No
L48529,1,105,165,Preventive,2,450,No
L48530,1,104,164,Preventive,2,450,No
L48531,1,103,163,Preventive,2,450,No
M16212,2,102,162,Preventive,3,900,No
M16213,2,101,161,Preventive,3,900,No
L48534,2,99,159,Preventive,3,600,No
M16215,2,98,158,Preventive,3,900,No
L48536,2,97,157,Preventive,3,600,No
L48537,2,96,156,Preventive,4,600,No
M16218,2,95,155,Preventive,4,900,No
L48539,2,93,153,Preventive,4,600,No
H30774,2,92,152,Preventive,4,1300,No
M16221,2,90,150,Preventive,5,900,No
L48542,2,88,148,Preventive,5,600,No
L48543,2,87,147,Preventive,5,600,No
L48544,2,86,146,Preventive,5,600,No
L48545,3,85,145,Preventive,5,750,No
M16226,3,84,144,Preventive,6,1050,No
M16227,3,83,143,Preventive,6,1050,No
H30782,3,81,141,Preventive,6,1450,No
M16229,3,79,139,Preventive,6,1050,No
L48550,3,77,137,Preventive,7,750,No
M16231,3,76,136,Preventive,7,1050,No
M16232,3,75,135,Preventive,7,1050,No
M16233,3,73,133,Preventive,7,1050,No
L48554,3,72,132,Preventive,8,750,No
M16235,3,71,131,Preventive,8,1050,No
M16236,3,69,129,Preventive,8,1050,No
L48557,4,68,128,Preventive,8,900,No
H30792,4,67,127,Preventive,8,1600,No
L48559,4,64,124,Preventive,9,900,No
L48560,4,63,123,Preventive,9,900,No
M16241,4,62,122,Preventive,9,1200,No
L48562,4,61,121,Preventive,9,900,No
M16243,4,60,120,Corrective,10,1200,No
L48564,4,58,118,Corrective,10,900,No
M16245,4,57,117,Corrective,10,1200,No
L48566,4,56,116,Corrective,10,900,No
L48567,4,55,115,Corrective,10,900,No
H30802,4,54,114,Corrective,11,1600,No
L48569,4,51,111,Corrective,11,900,No
L48570,5,50,110,Corrective,11,1050,No
L48571,7,49,109,Emergency,35,1350,Yes
M16252,5,48,108,Corrective,12,1350,No
L48573,5,47,107,Corrective,12,1050,No
L48574,5,46,106,Corrective,12,1050,No
L48575,5,45,105,Corrective,12,1050,No
L48576,5,44,104,Corrective,12,1050,No
L48577,5,43,103,Corrective,12,1050,No
L48578,5,42,102,Corrective,13,1050,No
L48579,5,41,101,Corrective,13,1050,No
H30814,5,40,100,Corrective,13,1750,No
H30815,5,37,97,Corrective,13,1750,No
M16262,5,35,95,Corrective,14,1350,No
L48583,5,33,93,Corrective,14,1050,No
M16264,6,32,92,Corrective,14,1500,No
L48585,6,31,91,Corrective,14,1200,No
L48586,6,30,90,Corrective,15,1200,No
L48587,6,29,89,Corrective,15,1200,No
L48588,6,28,88,Corrective,15,1200,No
L48589,6,27,87,Corrective,15,1200,No
M16270,6,26,86,Corrective,15,1500,No
L48591,6,24,84,Corrective,16,1200,No
M16272,6,23,83,Corrective,16,1500,No
M16273,6,22,82,Corrective,16,1500,No
M16274,6,20,80,Corrective,16,1500,No
L48595,6,19,79,Corrective,16,1200,No
M16276,6,18,78,Corrective,17,1500,No
L48597,6,16,76,Corrective,17,1200,No
L48598,7,15,75,Corrective,17,1350,No
L48599,9,14,74,Emergency,41,1650,Yes
M16280,7,13,73,Corrective,17,1650,No
L48601,7,12,72,Corrective,18,1350,No
L48602,1,120,180,Preventive,0,450,No
L48603,1,119,179,Preventive,0,450,No
L48604,1,118,178,Preventive,0,450,No
L48605,1,117,177,Preventive,0,450,No
M16286,1,116,176,Preventive,0,750,No
L48607,1,115,175,Preventive,0,450,No
L48608,1,114,174,Preventive,1,450,No
M16289,1,113,173,Preventive,1,750,No
L48610,1,111,171,Preventive,1,450,No
M16291,1,110,170,Preventive,1,750,No
L48612,1,109,169,Preventive,1,450,No
L48613,1,108,168,Preventive,2,450,No
M16294,1,107,167,Preventive,2,750,No
H30849,1,105,165,Preventive,2,1150,No
H30850,2,103,163,Preventive,2,1300,No
H30851,4,100,160,Emergency,27,1600,Yes
L48618,2,98,158,Preventive,3,600,No
M16299,2,97,157,Preventive,3,900,No
M16300,2,95,155,Preventive,4,900,No
L48621,2,94,154,Preventive,4,600,No
M16302,2,93,153,Preventive,4,900,No
L48623,2,91,151,Preventive,4,600,No
L48624,2,90,150,Preventive,5,600,No
L48625,2,89,149,Preventive,5,600,No
M16306,2,88,148,Preventive,5,900,No
M16307,2,87,147,Preventive,5,900,No
M16308,3,85,145,Preventive,5,1050,No
H30863,3,84,144,Preventive,6,1450,No
M16310,3,81,141,Preventive,6,1050,No
L48631,3,80,140,Preventive,6,750,No
L48632,3,79,139,Preventive,6,750,No
L48633,3,78,138,Preventive,7,750,No
L48634,3,77,137,Preventive,7,750,No
L48635,3,76,136,Preventive,7,750,No
L48636,3,75,135,Preventive,7,750,No
L48637,3,74,134,Preventive,7,750,No
L48638,3,73,133,Preventive,7,750,No
L48639,3,72,132,Preventive,8,750,No
L48640,3,71,131,Preventive,8,750,No
L48641,3,70,130,Preventive,8,750,No
L48642,3,69,129,Preventive,8,750,No
L48643,4,68,128,Preventive,8,900,No
L48644,4,67,127,Preventive,8,900,No
L48645,4,66,126,Preventive,9,900,No
L48646,4,65,125,Preventive,9,900,No
L48647,4,64,124,Preventive,9,900,No
M16328,4,63,123,Preventive,9,1200,No
L48649,4,61,121,Preventive,9,900,No
L48650,4,60,120,Corrective,10,900,No
L48651,4,59,119,Corrective,10,900,No
M16332,4,58,118,Corrective,10,1200,No
M16333,4,57,117,Corrective,10,1200,No
M16334,4,55,115,Corrective,10,1200,No
M16335,4,54,114,Corrective,11,1200,No
L48656,4,52,112,Corrective,11,900,No
L48657,4,51,111,Corrective,11,900,No
L48658,5,50,110,Corrective,11,1050,No
L48659,5,49,109,Corrective,11,1050,No
M16340,5,48,108,Corrective,12,1350,No
M16341,5,47,107,Corrective,12,1350,No
M16342,5,45,105,Corrective,12,1350,No
L48663,5,44,104,Corrective,12,1050,No
M16344,5,43,103,Corrective,12,1350,No
M16345,5,41,101,Corrective,13,1350,No
M16346,5,40,100,Corrective,13,1350,No
L48667,5,38,98,Corrective,13,1050,No
L48668,5,37,97,Corrective,13,1050,No
M16349,5,36,96,Corrective,14,1350,No
L48670,5,35,95,Corrective,14,1050,No
M16351,5,34,94,Corrective,14,1350,No
M16352,8,32,92,Emergency,38,1800,Yes
L48673,6,31,91,Corrective,14,1200,No
M16354,6,30,90,Corrective,15,1500,No
H30909,6,28,88,Corrective,15,1900,No
L48676,8,26,86,Emergency,39,1500,Yes
L48677,6,25,85,Corrective,15,1200,No
L48678,6,24,84,Corrective,16,1200,No
M16359,6,23,83,Corrective,16,1500,No
M16360,6,21,81,Corrective,16,1500,No
M16361,6,20,80,Corrective,16,1500,No
L48682,6,18,78,Corrective,17,1200,No
L48683,6,17,77,Corrective,17,1200,No
L48684,6,16,76,Corrective,17,1200,No
L48685,7,15,75,Corrective,17,1350,No
L48686,7,14,74,Corrective,17,1350,No
M16367,7,13,73,Corrective,17,1650,No
M16368,7,12,72,Corrective,18,1650,No
L48689,9,10,70,Emergency,42,1650,Yes
M16370,1,120,180,Preventive,0,750,No
L48691,1,119,179,Preventive,0,450,No
H30926,1,118,178,Preventive,0,1150,No
L48693,1,115,175,Preventive,0,450,No
M16374,1,114,174,Preventive,1,750,No
M16375,1,113,173,Preventive,1,750,No
L48696,1,111,171,Preventive,1,450,No
M16377,1,110,170,Preventive,1,750,No
H30932,1,109,169,Preventive,1,1150,No
M16379,1,106,166,Preventive,2,750,No
L48700,1,105,165,Preventive,2,450,No
M16381,1,104,164,Preventive,2,750,No
H30936,2,102,162,Preventive,3,1300,No
L48703,2,100,160,Preventive,3,600,No
L48704,2,99,159,Preventive,3,600,No
L48705,2,98,158,Preventive,3,600,No
L48706,2,97,157,Preventive,3,600,No
H30941,2,96,156,Preventive,4,1300,No
L48708,2,93,153,Preventive,4,600,No
L48709,2,92,152,Preventive,4,600,No
L48710,2,91,151,Preventive,4,600,No
H30945,2,90,150,Preventive,5,1300,No
M16392,2,88,148,Preventive,5,900,No
M16393,2,86,146,Preventive,5,900,No
L48714,3,85,145,Preventive,5,750,No
L48715,3,84,144,Preventive,6,750,No
M16396,3,83,143,Preventive,6,1050,No
M16397,3,81,141,Preventive,6,1050,No
L48718,3,80,140,Preventive,6,750,No
M16399,3,79,139,Preventive,6,1050,No
M16400,3,77,137,Preventive,7,1050,No
L48721,3,76,136,Preventive,7,750,No
L48722,3,75,135,Preventive,7,750,No
L48723,3,74,134,Preventive,7,750,No
L48724,3,73,133,Preventive,7,750,No
M16405,3,72,132,Preventive,8,1050,No
L48726,3,70,130,Preventive,8,750,No
L48727,3,69,129,Preventive,8,750,No
M16408,3,68,128,Preventive,8,1050,No
L48729,4,67,127,Preventive,8,900,No
L48730,4,66,126,Preventive,9,900,No
L48731,4,65,125,Preventive,9,900,No
L48732,4,64,124,Preventive,9,900,No
L48733,4,63,123,Preventive,9,900,No
M16414,4,62,122,Preventive,9,1200,No
L48735,4,60,120,Corrective,10,900,No
H30970,4,59,119,Corrective,10,1600,No
L48737,4,57,117,Corrective,10,900,No
M16418,4,56,116,Corrective,10,1200,No
L48739,4,54,114,Corrective,11,900,No
M16420,4,53,113,Corrective,11,1200,No
L48741,4,52,112,Corrective,11,900,No
L48742,4,51,111,Corrective,11,900,No
L48743,5,50,110,Corrective,11,1050,No
M16424,5,49,109,Corrective,11,1350,No
L48745,5,47,107,Corrective,12,1050,No
M16426,5,46,106,Corrective,12,1350,No
L48747,5,45,105,Corrective,12,1050,No
L48748,5,44,104,Corrective,12,1050,No
M16429,5,43,103,Corrective,12,1350,No
L48750,5,41,101,Corrective,13,1050,No
L48751,5,40,100,Corrective,13,1050,No
L48752,5,39,99,Corrective,13,1050,No
L48753,5,38,98,Corrective,13,1050,No
L48754,5,37,97,Corrective,13,1050,No
L48755,5,36,96,Corrective,14,1050,No
L48756,5,35,95,Corrective,14,1050,No
L48757,5,34,94,Corrective,14,1050,No
L48758,5,33,93,Corrective,14,1050,No
L48759,6,32,92,Corrective,14,1200,No
M16440,6,31,91,Corrective,14,1500,No
M16441,6,30,90,Corrective,15,1500,No
H30996,6,28,88,Corrective,15,1900,No
L48763,8,26,86,Emergency,39,1500,Yes
M16444,6,25,85,Corrective,15,1500,No
L48765,6,23,83,Corrective,16,1200,No
M16446,6,22,82,Corrective,16,1500,No
M16447,6,21,81,Corrective,16,1500,No
L48768,6,19,79,Corrective,16,1200,No
M16449,6,18,78,Corrective,17,1500,No
L48770,6,17,77,Corrective,17,1200,No
L48771,6,16,76,Corrective,17,1200,No
L48772,7,15,75,Corrective,17,1350,No
L48773,7,14,74,Corrective,17,1350,No
M16454,7,13,73,Corrective,17,1650,No
L48775,9,11,71,Emergency,42,1650,Yes
L48776,1,120,180,Preventive,0,450,No
L48777,1,119,179,Preventive,0,450,No
L48778,1,118,178,Preventive,0,450,No
L48779,1,117,177,Preventive,0,450,No
M16460,1,116,176,Preventive,0,750,No
L48781,1,115,175,Preventive,0,450,No
H31016,1,114,174,Preventive,1,1150,No
M16463,1,111,171,Preventive,1,750,No
L48784,1,110,170,Preventive,1,450,No
L48785,1,109,169,Preventive,1,450,No
L48786,1,108,168,Preventive,2,450,No
L48787,1,107,167,Preventive,2,450,No
L48788,1,106,166,Preventive,2,450,No
L48789,1,105,165,Preventive,2,450,No
L48790,1,104,164,Preventive,2,450,No
M16471,2,103,163,Preventive,2,900,No
M16472,2,101,161,Preventive,3,900,No
L48793,2,100,160,Preventive,3,600,No
M16474,2,99,159,Preventive,3,900,No
L48795,2,97,157,Preventive,3,600,No
H31030,2,96,156,Preventive,4,1300,No
L48797,2,94,154,Preventive,4,600,No
L48798,2,93,153,Preventive,4,600,No
L48799,2,92,152,Preventive,4,600,No
L48800,2,91,151,Preventive,4,600,No
L48801,2,90,150,Preventive,5,600,No
H31036,2,89,149,Preventive,5,1300,No
L48803,2,86,146,Preventive,5,600,No
M16484,3,85,145,Preventive,5,1050,No
L48805,3,84,144,Preventive,6,750,No
M16486,3,83,143,Preventive,6,1050,No
L48807,3,81,141,Preventive,6,750,No
L48808,3,80,140,Preventive,6,750,No
M16489,3,79,139,Preventive,6,1050,No
L48810,3,78,138,Preventive,7,750,No
L48811,3,77,137,Preventive,7,750,No
L48812,3,76,136,Preventive,7,750,No
L48813,3,75,135,Preventive,7,750,No
H31048,3,74,134,Preventive,7,1450,No
L48815,3,71,131,Preventive,8,750,No
L48816,3,70,130,Preventive,8,750,No
L48817,3,69,129,Preventive,8,750,No
L48818,3,68,128,Preventive,8,750,No
M16499,4,67,127,Preventive,8,1200,No
L48820,4,66,126,Preventive,9,900,No
M16501,4,65,125,Preventive,9,1200,No
H31056,4,63,123,Preventive,9,1600,No
L48823,4,61,121,Preventive,9,900,No
L48824,4,60,120,Corrective,10,900,No
L48825,4,59,119,Corrective,10,900,No
M16506,4,58,118,Corrective,10,1200,No
L48827,4,56,116,Corrective,10,900,No
L48828,4,55,115,Corrective,10,900,No
H31063,4,54,114,Corrective,11,1600,No
M16510,4,52,112,Corrective,11,1200,No
L48831,5,50,110,Corrective,11,1050,No
H31066,5,49,109,Corrective,11,1750,No
L48833,5,47,107,Corrective,12,1050,No
L48834,5,46,106,Corrective,12,1050,No
M16515,5,45,105,Corrective,12,1350,No
L48836,5,43,103,Corrective,12,1050,No
M16517,5,42,102,Corrective,13,1350,No
H31072,5,41,101,Corrective,13,1750,No
L48839,5,38,98,Corrective,13,1050,No
L48840,5,37,97,Corrective,13,1050,No
M16521,5,36,96,Corrective,14,1350,No
H31076,5,35,95,Corrective,14,1750,No
M16523,6,32,92,Corrective,14,1500,No
L48844,6,31,91,Corrective,14,1200,No
H31079,6,30,90,Corrective,15,1900,No
L48846,6,27,87,Corrective,15,1200,No
L48847,6,26,86,Corrective,15,1200,No
L48848,6,25,85,Corrective,15,1200,No
L48849,6,24,84,Corrective,16,1200,No
L48850,6,23,83,Corrective,16,1200,No
L48851,6,22,82,Corrective,16,1200,No
L48852,6,21,81,Corrective,16,1200,No
M16533,6,20,80,Corrective,16,1500,No
L48854,6,19,79,Corrective,16,1200,No
L48855,6,18,78,Corrective,17,1200,No
H31090,6,17,77,Corrective,17,1900,No
M16537,7,14,74,Corrective,17,1650,No
L48858,7,13,73,Corrective,17,1350,No
L48859,7,12,72,Corrective,18,1350,No
M16540,7,11,71,Corrective,18,1650,No
M16541,7,9,69,Corrective,18,1650,No
H31096,9,8,68,Emergency,42,2350,Yes
M16543,1,120,180,Preventive,0,750,No
L48864,1,119,179,Preventive,0,450,No
L48865,1,118,178,Preventive,0,450,No
H31100,1,117,177,Preventive,0,1150,No
L48867,1,114,174,Preventive,1,450,No
L48868,1,113,173,Preventive,1,450,No
L48869,1,112,172,Preventive,1,450,No
M16550,1,111,171,Preventive,1,750,No
L48871,1,110,170,Preventive,1,450,No
M16552,1,109,169,Preventive,1,750,No
H31107,1,107,167,Preventive,2,1150,No
L48874,1,105,165,Preventive,2,450,No
L48875,1,104,164,Preventive,2,450,No
L48876,2,103,163,Preventive,2,600,No
M16557,2,102,162,Preventive,3,900,No
L48878,2,100,160,Preventive,3,600,No
L48879,2,99,159,Preventive,3,600,No
M16560,2,98,158,Preventive,3,900,No
L48881,2,97,157,Preventive,3,600,No
L48882,2,96,156,Preventive,4,600,No
M16563,2,95,155,Preventive,4,900,No
M16564,2,93,153,Preventive,4,900,No
M16565,2,92,152,Preventive,4,900,No
L48886,2,90,150,Preventive,5,600,No
L48887,2,89,149,Preventive,5,600,No
L48888,2,88,148,Preventive,5,600,No
L48889,2,87,147,Preventive,5,600,No
L48890,2,86,146,Preventive,5,600,No
L48891,3,85,145,Preventive,5,750,No
L48892,3,84,144,Preventive,6,750,No
L48893,3,83,143,Preventive,6,750,No
L48894,3,82,142,Preventive,6,750,No
L48895,3,81,141,Preventive,6,750,No
L48896,3,80,140,Preventive,6,750,No
L48897,3,79,139,Preventive,6,750,No
M16578,3,78,138,Preventive,7,1050,No
L48899,3,77,137,Preventive,7,750,No
L48900,3,76,136,Preventive,7,750,No
L48901,3,75,135,Preventive,7,750,No
M16582,3,74,134,Preventive,7,1050,No
L48903,3,72,132,Preventive,8,750,No
M16584,3,71,131,Preventive,8,1050,No
M16585,3,70,130,Preventive,8,1050,No
L48906,3,68,128,Preventive,8,750,No
M16587,4,67,127,Preventive,8,1200,No
L48908,4,66,126,Preventive,9,900,No
M16589,4,65,125,Preventive,9,1200,No
M16590,4,63,123,Preventive,9,1200,No
M16591,4,62,122,Preventive,9,1200,No
H31146,4,60,120,Corrective,10,1600,No
L48913,4,58,118,Corrective,10,900,No
M16594,4,57,117,Corrective,10,1200,No
L48915,4,55,115,Corrective,10,900,No
L48916,4,54,114,Corrective,11,900,No
L48917,4,53,113,Corrective,11,900,No
H31152,4,52,112,Corrective,11,1600,No
H31153,5,50,110,Corrective,11,1750,No
M16600,5,47,107,Corrective,12,1350,No
M16601,5,46,106,Corrective,12,1350,No
L48922,5,44,104,Corrective,12,1050,No
M16603,5,43,103,Corrective,12,1350,No
M16604,5,42,102,Corrective,13,1350,No
L48925,5,40,100,Corrective,13,1050,No
L48926,5,39,99,Corrective,13,1050,No
L48927,5,38,98,Corrective,13,1050,No
H31162,5,37,97,Corrective,13,1750,No
L48929,5,35,95,Corrective,14,1050,No
M16610,5,34,94,Corrective,14,1350,No
L48931,6,32,92,Corrective,14,1200,No
L48932,6,31,91,Corrective,14,1200,No
L48933,6,30,90,Corrective,15,1200,No
M16614,6,29,89,Corrective,15,1500,No
L48935,6,28,88,Corrective,15,1200,No
M16616,6,27,87,Corrective,15,1500,No
M16617,6,25,85,Corrective,15,1500,No
L48938,6,24,84,Corrective,16,1200,No
H31173,6,23,83,Corrective,16,1900,No
L48940,6,20,80,Corrective,16,1200,No
L48941,6,19,79,Corrective,16,1200,No
H31176,6,18,78,Corrective,17,1900,No
L48943,8,16,76,Emergency,41,1500,Yes
H31178,1,120,180,Preventive,0,1150,No
L48945,1,118,178,Preventive,0,450,No
M16626,1,117,177,Preventive,0,750,No
M16627,1,115,175,Preventive,0,750,No
M16628,1,114,174,Preventive,1,750,No
L48949,1,112,172,Preventive,1,450,No
H31184,1,111,171,Preventive,1,1150,No
L48951,1,109,169,Preventive,1,450,No
L48952,1,108,168,Preventive,2,450,No
L48953,1,107,167,Preventive,2,450,No
M16634,1,106,166,Preventive,2,750,No
L48955,1,104,164,Preventive,2,450,No
L48956,1,103,163,Preventive,2,450,No
H31191,2,102,162,Preventive,3,1300,No
L48958,2,100,160,Preventive,3,600,No
M16639,2,99,159,Preventive,3,900,No
L48960,2,97,157,Preventive,3,600,No
L48961,2,96,156,Preventive,4,600,No
L48962,2,95,155,Preventive,4,600,No
H31197,2,94,154,Preventive,4,1300,No
L48964,4,92,152,Emergency,28,900,Yes
L48965,2,91,151,Preventive,4,600,No
L48966,2,90,150,Preventive,5,600,No
L48967,2,89,149,Preventive,5,600,No
L48968,2,88,148,Preventive,5,600,No
L48969,4,87,147,Emergency,29,900,Yes
L48970,2,86,146,Preventive,5,600,No
L48971,3,85,145,Preventive,5,750,No
M16652,3,84,144,Preventive,6,1050,No
L48973,3,82,142,Preventive,6,750,No
M16654,3,81,141,Preventive,6,1050,No
M16655,3,80,140,Preventive,6,1050,No
H31210,3,78,138,Preventive,7,1450,No
M16657,3,76,136,Preventive,7,1050,No
M16658,3,74,134,Preventive,7,1050,No
M16659,3,73,133,Preventive,7,1050,No
M16660,3,71,131,Preventive,8,1050,No
M16661,3,70,130,Preventive,8,1050,No
H31216,3,68,128,Preventive,8,1450,No
L48983,4,66,126,Preventive,9,900,No
L48984,4,65,125,Preventive,9,900,No
H31219,4,64,124,Preventive,9,1600,No
H31220,4,61,121,Preventive,9,1600,No
L48987,4,59,119,Corrective,10,900,No
L48988,6,58,118,Emergency,34,1200,Yes
L48989,4,57,117,Corrective,10,900,No
L48990,4,56,116,Corrective,10,900,No
M16671,4,55,115,Corrective,10,1200,No
L48992,4,53,113,Corrective,11,900,No
L48993,4,52,112,Corrective,11,900,No
L48994,4,51,111,Corrective,11,900,No
M16675,5,50,110,Corrective,11,1350,No
L48996,5,49,109,Corrective,11,1050,No
L48997,5,48,108,Corrective,12,1050,No
M16678,5,47,107,Corrective,12,1350,No
M16679,5,45,105,Corrective,12,1350,No
L49000,5,44,104,Corrective,12,1050,No
L49001,5,43,103,Corrective,12,1050,No
L49002,5,42,102,Corrective,13,1050,No
L49003,5,41,101,Corrective,13,1050,No
L49004,5,40,100,Corrective,13,1050,No
M16685,5,39,99,Corrective,13,1350,No
H31240,5,37,97,Corrective,13,1750,No
M16687,5,35,95,Corrective,14,1350,No
L49008,5,33,93,Corrective,14,1050,No
L49009,6,32,92,Corrective,14,1200,No
L49010,6,31,91,Corrective,14,1200,No
M16691,6,30,90,Corrective,15,1500,No
M16692,6,29,89,Corrective,15,1500,No
L49013,8,27,87,Emergency,39,1500,Yes
L49014,6,26,86,Corrective,15,1200,No
H31249,6,25,85,Corrective,15,1900,No
L49016,6,23,83,Corrective,16,1200,No
L49017,6,22,82,Corrective,16,1200,No
M16698,6,21,81,Corrective,16,1500,No
L49019,1,120,180,Preventive,0,450,No
M16700,1,119,179,Preventive,0,750,No
L49021,1,118,178,Preventive,0,450,No
H31256,1,117,177,Preventive,0,1150,No
L49023,1,114,174,Preventive,1,450,No
M16704,1,113,173,Preventive,1,750,No
L49025,1,112,172,Preventive,1,450,No
H31260,1,111,171,Preventive,1,1150,No
L49027,1,108,168,Preventive,2,450,No
H31262,1,107,167,Preventive,2,1150,No
L49029,1,105,165,Preventive,2,450,No
M16710,1,104,164,Preventive,2,750,No
M16711,2,102,162,Preventive,3,900,No
M16712,2,101,161,Preventive,3,900,No
L49033,2,99,159,Preventive,3,600,No
M16714,2,98,158,Preventive,3,900,No
H31269,2,97,157,Preventive,3,1300,No
M16716,2,94,154,Preventive,4,900,No
L49037,2,93,153,Preventive,4,600,No
M16718,2,92,152,Preventive,4,900,No
L49039,2,90,150,Preventive,5,600,No
L49040,2,89,149,Preventive,5,600,No
M16721,2,88,148,Preventive,5,900,No
L49042,2,87,147,Preventive,5,600,No
M16723,2,86,146,Preventive,5,900,No
L49044,3,84,144,Preventive,6,750,No
L49045,3,83,143,Preventive,6,750,No
M16726,3,82,142,Preventive,6,1050,No
L49047,3,81,141,Preventive,6,750,No
L49048,3,80,140,Preventive,6,750,No
M16729,3,79,139,Preventive,6,1050,No
L49050,3,77,137,Preventive,7,750,No
L49051,3,76,136,Preventive,7,750,No
L49052,3,75,135,Preventive,7,750,No
L49053,3,74,134,Preventive,7,750,No
L49054,3,73,133,Preventive,7,750,No
L49055,3,72,132,Preventive,8,750,No
L49056,3,71,131,Preventive,8,750,No
M16737,3,70,130,Preventive,8,1050,No
M16738,3,69,129,Preventive,8,1050,No
M16739,4,67,127,Preventive,8,1200,No
L49060,4,66,126,Preventive,9,900,No
L49061,4,65,125,Preventive,9,900,No
M16742,4,64,124,Preventive,9,1200,No
M16743,4,62,122,Preventive,9,1200,No
M16744,4,61,121,Preventive,9,1200,No
L49065,4,59,119,Corrective,10,900,No
L49066,4,58,118,Corrective,10,900,No
M16747,4,57,117,Corrective,10,1200,No
M16748,4,56,116,Corrective,10,1200,No
H31303,4,54,114,Corrective,11,1600,No
L49070,4,52,112,Corrective,11,900,No
L49071,4,51,111,Corrective,11,900,No
M16752,5,50,110,Corrective,11,1350,No
L49073,5,48,108,Corrective,12,1050,No
H31308,5,47,107,Corrective,12,1750,No
L49075,5,45,105,Corrective,12,1050,No
L49076,5,44,104,Corrective,12,1050,No
L49077,5,43,103,Corrective,12,1050,No
L49078,5,42,102,Corrective,13,1050,No
L49079,5,41,101,Corrective,13,1050,No
H31314,5,40,100,Corrective,13,1750,No
M16761,5,37,97,Corrective,13,1350,No
L49082,5,36,96,Corrective,14,1050,No
L49083,5,35,95,Corrective,14,1050,No
M16764,5,34,94,Corrective,14,1350,No
L49085,6,32,92,Corrective,14,1200,No
L49086,6,31,91,Corrective,14,1200,No
L49087,6,30,90,Corrective,15,1200,No
L49088,6,29,89,Corrective,15,1200,No
L49089,6,28,88,Corrective,15,1200,No
H31324,6,27,87,Corrective,15,1900,No
M16771,6,25,85,Corrective,15,1500,No
M16772,6,23,83,Corrective,16,1500,No
M16773,6,22,82,Corrective,16,1500,No
L49094,6,20,80,Corrective,16,1200,No
L49095,6,19,79,Corrective,16,1200,No
L49096,6,18,78,Corrective,17,1200,No
M16777,6,17,77,Corrective,17,1500,No
M16778,1,120,180,Preventive,0,750,No
L49099,1,119,179,Preventive,0,450,No
L49100,1,118,178,Preventive,0,450,No
L49101,1,117,177,Preventive,0,450,No
L49102,1,116,176,Preventive,0,450,No
L49103,1,115,175,Preventive,0,450,No
L49104,1,114,174,Preventive,1,450,No
L49105,1,113,173,Preventive,1,450,No
L49106,1,112,172,Preventive,1,450,No
H31341,1,111,171,Preventive,1,1150,No
L49108,1,108,168,Preventive,2,450,No
M16789,1,107,167,Preventive,2,750,No
M16790,1,106,166,Preventive,2,750,No
M16791,1,104,164,Preventive,2,750,No
M16792,2,103,163,Preventive,2,900,No
L49113,2,101,161,Preventive,3,600,No
L49114,2,100,160,Preventive,3,600,No
M16795,2,99,159,Preventive,3,900,No
M16796,2,98,158,Preventive,3,900,No
L49117,2,96,156,Preventive,4,600,No
L49118,2,95,155,Preventive,4,600,No
M16799,2,94,154,Preventive,4,900,No
L49120,2,93,153,Preventive,4,600,No
L49121,2,92,152,Preventive,4,600,No
L49122,2,91,151,Preventive,4,600,No
L49123,2,90,150,Preventive,5,600,No
L49124,2,89,149,Preventive,5,600,No
L49125,2,88,148,Preventive,5,600,No
L49126,2,87,147,Preventive,5,600,No
L49127,2,86,146,Preventive,5,600,No
L49128,3,85,145,Preventive,5,750,No
M16809,3,84,144,Preventive,6,1050,No
M16810,3,82,142,Preventive,6,1050,No
L49131,3,81,141,Preventive,6,750,No
L49132,3,80,140,Preventive,6,750,No
L49133,3,79,139,Preventive,6,750,No
L49134,3,78,138,Preventive,7,750,No
L49135,3,77,137,Preventive,7,750,No
M16816,3,76,136,Preventive,7,1050,No
H31371,3,74,134,Preventive,7,1450,No
H31372,3,72,132,Preventive,8,1450,No
M16819,3,69,129,Preventive,8,1050,No
L49140,4,68,128,Preventive,8,900,No
L49141,4,67,127,Preventive,8,900,No
L49142,4,66,126,Preventive,9,900,No
L49143,4,65,125,Preventive,9,900,No
M16824,4,64,124,Preventive,9,1200,No
L49145,4,62,122,Preventive,9,900,No
L49146,4,61,121,Preventive,9,900,No
L49147,4,60,120,Corrective,10,900,No
L49148,4,59,119,Corrective,10,900,No
H31383,4,58,118,Corrective,10,1600,No
M16830,4,56,116,Corrective,10,1200,No
L49151,4,54,114,Corrective,11,900,No
L49152,4,53,113,Corrective,11,900,No
L49153,4,52,112,Corrective,11,900,No
L49154,4,51,111,Corrective,11,900,No
L49155,5,50,110,Corrective,11,1050,No
M16836,5,49,109,Corrective,11,1350,No
M16837,5,48,108,Corrective,12,1350,No
L49158,5,46,106,Corrective,12,1050,No
H31393,5,45,105,Corrective,12,1750,No
M16840,5,43,103,Corrective,12,1350,No
L49161,5,41,101,Corrective,13,1050,No
M16842,5,40,100,Corrective,13,1350,No
M16843,5,39,99,Corrective,13,1350,No
M16844,5,37,97,Corrective,13,1350,No
L49165,5,36,96,Corrective,14,1050,No
L49166,5,35,95,Corrective,14,1050,No
M16847,5,34,94,Corrective,14,1350,No
H31402,6,32,92,Corrective,14,1900,No
L49169,6,30,90,Corrective,15,1200,No
L49170,6,29,89,Corrective,15,1200,No
M16851,6,28,88,Corrective,15,1500,No
L49172,6,26,86,Corrective,15,1200,No
M16853,6,25,85,Corrective,15,1500,No
M16854,6,24,84,Corrective,16,1500,No
L49175,6,22,82,Corrective,16,1200,No
M16856,8,21,81,Emergency,40,1800,Yes
L49177,1,120,180,Preventive,0,450,No
H31412,1,119,179,Preventive,0,1150,No
L49179,1,117,177,Preventive,0,450,No
L49180,1,116,176,Preventive,0,450,No
L49181,1,115,175,Preventive,0,450,No
L49182,1,114,174,Preventive,1,450,No
M16863,1,113,173,Preventive,1,750,No
L49184,1,111,171,Preventive,1,450,No
L49185,1,110,170,Preventive,1,450,No
M16866,1,109,169,Preventive,1,750,No
L49187,1,108,168,Preventive,2,450,No
L49188,1,107,167,Preventive,2,450,No
M16869,1,106,166,Preventive,2,750,No
L49190,1,104,164,Preventive,2,450,No
L49191,1,103,163,Preventive,2,450,No
L49192,2,102,162,Preventive,3,600,No
L49193,2,101,161,Preventive,3,600,No
L49194,2,100,160,Preventive,3,600,No
L49195,4,99,159,Emergency,27,900,Yes
L49196,2,98,158,Preventive,3,600,No
L49197,2,97,157,Preventive,3,600,No
L49198,2,96,156,Preventive,4,600,No
M16879,2,95,155,Preventive,4,900,No
H31434,2,94,154,Preventive,4,1300,No
L49201,2,91,151,Preventive,4,600,No
L49202,2,90,150,Preventive,5,600,No
L49203,2,89,149,Preventive,5,600,No
M16884,2,88,148,Preventive,5,900,No
L49205,2,87,147,Preventive,5,600,No
M16886,2,86,146,Preventive,5,900,No
L49207,3,84,144,Preventive,6,750,No
M16888,3,83,143,Preventive,6,1050,No
L49209,3,82,142,Preventive,6,750,No
L49210,3,81,141,Preventive,6,750,No
L49211,3,80,140,Preventive,6,750,No
L49212,3,79,139,Preventive,6,750,No
H31447,3,78,138,Preventive,7,1450,No
M16894,3,75,135,Preventive,7,1050,No
M16895,3,74,134,Preventive,7,1050,No
L49216,3,72,132,Preventive,8,750,No
H31451,3,71,131,Preventive,8,1450,No
L49218,3,69,129,Preventive,8,750,No
M16899,4,68,128,Preventive,8,1200,No
L49220,4,66,126,Preventive,9,900,No
L49221,4,65,125,Preventive,9,900,No
M16902,4,64,124,Preventive,9,1200,No
M16903,4,63,123,Preventive,9,1200,No
L49224,4,61,121,Preventive,9,900,No
M16905,4,60,120,Corrective,10,1200,No
L49226,4,59,119,Corrective,10,900,No
L49227,4,58,118,Corrective,10,900,No
L49228,4,57,117,Corrective,10,900,No
M16909,4,56,116,Corrective,10,1200,No
M16910,4,54,114,Corrective,11,1200,No
M16911,4,53,113,Corrective,11,1200,No
L49232,4,51,111,Corrective,11,900,No
L49233,5,50,110,Corrective,11,1050,No
M16914,5,49,109,Corrective,11,1350,No
L49235,5,48,108,Corrective,12,1050,No
L49236,5,47,107,Corrective,12,1050,No
L49237,5,46,106,Corrective,12,1050,No
M16918,5,45,105,Corrective,12,1350,No
H31473,5,43,103,Corrective,12,1750,No
L49240,5,41,101,Corrective,13,1050,No
L49241,5,40,100,Corrective,13,1050,No
M16922,5,39,99,Corrective,13,1350,No
L49243,5,37,97,Corrective,13,1050,No
L49244,5,36,96,Corrective,14,1050,No
L49245,5,35,95,Corrective,14,1050,No
L49246,5,34,94,Corrective,14,1050,No
L49247,5,33,93,Corrective,14,1050,No
M16928,6,32,92,Corrective,14,1500,No
H31483,6,31,91,Corrective,14,1900,No
L49250,6,28,88,Corrective,15,1200,No
M16931,6,27,87,Corrective,15,1500,No
L49252,6,26,86,Corrective,15,1200,No
L49253,6,25,85,Corrective,15,1200,No
L49254,6,24,84,Corrective,16,1200,No
L49255,8,23,83,Emergency,40,1500,Yes
L49256,6,22,82,Corrective,16,1200,No
L49257,6,21,81,Corrective,16,1200,No
M16938,6,20,80,Corrective,16,1500,No
M16939,6,18,78,Corrective,17,1500,No
L49260,6,17,77,Corrective,17,1200,No
M16941,6,16,76,Corrective,17,1500,No
H31496,7,14,74,Corrective,17,2050,No
H31497,1,120,180,Preventive,0,1150,No
L49264,1,118,178,Preventive,0,450,No
L49265,1,117,177,Preventive,0,450,No
H31500,1,116,176,Preventive,0,1150,No
L49267,1,113,173,Preventive,1,450,No
L49268,1,112,172,Preventive,1,450,No
L49269,1,111,171,Preventive,1,450,No
L49270,1,110,170,Preventive,1,450,No
L49271,1,109,169,Preventive,1,450,No
L49272,1,108,168,Preventive,2,450,No
L49273,1,107,167,Preventive,2,450,No
L49274,1,106,166,Preventive,2,450,No
L49275,1,105,165,Preventive,2,450,No
M16956,1,104,164,Preventive,2,750,No
M16957,2,103,163,Preventive,2,900,No
L49278,2,101,161,Preventive,3,600,No
L49279,2,100,160,Preventive,3,600,No
M16960,2,99,159,Preventive,3,900,No
L49281,2,98,158,Preventive,3,600,No
L49282,2,97,157,Preventive,3,600,No
M16963,2,96,156,Preventive,4,900,No
M16964,2,94,154,Preventive,4,900,No
L49285,2,93,153,Preventive,4,600,No
L49286,2,92,152,Preventive,4,600,No
M16967,2,91,151,Preventive,4,900,No
H31522,2,89,149,Preventive,5,1300,No
M16969,2,87,147,Preventive,5,900,No
H31524,3,85,145,Preventive,5,1450,No
L49291,3,83,143,Preventive,6,750,No
L49292,3,82,142,Preventive,6,750,No
L49293,3,81,141,Preventive,6,750,No
H31528,3,80,140,Preventive,6,1450,No
L49295,3,77,137,Preventive,7,750,No
M16976,3,76,136,Preventive,7,1050,No
H31531,3,75,135,Preventive,7,1450,No
H31532,3,72,132,Preventive,8,1450,No
M16979,3,70,130,Preventive,8,1050,No
H31534,3,68,128,Preventive,8,1450,No
M16981,4,66,126,Preventive,9,1200,No
M16982,4,64,124,Preventive,9,1200,No
L49303,4,63,123,Preventive,9,900,No
L49304,4,62,122,Preventive,9,900,No
L49305,6,61,121,Emergency,33,1200,Yes
L49306,4,60,120,Corrective,10,900,No
H31541,4,59,119,Corrective,10,1600,No
L49308,4,56,116,Corrective,10,900,No
H31543,4,55,115,Corrective,10,1600,No
L49310,4,53,113,Corrective,11,900,No
L49311,4,52,112,Corrective,11,900,No
L49312,4,51,111,Corrective,11,900,No
H31547,5,50,110,Corrective,11,1750,No
L49314,5,47,107,Corrective,12,1050,No
L49315,5,46,106,Corrective,12,1050,No
L49316,5,45,105,Corrective,12,1050,No
L49317,5,44,104,Corrective,12,1050,No
L49318,5,43,103,Corrective,12,1050,No
L49319,5,42,102,Corrective,13,1050,No
L49320,5,41,101,Corrective,13,1050,No
M17001,5,40,100,Corrective,13,1350,No
L49322,5,39,99,Corrective,13,1050,No
M17003,5,38,98,Corrective,13,1350,No
L49324,5,36,96,Corrective,14,1050,No
L49325,5,35,95,Corrective,14,1050,No
L49326,5,34,94,Corrective,14,1050,No
L49327,5,33,93,Corrective,14,1050,No
L49328,6,32,92,Corrective,14,1200,No
L49329,6,31,91,Corrective,14,1200,No
H31564,6,30,90,Corrective,15,1900,No
M17011,6,28,88,Corrective,15,1500,No
M17012,6,26,86,Corrective,15,1500,No
H31567,6,25,85,Corrective,15,1900,No
M17014,6,22,82,Corrective,16,1500,No
L49335,6,21,81,Corrective,16,1200,No
M17016,6,20,80,Corrective,16,1500,No
M17017,6,18,78,Corrective,17,1500,No
M17018,6,17,77,Corrective,17,1500,No
M17019,7,15,75,Corrective,17,1650,No
L49340,7,14,74,Corrective,17,1350,No
L49341,7,13,73,Corrective,17,1350,No
L49342,7,12,72,Corrective,18,1350,No
L49343,7,11,71,Corrective,18,1350,No
L49344,7,10,70,Corrective,18,1350,No
L49345,7,9,69,Corrective,18,1350,No
M17026,9,8,68,Emergency,42,1950,Yes
H31581,1,120,180,Preventive,0,1150,No
M17028,1,118,178,Preventive,0,750,No
L49349,1,116,176,Preventive,0,450,No
M17030,1,115,175,Preventive,0,750,No
L49351,1,114,174,Preventive,1,450,No
L49352,1,113,173,Preventive,1,450,No
M17033,1,112,172,Preventive,1,750,No
L49354,1,110,170,Preventive,1,450,No
M17035,1,109,169,Preventive,1,750,No
M17036,1,108,168,Preventive,2,750,No
M17037,1,106,166,Preventive,2,750,No
L49358,1,105,165,Preventive,2,450,No
L49359,1,104,164,Preventive,2,450,No
H31594,2,103,163,Preventive,2,1300,No
H31595,2,100,160,Preventive,3,1300,No
M17042,2,98,158,Preventive,3,900,No
M17043,2,96,156,Preventive,4,900,No
L49364,2,95,155,Preventive,4,600,No
L49365,2,94,154,Preventive,4,600,No
L49366,2,93,153,Preventive,4,600,No
M17047,2,92,152,Preventive,4,900,No
L49368,2,90,150,Preventive,5,600,No
H31603,2,89,149,Preventive,5,1300,No
M17050,2,87,147,Preventive,5,900,No
L49371,3,85,145,Preventive,5,750,No
L49372,3,84,144,Preventive,6,750,No
M17053,3,83,143,Preventive,6,1050,No
M17054,3,82,142,Preventive,6,1050,No
L49375,3,80,140,Preventive,6,750,No
M17056,3,79,139,Preventive,6,1050,No
L49377,3,78,138,Preventive,7,750,No
M17058,3,77,137,Preventive,7,1050,No
M17059,3,75,135,Preventive,7,1050,No
L49380,3,74,134,Preventive,7,750,No
L49381,3,73,133,Preventive,7,750,No
M17062,3,72,132,Preventive,8,1050,No
L49383,3,70,130,Preventive,8,750,No
M17064,3,69,129,Preventive,8,1050,No
L49385,4,68,128,Preventive,8,900,No
L49386,4,67,127,Preventive,8,900,No
L49387,4,66,126,Preventive,9,900,No
H31622,4,65,125,Preventive,9,1600,No
L49389,4,62,122,Preventive,9,900,No
L49390,4,61,121,Preventive,9,900,No
M17071,4,60,120,Corrective,10,1200,No
L49392,4,59,119,Corrective,10,900,No
L49393,4,58,118,Corrective,10,900,No
H31628,4,57,117,Corrective,10,1600,No
H31629,4,54,114,Corrective,11,1600,No
L49396,4,52,112,Corrective,11,900,No
L49397,4,51,111,Corrective,11,900,No
L49398,5,50,110,Corrective,11,1050,No
M17079,5,49,109,Corrective,11,1350,No
M17080,5,47,107,Corrective,12,1350,No
L49401,5,46,106,Corrective,12,1050,No
L49402,5,45,105,Corrective,12,1050,No
L49403,5,44,104,Corrective,12,1050,No
M17084,5,43,103,Corrective,12,1350,No
M17085,5,41,101,Corrective,13,1350,No
M17086,5,40,100,Corrective,13,1350,No
L49407,5,38,98,Corrective,13,1050,No
H31642,5,37,97,Corrective,13,1750,No
L49409,5,35,95,Corrective,14,1050,No
L49410,5,34,94,Corrective,14,1050,No
L49411,6,33,93,Corrective,14,1200,No
L49412,6,32,92,Corrective,14,1200,No
L49413,8,31,91,Emergency,38,1500,Yes
L49414,6,30,90,Corrective,15,1200,No
M17095,6,29,89,Corrective,15,1500,No
M17096,6,27,87,Corrective,15,1500,No
L49417,6,26,86,Corrective,15,1200,No
L49418,6,25,85,Corrective,15,1200,No
L49419,6,24,84,Corrective,16,1200,No
L49420,6,23,83,Corrective,16,1200,No
L49421,6,22,82,Corrective,16,1200,No
L49422,6,21,81,Corrective,16,1200,No
L49423,6,20,80,Corrective,16,1200,No
M17104,8,19,79,Emergency,40,1800,Yes
M17105,1,120,180,Preventive,0,750,No
L49426,1,119,179,Preventive,0,450,No
M17107,1,118,178,Preventive,0,750,No
M17108,1,116,176,Preventive,0,750,No
L49429,1,115,175,Preventive,0,450,No
M17110,1,114,174,Preventive,1,750,No
H31665,1,112,172,Preventive,1,1150,No
H31666,1,110,170,Preventive,1,1150,No
L49433,1,107,167,Preventive,2,450,No
L49434,1,106,166,Preventive,2,450,No
L49435,1,105,165,Preventive,2,450,No
L49436,1,104,164,Preventive,2,450,No
L49437,1,103,163,Preventive,2,450,No
L49438,2,102,162,Preventive,3,600,No
L49439,2,101,161,Preventive,3,600,No
H31674,2,100,160,Preventive,3,1300,No
M17121,2,98,158,Preventive,3,900,No
L49442,2,96,156,Preventive,4,600,No
M17123,2,95,155,Preventive,4,900,No
M17124,2,94,154,Preventive,4,900,No
M17125,2,92,152,Preventive,4,900,No
L49446,2,91,151,Preventive,4,600,No
L49447,2,90,150,Preventive,5,600,No
L49448,2,89,149,Preventive,5,600,No
L49449,2,88,148,Preventive,5,600,No
L49450,2,87,147,Preventive,5,600,No
L49451,2,86,146,Preventive,5,600,No
M17132,3,85,145,Preventive,5,1050,No
L49453,3,83,143,Preventive,6,750,No
L49454,3,82,142,Preventive,6,750,No
L49455,3,81,141,Preventive,6,750,No
L49456,3,80,140,Preventive,6,750,No
H31691,3,79,139,Preventive,6,1450,No
M17138,3,77,137,Preventive,7,1050,No
L49459,3,75,135,Preventive,7,750,No
L49460,3,74,134,Preventive,7,750,No
L49461,3,73,133,Preventive,7,750,No
L49462,3,72,132,Preventive,8,750,No
L49463,3,71,131,Preventive,8,750,No
L49464,3,70,130,Preventive,8,750,No
L49465,3,69,129,Preventive,8,750,No
M17146,3,68,128,Preventive,8,1050,No
L49467,4,67,127,Preventive,8,900,No
M17148,4,66,126,Preventive,9,1200,No
L49469,4,64,124,Preventive,9,900,No
M17150,4,63,123,Preventive,9,1200,No
M17151,4,62,122,Preventive,9,1200,No
L49472,4,60,120,Corrective,10,900,No
L49473,4,59,119,Corrective,10,900,No
L49474,4,58,118,Corrective,10,900,No
L49475,4,57,117,Corrective,10,900,No
L49476,4,56,116,Corrective,10,900,No
L49477,4,55,115,Corrective,10,900,No
L49478,4,54,114,Corrective,11,900,No
L49479,6,53,113,Emergency,35,1200,Yes
L49480,4,52,112,Corrective,11,900,No
M17161,4,51,111,Corrective,11,1200,No
L49482,5,50,110,Corrective,11,1050,No
L49483,5,49,109,Corrective,11,1050,No
L49484,5,48,108,Corrective,12,1050,No
H31719,5,47,107,Corrective,12,1750,No
L49486,5,44,104,Corrective,12,1050,No
H31721,5,43,103,Corrective,12,1750,No
L49488,5,41,101,Corrective,13,1050,No
L49489,5,40,100,Corrective,13,1050,No
M17170,5,39,99,Corrective,13,1350,No
M17171,5,37,97,Corrective,13,1350,No
M17172,5,36,96,Corrective,14,1350,No
M17173,5,34,94,Corrective,14,1350,No
L49494,6,33,93,Corrective,14,1200,No
L49495,6,32,92,Corrective,14,1200,No
L49496,6,31,91,Corrective,14,1200,No
L49497,6,30,90,Corrective,15,1200,No
L49498,6,29,89,Corrective,15,1200,No
M17179,6,28,88,Corrective,15,1500,No
H31734,6,26,86,Corrective,15,1900,No
M17181,6,24,84,Corrective,16,1500,No
L49502,6,22,82,Corrective,16,1200,No
M17183,6,21,81,Corrective,16,1500,No
L49504,6,20,80,Corrective,16,1200,No
L49505,6,19,79,Corrective,16,1200,No
M17186,6,18,78,Corrective,17,1500,No
M17187,6,16,76,Corrective,17,1500,No
L49508,7,15,75,Corrective,17,1350,No
L49509,7,14,74,Corrective,17,1350,No
M17190,7,13,73,Corrective,17,1650,No
L49511,9,11,71,Emergency,42,1650,Yes
L49512,9,10,70,Emergency,42,1650,Yes
L49513,7,9,69,Corrective,18,1350,No
L49514,7,8,68,Corrective,18,1350,No
L49515,1,120,180,Preventive,0,450,No
L49516,1,119,179,Preventive,0,450,No
L49517,1,118,178,Preventive,0,450,No
L49518,1,117,177,Preventive,0,450,No
L49519,1,116,176,Preventive,0,450,No
L49520,1,115,175,Preventive,0,450,No
L49521,1,114,174,Preventive,1,450,No
M17202,1,113,173,Preventive,1,750,No
L49523,1,112,172,Preventive,1,450,No
M17204,1,111,171,Preventive,1,750,No
L49525,1,109,169,Preventive,1,450,No
L49526,1,108,168,Preventive,2,450,No
L49527,1,107,167,Preventive,2,450,No
L49528,1,106,166,Preventive,2,450,No
M17209,1,105,165,Preventive,2,750,No
L49530,1,104,164,Preventive,2,450,No
L49531,2,103,163,Preventive,2,600,No
M17212,2,102,162,Preventive,3,900,No
L49533,2,100,160,Preventive,3,600,No
L49534,2,99,159,Preventive,3,600,No
M17215,2,98,158,Preventive,3,900,No
H31770,2,97,157,Preventive,3,1300,No
L49537,2,94,154,Preventive,4,600,No
M17218,2,93,153,Preventive,4,900,No
L49539,2,92,152,Preventive,4,600,No
H31774,2,91,151,Preventive,4,1300,No
M17221,2,88,148,Preventive,5,900,No
H31776,2,87,147,Preventive,5,1300,No
L49543,3,84,144,Preventive,6,750,No
L49544,3,83,143,Preventive,6,750,No
L49545,3,82,142,Preventive,6,750,No
L49546,3,81,141,Preventive,6,750,No
M17227,3,80,140,Preventive,6,1050,No
M17228,3,79,139,Preventive,6,1050,No
M17229,3,77,137,Preventive,7,1050,No
L49550,3,76,136,Preventive,7,750,No
L49551,3,75,135,Preventive,7,750,No
M17232,3,74,134,Preventive,7,1050,No
L49553,3,72,132,Preventive,8,750,No
M17234,3,71,131,Preventive,8,1050,No
M17235,3,70,130,Preventive,8,1050,No
M17236,3,68,128,Preventive,8,1050,No
M17237,4,67,127,Preventive,8,1200,No
L49558,4,65,125,Preventive,9,900,No
H31793,4,64,124,Preventive,9,1600,No
L49560,4,62,122,Preventive,9,900,No
L49561,4,61,121,Preventive,9,900,No
L49562,4,60,120,Corrective,10,900,No
L49563,4,59,119,Corrective,10,900,No
M17244,4,58,118,Corrective,10,1200,No
L49565,4,56,116,Corrective,10,900,No
L49566,4,55,115,Corrective,10,900,No
M17247,4,54,114,Corrective,11,1200,No
M17248,4,53,113,Corrective,11,1200,No
L49569,4,51,111,Corrective,11,900,No
L49570,5,50,110,Corrective,11,1050,No
L49571,5,49,109,Corrective,11,1050,No
L49572,5,48,108,Corrective,12,1050,No
L49573,5,47,107,Corrective,12,1050,No
L49574,5,46,106,Corrective,12,1050,No
M17255,5,45,105,Corrective,12,1350,No
M17256,5,44,104,Corrective,12,1350,No
L49577,5,42,102,Corrective,13,1050,No
L49578,5,41,101,Corrective,13,1050,No
M17259,5,40,100,Corrective,13,1350,No
H31814,5,39,99,Corrective,13,1750,No
M17261,5,36,96,Corrective,14,1350,No
L49582,5,35,95,Corrective,14,1050,No
H31817,5,34,94,Corrective,14,1750,No
M17264,6,31,91,Corrective,14,1500,No
L49585,6,30,90,Corrective,15,1200,No
L49586,6,29,89,Corrective,15,1200,No
M17267,6,28,88,Corrective,15,1500,No
L49588,6,26,86,Corrective,15,1200,No
L49589,6,25,85,Corrective,15,1200,No
L49590,6,24,84,Corrective,16,1200,No
L49591,6,23,83,Corrective,16,1200,No
L49592,6,22,82,Corrective,16,1200,No
L49593,6,21,81,Corrective,16,1200,No
L49594,1,120,180,Preventive,0,450,No
M17275,1,119,179,Preventive,0,750,No
L49596,1,118,178,Preventive,0,450,No
L49597,1,117,177,Preventive,0,450,No
L49598,1,116,176,Preventive,0,450,No
M17279,1,115,175,Preventive,0,750,No
H31834,1,113,173,Preventive,1,1150,No
L49601,1,111,171,Preventive,1,450,No
L49602,1,110,170,Preventive,1,450,No
M17283,1,109,169,Preventive,1,750,No
L49604,1,107,167,Preventive,2,450,No
L49605,1,106,166,Preventive,2,450,No
M17286,3,105,165,Emergency,26,1050,Yes
L49607,1,104,164,Preventive,2,450,No
M17288,2,103,163,Preventive,2,900,No
L49609,2,101,161,Preventive,3,600,No
M17290,2,100,160,Preventive,3,900,No
M17291,2,99,159,Preventive,3,900,No
L49612,2,97,157,Preventive,3,600,No
L49613,2,96,156,Preventive,4,600,No
M17294,2,95,155,Preventive,4,900,No
L49615,2,94,154,Preventive,4,600,No
H31850,2,93,153,Preventive,4,1300,No
L49617,2,90,150,Preventive,5,600,No
M17298,2,89,149,Preventive,5,900,No
L49619,2,88,148,Preventive,5,600,No
L49620,2,87,147,Preventive,5,600,No
L49621,2,86,146,Preventive,5,600,No
M17302,3,85,145,Preventive,5,1050,No
L49623,3,83,143,Preventive,6,750,No
L49624,5,82,142,Emergency,30,1050,Yes
H31859,3,81,141,Preventive,6,1450,No
L49626,3,79,139,Preventive,6,750,No
L49627,3,78,138,Preventive,7,750,No
L49628,3,77,137,Preventive,7,750,No
L49629,3,76,136,Preventive,7,750,No
L49630,3,75,135,Preventive,7,750,No
L49631,3,74,134,Preventive,7,750,No
M17312,3,73,133,Preventive,7,1050,No
L49633,3,71,131,Preventive,8,750,No
L49634,3,70,130,Preventive,8,750,No
L49635,3,69,129,Preventive,8,750,No
L49636,3,68,128,Preventive,8,750,No
L49637,4,67,127,Preventive,8,900,No
L49638,4,66,126,Preventive,9,900,No
L49639,4,65,125,Preventive,9,900,No
L49640,4,64,124,Preventive,9,900,No
M17321,4,63,123,Preventive,9,1200,No
L49642,4,62,122,Preventive,9,900,No
L49643,4,61,121,Preventive,9,900,No
M17324,4,60,120,Corrective,10,1200,No
L49645,4,58,118,Corrective,10,900,No
L49646,4,57,117,Corrective,10,900,No
M17327,4,56,116,Corrective,10,1200,No
M17328,4,55,115,Corrective,10,1200,No
L49649,4,53,113,Corrective,11,900,No
L49650,4,52,112,Corrective,11,900,No
L49651,4,51,111,Corrective,11,900,No
L49652,5,50,110,Corrective,11,1050,No
M17333,5,49,109,Corrective,11,1350,No
L49654,5,48,108,Corrective,12,1050,No
L49655,5,47,107,Corrective,12,1050,No
H31890,5,46,106,Corrective,12,1750,No
L49657,5,43,103,Corrective,12,1050,No
M17338,5,42,102,Corrective,13,1350,No
L49659,5,41,101,Corrective,13,1050,No
L49660,5,40,100,Corrective,13,1050,No
L49661,5,39,99,Corrective,13,1050,No
L49662,5,38,98,Corrective,13,1050,No
M17343,5,37,97,Corrective,13,1350,No
H31898,5,35,95,Corrective,14,1750,No
L49665,6,33,93,Corrective,14,1200,No
M17346,6,32,92,Corrective,14,1500,No
H31901,6,30,90,Corrective,15,1900,No
L49668,6,28,88,Corrective,15,1200,No
H31903,6,27,87,Corrective,15,1900,No
H31904,6,24,84,Corrective,16,1900,No
L49671,6,22,82,Corrective,16,1200,No
H31906,6,21,81,Corrective,16,1900,No
M17353,6,18,78,Corrective,17,1500,No
L49674,8,17,77,Emergency,41,1500,Yes
M17355,6,16,76,Corrective,17,1500,No
M17356,7,14,74,Corrective,17,1650,No
M17357,7,13,73,Corrective,17,1650,No
L49678,7,11,71,Corrective,18,1350,No
M17359,7,10,70,Corrective,18,1650,No
L49680,7,9,69,Corrective,18,1350,No
M17361,7,8,68,Corrective,18,1650,No
L49682,9,6,66,Emergency,43,1650,Yes
L49683,1,120,180,Preventive,0,450,No
L49684,1,119,179,Preventive,0,450,No
L49685,1,118,178,Preventive,0,450,No
M17366,1,117,177,Preventive,0,750,No
H31921,1,116,176,Preventive,0,1150,No
L49688,1,113,173,Preventive,1,450,No
L49689,1,112,172,Preventive,1,450,No
L49690,1,111,171,Preventive,1,450,No
M17371,1,110,170,Preventive,1,750,No
L49692,1,109,169,Preventive,1,450,No
L49693,1,108,168,Preventive,2,450,No
L49694,1,107,167,Preventive,2,450,No
L49695,1,106,166,Preventive,2,450,No
L49696,1,105,165,Preventive,2,450,No
L49697,1,104,164,Preventive,2,450,No
M17378,2,103,163,Preventive,2,900,No
L49699,2,101,161,Preventive,3,600,No
L49700,2,100,160,Preventive,3,600,No
L49701,2,99,159,Preventive,3,600,No
M17382,2,98,158,Preventive,3,900,No
L49703,2,97,157,Preventive,3,600,No
M17384,2,96,156,Preventive,4,900,No
M17385,2,94,154,Preventive,4,900,No
L49706,2,93,153,Preventive,4,600,No
L49707,2,92,152,Preventive,4,600,No
L49708,2,91,151,Preventive,4,600,No
M17389,2,90,150,Preventive,5,900,No
L49710,2,88,148,Preventive,5,600,No
M17391,2,87,147,Preventive,5,900,No
L49712,2,86,146,Preventive,5,600,No
L49713,3,85,145,Preventive,5,750,No
L49714,3,84,144,Preventive,6,750,No
L49715,3,83,143,Preventive,6,750,No
L49716,3,82,142,Preventive,6,750,No
H31951,3,81,141,Preventive,6,1450,No
L49718,3,78,138,Preventive,7,750,No
L49719,3,77,137,Preventive,7,750,No
L49720,3,76,136,Preventive,7,750,No
H31955,3,75,135,Preventive,7,1450,No
H31956,3,73,133,Preventive,7,1450,No
L49723,3,70,130,Preventive,8,750,No
L49724,3,69,129,Preventive,8,750,No
M17405,3,68,128,Preventive,8,1050,No
L49726,4,67,127,Preventive,8,900,No
L49727,4,66,126,Preventive,9,900,No
M17408,4,65,125,Preventive,9,1200,No
L49729,4,63,123,Preventive,9,900,No
L49730,4,62,122,Preventive,9,900,No
L49731,4,61,121,Preventive,9,900,No
H31966,4,60,120,Corrective,10,1600,No
L49733,4,58,118,Corrective,10,900,No
L49734,4,57,117,Corrective,10,900,No
L49735,4,56,116,Corrective,10,900,No
M17416,4,55,115,Corrective,10,1200,No
M17417,4,53,113,Corrective,11,1200,No
M17418,4,52,112,Corrective,11,1200,No
L49739,5,50,110,Corrective,11,1050,No
M17420,5,49,109,Corrective,11,1350,No
L49741,5,48,108,Corrective,12,1050,No
L49742,5,47,107,Corrective,12,1050,No
L49743,5,46,106,Corrective,12,1050,No
L49744,5,45,105,Corrective,12,1050,No
L49745,5,44,104,Corrective,12,1050,No
M17426,5,43,103,Corrective,12,1350,No
L49747,5,41,101,Corrective,13,1050,No
L49748,5,40,100,Corrective,13,1050,No
H31983,5,39,99,Corrective,13,1750,No
L49750,5,37,97,Corrective,13,1050,No
M17431,5,36,96,Corrective,14,1350,No
M17432,5,34,94,Corrective,14,1350,No
L49753,6,33,93,Corrective,14,1200,No
L49754,6,32,92,Corrective,14,1200,No
L49755,6,31,91,Corrective,14,1200,No
L49756,6,30,90,Corrective,15,1200,No
L49757,6,29,89,Corrective,15,1200,No
L49758,6,28,88,Corrective,15,1200,No
L49759,6,27,87,Corrective,15,1200,No
L49760,6,26,86,Corrective,15,1200,No
L49761,8,25,85,Emergency,39,1500,Yes
L49762,6,24,84,Corrective,16,1200,No
L49763,6,23,83,Corrective,16,1200,No
L49764,6,22,82,Corrective,16,1200,No
M17445,6,21,81,Corrective,16,1500,No
L49766,6,19,79,Corrective,16,1200,No
L49767,6,18,78,Corrective,17,1200,No
L49768,6,17,77,Corrective,17,1200,No
L49769,6,16,76,Corrective,17,1200,No
L49770,1,120,180,Preventive,0,450,No
L49771,1,119,179,Preventive,0,450,No
L49772,1,118,178,Preventive,0,450,No
H32007,1,117,177,Preventive,0,1150,No
L49774,1,115,175,Preventive,0,450,No
M17455,1,114,174,Preventive,1,750,No
L49776,1,112,172,Preventive,1,450,No
L49777,1,111,171,Preventive,1,450,No
L49778,3,110,170,Emergency,25,750,Yes
M17459,1,109,169,Preventive,1,750,No
L49780,1,108,168,Preventive,2,450,No
L49781,1,107,167,Preventive,2,450,No
L49782,1,106,166,Preventive,2,450,No
M17463,1,105,165,Preventive,2,750,No
M17464,1,103,163,Preventive,2,750,No
L49785,2,102,162,Preventive,3,600,No
H32020,2,101,161,Preventive,3,1300,No
L49787,2,98,158,Preventive,3,600,No
L49788,2,97,157,Preventive,3,600,No
L49789,2,96,156,Preventive,4,600,No
H32024,2,95,155,Preventive,4,1300,No
L49791,2,93,153,Preventive,4,600,No
L49792,2,92,152,Preventive,4,600,No
M17473,2,91,151,Preventive,4,900,No
L49794,2,89,149,Preventive,5,600,No
L49795,2,88,148,Preventive,5,600,No
L49796,2,87,147,Preventive,5,600,No
L49797,2,86,146,Preventive,5,600,No
M17478,3,85,145,Preventive,5,1050,No
L49799,3,84,144,Preventive,6,750,No
L49800,3,83,143,Preventive,6,750,No
M17481,3,82,142,Preventive,6,1050,No
M17482,3,80,140,Preventive,6,1050,No
M17483,3,79,139,Preventive,6,1050,No
H32038,3,77,137,Preventive,7,1450,No
L49805,3,75,135,Preventive,7,750,No
L49806,3,74,134,Preventive,7,750,No
M17487,3,73,133,Preventive,7,1050,No
H32042,3,71,131,Preventive,8,1450,No
L49809,3,69,129,Preventive,8,750,No
L49810,4,68,128,Preventive,8,900,No
H32045,4,67,127,Preventive,8,1600,No
M17492,4,64,124,Preventive,9,1200,No
L49813,4,63,123,Preventive,9,900,No
L49814,4,62,122,Preventive,9,900,No
H32049,4,61,121,Preventive,9,1600,No
L49816,4,58,118,Corrective,10,900,No
L49817,4,57,117,Corrective,10,900,No
L49818,4,56,116,Corrective,10,900,No
M17499,4,55,115,Corrective,10,1200,No
M17500,4,54,114,Corrective,11,1200,No
H32055,4,52,112,Corrective,11,1600,No
L49822,5,50,110,Corrective,11,1050,No
M17503,5,49,109,Corrective,11,1350,No
L49824,5,47,107,Corrective,12,1050,No
H32059,5,46,106,Corrective,12,1750,No
M17506,5,44,104,Corrective,12,1350,No
L49827,5,42,102,Corrective,13,1050,No
L49828,5,41,101,Corrective,13,1050,No
M17509,5,40,100,Corrective,13,1350,No
L49830,5,39,99,Corrective,13,1050,No
L49831,5,38,98,Corrective,13,1050,No
L49832,5,37,97,Corrective,13,1050,No
L49833,5,36,96,Corrective,14,1050,No
L49834,5,35,95,Corrective,14,1050,No
M17515,5,34,94,Corrective,14,1350,No
L49836,6,32,92,Corrective,14,1200,No
M17517,6,31,91,Corrective,14,1500,No
L49838,6,30,90,Corrective,15,1200,No
H32073,6,29,89,Corrective,15,1900,No
L49840,6,26,86,Corrective,15,1200,No
M17521,6,25,85,Corrective,15,1500,No
M17522,6,24,84,Corrective,16,1500,No
L49843,6,22,82,Corrective,16,1200,No
M17524,6,21,81,Corrective,16,1500,No
L49845,6,20,80,Corrective,16,1200,No
H32080,6,19,79,Corrective,16,1900,No
M17527,6,16,76,Corrective,17,1500,No
M17528,7,15,75,Corrective,17,1650,No
H32083,7,13,73,Corrective,17,2050,No
L49850,7,11,71,Corrective,18,1350,No
M17531,9,10,70,Emergency,42,1950,Yes
L49852,1,120,180,Preventive,0,450,No
L49853,1,119,179,Preventive,0,450,No
L49854,1,118,178,Preventive,0,450,No
L49855,1,117,177,Preventive,0,450,No
L49856,1,116,176,Preventive,0,450,No
L49857,1,115,175,Preventive,0,450,No
L49858,1,114,174,Preventive,1,450,No
L49859,1,113,173,Preventive,1,450,No
L49860,1,112,172,Preventive,1,450,No
L49861,1,111,171,Preventive,1,450,No
M17542,1,110,170,Preventive,1,750,No
L49863,1,109,169,Preventive,1,450,No
L49864,1,108,168,Preventive,2,450,No
L49865,1,107,167,Preventive,2,450,No
L49866,1,106,166,Preventive,2,450,No
L49867,1,105,165,Preventive,2,450,No
L49868,1,104,164,Preventive,2,450,No
L49869,2,103,163,Preventive,2,600,No
L49870,2,102,162,Preventive,3,600,No
L49871,2,101,161,Preventive,3,600,No
L49872,2,100,160,Preventive,3,600,No
M17553,2,99,159,Preventive,3,900,No
M17554,2,97,157,Preventive,3,900,No
L49875,2,96,156,Preventive,4,600,No
L49876,2,95,155,Preventive,4,600,No
L49877,2,94,154,Preventive,4,600,No
L49878,2,93,153,Preventive,4,600,No
L49879,2,92,152,Preventive,4,600,No
L49880,2,91,151,Preventive,4,600,No
L49881,2,90,150,Preventive,5,600,No
L49882,2,89,149,Preventive,5,600,No
M17563,2,88,148,Preventive,5,900,No
M17564,2,86,146,Preventive,5,900,No
L49885,3,85,145,Preventive,5,750,No
M17566,3,84,144,Preventive,6,1050,No
M17567,3,82,142,Preventive,6,1050,No
L49888,3,81,141,Preventive,6,750,No
L49889,3,80,140,Preventive,6,750,No
L49890,3,79,139,Preventive,6,750,No
L49891,3,78,138,Preventive,7,750,No
H32126,3,77,137,Preventive,7,1450,No
M17573,3,74,134,Preventive,7,1050,No
M17574,3,73,133,Preventive,7,1050,No
M17575,3,71,131,Preventive,8,1050,No
L49896,3,70,130,Preventive,8,750,No
M17577,3,69,129,Preventive,8,1050,No
L49898,4,67,127,Preventive,8,900,No
L49899,4,66,126,Preventive,9,900,No
L49900,4,65,125,Preventive,9,900,No
M17581,4,64,124,Preventive,9,1200,No
L49902,4,63,123,Preventive,9,900,No
L49903,4,62,122,Preventive,9,900,No
M17584,4,61,121,Preventive,9,1200,No
L49905,4,59,119,Corrective,10,900,No
M17586,4,58,118,Corrective,10,1200,No
L49907,4,57,117,Corrective,10,900,No
L49908,4,56,116,Corrective,10,900,No
L49909,4,55,115,Corrective,10,900,No
L49910,4,54,114,Corrective,11,900,No
M17591,4,53,113,Corrective,11,1200,No
L49912,4,51,111,Corrective,11,900,No
L49913,5,50,110,Corrective,11,1050,No
H32148,5,49,109,Corrective,11,1750,No
L49915,5,47,107,Corrective,12,1050,No
M17596,5,46,106,Corrective,12,1350,No
M17597,5,44,104,Corrective,12,1350,No
M17598,5,43,103,Corrective,12,1350,No
L49919,5,41,101,Corrective,13,1050,No
L49920,5,40,100,Corrective,13,1050,No
L49921,5,39,99,Corrective,13,1050,No
L49922,5,38,98,Corrective,13,1050,No
L49923,5,37,97,Corrective,13,1050,No
L49924,5,36,96,Corrective,14,1050,No
M17605,5,35,95,Corrective,14,1350,No
L49926,5,34,94,Corrective,14,1050,No
L49927,6,33,93,Corrective,14,1200,No
L49928,6,32,92,Corrective,14,1200,No
M17609,8,31,91,Emergency,38,1800,Yes
H32164,6,29,89,Corrective,15,1900,No
L49931,6,27,87,Corrective,15,1200,No
M17612,6,26,86,Corrective,15,1500,No
L49933,6,24,84,Corrective,16,1200,No
H32168,6,23,83,Corrective,16,1900,No
L49935,6,21,81,Corrective,16,1200,No
L49936,6,20,80,Corrective,16,1200,No
L49937,6,19,79,Corrective,16,1200,No
M17618,6,18,78,Corrective,17,1500,No
L49939,6,16,76,Corrective,17,1200,No
L49940,7,15,75,Corrective,17,1350,No
L49941,9,14,74,Emergency,41,1650,Yes
L49942,7,13,73,Corrective,17,1350,No
L49943,7,12,72,Corrective,18,1350,No
M17624,1,120,180,Preventive,0,750,No
M17625,1,119,179,Preventive,0,750,No
M17626,1,117,177,Preventive,0,750,No
L49947,1,116,176,Preventive,0,450,No
L49948,1,115,175,Preventive,0,450,No
M17629,1,114,174,Preventive,1,750,No
L49950,1,112,172,Preventive,1,450,No
L49951,1,111,171,Preventive,1,450,No
L49952,1,110,170,Preventive,1,450,No
L49953,1,109,169,Preventive,1,450,No
L49954,1,108,168,Preventive,2,450,No
L49955,1,107,167,Preventive,2,450,No
L49956,1,106,166,Preventive,2,450,No
L49957,1,105,165,Preventive,2,450,No
L49958,1,104,164,Preventive,2,450,No
L49959,1,103,163,Preventive,2,450,No
M17640,2,102,162,Preventive,3,900,No
L49961,2,101,161,Preventive,3,600,No
M17642,2,100,160,Preventive,3,900,No
M17643,2,98,158,Preventive,3,900,No
L49964,2,97,157,Preventive,3,600,No
L49965,2,96,156,Preventive,4,600,No
M17646,2,95,155,Preventive,4,900,No
M17647,2,93,153,Preventive,4,900,No
L49968,2,92,152,Preventive,4,600,No
H32203,2,91,151,Preventive,4,1300,No
L49970,2,88,148,Preventive,5,600,No
H32205,2,87,147,Preventive,5,1300,No
L49972,3,85,145,Preventive,5,750,No
L49973,3,84,144,Preventive,6,750,No
L49974,3,83,143,Preventive,6,750,No
M17655,3,82,142,Preventive,6,1050,No
L49976,3,80,140,Preventive,6,750,No
M17657,3,79,139,Preventive,6,1050,No
L49978,3,78,138,Preventive,7,750,No
L49979,3,77,137,Preventive,7,750,No
M17660,3,76,136,Preventive,7,1050,No
M17661,3,74,134,Preventive,7,1050,No
M17662,3,73,133,Preventive,7,1050,No
L49983,3,71,131,Preventive,8,750,No
L49984,3,70,130,Preventive,8,750,No
L49985,3,69,129,Preventive,8,750,No
L49986,3,68,128,Preventive,8,750,No
M17667,4,67,127,Preventive,8,1200,No
L49988,4,66,126,Preventive,9,900,No
L49989,4,65,125,Preventive,9,900,No
L49990,4,64,124,Preventive,9,900,No
L49991,4,63,123,Preventive,9,900,No
M17672,4,62,122,Preventive,9,1200,No
L49993,4,60,120,Corrective,10,900,No
L49994,4,59,119,Corrective,10,900,No
M17675,4,58,118,Corrective,10,1200,No
L49996,4,57,117,Corrective,10,900,No
L49997,4,56,116,Corrective,10,900,No
L49998,4,55,115,Corrective,10,900,No
L49999,4,54,114,Corrective,11,900,No
L50000,4,53,113,Corrective,11,900,No
M17681,4,52,112,Corrective,11,1200,No
L50002,5,50,110,Corrective,11,1050,No
M17683,5,49,109,Corrective,11,1350,No
M17684,5,48,108,Corrective,12,1350,No
L50005,5,46,106,Corrective,12,1050,No
M17686,5,45,105,Corrective,12,1350,No
L50007,5,44,104,Corrective,12,1050,No
M17688,5,43,103,Corrective,12,1350,No
L50009,5,41,101,Corrective,13,1050,No
M17690,5,40,100,Corrective,13,1350,No
M17691,5,39,99,Corrective,13,1350,No
M17692,5,37,97,Corrective,13,1350,No
L50013,5,36,96,Corrective,14,1050,No
L50014,5,35,95,Corrective,14,1050,No
L50015,5,34,94,Corrective,14,1050,No
M17696,6,33,93,Corrective,14,1500,No
L50017,6,31,91,Corrective,14,1200,No
L50018,6,30,90,Corrective,15,1200,No
M17699,6,29,89,Corrective,15,1500,No
H32254,6,28,88,Corrective,15,1900,No
L50021,6,25,85,Corrective,15,1200,No
L50022,6,24,84,Corrective,16,1200,No
L50023,6,23,83,Corrective,16,1200,No
L50024,6,22,82,Corrective,16,1200,No
L50025,6,21,81,Corrective,16,1200,No
L50026,6,20,80,Corrective,16,1200,No
L50027,6,19,79,Corrective,16,1200,No
M17708,6,18,78,Corrective,17,1500,No
L50029,6,17,77,Corrective,17,1200,No
L50030,6,16,76,Corrective,17,1200,No
L50031,7,15,75,Corrective,17,1350,No
M17712,7,14,74,Corrective,17,1650,No
M17713,7,12,72,Corrective,18,1650,No
L50034,7,11,71,Corrective,18,1350,No
L50035,7,10,70,Corrective,18,1350,No
H32270,7,9,69,Corrective,18,2050,No
M17717,7,6,66,Corrective,19,1650,No
L50038,9,5,65,Emergency,43,1650,Yes
L50039,7,5,64,Corrective,19,1350,No
H32274,7,5,63,Corrective,19,2050,No
L50041,7,5,60,Corrective,20,1350,No
L50042,7,5,59,Corrective,20,1350,No
L50043,7,5,58,Corrective,20,1350,No
H32278,10,5,57,Emergency,44,2500,Yes
H32279,1,120,180,Preventive,0,1150,No
L50046,1,118,178,Preventive,0,450,No
H32281,1,117,177,Preventive,0,1150,No
L50048,1,114,174,Preventive,1,450,No
L50049,1,113,173,Preventive,1,450,No
M17730,1,112,172,Preventive,1,750,No
M17731,1,111,171,Preventive,1,750,No
L50052,1,109,169,Preventive,1,450,No
H32287,1,108,168,Preventive,2,1150,No
L50054,1,106,166,Preventive,2,450,No
M17735,1,105,165,Preventive,2,750,No
M17736,1,103,163,Preventive,2,750,No
M17737,2,102,162,Preventive,3,900,No
H32292,2,100,160,Preventive,3,1300,No
M17739,4,98,158,Emergency,27,1200,Yes
L50060,2,96,156,Preventive,4,600,No
M17741,2,95,155,Preventive,4,900,No
L50062,2,94,154,Preventive,4,600,No
L50063,2,93,153,Preventive,4,600,No
L50064,2,92,152,Preventive,4,600,No
M17745,2,91,151,Preventive,4,900,No
H32300,2,89,149,Preventive,5,1300,No
M17747,2,87,147,Preventive,5,900,No
M17748,3,85,145,Preventive,5,1050,No
M17749,3,84,144,Preventive,6,1050,No
L50070,3,82,142,Preventive,6,750,No
L50071,3,81,141,Preventive,6,750,No
L50072,3,80,140,Preventive,6,750,No
M17753,3,79,139,Preventive,6,1050,No
L50074,3,78,138,Preventive,7,750,No
M17755,3,77,137,Preventive,7,1050,No
M17756,3,75,135,Preventive,7,1050,No
M17757,3,74,134,Preventive,7,1050,No
M17758,3,72,132,Preventive,8,1050,No
L50079,3,71,131,Preventive,8,750,No
L50080,3,70,130,Preventive,8,750,No
L50081,3,69,129,Preventive,8,750,No
M17762,4,68,128,Preventive,8,1200,No
M17763,4,66,126,Preventive,9,1200,No
L50084,4,65,125,Preventive,9,900,No
L50085,4,64,124,Preventive,9,900,No
L50086,4,63,123,Preventive,9,900,No
M17767,4,62,122,Preventive,9,1200,No
L50088,4,60,120,Corrective,10,900,No
L50089,4,59,119,Corrective,10,900,No
L50090,4,58,118,Corrective,10,900,No
M17771,4,57,117,Corrective,10,1200,No
L50092,4,56,116,Corrective,10,900,No
L50093,4,55,115,Corrective,10,900,No
H32328,4,54,114,Corrective,11,1600,No
L50095,4,51,111,Corrective,11,900,No
L50096,5,50,110,Corrective,11,1050,No
L50097,5,49,109,Corrective,11,1050,No
M17778,5,48,108,Corrective,12,1350,No
L50099,5,47,107,Corrective,12,1050,No
L50100,5,46,106,Corrective,12,1050,No
L50101,5,45,105,Corrective,12,1050,No
L50102,5,44,104,Corrective,12,1050,No
M17783,5,43,103,Corrective,12,1350,No
L50104,5,41,101,Corrective,13,1050,No
M17785,5,40,100,Corrective,13,1350,No
L50106,5,39,99,Corrective,13,1050,No
M17787,5,38,98,Corrective,13,1350,No
M17788,5,36,96,Corrective,14,1350,No
M17789,5,35,95,Corrective,14,1350,No
H32344,5,33,93,Corrective,14,1750,No
L50111,6,31,91,Corrective,14,1200,No
L50112,6,30,90,Corrective,15,1200,No
M17793,6,29,89,Corrective,15,1500,No
M17794,6,27,87,Corrective,15,1500,No
M17795,6,26,86,Corrective,15,1500,No
M17796,6,24,84,Corrective,16,1500,No
L50117,6,23,83,Corrective,16,1200,No
L50118,6,22,82,Corrective,16,1200,No
L50119,6,21,81,Corrective,16,1200,No
L50120,6,20,80,Corrective,16,1200,No
M17801,8,19,79,Emergency,40,1800,Yes
L50122,1,120,180,Preventive,0,450,No
H32357,1,119,179,Preventive,0,1150,No
L50124,1,117,177,Preventive,0,450,No
H32359,1,116,176,Preventive,0,1150,No
M17806,1,113,173,Preventive,1,750,No
L50127,1,112,172,Preventive,1,450,No
L50128,1,111,171,Preventive,1,450,No
M17809,1,110,170,Preventive,1,750,No
M17810,1,108,168,Preventive,2,750,No
L50131,1,107,167,Preventive,2,450,No
H32366,1,106,166,Preventive,2,1150,No
L50133,1,103,163,Preventive,2,450,No
H32368,2,102,162,Preventive,3,1300,No
M17815,2,100,160,Preventive,3,900,No
M17816,2,98,158,Preventive,3,900,No
L50137,2,97,157,Preventive,3,600,No
M17818,2,96,156,Preventive,4,900,No
M17819,2,94,154,Preventive,4,900,No
L50140,2,93,153,Preventive,4,600,No
L50141,2,92,152,Preventive,4,600,No
L50142,2,91,151,Preventive,4,600,No
M17823,2,90,150,Preventive,5,900,No
L50144,2,88,148,Preventive,5,600,No
M17825,2,87,147,Preventive,5,900,No
L50146,2,86,146,Preventive,5,600,No
L50147,3,85,145,Preventive,5,750,No
M17828,3,84,144,Preventive,6,1050,No
L50149,3,82,142,Preventive,6,750,No
M17830,3,81,141,Preventive,6,1050,No
M17831,3,80,140,Preventive,6,1050,No
M17832,3,78,138,Preventive,7,1050,No
M17833,3,77,137,Preventive,7,1050,No
M17834,3,75,135,Preventive,7,1050,No
H32389,3,74,134,Preventive,7,1450,No
M17836,3,71,131,Preventive,8,1050,No
L50157,3,70,130,Preventive,8,750,No
H32392,3,69,129,Preventive,8,1450,No
L50159,4,66,126,Preventive,9,900,No
L50160,4,65,125,Preventive,9,900,No
H32395,4,64,124,Preventive,9,1600,No
L50162,4,62,122,Preventive,9,900,No
L50163,4,61,121,Preventive,9,900,No
L50164,4,60,120,Corrective,10,900,No
L50165,4,59,119,Corrective,10,900,No
L50166,4,58,118,Corrective,10,900,No
M17847,4,57,117,Corrective,10,1200,No
M17848,4,55,115,Corrective,10,1200,No
L50169,4,54,114,Corrective,11,900,No
L50170,4,53,113,Corrective,11,900,No
M17851,4,52,112,Corrective,11,1200,No
M17852,5,50,110,Corrective,11,1350,No
M17853,5,49,109,Corrective,11,1350,No
L50174,5,47,107,Corrective,12,1050,No
L50175,5,46,106,Corrective,12,1050,No
M17856,5,45,105,Corrective,12,1350,No
L50177,5,44,104,Corrective,12,1050,No
L50178,5,43,103,Corrective,12,1050,No
L50179,5,42,102,Corrective,13,1050,No
H32414,7,41,101,Emergency,37,2050,Yes
L50181,5,38,98,Corrective,13,1050,No
M17862,5,37,97,Corrective,13,1350,No
M17863,5,36,96,Corrective,14,1350,No
M17864,5,34,94,Corrective,14,1350,No
L50185,6,33,93,Corrective,14,1200,No
L50186,6,32,92,Corrective,14,1200,No
L50187,6,31,91,Corrective,14,1200,No
M17868,6,30,90,Corrective,15,1500,No
M17869,6,28,88,Corrective,15,1500,No
L50190,6,27,87,Corrective,15,1200,No
M17871,6,26,86,Corrective,15,1500,No
L50192,6,24,84,Corrective,16,1200,No
L50193,6,23,83,Corrective,16,1200,No
L50194,6,22,82,Corrective,16,1200,No
L50195,6,21,81,Corrective,16,1200,No
L50196,6,20,80,Corrective,16,1200,No
L50197,6,19,79,Corrective,16,1200,No
M17878,6,18,78,Corrective,17,1500,No
L50199,8,17,77,Emergency,41,1500,Yes
L50200,6,16,76,Corrective,17,1200,No
L50201,7,15,75,Corrective,17,1350,No
L50202,7,14,74,Corrective,17,1350,No
L50203,7,13,73,Corrective,17,1350,No
L50204,7,12,72,Corrective,18,1350,No
L50205,7,11,71,Corrective,18,1350,No
M17886,7,10,70,Corrective,18,1650,No
L50207,1,120,180,Preventive,0,450,No
L50208,1,119,179,Preventive,0,450,No
L50209,1,118,178,Preventive,0,450,No
M17890,1,117,177,Preventive,0,750,No
M17891,1,116,176,Preventive,0,750,No
M17892,1,114,174,Preventive,1,750,No
M17893,1,113,173,Preventive,1,750,No
H32448,1,111,171,Preventive,1,1150,No
M17895,1,109,169,Preventive,1,750,No
L50216,1,107,167,Preventive,2,450,No
L50217,1,106,166,Preventive,2,450,No
L50218,1,105,165,Preventive,2,450,No
M17899,1,104,164,Preventive,2,750,No
L50220,2,103,163,Preventive,2,600,No
L50221,2,102,162,Preventive,3,600,No
M17902,2,101,161,Preventive,3,900,No
L50223,2,99,159,Preventive,3,600,No
L50224,2,98,158,Preventive,3,600,No
L50225,2,97,157,Preventive,3,600,No
M17906,2,96,156,Preventive,4,900,No
L50227,2,95,155,Preventive,4,600,No
L50228,2,94,154,Preventive,4,600,No
L50229,2,93,153,Preventive,4,600,No
L50230,2,92,152,Preventive,4,600,No
L50231,2,91,151,Preventive,4,600,No
L50232,2,90,150,Preventive,5,600,No
H32467,2,89,149,Preventive,5,1300,No
H32468,2,86,146,Preventive,5,1300,No
L50235,3,84,144,Preventive,6,750,No
L50236,3,83,143,Preventive,6,750,No
L50237,3,82,142,Preventive,6,750,No
L50238,3,81,141,Preventive,6,750,No
M17919,3,80,140,Preventive,6,1050,No
L50240,3,78,138,Preventive,7,750,No
L50241,3,77,137,Preventive,7,750,No
L50242,3,76,136,Preventive,7,750,No
L50243,3,75,135,Preventive,7,750,No
M17924,3,74,134,Preventive,7,1050,No
M17925,3,73,133,Preventive,7,1050,No
M17926,3,71,131,Preventive,8,1050,No
L50247,3,70,130,Preventive,8,750,No
H32482,3,69,129,Preventive,8,1450,No
L50249,4,66,126,Preventive,9,900,No
L50250,4,65,125,Preventive,9,900,No
L50251,4,64,124,Preventive,9,900,No
L50252,4,63,123,Preventive,9,900,No
L50253,4,62,122,Preventive,9,900,No
L50254,4,61,121,Preventive,9,900,No
M17935,4,60,120,Corrective,10,1200,No
L50256,4,59,119,Corrective,10,900,No
L50257,4,58,118,Corrective,10,900,No
M17938,4,57,117,Corrective,10,1200,No
L50259,4,55,115,Corrective,10,900,No
M17940,4,54,114,Corrective,11,1200,No
M17941,4,53,113,Corrective,11,1200,No
M17942,4,51,111,Corrective,11,1200,No
L50263,5,50,110,Corrective,11,1050,No
H32498,5,49,109,Corrective,11,1750,No
L50265,5,46,106,Corrective,12,1050,No
L50266,5,45,105,Corrective,12,1050,No
M17947,5,44,104,Corrective,12,1350,No
M17948,5,43,103,Corrective,12,1350,No
H32503,5,41,101,Corrective,13,1750,No
H32504,5,39,99,Corrective,13,1750,No
L50271,5,36,96,Corrective,14,1050,No
M17952,5,35,95,Corrective,14,1350,No
L50273,5,34,94,Corrective,14,1050,No
L50274,6,33,93,Corrective,14,1200,No
M17955,6,32,92,Corrective,14,1500,No
L50276,6,30,90,Corrective,15,1200,No
M17957,6,29,89,Corrective,15,1500,No
M17958,6,28,88,Corrective,15,1500,No
M17959,6,26,86,Corrective,15,1500,No
L50280,6,25,85,Corrective,15,1200,No
H32515,6,24,84,Corrective,16,1900,No
L50282,6,21,81,Corrective,16,1200,No
L50283,6,20,80,Corrective,16,1200,No
M17964,6,19,79,Corrective,16,1500,No
L50285,6,18,78,Corrective,17,1200,No
L50286,6,17,77,Corrective,17,1200,No
M17967,6,16,76,Corrective,17,1500,No
L50288,7,14,74,Corrective,17,1350,No
L50289,7,13,73,Corrective,17,1350,No
H32524,1,120,180,Preventive,0,1150,No
L50291,1,118,178,Preventive,0,450,No
M17972,1,117,177,Preventive,0,750,No
M17973,1,115,175,Preventive,0,750,No
M17974,1,114,174,Preventive,1,750,No
L50295,1,112,172,Preventive,1,450,No
L50296,1,111,171,Preventive,1,450,No
M17977,1,110,170,Preventive,1,750,No
M17978,1,109,169,Preventive,1,750,No
L50299,1,107,167,Preventive,2,450,No
H32534,1,106,166,Preventive,2,1150,No
L50301,1,104,164,Preventive,2,450,No
L50302,2,103,163,Preventive,2,600,No
H32537,2,102,162,Preventive,3,1300,No
L50304,2,99,159,Preventive,3,600,No
L50305,2,98,158,Preventive,3,600,No
L50306,2,97,157,Preventive,3,600,No
L50307,2,96,156,Preventive,4,600,No
M17988,2,95,155,Preventive,4,900,No
L50309,2,94,154,Preventive,4,600,No
L50310,2,93,153,Preventive,4,600,No
L50311,2,92,152,Preventive,4,600,No
L50312,2,91,151,Preventive,4,600,No
H32547,2,90,150,Preventive,5,1300,No
L50314,2,87,147,Preventive,5,600,No
L50315,2,86,146,Preventive,5,600,No
L50316,3,85,145,Preventive,5,750,No
L50317,3,84,144,Preventive,6,750,No
L50318,3,83,143,Preventive,6,750,No
H32553,3,82,142,Preventive,6,1450,No
H32554,5,80,140,Emergency,30,1750,Yes
L50321,3,77,137,Preventive,7,750,No
L50322,3,76,136,Preventive,7,750,No
H32557,3,75,135,Preventive,7,1450,No
M18004,3,73,133,Preventive,7,1050,No
M18005,3,71,131,Preventive,8,1050,No
M18006,3,70,130,Preventive,8,1050,No
M18007,3,68,128,Preventive,8,1050,No
H32562,4,67,127,Preventive,8,1600,No
H32563,4,64,124,Preventive,9,1600,No
L50330,4,62,122,Preventive,9,900,No
L50331,4,61,121,Preventive,9,900,No
M18012,4,60,120,Corrective,10,1200,No
M18013,4,58,118,Corrective,10,1200,No
L50334,4,57,117,Corrective,10,900,No
L50335,4,56,116,Corrective,10,900,No
L50336,4,55,115,Corrective,10,900,No
M18017,4,54,114,Corrective,11,1200,No
L50338,4,52,112,Corrective,11,900,No
H32573,4,51,111,Corrective,11,1600,No
M18020,5,49,109,Corrective,11,1350,No
L50341,5,47,107,Corrective,12,1050,No
L50342,5,46,106,Corrective,12,1050,No
L50343,5,45,105,Corrective,12,1050,No
L50344,5,44,104,Corrective,12,1050,No
L50345,5,43,103,Corrective,12,1050,No
M18026,5,42,102,Corrective,13,1350,No
L50347,5,41,101,Corrective,13,1050,No
M18028,5,40,100,Corrective,13,1350,No
M18029,5,38,98,Corrective,13,1350,No
M18030,5,37,97,Corrective,13,1350,No
L50351,5,35,95,Corrective,14,1050,No
M18032,5,34,94,Corrective,14,1350,No
L50353,6,33,93,Corrective,14,1200,No
L50354,6,32,92,Corrective,14,1200,No
L50355,6,31,91,Corrective,14,1200,No
L50356,6,30,90,Corrective,15,1200,No
M18037,6,29,89,Corrective,15,1500,No
M18038,6,27,87,Corrective,15,1500,No
L50359,6,26,86,Corrective,15,1200,No
M18040,6,25,85,Corrective,15,1500,No
L50361,6,23,83,Corrective,16,1200,No
M18042,6,22,82,Corrective,16,1500,No
L50363,6,21,81,Corrective,16,1200,No
L50364,6,20,80,Corrective,16,1200,No
L50365,6,19,79,Corrective,16,1200,No
M18046,6,18,78,Corrective,17,1500,No
M18047,6,16,76,Corrective,17,1500,No
M18048,7,15,75,Corrective,17,1650,No
L50369,7,13,73,Corrective,17,1350,No
L50370,7,12,72,Corrective,18,1350,No
M18051,7,11,71,Corrective,18,1650,No
M18052,7,10,70,Corrective,18,1650,No
L50373,1,120,180,Preventive,0,450,No
L50374,1,119,179,Preventive,0,450,No
M18055,1,118,178,Preventive,0,750,No
L50376,1,117,177,Preventive,0,450,No
L50377,1,116,176,Preventive,0,450,No
M18058,1,115,175,Preventive,0,750,No
H32613,1,113,173,Preventive,1,1150,No
M18060,1,111,171,Preventive,1,750,No
L50381,1,109,169,Preventive,1,450,No
L50382,1,108,168,Preventive,2,450,No
M18063,1,107,167,Preventive,2,750,No
L50384,1,106,166,Preventive,2,450,No
M18065,1,105,165,Preventive,2,750,No
M18066,1,103,163,Preventive,2,750,No
M18067,2,102,162,Preventive,3,900,No
M18068,2,100,160,Preventive,3,900,No
L50389,2,99,159,Preventive,3,600,No
M18070,2,98,158,Preventive,3,900,No
L50391,2,96,156,Preventive,4,600,No
L50392,2,95,155,Preventive,4,600,No
L50393,2,94,154,Preventive,4,600,No
H32628,2,93,153,Preventive,4,1300,No
M18075,2,91,151,Preventive,4,900,No
L50396,2,89,149,Preventive,5,600,No
L50397,2,88,148,Preventive,5,600,No
L50398,2,87,147,Preventive,5,600,No
M18079,2,86,146,Preventive,5,900,No
M18080,3,85,145,Preventive,5,1050,No
L50401,3,83,143,Preventive,6,750,No
M18082,3,82,142,Preventive,6,1050,No
H32637,3,81,141,Preventive,6,1450,No
M18084,3,78,138,Preventive,7,1050,No
L50405,3,77,137,Preventive,7,750,No
L50406,3,76,136,Preventive,7,750,No
M18087,3,75,135,Preventive,7,1050,No
L50408,3,73,133,Preventive,7,750,No
L50409,3,72,132,Preventive,8,750,No
L50410,3,71,131,Preventive,8,750,No
L50411,3,70,130,Preventive,8,750,No
L50412,3,69,129,Preventive,8,750,No
H32647,3,68,128,Preventive,8,1450,No
L50414,4,66,126,Preventive,9,900,No
L50415,4,65,125,Preventive,9,900,No
M18096,6,64,124,Emergency,33,1500,Yes
M18097,4,62,122,Preventive,9,1200,No
M18098,4,61,121,Preventive,9,1200,No
L50419,4,59,119,Corrective,10,900,No
L50420,4,58,118,Corrective,10,900,No
H32655,4,57,117,Corrective,10,1600,No
L50422,4,55,115,Corrective,10,900,No
L50423,4,54,114,Corrective,11,900,No
M18104,4,53,113,Corrective,11,1200,No
M18105,4,51,111,Corrective,11,1200,No
L50426,5,50,110,Corrective,11,1050,No
M18107,5,49,109,Corrective,11,1350,No
M18108,5,47,107,Corrective,12,1350,No
L50429,5,46,106,Corrective,12,1050,No
H32664,5,45,105,Corrective,12,1750,No
L50431,5,42,102,Corrective,13,1050,No
L50432,5,41,101,Corrective,13,1050,No
L50433,5,40,100,Corrective,13,1050,No
M18114,5,39,99,Corrective,13,1350,No
L50435,5,38,98,Corrective,13,1050,No
L50436,5,37,97,Corrective,13,1050,No
L50437,5,36,96,Corrective,14,1050,No
L50438,5,35,95,Corrective,14,1050,No
M18119,5,34,94,Corrective,14,1350,No
M18120,6,32,92,Corrective,14,1500,No
H32675,6,31,91,Corrective,14,1900,No
L50442,6,28,88,Corrective,15,1200,No
L50443,6,27,87,Corrective,15,1200,No
H32678,6,26,86,Corrective,15,1900,No
L50445,6,24,84,Corrective,16,1200,No
L50446,8,23,83,Emergency,40,1500,Yes
L50447,6,22,82,Corrective,16,1200,No
M18128,6,21,81,Corrective,16,1500,No
M18129,6,19,79,Corrective,16,1500,No
L50450,6,18,78,Corrective,17,1200,No
M18131,6,17,77,Corrective,17,1500,No
M18132,7,15,75,Corrective,17,1650,No
M18133,7,14,74,Corrective,17,1650,No
L50454,1,120,180,Preventive,0,450,No
H32689,1,119,179,Preventive,0,1150,No
L50456,1,117,177,Preventive,0,450,No
L50457,1,116,176,Preventive,0,450,No
L50458,1,115,175,Preventive,0,450,No
L50459,1,114,174,Preventive,1,450,No
M18140,1,113,173,Preventive,1,750,No
M18141,1,111,171,Preventive,1,750,No
L50462,1,110,170,Preventive,1,450,No
L50463,1,109,169,Preventive,1,450,No
H32698,1,108,168,Preventive,2,1150,No
L50465,1,105,165,Preventive,2,450,No
L50466,1,104,164,Preventive,2,450,No
M18147,1,103,163,Preventive,2,750,No
L50468,2,102,162,Preventive,3,600,No
M18149,2,101,161,Preventive,3,900,No
L50470,2,99,159,Preventive,3,600,No
M18151,2,98,158,Preventive,3,900,No
L50472,2,97,157,Preventive,3,600,No
M18153,2,96,156,Preventive,4,900,No
L50474,2,94,154,Preventive,4,600,No
L50475,2,93,153,Preventive,4,600,No
M18156,2,92,152,Preventive,4,900,No
L50477,2,91,151,Preventive,4,600,No
L50478,2,90,150,Preventive,5,600,No
L50479,2,89,149,Preventive,5,600,No
H32714,2,88,148,Preventive,5,1300,No
L50481,3,85,145,Preventive,5,750,No
L50482,3,84,144,Preventive,6,750,No
L50483,3,83,143,Preventive,6,750,No
L50484,3,82,142,Preventive,6,750,No
M18165,3,81,141,Preventive,6,1050,No
L50486,3,80,140,Preventive,6,750,No
M18167,3,79,139,Preventive,6,1050,No
L50488,3,77,137,Preventive,7,750,No
L50489,3,76,136,Preventive,7,750,No
L50490,3,75,135,Preventive,7,750,No
L50491,3,74,134,Preventive,7,750,No
L50492,3,73,133,Preventive,7,750,No
L50493,3,72,132,Preventive,8,750,No
L50494,3,71,131,Preventive,8,750,No
M18175,3,70,130,Preventive,8,1050,No
M18176,3,69,129,Preventive,8,1050,No
L50497,4,67,127,Preventive,8,900,No
L50498,4,66,126,Preventive,9,900,No
L50499,4,65,125,Preventive,9,900,No
L50500,4,64,124,Preventive,9,900,No
L50501,4,63,123,Preventive,9,900,No
L50502,4,62,122,Preventive,9,900,No
L50503,4,61,121,Preventive,9,900,No
L50504,4,60,120,Corrective,10,900,No
L50505,4,59,119,Corrective,10,900,No
L50506,4,58,118,Corrective,10,900,No
M18187,4,57,117,Corrective,10,1200,No
L50508,4,56,116,Corrective,10,900,No
L50509,4,55,115,Corrective,10,900,No
L50510,4,54,114,Corrective,11,900,No
L50511,4,53,113,Corrective,11,900,No
M18192,4,52,112,Corrective,11,1200,No
M18193,5,50,110,Corrective,11,1350,No
M18194,5,49,109,Corrective,11,1350,No
L50515,5,47,107,Corrective,12,1050,No
L50516,5,46,106,Corrective,12,1050,No
L50517,5,45,105,Corrective,12,1050,No
M18198,5,44,104,Corrective,12,1350,No
L50519,5,43,103,Corrective,12,1050,No
M18200,5,42,102,Corrective,13,1350,No
H32755,5,40,100,Corrective,13,1750,No
L50522,5,38,98,Corrective,13,1050,No
M18203,5,37,97,Corrective,13,1350,No
L50524,5,35,95,Corrective,14,1050,No
L50525,5,34,94,Corrective,14,1050,No
L50526,5,33,93,Corrective,14,1050,No
L50527,6,32,92,Corrective,14,1200,No
M18208,6,31,91,Corrective,14,1500,No
L50529,6,30,90,Corrective,15,1200,No
L50530,8,29,89,Emergency,39,1500,Yes
L50531,6,28,88,Corrective,15,1200,No
L50532,6,27,87,Corrective,15,1200,No
L50533,6,26,86,Corrective,15,1200,No
L50534,6,25,85,Corrective,15,1200,No
L50535,6,24,84,Corrective,16,1200,No
L50536,8,23,83,Emergency,40,1500,Yes
H32771,6,22,82,Corrective,16,1900,No
L50538,6,19,79,Corrective,16,1200,No
L50539,6,18,78,Corrective,17,1200,No
L50540,6,17,77,Corrective,17,1200,No
L50541,6,16,76,Corrective,17,1200,No
L50542,7,15,75,Corrective,17,1350,No
L50543,7,14,74,Corrective,17,1350,No
L50544,1,120,180,Preventive,0,450,No
M18225,1,119,179,Preventive,0,750,No
M18226,1,118,178,Preventive,0,750,No
H32781,1,116,176,Preventive,0,1150,No
L50548,1,114,174,Preventive,1,450,No
L50549,3,113,173,Emergency,25,750,Yes
L50550,1,112,172,Preventive,1,450,No
L50551,1,111,171,Preventive,1,450,No
L50552,1,110,170,Preventive,1,450,No
L50553,1,109,169,Preventive,1,450,No
L50554,1,108,168,Preventive,2,450,No
M18235,1,107,167,Preventive,2,750,No
M18236,1,105,165,Preventive,2,750,No
H32791,1,104,164,Preventive,2,1150,No
L50558,2,101,161,Preventive,3,600,No
M18239,2,100,160,Preventive,3,900,No
L50560,2,99,159,Preventive,3,600,No
L50561,2,98,158,Preventive,3,600,No
L50562,2,97,157,Preventive,3,600,No
H32797,2,96,156,Preventive,4,1300,No
L50564,2,93,153,Preventive,4,600,No
L50565,2,92,152,Preventive,4,600,No
H32800,2,91,151,Preventive,4,1300,No
M18247,2,89,149,Preventive,5,900,No
M18248,2,87,147,Preventive,5,900,No
M18249,2,86,146,Preventive,5,900,No
H32804,3,84,144,Preventive,6,1450,No
L50571,3,82,142,Preventive,6,750,No
L50572,3,81,141,Preventive,6,750,No
L50573,3,80,140,Preventive,6,750,No
L50574,3,79,139,Preventive,6,750,No
L50575,3,78,138,Preventive,7,750,No
M18256,3,77,137,Preventive,7,1050,No
L50577,3,75,135,Preventive,7,750,No
L50578,3,74,134,Preventive,7,750,No
L50579,3,73,133,Preventive,7,750,No
H32814,3,72,132,Preventive,8,1450,No
M18261,3,70,130,Preventive,8,1050,No
L50582,3,68,128,Preventive,8,750,No
L50583,4,67,127,Preventive,8,900,No
L50584,4,66,126,Preventive,9,900,No
M18265,4,65,125,Preventive,9,1200,No
L50586,4,64,124,Preventive,9,900,No
L50587,4,63,123,Preventive,9,900,No
M18268,4,62,122,Preventive,9,1200,No
M18269,4,60,120,Corrective,10,1200,No
L50590,4,59,119,Corrective,10,900,No
L50591,4,58,118,Corrective,10,900,No
L50592,4,57,117,Corrective,10,900,No
L50593,4,56,116,Corrective,10,900,No
L50594,4,55,115,Corrective,10,900,No
L50595,4,54,114,Corrective,11,900,No
L50596,4,53,113,Corrective,11,900,No
L50597,4,52,112,Corrective,11,900,No
H32832,4,51,111,Corrective,11,1600,No
L50599,5,48,108,Corrective,12,1050,No
L50600,5,47,107,Corrective,12,1050,No
M18281,5,46,106,Corrective,12,1350,No
L50602,5,45,105,Corrective,12,1050,No
L50603,5,44,104,Corrective,12,1050,No
L50604,5,43,103,Corrective,12,1050,No
M18285,5,42,102,Corrective,13,1350,No
L50606,5,40,100,Corrective,13,1050,No
L50607,5,39,99,Corrective,13,1050,No
L50608,5,38,98,Corrective,13,1050,No
H32843,5,37,97,Corrective,13,1750,No
H32844,5,35,95,Corrective,14,1750,No
L50611,6,32,92,Corrective,14,1200,No
M18292,6,31,91,Corrective,14,1500,No
M18293,6,30,90,Corrective,15,1500,No
M18294,6,28,88,Corrective,15,1500,No
L50615,6,27,87,Corrective,15,1200,No
L50616,6,26,86,Corrective,15,1200,No
L50617,6,25,85,Corrective,15,1200,No
L50618,6,24,84,Corrective,16,1200,No
L50619,6,23,83,Corrective,16,1200,No
L50620,6,22,82,Corrective,16,1200,No
L50621,6,21,81,Corrective,16,1200,No
M18302,6,20,80,Corrective,16,1500,No
L50623,6,18,78,Corrective,17,1200,No
L50624,6,17,77,Corrective,17,1200,No
M18305,6,16,76,Corrective,17,1500,No
H32860,7,15,75,Corrective,17,2050,No
L50627,7,12,72,Corrective,18,1350,No
L50628,7,11,71,Corrective,18,1350,No
L50629,7,10,70,Corrective,18,1350,No
L50630,7,9,69,Corrective,18,1350,No
L50631,1,120,180,Preventive,0,450,No
H32866,1,119,179,Preventive,0,1150,No
L50633,1,117,177,Preventive,0,450,No
L50634,1,116,176,Preventive,0,450,No
H32869,1,115,175,Preventive,0,1150,No
H32870,1,112,172,Preventive,1,1150,No
M18317,3,110,170,Emergency,25,1050,Yes
L50638,1,108,168,Preventive,2,450,No
L50639,1,107,167,Preventive,2,450,No
L50640,1,106,166,Preventive,2,450,No
H32875,1,105,165,Preventive,2,1150,No
H32876,2,103,163,Preventive,2,1300,No
L50643,2,100,160,Preventive,3,600,No
L50644,2,99,159,Preventive,3,600,No
M18325,2,98,158,Preventive,3,900,No
L50646,2,97,157,Preventive,3,600,No
L50647,2,96,156,Preventive,4,600,No
L50648,2,95,155,Preventive,4,600,No
M18329,2,94,154,Preventive,4,900,No
L50650,2,92,152,Preventive,4,600,No
L50651,2,91,151,Preventive,4,600,No
L50652,2,90,150,Preventive,5,600,No
M18333,2,89,149,Preventive,5,900,No
M18334,2,88,148,Preventive,5,900,No
L50655,2,86,146,Preventive,5,600,No
L50656,3,85,145,Preventive,5,750,No
L50657,3,84,144,Preventive,6,750,No
L50658,3,83,143,Preventive,6,750,No
M18339,3,82,142,Preventive,6,1050,No
L50660,3,81,141,Preventive,6,750,No
L50661,3,80,140,Preventive,6,750,No
L50662,3,79,139,Preventive,6,750,No
H32897,3,78,138,Preventive,7,1450,No
L50664,3,75,135,Preventive,7,750,No
L50665,3,74,134,Preventive,7,750,No
L50666,3,73,133,Preventive,7,750,No
M18347,3,72,132,Preventive,8,1050,No
L50668,3,71,131,Preventive,8,750,No
L50669,3,70,130,Preventive,8,750,No
M18350,3,69,129,Preventive,8,1050,No
H32905,4,67,127,Preventive,8,1600,No
H32906,4,65,125,Preventive,9,1600,No
M18353,4,62,122,Preventive,9,1200,No
L50674,4,61,121,Preventive,9,900,No
M18355,4,60,120,Corrective,10,1200,No
L50676,4,58,118,Corrective,10,900,No
L50677,4,57,117,Corrective,10,900,No
L50678,4,56,116,Corrective,10,900,No
L50679,4,55,115,Corrective,10,900,No
H32914,4,54,114,Corrective,11,1600,No
H32915,4,52,112,Corrective,11,1600,No
M18362,5,49,109,Corrective,11,1350,No
L50683,5,48,108,Corrective,12,1050,No
M18364,5,47,107,Corrective,12,1350,No
L50685,5,45,105,Corrective,12,1050,No
H32920,5,44,104,Corrective,12,1750,No
M18367,5,42,102,Corrective,13,1350,No
L50688,5,40,100,Corrective,13,1050,No
L50689,5,39,99,Corrective,13,1050,No
L50690,5,38,98,Corrective,13,1050,No
L50691,5,37,97,Corrective,13,1050,No
M18372,5,36,96,Corrective,14,1350,No
M18373,5,35,95,Corrective,14,1350,No
H32928,5,33,93,Corrective,14,1750,No
M18375,6,31,91,Corrective,14,1500,No
L50696,6,29,89,Corrective,15,1200,No
L50697,6,28,88,Corrective,15,1200,No
L50698,6,27,87,Corrective,15,1200,No
M18379,6,26,86,Corrective,15,1500,No
L50700,6,25,85,Corrective,15,1200,No
L50701,6,24,84,Corrective,16,1200,No
L50702,6,23,83,Corrective,16,1200,No
L50703,6,22,82,Corrective,16,1200,No
M18384,6,21,81,Corrective,16,1500,No
L50705,6,19,79,Corrective,16,1200,No
H32940,6,18,78,Corrective,17,1900,No
M18387,6,16,76,Corrective,17,1500,No
L50708,9,14,74,Emergency,41,1650,Yes
L50709,9,13,73,Emergency,41,1650,Yes
M18390,1,120,180,Preventive,0,750,No
M18391,1,119,179,Preventive,0,750,No
L50712,1,117,177,Preventive,0,450,No
L50713,1,116,176,Preventive,0,450,No
M18394,1,115,175,Preventive,0,750,No
H32949,1,114,174,Preventive,1,1150,No
L50716,1,111,171,Preventive,1,450,No
M18397,1,110,170,Preventive,1,750,No
L50718,1,109,169,Preventive,1,450,No
L50719,1,108,168,Preventive,2,450,No
L50720,1,107,167,Preventive,2,450,No
L50721,1,106,166,Preventive,2,450,No
L50722,1,105,165,Preventive,2,450,No
L50723,1,104,164,Preventive,2,450,No
M18404,2,103,163,Preventive,2,900,No
L50725,2,101,161,Preventive,3,600,No
M18406,2,100,160,Preventive,3,900,No
M18407,2,99,159,Preventive,3,900,No
L50728,2,97,157,Preventive,3,600,No
M18409,2,96,156,Preventive,4,900,No
M18410,2,95,155,Preventive,4,900,No
L50731,2,93,153,Preventive,4,600,No
M18412,2,92,152,Preventive,4,900,No
M18413,2,91,151,Preventive,4,900,No
L50734,2,89,149,Preventive,5,600,No
L50735,2,88,148,Preventive,5,600,No
L50736,2,87,147,Preventive,5,600,No
M18417,2,86,146,Preventive,5,900,No
L50738,3,85,145,Preventive,5,750,No
M18419,3,84,144,Preventive,6,1050,No
L50740,3,82,142,Preventive,6,750,No
L50741,3,81,141,Preventive,6,750,No
L50742,3,80,140,Preventive,6,750,No
M18423,3,79,139,Preventive,6,1050,No
M18424,3,78,138,Preventive,7,1050,No
M18425,3,76,136,Preventive,7,1050,No
L50746,3,75,135,Preventive,7,750,No
L50747,3,74,134,Preventive,7,750,No
L50748,3,73,133,Preventive,7,750,No
M18429,3,72,132,Preventive,8,1050,No
H32984,3,70,130,Preventive,8,1450,No
M18431,4,68,128,Preventive,8,1200,No
L50752,4,66,126,Preventive,9,900,No
L50753,4,65,125,Preventive,9,900,No
L50754,4,64,124,Preventive,9,900,No
L50755,4,63,123,Preventive,9,900,No
L50756,4,62,122,Preventive,9,900,No
M18437,4,61,121,Preventive,9,1200,No
M18438,4,60,120,Corrective,10,1200,No
L50759,6,58,118,Emergency,34,1200,Yes
L50760,4,57,117,Corrective,10,900,No
M18441,4,56,116,Corrective,10,1200,No
L50762,4,55,115,Corrective,10,900,No
L50763,4,54,114,Corrective,11,900,No
L50764,4,53,113,Corrective,11,900,No
L50765,4,52,112,Corrective,11,900,No
L50766,4,51,111,Corrective,11,900,No
H33001,5,50,110,Corrective,11,1750,No
M18448,5,47,107,Corrective,12,1350,No
L50769,5,46,106,Corrective,12,1050,No
L50770,5,45,105,Corrective,12,1050,No
M18451,5,44,104,Corrective,12,1350,No
H33006,5,42,102,Corrective,13,1750,No
M18453,5,40,100,Corrective,13,1350,No
M18454,5,38,98,Corrective,13,1350,No
L50775,5,37,97,Corrective,13,1050,No
L50776,5,36,96,Corrective,14,1050,No
M18457,5,35,95,Corrective,14,1350,No
L50778,5,33,93,Corrective,14,1050,No
H33013,6,32,92,Corrective,14,1900,No
L50780,6,30,90,Corrective,15,1200,No
L50781,6,29,89,Corrective,15,1200,No
M18462,6,28,88,Corrective,15,1500,No
L50783,6,26,86,Corrective,15,1200,No
L50784,6,25,85,Corrective,15,1200,No
L50785,6,24,84,Corrective,16,1200,No
L50786,6,23,83,Corrective,16,1200,No
L50787,6,22,82,Corrective,16,1200,No
M18468,6,21,81,Corrective,16,1500,No
M18469,6,20,80,Corrective,16,1500,No
M18470,6,18,78,Corrective,17,1500,No
L50791,8,17,77,Emergency,41,1500,Yes
L50792,1,120,180,Preventive,0,450,No
L50793,1,119,179,Preventive,0,450,No
L50794,1,118,178,Preventive,0,450,No
M18475,1,117,177,Preventive,0,750,No
M18476,1,116,176,Preventive,0,750,No
L50797,1,114,174,Preventive,1,450,No
L50798,1,113,173,Preventive,1,450,No
L50799,1,112,172,Preventive,1,450,No
H33034,1,111,171,Preventive,1,1150,No
L50801,1,109,169,Preventive,1,450,No
L50802,1,108,168,Preventive,2,450,No
M18483,1,107,167,Preventive,2,750,No
M18484,1,105,165,Preventive,2,750,No
M18485,1,104,164,Preventive,2,750,No
M18486,2,102,162,Preventive,3,900,No
L50807,2,101,161,Preventive,3,600,No
L50808,2,100,160,Preventive,3,600,No
L50809,2,99,159,Preventive,3,600,No
L50810,2,98,158,Preventive,3,600,No
M18491,2,97,157,Preventive,3,900,No
L50812,2,95,155,Preventive,4,600,No
M18493,2,94,154,Preventive,4,900,No
L50814,2,93,153,Preventive,4,600,No
M18495,2,92,152,Preventive,4,900,No
L50816,2,90,150,Preventive,5,600,No
M18497,2,89,149,Preventive,5,900,No
M18498,2,88,148,Preventive,5,900,No
L50819,2,86,146,Preventive,5,600,No
H33054,3,85,145,Preventive,5,1450,No
L50821,3,83,143,Preventive,6,750,No
L50822,3,82,142,Preventive,6,750,No
L50823,3,81,141,Preventive,6,750,No
L50824,3,80,140,Preventive,6,750,No
L50825,3,79,139,Preventive,6,750,No
M18506,3,78,138,Preventive,7,1050,No
L50827,3,76,136,Preventive,7,750,No
M18508,3,75,135,Preventive,7,1050,No
L50829,3,74,134,Preventive,7,750,No
L50830,3,73,133,Preventive,7,750,No
L50831,3,72,132,Preventive,8,750,No
M18512,3,71,131,Preventive,8,1050,No
L50833,3,69,129,Preventive,8,750,No
L50834,3,68,128,Preventive,8,750,No
L50835,4,67,127,Preventive,8,900,No
M18516,4,66,126,Preventive,9,1200,No
L50837,4,65,125,Preventive,9,900,No
M18518,4,64,124,Preventive,9,1200,No
M18519,4,62,122,Preventive,9,1200,No
L50840,4,61,121,Preventive,9,900,No
M18521,4,60,120,Corrective,10,1200,No
M18522,4,58,118,Corrective,10,1200,No
M18523,4,57,117,Corrective,10,1200,No
M18524,4,55,115,Corrective,10,1200,No
M18525,4,54,114,Corrective,11,1200,No
M18526,4,52,112,Corrective,11,1200,No
L50847,4,51,111,Corrective,11,900,No
L50848,5,50,110,Corrective,11,1050,No
L50849,5,49,109,Corrective,11,1050,No
L50850,5,48,108,Corrective,12,1050,No
M18531,5,47,107,Corrective,12,1350,No
L50852,5,45,105,Corrective,12,1050,No
H33087,5,44,104,Corrective,12,1750,No
L50854,5,42,102,Corrective,13,1050,No
M18535,5,41,101,Corrective,13,1350,No
M18536,5,39,99,Corrective,13,1350,No
M18537,5,38,98,Corrective,13,1350,No
L50858,5,36,96,Corrective,14,1050,No
L50859,5,35,95,Corrective,14,1050,No
L50860,5,34,94,Corrective,14,1050,No
M18541,5,33,93,Corrective,14,1350,No
L50862,6,32,92,Corrective,14,1200,No
M18543,6,31,91,Corrective,14,1500,No
L50864,8,29,89,Emergency,39,1500,Yes
M18545,6,28,88,Corrective,15,1500,No
L50866,6,27,87,Corrective,15,1200,No
M18547,6,26,86,Corrective,15,1500,No
L50868,6,24,84,Corrective,16,1200,No
L50869,6,23,83,Corrective,16,1200,No
L50870,6,22,82,Corrective,16,1200,No
L50871,6,21,81,Corrective,16,1200,No
L50872,6,20,80,Corrective,16,1200,No
L50873,6,19,79,Corrective,16,1200,No
M18554,6,18,78,Corrective,17,1500,No
L50875,8,17,77,Emergency,41,1500,Yes
L50876,1,120,180,Preventive,0,450,No
L50877,1,119,179,Preventive,0,450,No
H33112,1,118,178,Preventive,0,1150,No
L50879,1,116,176,Preventive,0,450,No
L50880,1,115,175,Preventive,0,450,No
L50881,1,114,174,Preventive,1,450,No
L50882,1,113,173,Preventive,1,450,No
M18563,1,112,172,Preventive,1,750,No
M18564,1,110,170,Preventive,1,750,No
M18565,1,109,169,Preventive,1,750,No
L50886,1,107,167,Preventive,2,450,No
M18567,1,106,166,Preventive,2,750,No
L50888,1,105,165,Preventive,2,450,No
L50889,1,104,164,Preventive,2,450,No
L50890,2,103,163,Preventive,2,600,No
L50891,2,102,162,Preventive,3,600,No
L50892,2,101,161,Preventive,3,600,No
L50893,2,100,160,Preventive,3,600,No
M18574,2,99,159,Preventive,3,900,No
M18575,2,97,157,Preventive,3,900,No
L50896,2,96,156,Preventive,4,600,No
H33131,2,95,155,Preventive,4,1300,No
L50898,2,92,152,Preventive,4,600,No
L50899,2,91,151,Preventive,4,600,No
M18580,2,90,150,Preventive,5,900,No
M18581,2,89,149,Preventive,5,900,No
L50902,2,87,147,Preventive,5,600,No
L50903,2,86,146,Preventive,5,600,No
M18584,3,85,145,Preventive,5,1050,No
H33139,3,84,144,Preventive,6,1450,No
M18586,3,81,141,Preventive,6,1050,No
L50907,3,80,140,Preventive,6,750,No
L50908,3,79,139,Preventive,6,750,No
M18589,3,78,138,Preventive,7,1050,No
M18590,3,76,136,Preventive,7,1050,No
M18591,3,75,135,Preventive,7,1050,No
M18592,3,73,133,Preventive,7,1050,No
L50913,3,72,132,Preventive,8,750,No
M18594,3,71,131,Preventive,8,1050,No
M18595,3,69,129,Preventive,8,1050,No
H33150,4,68,128,Preventive,8,1600,No
L50917,4,65,125,Preventive,9,900,No
M18598,4,64,124,Preventive,9,1200,No
M18599,4,63,123,Preventive,9,1200,No
L50920,4,61,121,Preventive,9,900,No
L50921,4,60,120,Corrective,10,900,No
L50922,4,59,119,Corrective,10,900,No
L50923,4,58,118,Corrective,10,900,No
L50924,4,57,117,Corrective,10,900,No
L50925,4,56,116,Corrective,10,900,No
H33160,4,55,115,Corrective,10,1600,No
L50927,4,53,113,Corrective,11,900,No
L50928,4,52,112,Corrective,11,900,No
L50929,4,51,111,Corrective,11,900,No
L50930,5,50,110,Corrective,11,1050,No
L50931,5,49,109,Corrective,11,1050,No
H33166,5,48,108,Corrective,12,1750,No
L50933,5,45,105,Corrective,12,1050,No
L50934,5,44,104,Corrective,12,1050,No
L50935,5,43,103,Corrective,12,1050,No
L50936,5,42,102,Corrective,13,1050,No
M18617,5,41,101,Corrective,13,1350,No
M18618,5,40,100,Corrective,13,1350,No
L50939,5,38,98,Corrective,13,1050,No
L50940,7,37,97,Emergency,37,1350,Yes
M18621,5,36,96,Corrective,14,1350,No
M18622,5,35,95,Corrective,14,1350,No
L50943,5,33,93,Corrective,14,1050,No
L50944,6,32,92,Corrective,14,1200,No
M18625,6,31,91,Corrective,14,1500,No
L50946,6,30,90,Corrective,15,1200,No
L50947,6,29,89,Corrective,15,1200,No
L50948,6,28,88,Corrective,15,1200,No
M18629,6,27,87,Corrective,15,1500,No
L50950,6,25,85,Corrective,15,1200,No
M18631,6,24,84,Corrective,16,1500,No
L50952,6,23,83,Corrective,16,1200,No
M18633,6,22,82,Corrective,16,1500,No
M18634,6,20,80,Corrective,16,1500,No
H33189,6,19,79,Corrective,16,1900,No
L50956,6,16,76,Corrective,17,1200,No
M18637,7,15,75,Corrective,17,1650,No
M18638,1,120,180,Preventive,0,750,No
L50959,1,119,179,Preventive,0,450,No
L50960,1,118,178,Preventive,0,450,No
L50961,1,117,177,Preventive,0,450,No
L50962,1,116,176,Preventive,0,450,No
H33197,1,115,175,Preventive,0,1150,No
L50964,1,112,172,Preventive,1,450,No
L50965,1,111,171,Preventive,1,450,No
L50966,1,110,170,Preventive,1,450,No
L50967,3,109,169,Emergency,25,750,Yes
L50968,1,108,168,Preventive,2,450,No
L50969,1,107,167,Preventive,2,450,No
L50970,1,106,166,Preventive,2,450,No
L50971,1,105,165,Preventive,2,450,No
L50972,1,104,164,Preventive,2,450,No
L50973,3,103,163,Emergency,26,750,Yes
M18654,2,102,162,Preventive,3,900,No
M18655,2,101,161,Preventive,3,900,No
M18656,2,99,159,Preventive,3,900,No
L50977,2,98,158,Preventive,3,600,No
L50978,2,97,157,Preventive,3,600,No
L50979,2,96,156,Preventive,4,600,No
M18660,2,95,155,Preventive,4,900,No
M18661,2,93,153,Preventive,4,900,No
M18662,2,92,152,Preventive,4,900,No
L50983,2,90,150,Preventive,5,600,No
L50984,2,89,149,Preventive,5,600,No
M18665,2,88,148,Preventive,5,900,No
M18666,4,87,147,Emergency,29,1200,Yes
M18667,3,85,145,Preventive,5,1050,No
M18668,3,84,144,Preventive,6,1050,No
L50989,3,82,142,Preventive,6,750,No
M18670,3,81,141,Preventive,6,1050,No
M18671,3,80,140,Preventive,6,1050,No
L50992,3,78,138,Preventive,7,750,No
L50993,3,77,137,Preventive,7,750,No
M18674,5,76,136,Emergency,31,1350,Yes
L50995,3,75,135,Preventive,7,750,No
L50996,3,74,134,Preventive,7,750,No
M18677,3,73,133,Preventive,7,1050,No
L50998,3,71,131,Preventive,8,750,No
L50999,3,70,130,Preventive,8,750,No
L51000,3,69,129,Preventive,8,750,No
L51001,3,68,128,Preventive,8,750,No
M18682,4,67,127,Preventive,8,1200,No
M18683,4,66,126,Preventive,9,1200,No
L51004,4,64,124,Preventive,9,900,No
H33239,4,63,123,Preventive,9,1600,No
H33240,4,61,121,Preventive,9,1600,No
M18687,4,58,118,Corrective,10,1200,No
M18688,4,57,117,Corrective,10,1200,No
H33243,6,55,115,Emergency,34,1900,Yes
L51010,4,53,113,Corrective,11,900,No
M18691,4,52,112,Corrective,11,1200,No
M18692,5,50,110,Corrective,11,1350,No
M18693,5,49,109,Corrective,11,1350,No
M18694,5,47,107,Corrective,12,1350,No
M18695,5,46,106,Corrective,12,1350,No
L51016,5,44,104,Corrective,12,1050,No
L51017,5,43,103,Corrective,12,1050,No
L51018,5,42,102,Corrective,13,1050,No
M18699,5,41,101,Corrective,13,1350,No
L51020,5,40,100,Corrective,13,1050,No
L51021,5,39,99,Corrective,13,1050,No
L51022,5,38,98,Corrective,13,1050,No
L51023,5,37,97,Corrective,13,1050,No
L51024,5,36,96,Corrective,14,1050,No
L51025,5,35,95,Corrective,14,1050,No
L51026,5,34,94,Corrective,14,1050,No
M18707,6,33,93,Corrective,14,1500,No
L51028,6,31,91,Corrective,14,1200,No
L51029,6,30,90,Corrective,15,1200,No
M18710,6,29,89,Corrective,15,1500,No
H33265,6,28,88,Corrective,15,1900,No
L51032,6,25,85,Corrective,15,1200,No
L51033,6,24,84,Corrective,16,1200,No
L51034,8,23,83,Emergency,40,1500,Yes
H33269,6,22,82,Corrective,16,1900,No
M18716,6,20,80,Corrective,16,1500,No
H33271,6,18,78,Corrective,17,1900,No
L51038,6,16,76,Corrective,17,1200,No
L51039,7,15,75,Corrective,17,1350,No
L51040,7,14,74,Corrective,17,1350,No
M18721,7,13,73,Corrective,17,1650,No
H33276,7,11,71,Corrective,18,2050,No
L51043,7,9,69,Corrective,18,1350,No
M18724,7,8,68,Corrective,18,1650,No
H33279,9,6,66,Emergency,43,2350,Yes
L51046,1,120,180,Preventive,0,450,No
M18727,3,119,179,Emergency,24,1050,Yes
M18728,1,118,178,Preventive,0,750,No
L51049,1,116,176,Preventive,0,450,No
L51050,1,115,175,Preventive,0,450,No
M18731,1,114,174,Preventive,1,750,No
L51052,1,113,173,Preventive,1,450,No
L51053,1,112,172,Preventive,1,450,No
L51054,1,111,171,Preventive,1,450,No
L51055,1,110,170,Preventive,1,450,No
L51056,1,109,169,Preventive,1,450,No
H33291,1,108,168,Preventive,2,1150,No
L51058,1,105,165,Preventive,2,450,No
M18739,1,104,164,Preventive,2,750,No
L51060,2,103,163,Preventive,2,600,No
L51061,2,102,162,Preventive,3,600,No
L51062,2,101,161,Preventive,3,600,No
M18743,2,100,160,Preventive,3,900,No
H33298,2,98,158,Preventive,3,1300,No
L51065,2,96,156,Preventive,4,600,No
L51066,2,95,155,Preventive,4,600,No
L51067,2,94,154,Preventive,4,600,No
L51068,2,93,153,Preventive,4,600,No
L51069,2,92,152,Preventive,4,600,No
L51070,2,91,151,Preventive,4,600,No
L51071,2,90,150,Preventive,5,600,No
M18752,2,89,149,Preventive,5,900,No
L51073,2,87,147,Preventive,5,600,No
M18754,2,86,146,Preventive,5,900,No
M18755,3,85,145,Preventive,5,1050,No
M18756,3,83,143,Preventive,6,1050,No
M18757,3,82,142,Preventive,6,1050,No
M18758,3,80,140,Preventive,6,1050,No
M18759,3,79,139,Preventive,6,1050,No
M18760,3,77,137,Preventive,7,1050,No
H33315,3,76,136,Preventive,7,1450,No
L51082,3,73,133,Preventive,7,750,No
H33317,3,72,132,Preventive,8,1450,No
H33318,3,70,130,Preventive,8,1450,No
M18765,4,67,127,Preventive,8,1200,No
L51086,4,66,126,Preventive,9,900,No
M18767,4,65,125,Preventive,9,1200,No
L51088,4,63,123,Preventive,9,900,No
H33323,4,62,122,Preventive,9,1600,No
L51090,4,60,120,Corrective,10,900,No
M18771,4,59,119,Corrective,10,1200,No
L51092,4,57,117,Corrective,10,900,No
M18773,4,56,116,Corrective,10,1200,No
L51094,4,55,115,Corrective,10,900,No
L51095,4,54,114,Corrective,11,900,No
L51096,4,53,113,Corrective,11,900,No
L51097,4,52,112,Corrective,11,900,No
M18778,4,51,111,Corrective,11,1200,No
H33333,5,49,109,Corrective,11,1750,No
L51100,5,47,107,Corrective,12,1050,No
L51101,5,46,106,Corrective,12,1050,No
M18782,5,45,105,Corrective,12,1350,No
M18783,5,43,103,Corrective,12,1350,No
M18784,5,42,102,Corrective,13,1350,No
L51105,5,40,100,Corrective,13,1050,No
L51106,5,39,99,Corrective,13,1050,No
H33341,5,38,98,Corrective,13,1750,No
L51108,7,36,96,Emergency,38,1350,Yes
M18789,5,35,95,Corrective,14,1350,No
M18790,5,33,93,Corrective,14,1350,No
M18791,6,32,92,Corrective,14,1500,No
L51112,6,30,90,Corrective,15,1200,No
L51113,6,29,89,Corrective,15,1200,No
M18794,6,28,88,Corrective,15,1500,No
M18795,8,27,87,Emergency,39,1800,Yes
L51116,6,25,85,Corrective,15,1200,No
L51117,6,24,84,Corrective,16,1200,No
L51118,6,23,83,Corrective,16,1200,No
L51119,6,22,82,Corrective,16,1200,No
L51120,6,21,81,Corrective,16,1200,No
L51121,6,20,80,Corrective,16,1200,No
M18802,6,19,79,Corrective,16,1500,No
L51123,8,18,78,Emergency,41,1500,Yes
L51124,6,17,77,Corrective,17,1200,No
L51125,1,120,180,Preventive,0,450,No
M18806,1,119,179,Preventive,0,750,No
H33361,1,118,178,Preventive,0,1150,No
M18808,1,115,175,Preventive,0,750,No
L51129,1,114,174,Preventive,1,450,No
L51130,1,113,173,Preventive,1,450,No
M18811,1,112,172,Preventive,1,750,No
L51132,1,110,170,Preventive,1,450,No
M18813,1,109,169,Preventive,1,750,No
M18814,1,108,168,Preventive,2,750,No
L51135,1,106,166,Preventive,2,450,No
M18816,1,105,165,Preventive,2,750,No
L51137,1,104,164,Preventive,2,450,No
L51138,2,103,163,Preventive,2,600,No
M18819,2,102,162,Preventive,3,900,No
L51140,2,100,160,Preventive,3,600,No
M18821,2,99,159,Preventive,3,900,No
L51142,2,98,158,Preventive,3,600,No
H33377,2,97,157,Preventive,3,1300,No
M18824,2,94,154,Preventive,4,900,No
L51145,2,93,153,Preventive,4,600,No
L51146,2,92,152,Preventive,4,600,No
M18827,2,91,151,Preventive,4,900,No
M18828,2,89,149,Preventive,5,900,No
L51149,2,88,148,Preventive,5,600,No
M18830,2,87,147,Preventive,5,900,No
H33385,3,85,145,Preventive,5,1450,No
L51152,3,83,143,Preventive,6,750,No
L51153,3,82,142,Preventive,6,750,No
L51154,3,81,141,Preventive,6,750,No
H33389,3,80,140,Preventive,6,1450,No
H33390,3,77,137,Preventive,7,1450,No
M18837,3,75,135,Preventive,7,1050,No
L51158,3,73,133,Preventive,7,750,No
L51159,3,72,132,Preventive,8,750,No
M18840,3,71,131,Preventive,8,1050,No
M18841,3,70,130,Preventive,8,1050,No
L51162,3,68,128,Preventive,8,750,No
L51163,4,67,127,Preventive,8,900,No
L51164,4,66,126,Preventive,9,900,No
L51165,4,65,125,Preventive,9,900,No
M18846,4,64,124,Preventive,9,1200,No
M18847,4,63,123,Preventive,9,1200,No
L51168,4,61,121,Preventive,9,900,No
L51169,4,60,120,Corrective,10,900,No
H33404,4,59,119,Corrective,10,1600,No
L51171,4,57,117,Corrective,10,900,No
L51172,4,56,116,Corrective,10,900,No
L51173,4,55,115,Corrective,10,900,No
L51174,4,54,114,Corrective,11,900,No
L51175,4,53,113,Corrective,11,900,No
M18856,4,52,112,Corrective,11,1200,No
L51177,5,50,110,Corrective,11,1050,No
L51178,5,49,109,Corrective,11,1050,No
L51179,5,48,108,Corrective,12,1050,No
L51180,5,47,107,Corrective,12,1050,No
H33415,5,46,106,Corrective,12,1750,No
L51182,7,44,104,Emergency,36,1350,Yes
L51183,5,43,103,Corrective,12,1050,No
L51184,5,42,102,Corrective,13,1050,No
M18865,5,41,101,Corrective,13,1350,No
L51186,5,39,99,Corrective,13,1050,No
L51187,5,38,98,Corrective,13,1050,No
M18868,5,37,97,Corrective,13,1350,No
L51189,5,36,96,Corrective,14,1050,No
M18870,5,35,95,Corrective,14,1350,No
L51191,5,33,93,Corrective,14,1050,No
M18872,6,32,92,Corrective,14,1500,No
M18873,6,31,91,Corrective,14,1500,No
L51194,6,29,89,Corrective,15,1200,No
L51195,6,28,88,Corrective,15,1200,No
L51196,6,27,87,Corrective,15,1200,No
L51197,6,26,86,Corrective,15,1200,No
M18878,6,25,85,Corrective,15,1500,No
M18879,6,24,84,Corrective,16,1500,No
L51200,6,22,82,Corrective,16,1200,No
H33435,6,21,81,Corrective,16,1900,No
L51202,6,19,79,Corrective,16,1200,No
L51203,6,18,78,Corrective,17,1200,No
M18884,8,17,77,Emergency,41,1800,Yes
H33439,7,15,75,Corrective,17,2050,No
M18886,7,13,73,Corrective,17,1650,No
L51207,7,11,71,Corrective,18,1350,No
L51208,7,10,70,Corrective,18,1350,No
H33443,7,9,69,Corrective,18,2050,No
L51210,7,7,67,Corrective,18,1350,No
L51211,7,6,66,Corrective,19,1350,No
L51212,9,5,65,Emergency,43,1650,Yes
L51213,7,5,64,Corrective,19,1350,No
L51214,9,5,63,Emergency,43,1650,Yes
L51215,1,120,180,Preventive,0,450,No
L51216,1,119,179,Preventive,0,450,No
M18897,1,118,178,Preventive,0,750,No
L51218,1,117,177,Preventive,0,450,No
L51219,1,116,176,Preventive,0,450,No
L51220,1,115,175,Preventive,0,450,No
L51221,1,114,174,Preventive,1,450,No
L51222,1,113,173,Preventive,1,450,No
M18903,1,112,172,Preventive,1,750,No
M18904,3,110,170,Emergency,25,1050,Yes
M18905,1,109,169,Preventive,1,750,No
M18906,1,107,167,Preventive,2,750,No
L51227,1,106,166,Preventive,2,450,No
L51228,3,105,165,Emergency,26,750,Yes
L51229,1,104,164,Preventive,2,450,No
L51230,2,103,163,Preventive,2,600,No
L51231,2,102,162,Preventive,3,600,No
M18912,2,101,161,Preventive,3,900,No
M18913,2,99,159,Preventive,3,900,No
M18914,2,98,158,Preventive,3,900,No
L51235,2,96,156,Preventive,4,600,No
L51236,2,95,155,Preventive,4,600,No
L51237,2,94,154,Preventive,4,600,No
M18918,2,93,153,Preventive,4,900,No
L51239,2,92,152,Preventive,4,600,No
M18920,2,91,151,Preventive,4,900,No
L51241,2,89,149,Preventive,5,600,No
L51242,2,88,148,Preventive,5,600,No
L51243,2,87,147,Preventive,5,600,No
L51244,2,86,146,Preventive,5,600,No
M18925,3,85,145,Preventive,5,1050,No
M18926,3,84,144,Preventive,6,1050,No
L51247,3,82,142,Preventive,6,750,No
L51248,3,81,141,Preventive,6,750,No
M18929,3,80,140,Preventive,6,1050,No
L51250,3,79,139,Preventive,6,750,No
L51251,5,78,138,Emergency,31,1050,Yes
L51252,3,77,137,Preventive,7,750,No
M18933,3,76,136,Preventive,7,1050,No
L51254,3,74,134,Preventive,7,750,No
L51255,3,73,133,Preventive,7,750,No
M18936,3,72,132,Preventive,8,1050,No
L51257,3,71,131,Preventive,8,750,No
H33492,5,70,130,Emergency,32,1750,Yes
L51259,4,67,127,Preventive,8,900,No
L51260,6,66,126,Emergency,33,1200,Yes
L51261,6,65,125,Emergency,33,1200,Yes
L51262,4,64,124,Preventive,9,900,No
M18943,4,63,123,Preventive,9,1200,No
L51264,4,62,122,Preventive,9,900,No
H33499,4,61,121,Preventive,9,1600,No
L51266,4,58,118,Corrective,10,900,No
L51267,6,57,117,Emergency,34,1200,Yes
L51268,4,56,116,Corrective,10,900,No
M18949,4,55,115,Corrective,10,1200,No
L51270,4,54,114,Corrective,11,900,No
M18951,4,53,113,Corrective,11,1200,No
H33506,4,51,111,Corrective,11,1600,No
M18953,5,49,109,Corrective,11,1350,No
L51274,5,47,107,Corrective,12,1050,No
H33509,5,46,106,Corrective,12,1750,No
L51276,7,44,104,Emergency,36,1350,Yes
L51277,5,43,103,Corrective,12,1050,No
L51278,5,42,102,Corrective,13,1050,No
L51279,5,41,101,Corrective,13,1050,No
L51280,5,40,100,Corrective,13,1050,No
L51281,5,39,99,Corrective,13,1050,No
L51282,5,38,98,Corrective,13,1050,No
L51283,5,37,97,Corrective,13,1050,No
L51284,5,36,96,Corrective,14,1050,No
L51285,5,35,95,Corrective,14,1050,No
L51286,5,34,94,Corrective,14,1050,No
L51287,6,33,93,Corrective,14,1200,No
L51288,6,32,92,Corrective,14,1200,No
M18969,6,31,91,Corrective,14,1500,No
L51290,6,29,89,Corrective,15,1200,No
M18971,6,28,88,Corrective,15,1500,No
H33526,6,27,87,Corrective,15,1900,No
L51293,6,24,84,Corrective,16,1200,No
L51294,6,23,83,Corrective,16,1200,No
H33529,6,22,82,Corrective,16,1900,No
M18976,6,20,80,Corrective,16,1500,No
L51297,8,18,78,Emergency,41,1500,Yes
L51298,6,17,77,Corrective,17,1200,No
L51299,8,16,76,Emergency,41,1500,Yes
M18980,9,15,75,Emergency,41,1950,Yes
M18981,9,14,74,Emergency,41,1950,Yes
L51302,1,120,180,Preventive,0,450,No
M18983,1,119,179,Preventive,0,750,No
L51304,1,118,178,Preventive,0,450,No
L51305,1,117,177,Preventive,0,450,No
M18986,1,116,176,Preventive,0,750,No
H33541,1,114,174,Preventive,1,1150,No
L51308,1,112,172,Preventive,1,450,No
M18989,1,111,171,Preventive,1,750,No
L51310,3,109,169,Emergency,25,750,Yes
L51311,1,108,168,Preventive,2,450,No
M18992,1,107,167,Preventive,2,750,No
L51313,1,106,166,Preventive,2,450,No
L51314,1,105,165,Preventive,2,450,No
M18995,1,104,164,Preventive,2,750,No
L51316,2,102,162,Preventive,3,600,No
L51317,2,101,161,Preventive,3,600,No
L51318,4,100,160,Emergency,27,900,Yes
H33553,2,99,159,Preventive,3,1300,No
L51320,4,97,157,Emergency,27,900,Yes
H33555,2,96,156,Preventive,4,1300,No
L51322,2,93,153,Preventive,4,600,No
L51323,2,92,152,Preventive,4,600,No
L51324,2,91,151,Preventive,4,600,No
M19005,2,90,150,Preventive,5,900,No
L51326,2,89,149,Preventive,5,600,No
L51327,2,88,148,Preventive,5,600,No
L51328,2,87,147,Preventive,5,600,No
L51329,2,86,146,Preventive,5,600,No
L51330,3,85,145,Preventive,5,750,No
M19011,5,84,144,Emergency,30,1350,Yes
M19012,3,82,142,Preventive,6,1050,No
M19013,5,81,141,Emergency,30,1350,Yes
M19014,3,79,139,Preventive,6,1050,No
L51335,5,78,138,Emergency,31,1050,Yes
M19016,3,77,137,Preventive,7,1050,No
L51337,5,75,135,Emergency,31,1050,Yes
L51338,3,74,134,Preventive,7,750,No
M19019,3,73,133,Preventive,7,1050,No
M19020,3,72,132,Preventive,8,1050,No
H33575,3,70,130,Preventive,8,1450,No
L51342,4,68,128,Preventive,8,900,No
L51343,4,67,127,Preventive,8,900,No
L51344,6,66,126,Emergency,33,1200,Yes
M19025,4,65,125,Preventive,9,1200,No
H33580,4,63,123,Preventive,9,1600,No
M19027,4,61,121,Preventive,9,1200,No
L51348,4,59,119,Corrective,10,900,No
L51349,4,58,118,Corrective,10,900,No
M19030,6,57,117,Emergency,34,1500,Yes
M19031,4,56,116,Corrective,10,1200,No
L51352,4,54,114,Corrective,11,900,No
M19033,6,53,113,Emergency,35,1500,Yes
L51354,4,52,112,Corrective,11,900,No
L51355,4,51,111,Corrective,11,900,No
M19036,5,50,110,Corrective,11,1350,No
L51357,5,48,108,Corrective,12,1050,No
L51358,5,47,107,Corrective,12,1050,No
L51359,7,46,106,Emergency,36,1350,Yes
L51360,5,45,105,Corrective,12,1050,No
M19041,5,44,104,Corrective,12,1350,No
L51362,7,43,103,Emergency,36,1350,Yes
L51363,5,42,102,Corrective,13,1050,No
L51364,7,41,101,Emergency,37,1350,Yes
L51365,7,40,100,Emergency,37,1350,Yes
M19046,5,39,99,Corrective,13,1350,No
M19047,5,37,97,Corrective,13,1350,No
M19048,5,36,96,Corrective,14,1350,No
L51369,5,34,94,Corrective,14,1050,No
H33604,5,33,93,Corrective,14,1750,No
L51371,6,31,91,Corrective,14,1200,No
M19052,6,30,90,Corrective,15,1500,No
L51373,6,28,88,Corrective,15,1200,No
L51374,6,27,87,Corrective,15,1200,No
L51375,6,26,86,Corrective,15,1200,No
M19056,6,25,85,Corrective,15,1500,No
L51377,6,24,84,Corrective,16,1200,No
M19058,6,23,83,Corrective,16,1500,No
M19059,6,21,81,Corrective,16,1500,No
L51380,6,20,80,Corrective,16,1200,No
L51381,6,19,79,Corrective,16,1200,No
L51382,6,18,78,Corrective,17,1200,No
M19063,6,17,77,Corrective,17,1500,No
M19064,7,15,75,Corrective,17,1650,No
L51385,7,14,74,Corrective,17,1350,No
M19066,7,13,73,Corrective,17,1650,No
M19067,9,11,71,Emergency,42,1950,Yes
M19068,1,120,180,Preventive,0,750,No
M19069,1,119,179,Preventive,0,750,No
L51390,1,117,177,Preventive,0,450,No
L51391,3,116,176,Emergency,24,750,Yes
M19072,1,115,175,Preventive,0,750,No
L51393,1,114,174,Preventive,1,450,No
L51394,1,113,173,Preventive,1,450,No
M19075,1,112,172,Preventive,1,750,No
L51396,1,110,170,Preventive,1,450,No
L51397,1,109,169,Preventive,1,450,No
M19078,1,108,168,Preventive,2,750,No
L51399,1,107,167,Preventive,2,450,No
M19080,1,106,166,Preventive,2,750,No
L51401,1,104,164,Preventive,2,450,No
M19082,1,103,163,Preventive,2,750,No
L51403,2,102,162,Preventive,3,600,No
L51404,2,101,161,Preventive,3,600,No
L51405,4,100,160,Emergency,27,900,Yes
L51406,2,99,159,Preventive,3,600,No
L51407,2,98,158,Preventive,3,600,No
L51408,2,97,157,Preventive,3,600,No
M19089,2,96,156,Preventive,4,900,No
L51410,2,94,154,Preventive,4,600,No
L51411,2,93,153,Preventive,4,600,No
L51412,2,92,152,Preventive,4,600,No
M19093,2,91,151,Preventive,4,900,No
H33648,2,90,150,Preventive,5,1300,No
L51415,2,87,147,Preventive,5,600,No
L51416,2,86,146,Preventive,5,600,No
L51417,3,85,145,Preventive,5,750,No
M19098,3,84,144,Preventive,6,1050,No
L51419,3,83,143,Preventive,6,750,No
L51420,3,82,142,Preventive,6,750,No
L51421,3,81,141,Preventive,6,750,No
L51422,3,80,140,Preventive,6,750,No
M19103,3,79,139,Preventive,6,1050,No
L51424,3,77,137,Preventive,7,750,No
M19105,3,76,136,Preventive,7,1050,No
L51426,3,75,135,Preventive,7,750,No
L51427,5,74,134,Emergency,31,1050,Yes
L51428,3,73,133,Preventive,7,750,No
L51429,5,72,132,Emergency,32,1050,Yes
L51430,3,71,131,Preventive,8,750,No
H33665,5,70,130,Emergency,32,1750,Yes
H33666,4,67,127,Preventive,8,1600,No
M19113,6,65,125,Emergency,33,1500,Yes
L51434,6,63,123,Emergency,33,1200,Yes
M19115,4,62,122,Preventive,9,1200,No
M19116,4,61,121,Preventive,9,1200,No
M19117,4,59,119,Corrective,10,1200,No
M19118,6,58,118,Emergency,34,1500,Yes
L51439,4,56,116,Corrective,10,900,No
H33674,4,55,115,Corrective,10,1600,No
L51441,4,53,113,Corrective,11,900,No
L51442,4,52,112,Corrective,11,900,No
L51443,4,51,111,Corrective,11,900,No
M19124,5,50,110,Corrective,11,1350,No
L51445,5,48,108,Corrective,12,1050,No
L51446,5,47,107,Corrective,12,1050,No
L51447,5,46,106,Corrective,12,1050,No
L51448,5,45,105,Corrective,12,1050,No
L51449,5,44,104,Corrective,12,1050,No
L51450,7,43,103,Emergency,36,1350,Yes
L51451,5,42,102,Corrective,13,1050,No
L51452,5,41,101,Corrective,13,1050,No
L51453,5,40,100,Corrective,13,1050,No
L51454,5,39,99,Corrective,13,1050,No
M19135,5,38,98,Corrective,13,1350,No
M19136,5,37,97,Corrective,13,1350,No
L51457,5,35,95,Corrective,14,1050,No
L51458,5,34,94,Corrective,14,1050,No
L51459,7,33,93,Emergency,38,1350,Yes
L51460,6,32,92,Corrective,14,1200,No
L51461,6,31,91,Corrective,14,1200,No
L51462,8,30,90,Emergency,39,1500,Yes
M19143,8,29,89,Emergency,39,1800,Yes
L51464,6,28,88,Corrective,15,1200,No
L51465,8,27,87,Emergency,39,1500,Yes
M19146,6,26,86,Corrective,15,1500,No
M19147,6,24,84,Corrective,16,1500,No
M19148,6,23,83,Corrective,16,1500,No
M19149,6,21,81,Corrective,16,1500,No
L51470,6,20,80,Corrective,16,1200,No
L51471,6,19,79,Corrective,16,1200,No
M19152,8,18,78,Emergency,41,1800,Yes
L51473,6,16,76,Corrective,17,1200,No
M19154,7,15,75,Corrective,17,1650,No
L51475,7,14,74,Corrective,17,1350,No
L51476,9,13,73,Emergency,41,1650,Yes
M19157,7,12,72,Corrective,18,1650,No
M19158,1,120,180,Preventive,0,750,No
L51479,1,119,179,Preventive,0,450,No
M19160,1,118,178,Preventive,0,750,No
L51481,1,116,176,Preventive,0,450,No
L51482,1,115,175,Preventive,0,450,No
L51483,1,114,174,Preventive,1,450,No
L51484,1,113,173,Preventive,1,450,No
L51485,1,112,172,Preventive,1,450,No
L51486,1,111,171,Preventive,1,450,No
L51487,3,110,170,Emergency,25,750,Yes
H33722,1,109,169,Preventive,1,1150,No
M19169,1,107,167,Preventive,2,750,No
L51490,1,105,165,Preventive,2,450,No
M19171,1,104,164,Preventive,2,750,No
L51492,2,103,163,Preventive,2,600,No
L51493,2,102,162,Preventive,3,600,No
H33728,2,101,161,Preventive,3,1300,No
M19175,2,98,158,Preventive,3,900,No
L51496,2,97,157,Preventive,3,600,No
M19177,2,96,156,Preventive,4,900,No
L51498,2,94,154,Preventive,4,600,No
M19179,2,93,153,Preventive,4,900,No
L51500,2,92,152,Preventive,4,600,No
L51501,2,91,151,Preventive,4,600,No
M19182,2,90,150,Preventive,5,900,No
L51503,4,88,148,Emergency,29,900,Yes
L51504,2,87,147,Preventive,5,600,No
L51505,2,86,146,Preventive,5,600,No
L51506,5,85,145,Emergency,29,1050,Yes
H33741,3,84,144,Preventive,6,1450,No
L51508,5,82,142,Emergency,30,1050,Yes
L51509,3,81,141,Preventive,6,750,No
L51510,3,80,140,Preventive,6,750,No
M19191,3,79,139,Preventive,6,1050,No
M19192,3,77,137,Preventive,7,1050,No
L51513,3,76,136,Preventive,7,750,No
L51514,3,75,135,Preventive,7,750,No
L51515,3,74,134,Preventive,7,750,No
H33750,3,73,133,Preventive,7,1450,No
L51517,3,70,130,Preventive,8,750,No
L51518,3,69,129,Preventive,8,750,No
L51519,3,68,128,Preventive,8,750,No
M19200,4,67,127,Preventive,8,1200,No
L51521,4,66,126,Preventive,9,900,No
M19202,6,65,125,Emergency,33,1500,Yes
L51523,4,63,123,Preventive,9,900,No
H33758,4,62,122,Preventive,9,1600,No
M19205,4,60,120,Corrective,10,1200,No
L51526,4,58,118,Corrective,10,900,No
H33761,4,57,117,Corrective,10,1600,No
L51528,4,55,115,Corrective,10,900,No
L51529,4,54,114,Corrective,11,900,No
M19210,4,53,113,Corrective,11,1200,No
L51531,4,51,111,Corrective,11,900,No
L51532,5,50,110,Corrective,11,1050,No
M19213,7,49,109,Emergency,35,1650,Yes
L51534,5,48,108,Corrective,12,1050,No
H33769,7,47,107,Emergency,36,2050,Yes
L51536,5,44,104,Corrective,12,1050,No
L51537,5,43,103,Corrective,12,1050,No
H33772,5,42,102,Corrective,13,1750,No
M19219,5,40,100,Corrective,13,1350,No
L51540,5,38,98,Corrective,13,1050,No
M19221,7,37,97,Emergency,37,1650,Yes
L51542,5,36,96,Corrective,14,1050,No
H33777,5,35,95,Corrective,14,1750,No
H33778,6,32,92,Corrective,14,1900,No
L51545,6,30,90,Corrective,15,1200,No
L51546,6,29,89,Corrective,15,1200,No
H33781,6,28,88,Corrective,15,1900,No
L51548,6,25,85,Corrective,15,1200,No
H33783,6,24,84,Corrective,16,1900,No
L51550,8,22,82,Emergency,40,1500,Yes
L51551,6,21,81,Corrective,16,1200,No
M19232,6,20,80,Corrective,16,1500,No
M19233,6,18,78,Corrective,17,1500,No
L51554,6,17,77,Corrective,17,1200,No
L51555,6,16,76,Corrective,17,1200,No
M19236,7,15,75,Corrective,17,1650,No
M19237,7,13,73,Corrective,17,1650,No
M19238,7,12,72,Corrective,18,1650,No
M19239,7,10,70,Corrective,18,1650,No
L51560,7,9,69,Corrective,18,1350,No
L51561,7,8,68,Corrective,18,1350,No
L51562,7,7,67,Corrective,18,1350,No
L51563,9,6,66,Emergency,43,1650,Yes
L51564,7,5,65,Corrective,19,1350,No
L51565,9,5,64,Emergency,43,1650,Yes
L51566,1,120,180,Preventive,0,450,No
L51567,1,119,179,Preventive,0,450,No
L51568,1,118,178,Preventive,0,450,No
M19249,3,117,177,Emergency,24,1050,Yes
M19250,1,116,176,Preventive,0,750,No
M19251,3,114,174,Emergency,25,1050,Yes
L51572,1,113,173,Preventive,1,450,No
M19253,1,112,172,Preventive,1,750,No
L51574,1,110,170,Preventive,1,450,No
L51575,1,109,169,Preventive,1,450,No
H33810,1,108,168,Preventive,2,1150,No
L51577,1,106,166,Preventive,2,450,No
M19258,1,105,165,Preventive,2,750,No
L51579,1,103,163,Preventive,2,450,No
L51580,4,102,162,Emergency,27,900,Yes
H33815,2,101,161,Preventive,3,1300,No
H33816,2,99,159,Preventive,3,1300,No
L51583,2,96,156,Preventive,4,600,No
M19264,2,95,155,Preventive,4,900,No
L51585,4,94,154,Emergency,28,900,Yes
L51586,4,93,153,Emergency,28,900,Yes
L51587,2,92,152,Preventive,4,600,No
L51588,2,91,151,Preventive,4,600,No
M19269,4,90,150,Emergency,29,1200,Yes
L51590,2,88,148,Preventive,5,600,No
L51591,2,87,147,Preventive,5,600,No
L51592,2,86,146,Preventive,5,600,No
M19273,3,85,145,Preventive,5,1050,No
L51594,3,84,144,Preventive,6,750,No
L51595,3,83,143,Preventive,6,750,No
M19276,3,82,142,Preventive,6,1050,No
L51597,5,80,140,Emergency,30,1050,Yes
L51598,3,79,139,Preventive,6,750,No
M19279,5,78,138,Emergency,31,1350,Yes
H33834,3,77,137,Preventive,7,1450,No
L51601,5,74,134,Emergency,31,1050,Yes
M19282,3,73,133,Preventive,7,1050,No
M19283,3,72,132,Preventive,8,1050,No
M19284,3,70,130,Preventive,8,1050,No
L51605,3,69,129,Preventive,8,750,No
L51606,4,68,128,Preventive,8,900,No
M19287,6,67,127,Emergency,32,1500,Yes
L51608,4,65,125,Preventive,9,900,No
M19289,4,64,124,Preventive,9,1200,No
H33844,4,63,123,Preventive,9,1600,No
H33845,4,60,120,Corrective,10,1600,No
L51612,4,58,118,Corrective,10,900,No
H33847,4,57,117,Corrective,10,1600,No
L51614,4,54,114,Corrective,11,900,No
L51615,6,53,113,Emergency,35,1200,Yes
M19296,4,52,112,Corrective,11,1200,No
L51617,4,51,111,Corrective,11,900,No
L51618,5,50,110,Corrective,11,1050,No
M19299,5,49,109,Corrective,11,1350,No
L51620,5,47,107,Corrective,12,1050,No
L51621,7,46,106,Emergency,36,1350,Yes
L51622,5,45,105,Corrective,12,1050,No
L51623,5,44,104,Corrective,12,1050,No
L51624,5,43,103,Corrective,12,1050,No
L51625,5,42,102,Corrective,13,1050,No
L51626,5,41,101,Corrective,13,1050,No
M19307,5,40,100,Corrective,13,1350,No
L51628,7,39,99,Emergency,37,1350,Yes
M19309,7,38,98,Emergency,37,1650,Yes
L51630,5,36,96,Corrective,14,1050,No
L51631,5,35,95,Corrective,14,1050,No
M19312,5,34,94,Corrective,14,1350,No
L51633,6,33,93,Corrective,14,1200,No
L51634,6,32,92,Corrective,14,1200,No
H33869,6,31,91,Corrective,14,1900,No
L51636,6,28,88,Corrective,15,1200,No
M19317,6,27,87,Corrective,15,1500,No
L51638,6,26,86,Corrective,15,1200,No
L51639,6,25,85,Corrective,15,1200,No
L51640,6,24,84,Corrective,16,1200,No
L51641,6,23,83,Corrective,16,1200,No
L51642,8,22,82,Emergency,40,1500,Yes
L51643,6,21,81,Corrective,16,1200,No
L51644,6,20,80,Corrective,16,1200,No
L51645,6,19,79,Corrective,16,1200,No
L51646,6,18,78,Corrective,17,1200,No
L51647,6,17,77,Corrective,17,1200,No
L51648,6,16,76,Corrective,17,1200,No
L51649,9,15,75,Emergency,41,1650,Yes
L51650,1,120,180,Preventive,0,450,No
L51651,1,119,179,Preventive,0,450,No
L51652,1,118,178,Preventive,0,450,No
L51653,1,117,177,Preventive,0,450,No
L51654,1,116,176,Preventive,0,450,No
L51655,3,115,175,Emergency,24,750,Yes
L51656,1,114,174,Preventive,1,450,No
L51657,1,113,173,Preventive,1,450,No
L51658,1,112,172,Preventive,1,450,No
L51659,1,111,171,Preventive,1,450,No
H33894,3,110,170,Emergency,25,1450,Yes
M19341,1,108,168,Preventive,2,750,No
H33896,1,106,166,Preventive,2,1150,No
L51663,1,104,164,Preventive,2,450,No
M19344,2,103,163,Preventive,2,900,No
L51665,2,101,161,Preventive,3,600,No
M19346,2,100,160,Preventive,3,900,No
L51667,2,99,159,Preventive,3,600,No
M19348,2,98,158,Preventive,3,900,No
L51669,2,96,156,Preventive,4,600,No
L51670,2,95,155,Preventive,4,600,No
H33905,2,94,154,Preventive,4,1300,No
M19352,2,92,152,Preventive,4,900,No
L51673,2,90,150,Preventive,5,600,No
H33908,2,89,149,Preventive,5,1300,No
L51675,4,87,147,Emergency,29,900,Yes
M19356,2,86,146,Preventive,5,900,No
L51677,3,84,144,Preventive,6,750,No
H33912,3,83,143,Preventive,6,1450,No
H33913,3,81,141,Preventive,6,1450,No
L51680,3,78,138,Preventive,7,750,No
L51681,5,77,137,Emergency,31,1050,Yes
L51682,3,76,136,Preventive,7,750,No
M19363,3,75,135,Preventive,7,1050,No
L51684,3,74,134,Preventive,7,750,No
L51685,3,73,133,Preventive,7,750,No
M19366,3,72,132,Preventive,8,1050,No
L51687,3,70,130,Preventive,8,750,No
L51688,3,69,129,Preventive,8,750,No
L51689,3,68,128,Preventive,8,750,No
L51690,6,67,127,Emergency,32,1200,Yes
L51691,4,66,126,Preventive,9,900,No
M19372,4,65,125,Preventive,9,1200,No
L51693,4,64,124,Preventive,9,900,No
L51694,4,63,123,Preventive,9,900,No
L51695,4,62,122,Preventive,9,900,No
L51696,4,61,121,Preventive,9,900,No
L51697,4,60,120,Corrective,10,900,No
L51698,4,59,119,Corrective,10,900,No
L51699,4,58,118,Corrective,10,900,No
L51700,4,57,117,Corrective,10,900,No
L51701,4,56,116,Corrective,10,900,No
M19382,4,55,115,Corrective,10,1200,No
L51703,4,53,113,Corrective,11,900,No
M19384,4,52,112,Corrective,11,1200,No
M19385,4,51,111,Corrective,11,1200,No
L51706,5,49,109,Corrective,11,1050,No
M19387,7,48,108,Emergency,36,1650,Yes
L51708,5,47,107,Corrective,12,1050,No
M19389,5,46,106,Corrective,12,1350,No
L51710,5,44,104,Corrective,12,1050,No
L51711,5,43,103,Corrective,12,1050,No
H33946,5,42,102,Corrective,13,1750,No
M19393,7,40,100,Emergency,37,1650,Yes
L51714,5,38,98,Corrective,13,1050,No
L51715,5,37,97,Corrective,13,1050,No
L51716,7,36,96,Emergency,38,1350,Yes
L51717,5,35,95,Corrective,14,1050,No
L51718,5,34,94,Corrective,14,1050,No
L51719,5,33,93,Corrective,14,1050,No
M19400,6,32,92,Corrective,14,1500,No
L51721,6,31,91,Corrective,14,1200,No
M19402,6,30,90,Corrective,15,1500,No
M19403,6,28,88,Corrective,15,1500,No
L51724,8,27,87,Emergency,39,1500,Yes
L51725,6,26,86,Corrective,15,1200,No
M19406,6,25,85,Corrective,15,1500,No
M19407,6,23,83,Corrective,16,1500,No
L51728,6,22,82,Corrective,16,1200,No
L51729,6,21,81,Corrective,16,1200,No
M19410,6,20,80,Corrective,16,1500,No
M19411,6,18,78,Corrective,17,1500,No
M19412,6,17,77,Corrective,17,1500,No
L51733,1,120,180,Preventive,0,450,No
L51734,1,119,179,Preventive,0,450,No
L51735,1,118,178,Preventive,0,450,No
M19416,3,117,177,Emergency,24,1050,Yes
L51737,1,116,176,Preventive,0,450,No
L51738,3,115,175,Emergency,24,750,Yes
L51739,1,114,174,Preventive,1,450,No
L51740,1,113,173,Preventive,1,450,No
L51741,1,112,172,Preventive,1,450,No
L51742,1,111,171,Preventive,1,450,No
L51743,1,110,170,Preventive,1,450,No
L51744,1,109,169,Preventive,1,450,No
H33979,3,108,168,Emergency,26,1450,Yes
L51746,1,105,165,Preventive,2,450,No
M19427,1,104,164,Preventive,2,750,No
M19428,2,103,163,Preventive,2,900,No
L51749,2,101,161,Preventive,3,600,No
L51750,4,100,160,Emergency,27,900,Yes
L51751,2,99,159,Preventive,3,600,No
M19432,2,98,158,Preventive,3,900,No
H33987,2,97,157,Preventive,3,1300,No
M19434,2,94,154,Preventive,4,900,No
M19435,2,93,153,Preventive,4,900,No
M19436,2,91,151,Preventive,4,900,No
L51757,2,90,150,Preventive,5,600,No
L51758,2,89,149,Preventive,5,600,No
L51759,4,88,148,Emergency,29,900,Yes
L51760,2,87,147,Preventive,5,600,No
L51761,2,86,146,Preventive,5,600,No
L51762,3,85,145,Preventive,5,750,No
M19443,3,84,144,Preventive,6,1050,No
L51764,3,82,142,Preventive,6,750,No
L51765,3,81,141,Preventive,6,750,No
L51766,3,80,140,Preventive,6,750,No
M19447,3,79,139,Preventive,6,1050,No
L51768,3,78,138,Preventive,7,750,No
L51769,3,77,137,Preventive,7,750,No
L51770,3,76,136,Preventive,7,750,No
H34005,3,75,135,Preventive,7,1450,No
L51772,3,72,132,Preventive,8,750,No
L51773,3,71,131,Preventive,8,750,No
M19454,3,70,130,Preventive,8,1050,No
M19455,3,69,129,Preventive,8,1050,No
L51776,6,67,127,Emergency,32,1200,Yes
M19457,4,66,126,Preventive,9,1200,No
L51778,4,65,125,Preventive,9,900,No
L51779,4,64,124,Preventive,9,900,No
L51780,6,63,123,Emergency,33,1200,Yes
M19461,6,62,122,Emergency,33,1500,Yes
M19462,4,60,120,Corrective,10,1200,No
H34017,4,59,119,Corrective,10,1600,No
L51784,4,56,116,Corrective,10,900,No
H34019,4,55,115,Corrective,10,1600,No
L51786,4,53,113,Corrective,11,900,No
L51787,4,52,112,Corrective,11,900,No
M19468,4,51,111,Corrective,11,1200,No
L51789,5,49,109,Corrective,11,1050,No
L51790,5,48,108,Corrective,12,1050,No
L51791,7,47,107,Emergency,36,1350,Yes
L51792,5,46,106,Corrective,12,1050,No
L51793,5,45,105,Corrective,12,1050,No
H34028,5,44,104,Corrective,12,1750,No
L51795,5,42,102,Corrective,13,1050,No
L51796,5,41,101,Corrective,13,1050,No
M19477,5,40,100,Corrective,13,1350,No
M19478,7,38,98,Emergency,37,1650,Yes
H34033,5,37,97,Corrective,13,1750,No
L51800,7,34,94,Emergency,38,1350,Yes
L51801,7,33,93,Emergency,38,1350,Yes
M19482,6,32,92,Corrective,14,1500,No
L51803,6,31,91,Corrective,14,1200,No
M19484,6,30,90,Corrective,15,1500,No
L51805,6,28,88,Corrective,15,1200,No
L51806,6,27,87,Corrective,15,1200,No
M19487,6,26,86,Corrective,15,1500,No
M19488,6,25,85,Corrective,15,1500,No
L51809,6,23,83,Corrective,16,1200,No
L51810,6,22,82,Corrective,16,1200,No
L51811,6,21,81,Corrective,16,1200,No
M19492,8,20,80,Emergency,40,1800,Yes
L51813,6,19,79,Corrective,16,1200,No
L51814,6,18,78,Corrective,17,1200,No
M19495,6,17,77,Corrective,17,1500,No
L51816,7,15,75,Corrective,17,1350,No
M19497,7,14,74,Corrective,17,1650,No
L51818,7,13,73,Corrective,17,1350,No
L51819,7,12,72,Corrective,18,1350,No
L51820,7,11,71,Corrective,18,1350,No
H34055,7,10,70,Corrective,18,2050,No
L51822,9,7,67,Emergency,42,1650,Yes
L51823,9,6,66,Emergency,43,1650,Yes
L51824,7,5,65,Corrective,19,1350,No
L51825,7,5,64,Corrective,19,1350,No
L51826,9,5,63,Emergency,43,1650,Yes
L51827,1,120,180,Preventive,0,450,No
L51828,1,119,179,Preventive,0,450,No
M19509,1,118,178,Preventive,0,750,No
L51830,1,117,177,Preventive,0,450,No
L51831,3,116,176,Emergency,24,750,Yes
L51832,1,115,175,Preventive,0,450,No
M19513,1,114,174,Preventive,1,750,No
M19514,1,112,172,Preventive,1,750,No
L51835,1,111,171,Preventive,1,450,No
L51836,1,110,170,Preventive,1,450,No
L51837,1,109,169,Preventive,1,450,No
L51838,1,108,168,Preventive,2,450,No
M19519,1,107,167,Preventive,2,750,No
L51840,1,105,165,Preventive,2,450,No
L51841,3,104,164,Emergency,26,750,Yes
H34076,1,103,163,Preventive,2,1150,No
L51843,2,101,161,Preventive,3,600,No
M19524,2,100,160,Preventive,3,900,No
M19525,4,98,158,Emergency,27,1200,Yes
M19526,2,97,157,Preventive,3,900,No
H34081,2,95,155,Preventive,4,1300,No
H34082,2,93,153,Preventive,4,1300,No
M19529,4,90,150,Emergency,29,1200,Yes
L51850,2,89,149,Preventive,5,600,No
L51851,2,88,148,Preventive,5,600,No
L51852,2,87,147,Preventive,5,600,No
L51853,2,86,146,Preventive,5,600,No
L51854,3,85,145,Preventive,5,750,No
H34089,3,84,144,Preventive,6,1450,No
L51856,3,81,141,Preventive,6,750,No
H34091,3,80,140,Preventive,6,1450,No
H34092,3,78,138,Preventive,7,1450,No
L51859,3,75,135,Preventive,7,750,No
L51860,3,74,134,Preventive,7,750,No
M19541,3,73,133,Preventive,7,1050,No
L51862,3,72,132,Preventive,8,750,No
L51863,3,71,131,Preventive,8,750,No
M19544,5,70,130,Emergency,32,1350,Yes
M19545,3,68,128,Preventive,8,1050,No
M19546,4,67,127,Preventive,8,1200,No
L51867,4,65,125,Preventive,9,900,No
L51868,4,64,124,Preventive,9,900,No
M19549,4,63,123,Preventive,9,1200,No
M19550,4,62,122,Preventive,9,1200,No
L51871,4,60,120,Corrective,10,900,No
M19552,4,59,119,Corrective,10,1200,No
M19553,4,58,118,Corrective,10,1200,No
L51874,4,56,116,Corrective,10,900,No
L51875,4,55,115,Corrective,10,900,No
L51876,4,54,114,Corrective,11,900,No
M19557,4,53,113,Corrective,11,1200,No
L51878,4,52,112,Corrective,11,900,No
L51879,4,51,111,Corrective,11,900,No
L51880,5,50,110,Corrective,11,1050,No
H34115,5,49,109,Corrective,11,1750,No
L51882,7,46,106,Emergency,36,1350,Yes
M19563,5,45,105,Corrective,12,1350,No
L51884,5,44,104,Corrective,12,1050,No
L51885,5,43,103,Corrective,12,1050,No
L51886,5,42,102,Corrective,13,1050,No
L51887,5,41,101,Corrective,13,1050,No
L51888,5,40,100,Corrective,13,1050,No
M19569,5,39,99,Corrective,13,1350,No
L51890,5,37,97,Corrective,13,1050,No
M19571,5,36,96,Corrective,14,1350,No
L51892,5,35,95,Corrective,14,1050,No
L51893,5,34,94,Corrective,14,1050,No
H34128,6,33,93,Corrective,14,1900,No
L51895,6,30,90,Corrective,15,1200,No
L51896,6,29,89,Corrective,15,1200,No
M19577,6,28,88,Corrective,15,1500,No
L51898,8,27,87,Emergency,39,1500,Yes
M19579,6,26,86,Corrective,15,1500,No
M19580,8,24,84,Emergency,40,1800,Yes
L51901,6,23,83,Corrective,16,1200,No
M19582,6,22,82,Corrective,16,1500,No
L51903,8,20,80,Emergency,40,1500,Yes
L51904,6,19,79,Corrective,16,1200,No
M19585,6,18,78,Corrective,17,1500,No
M19586,6,17,77,Corrective,17,1500,No
M19587,9,15,75,Emergency,41,1950,Yes
L51908,7,14,74,Corrective,17,1350,No
L51909,9,13,73,Emergency,41,1650,Yes
L51910,7,12,72,Corrective,18,1350,No
L51911,9,11,71,Emergency,42,1650,Yes
L51912,7,10,70,Corrective,18,1350,No
L51913,7,9,69,Corrective,18,1350,No
L51914,7,8,68,Corrective,18,1350,No
L51915,7,7,67,Corrective,18,1350,No
L51916,1,120,180,Preventive,0,450,No
M19597,3,119,179,Emergency,24,1050,Yes
M19598,1,118,178,Preventive,0,750,No
L51919,3,116,176,Emergency,24,750,Yes
L51920,1,115,175,Preventive,0,450,No
L51921,1,114,174,Preventive,1,450,No
L51922,1,113,173,Preventive,1,450,No
L51923,1,112,172,Preventive,1,450,No
L51924,1,111,171,Preventive,1,450,No
H34159,1,110,170,Preventive,1,1150,No
L51926,1,108,168,Preventive,2,450,No
L51927,1,107,167,Preventive,2,450,No
L51928,3,106,166,Emergency,26,750,Yes
L51929,1,105,165,Preventive,2,450,No
M19610,1,104,164,Preventive,2,750,No
L51931,2,102,162,Preventive,3,600,No
H34166,2,101,161,Preventive,3,1300,No
H34167,2,99,159,Preventive,3,1300,No
M19614,2,96,156,Preventive,4,900,No
L51935,4,95,155,Emergency,28,900,Yes
H34170,2,94,154,Preventive,4,1300,No
L51937,2,91,151,Preventive,4,600,No
L51938,2,90,150,Preventive,5,600,No
L51939,4,89,149,Emergency,29,900,Yes
L51940,2,88,148,Preventive,5,600,No
H34175,4,87,147,Emergency,29,1600,Yes
M19622,5,85,145,Emergency,29,1350,Yes
L51943,3,83,143,Preventive,6,750,No
M19624,3,82,142,Preventive,6,1050,No
L51945,3,81,141,Preventive,6,750,No
M19626,3,80,140,Preventive,6,1050,No
L51947,3,78,138,Preventive,7,750,No
L51948,5,77,137,Emergency,31,1050,Yes
H34183,3,76,136,Preventive,7,1450,No
L51950,5,74,134,Emergency,31,1050,Yes
M19631,3,73,133,Preventive,7,1050,No
M19632,3,71,131,Preventive,8,1050,No
L51953,3,70,130,Preventive,8,750,No
L51954,3,69,129,Preventive,8,750,No
L51955,4,68,128,Preventive,8,900,No
L51956,4,67,127,Preventive,8,900,No
M19637,4,66,126,Preventive,9,1200,No
H34192,6,64,124,Emergency,33,1900,Yes
L51959,4,62,122,Preventive,9,900,No
L51960,4,61,121,Preventive,9,900,No
L51961,4,60,120,Corrective,10,900,No
L51962,4,59,119,Corrective,10,900,No
L51963,4,58,118,Corrective,10,900,No
L51964,4,57,117,Corrective,10,900,No
H34199,4,56,116,Corrective,10,1600,No
L51966,4,53,113,Corrective,11,900,No
L51967,4,52,112,Corrective,11,900,No
H34202,4,51,111,Corrective,11,1600,No
L51969,5,49,109,Corrective,11,1050,No
L51970,5,48,108,Corrective,12,1050,No
M19651,5,47,107,Corrective,12,1350,No
H34206,5,45,105,Corrective,12,1750,No
H34207,5,43,103,Corrective,12,1750,No
L51974,5,40,100,Corrective,13,1050,No
L51975,5,39,99,Corrective,13,1050,No
L51976,5,38,98,Corrective,13,1050,No
L51977,5,37,97,Corrective,13,1050,No
L51978,5,36,96,Corrective,14,1050,No
L51979,5,35,95,Corrective,14,1050,No
M19660,5,34,94,Corrective,14,1350,No
L51981,6,33,93,Corrective,14,1200,No
M19662,6,32,92,Corrective,14,1500,No
L51983,6,30,90,Corrective,15,1200,No
L51984,6,29,89,Corrective,15,1200,No
L51985,6,28,88,Corrective,15,1200,No
H34220,6,27,87,Corrective,15,1900,No
L51987,6,25,85,Corrective,15,1200,No
L51988,6,24,84,Corrective,16,1200,No
L51989,6,23,83,Corrective,16,1200,No
M19670,6,22,82,Corrective,16,1500,No
M19671,6,20,80,Corrective,16,1500,No
L51992,6,19,79,Corrective,16,1200,No
M19673,6,18,78,Corrective,17,1500,No
L51994,8,16,76,Emergency,41,1500,Yes
H34229,7,15,75,Corrective,17,2050,No
L51996,9,13,73,Emergency,41,1650,Yes
L51997,1,120,180,Preventive,0,450,No
M19678,1,119,179,Preventive,0,750,No
L51999,1,118,178,Preventive,0,450,No
M19680,1,117,177,Preventive,0,750,No
L52001,1,115,175,Preventive,0,450,No
L52002,1,114,174,Preventive,1,450,No
L52003,1,113,173,Preventive,1,450,No
L52004,1,112,172,Preventive,1,450,No
L52005,1,111,171,Preventive,1,450,No
L52006,1,110,170,Preventive,1,450,No
L52007,1,109,169,Preventive,1,450,No
L52008,1,108,168,Preventive,2,450,No
L52009,1,107,167,Preventive,2,450,No
L52010,1,106,166,Preventive,2,450,No
L52011,3,105,165,Emergency,26,750,Yes
L52012,1,104,164,Preventive,2,450,No
L52013,3,103,163,Emergency,26,750,Yes
M19694,2,102,162,Preventive,3,900,No
M19695,2,101,161,Preventive,3,900,No
L52016,4,99,159,Emergency,27,900,Yes
H34251,2,98,158,Preventive,3,1300,No
H34252,2,96,156,Preventive,4,1300,No
H34253,2,93,153,Preventive,4,1300,No
L52020,4,91,151,Emergency,28,900,Yes
M19701,2,90,150,Preventive,5,900,No
M19702,2,88,148,Preventive,5,900,No
L52023,2,87,147,Preventive,5,600,No
M19704,4,86,146,Emergency,29,1200,Yes
M19705,3,84,144,Preventive,6,1050,No
M19706,3,83,143,Preventive,6,1050,No
L52027,3,81,141,Preventive,6,750,No
H34262,3,80,140,Preventive,6,1450,No
M19709,3,78,138,Preventive,7,1050,No
L52030,3,76,136,Preventive,7,750,No
L52031,5,75,135,Emergency,31,1050,Yes
L52032,3,74,134,Preventive,7,750,No
L52033,3,73,133,Preventive,7,750,No
L52034,3,72,132,Preventive,8,750,No
L52035,3,71,131,Preventive,8,750,No
M19716,3,70,130,Preventive,8,1050,No
L52037,3,69,129,Preventive,8,750,No
L52038,4,68,128,Preventive,8,900,No
L52039,4,67,127,Preventive,8,900,No
M19720,4,66,126,Preventive,9,1200,No
L52041,4,64,124,Preventive,9,900,No
L52042,4,63,123,Preventive,9,900,No
M19723,4,62,122,Preventive,9,1200,No
L52044,4,61,121,Preventive,9,900,No
M19725,4,60,120,Corrective,10,1200,No
L52046,4,58,118,Corrective,10,900,No
L52047,4,57,117,Corrective,10,900,No
L52048,4,56,116,Corrective,10,900,No
L52049,4,55,115,Corrective,10,900,No
M19730,4,54,114,Corrective,11,1200,No
L52051,4,53,113,Corrective,11,900,No
L52052,4,52,112,Corrective,11,900,No
M19733,4,51,111,Corrective,11,1200,No
L52054,5,49,109,Corrective,11,1050,No
L52055,5,48,108,Corrective,12,1050,No
M19736,5,47,107,Corrective,12,1350,No
M19737,5,46,106,Corrective,12,1350,No
L52058,5,44,104,Corrective,12,1050,No
H34293,5,43,103,Corrective,12,1750,No
M19740,5,41,101,Corrective,13,1350,No
M19741,5,39,99,Corrective,13,1350,No
L52062,5,38,98,Corrective,13,1050,No
M19743,5,37,97,Corrective,13,1350,No
H34298,5,35,95,Corrective,14,1750,No
H34299,6,33,93,Corrective,14,1900,No
L52066,6,30,90,Corrective,15,1200,No
L52067,6,29,89,Corrective,15,1200,No
L52068,6,28,88,Corrective,15,1200,No
L52069,6,27,87,Corrective,15,1200,No
L52070,6,26,86,Corrective,15,1200,No
M19751,6,25,85,Corrective,15,1500,No
L52072,6,24,84,Corrective,16,1200,No
M19753,6,23,83,Corrective,16,1500,No
H34308,6,21,81,Corrective,16,1900,No
M19755,6,19,79,Corrective,16,1500,No
M19756,6,17,77,Corrective,17,1500,No
H34311,6,16,76,Corrective,17,1900,No
H34312,7,13,73,Corrective,17,2050,No
L52079,7,11,71,Corrective,18,1350,No
L52080,7,10,70,Corrective,18,1350,No
M19761,7,9,69,Corrective,18,1650,No
L52082,7,7,67,Corrective,18,1350,No
L52083,1,120,180,Preventive,0,450,No
H34318,1,119,179,Preventive,0,1150,No
L52085,1,117,177,Preventive,0,450,No
H34320,1,116,176,Preventive,0,1150,No
M19767,1,113,173,Preventive,1,750,No
M19768,1,112,172,Preventive,1,750,No
L52089,1,110,170,Preventive,1,450,No
M19770,1,109,169,Preventive,1,750,No
L52091,1,108,168,Preventive,2,450,No
L52092,1,107,167,Preventive,2,450,No
M19773,1,106,166,Preventive,2,750,No
M19774,1,104,164,Preventive,2,750,No
H34329,2,103,163,Preventive,2,1300,No
H34330,2,100,160,Preventive,3,1300,No
M19777,2,98,158,Preventive,3,900,No
L52098,2,96,156,Preventive,4,600,No
L52099,2,95,155,Preventive,4,600,No
L52100,4,94,154,Emergency,28,900,Yes
L52101,2,93,153,Preventive,4,600,No
M19782,2,92,152,Preventive,4,900,No
M19783,2,91,151,Preventive,4,900,No
H34338,2,89,149,Preventive,5,1300,No
L52105,2,87,147,Preventive,5,600,No
L52106,2,86,146,Preventive,5,600,No
M19787,3,85,145,Preventive,5,1050,No
L52108,3,83,143,Preventive,6,750,No
L52109,3,82,142,Preventive,6,750,No
L52110,3,81,141,Preventive,6,750,No
M19791,3,80,140,Preventive,6,1050,No
L52112,3,79,139,Preventive,6,750,No
H34347,3,78,138,Preventive,7,1450,No
L52114,3,75,135,Preventive,7,750,No
L52115,3,74,134,Preventive,7,750,No
L52116,5,73,133,Emergency,31,1050,Yes
L52117,3,72,132,Preventive,8,750,No
M19798,3,71,131,Preventive,8,1050,No
L52119,3,70,130,Preventive,8,750,No
L52120,3,69,129,Preventive,8,750,No
M19801,4,68,128,Preventive,8,1200,No
L52122,4,66,126,Preventive,9,900,No
H34357,4,65,125,Preventive,9,1600,No
M19804,4,63,123,Preventive,9,1200,No
L52125,4,61,121,Preventive,9,900,No
M19806,4,60,120,Corrective,10,1200,No
L52127,4,59,119,Corrective,10,900,No
M19808,4,58,118,Corrective,10,1200,No
M19809,4,56,116,Corrective,10,1200,No
M19810,4,55,115,Corrective,10,1200,No
L52131,4,53,113,Corrective,11,900,No
M19812,4,52,112,Corrective,11,1200,No
L52133,4,51,111,Corrective,11,900,No
L52134,5,50,110,Corrective,11,1050,No
M19815,5,49,109,Corrective,11,1350,No
M19816,5,47,107,Corrective,12,1350,No
M19817,5,46,106,Corrective,12,1350,No
L52138,5,44,104,Corrective,12,1050,No
L52139,5,43,103,Corrective,12,1050,No
L52140,5,42,102,Corrective,13,1050,No
L52141,5,41,101,Corrective,13,1050,No
M19822,5,40,100,Corrective,13,1350,No
L52143,5,39,99,Corrective,13,1050,No
L52144,5,38,98,Corrective,13,1050,No
M19825,5,37,97,Corrective,13,1350,No
L52146,5,35,95,Corrective,14,1050,No
L52147,5,34,94,Corrective,14,1050,No
M19828,5,33,93,Corrective,14,1350,No
L52149,6,32,92,Corrective,14,1200,No
L52150,6,31,91,Corrective,14,1200,No
L52151,6,30,90,Corrective,15,1200,No
H34386,6,29,89,Corrective,15,1900,No
L52153,6,26,86,Corrective,15,1200,No
L52154,6,25,85,Corrective,15,1200,No
L52155,6,24,84,Corrective,16,1200,No
L52156,8,23,83,Emergency,40,1500,Yes
L52157,6,22,82,Corrective,16,1200,No
L52158,6,21,81,Corrective,16,1200,No
M19839,6,20,80,Corrective,16,1500,No
M19840,6,19,79,Corrective,16,1500,No
M19841,6,17,77,Corrective,17,1500,No
L52162,6,16,76,Corrective,17,1200,No
L52163,7,15,75,Corrective,17,1350,No
L52164,9,14,74,Emergency,41,1650,Yes
M19845,7,13,73,Corrective,17,1650,No
L52166,1,120,180,Preventive,0,450,No
M19847,1,119,179,Preventive,0,750,No
L52168,3,118,178,Emergency,24,750,Yes
L52169,1,117,177,Preventive,0,450,No
L52170,1,116,176,Preventive,0,450,No
M19851,1,115,175,Preventive,0,750,No
L52172,1,113,173,Preventive,1,450,No
L52173,1,112,172,Preventive,1,450,No
M19854,1,111,171,Preventive,1,750,No
L52175,1,110,170,Preventive,1,450,No
M19856,1,109,169,Preventive,1,750,No
M19857,3,107,167,Emergency,26,1050,Yes
M19858,1,106,166,Preventive,2,750,No
M19859,1,104,164,Preventive,2,750,No
L52180,2,103,163,Preventive,2,600,No
M19861,2,102,162,Preventive,3,900,No
L52182,2,100,160,Preventive,3,600,No
L52183,2,99,159,Preventive,3,600,No
L52184,2,98,158,Preventive,3,600,No
M19865,2,97,157,Preventive,3,900,No
M19866,2,96,156,Preventive,4,900,No
L52187,2,94,154,Preventive,4,600,No
H34422,2,93,153,Preventive,4,1300,No
L52189,2,91,151,Preventive,4,600,No
L52190,2,90,150,Preventive,5,600,No
M19871,2,89,149,Preventive,5,900,No
M19872,2,87,147,Preventive,5,900,No
M19873,2,86,146,Preventive,5,900,No
L52194,3,84,144,Preventive,6,750,No
L52195,3,83,143,Preventive,6,750,No
L52196,3,82,142,Preventive,6,750,No
L52197,3,81,141,Preventive,6,750,No
M19878,3,80,140,Preventive,6,1050,No
M19879,3,79,139,Preventive,6,1050,No
L52200,3,77,137,Preventive,7,750,No
L52201,3,76,136,Preventive,7,750,No
L52202,3,75,135,Preventive,7,750,No
M19883,3,74,134,Preventive,7,1050,No
L52204,3,73,133,Preventive,7,750,No
M19885,3,72,132,Preventive,8,1050,No
L52206,3,70,130,Preventive,8,750,No
L52207,3,69,129,Preventive,8,750,No
M19888,3,68,128,Preventive,8,1050,No
M19889,4,67,127,Preventive,8,1200,No
M19890,4,65,125,Preventive,9,1200,No
M19891,4,64,124,Preventive,9,1200,No
M19892,4,62,122,Preventive,9,1200,No
L52213,4,61,121,Preventive,9,900,No
M19894,4,60,120,Corrective,10,1200,No
M19895,4,58,118,Corrective,10,1200,No
L52216,4,57,117,Corrective,10,900,No
M19897,4,56,116,Corrective,10,1200,No
L52218,4,54,114,Corrective,11,900,No
H34453,4,53,113,Corrective,11,1600,No
H34454,4,51,111,Corrective,11,1600,No
L52221,5,48,108,Corrective,12,1050,No
L52222,5,47,107,Corrective,12,1050,No
L52223,5,46,106,Corrective,12,1050,No
L52224,5,45,105,Corrective,12,1050,No
M19905,5,44,104,Corrective,12,1350,No
M19906,5,43,103,Corrective,12,1350,No
M19907,5,41,101,Corrective,13,1350,No
H34462,7,40,100,Emergency,37,2050,Yes
H34463,5,37,97,Corrective,13,1750,No
H34464,5,35,95,Corrective,14,1750,No
L52231,6,32,92,Corrective,14,1200,No
L52232,6,31,91,Corrective,14,1200,No
L52233,6,30,90,Corrective,15,1200,No
L52234,6,29,89,Corrective,15,1200,No
H34469,6,28,88,Corrective,15,1900,No
M19916,6,26,86,Corrective,15,1500,No
L52237,6,24,84,Corrective,16,1200,No
L52238,6,23,83,Corrective,16,1200,No
L52239,6,22,82,Corrective,16,1200,No
L52240,6,21,81,Corrective,16,1200,No
L52241,8,20,80,Emergency,40,1500,Yes
L52242,6,19,79,Corrective,16,1200,No
H34477,1,120,180,Preventive,0,1150,No
L52244,1,118,178,Preventive,0,450,No
L52245,1,117,177,Preventive,0,450,No
L52246,1,116,176,Preventive,0,450,No
M19927,1,115,175,Preventive,0,750,No
M19928,1,113,173,Preventive,1,750,No
M19929,1,112,172,Preventive,1,750,No
M19930,1,110,170,Preventive,1,750,No
H34485,1,109,169,Preventive,1,1150,No
L52252,1,106,166,Preventive,2,450,No
M19933,1,105,165,Preventive,2,750,No
L52254,1,104,164,Preventive,2,450,No
L52255,2,103,163,Preventive,2,600,No
L52256,2,102,162,Preventive,3,600,No
L52257,2,101,161,Preventive,3,600,No
M19938,2,100,160,Preventive,3,900,No
M19939,2,98,158,Preventive,3,900,No
L52260,2,97,157,Preventive,3,600,No
M19941,2,96,156,Preventive,4,900,No
H34496,2,94,154,Preventive,4,1300,No
L52263,2,92,152,Preventive,4,600,No
L52264,2,91,151,Preventive,4,600,No
M19945,2,90,150,Preventive,5,900,No
L52266,2,88,148,Preventive,5,600,No
M19947,2,87,147,Preventive,5,900,No
L52268,2,86,146,Preventive,5,600,No
M19949,3,85,145,Preventive,5,1050,No
M19950,3,83,143,Preventive,6,1050,No
L52271,3,82,142,Preventive,6,750,No
M19952,3,81,141,Preventive,6,1050,No
M19953,3,79,139,Preventive,6,1050,No
M19954,3,78,138,Preventive,7,1050,No
M19955,3,76,136,Preventive,7,1050,No
H34510,3,75,135,Preventive,7,1450,No
L52277,3,72,132,Preventive,8,750,No
L52278,3,71,131,Preventive,8,750,No
L52279,3,70,130,Preventive,8,750,No
M19960,3,69,129,Preventive,8,1050,No
M19961,4,68,128,Preventive,8,1200,No
M19962,4,66,126,Preventive,9,1200,No
L52283,4,65,125,Preventive,9,900,No
L52284,4,64,124,Preventive,9,900,No
L52285,4,63,123,Preventive,9,900,No
L52286,4,62,122,Preventive,9,900,No
L52287,4,61,121,Preventive,9,900,No
L52288,4,60,120,Corrective,10,900,No
M19969,4,59,119,Corrective,10,1200,No
M19970,4,57,117,Corrective,10,1200,No
L52291,4,56,116,Corrective,10,900,No
M19972,4,55,115,Corrective,10,1200,No
L52293,4,53,113,Corrective,11,900,No
M19974,4,52,112,Corrective,11,1200,No
M19975,4,51,111,Corrective,11,1200,No
L52296,5,49,109,Corrective,11,1050,No
L52297,5,48,108,Corrective,12,1050,No
M19978,5,47,107,Corrective,12,1350,No
L52299,5,46,106,Corrective,12,1050,No
M19980,5,45,105,Corrective,12,1350,No
L52301,5,43,103,Corrective,12,1050,No
H34536,5,42,102,Corrective,13,1750,No
M19983,5,40,100,Corrective,13,1350,No
M19984,5,38,98,Corrective,13,1350,No
M19985,5,37,97,Corrective,13,1350,No
L52306,5,35,95,Corrective,14,1050,No
M19987,5,34,94,Corrective,14,1350,No
L52308,6,33,93,Corrective,14,1200,No
M19989,6,32,92,Corrective,14,1500,No
L52310,6,30,90,Corrective,15,1200,No
L52311,6,29,89,Corrective,15,1200,No
L52312,6,28,88,Corrective,15,1200,No
L52313,6,27,87,Corrective,15,1200,No
L52314,6,26,86,Corrective,15,1200,No
L52315,6,25,85,Corrective,15,1200,No
L52316,6,24,84,Corrective,16,1200,No
L52317,6,23,83,Corrective,16,1200,No
M19998,6,22,82,Corrective,16,1500,No
M19999,6,21,81,Corrective,16,1500,No
M20000,6,19,79,Corrective,16,1500,No
L52321,8,18,78,Emergency,41,1500,Yes
L52322,1,120,180,Preventive,0,450,No
M20003,1,119,179,Preventive,0,750,No
L52324,1,118,178,Preventive,0,450,No
L52325,1,117,177,Preventive,0,450,No
L52326,1,116,176,Preventive,0,450,No
L52327,1,115,175,Preventive,0,450,No
L52328,1,114,174,Preventive,1,450,No
L52329,1,113,173,Preventive,1,450,No
L52330,1,112,172,Preventive,1,450,No
L52331,1,111,171,Preventive,1,450,No
L52332,1,110,170,Preventive,1,450,No
L52333,1,109,169,Preventive,1,450,No
L52334,1,108,168,Preventive,2,450,No
H34569,1,107,167,Preventive,2,1150,No
L52336,1,104,164,Preventive,2,450,No
H34571,1,103,163,Preventive,2,1150,No
L52338,2,101,161,Preventive,3,600,No
L52339,2,100,160,Preventive,3,600,No
L52340,2,99,159,Preventive,3,600,No
M20021,2,98,158,Preventive,3,900,No
L52342,2,96,156,Preventive,4,600,No
M20023,2,95,155,Preventive,4,900,No
M20024,2,94,154,Preventive,4,900,No
L52345,2,92,152,Preventive,4,600,No
H34580,2,91,151,Preventive,4,1300,No
L52347,2,89,149,Preventive,5,600,No
H34582,2,88,148,Preventive,5,1300,No
L52349,3,85,145,Preventive,5,750,No
M20030,3,84,144,Preventive,6,1050,No
M20031,3,83,143,Preventive,6,1050,No
L52352,3,81,141,Preventive,6,750,No
M20033,3,80,140,Preventive,6,1050,No
M20034,3,79,139,Preventive,6,1050,No
L52355,3,77,137,Preventive,7,750,No
M20036,3,76,136,Preventive,7,1050,No
H34591,3,75,135,Preventive,7,1450,No
H34592,3,72,132,Preventive,8,1450,No
M20039,3,70,130,Preventive,8,1050,No
L52360,3,68,128,Preventive,8,750,No
L52361,4,67,127,Preventive,8,900,No
L52362,4,66,126,Preventive,9,900,No
M20043,4,65,125,Preventive,9,1200,No
L52364,4,64,124,Preventive,9,900,No
L52365,4,63,123,Preventive,9,900,No
L52366,4,62,122,Preventive,9,900,No
L52367,4,61,121,Preventive,9,900,No
L52368,4,60,120,Corrective,10,900,No
M20049,4,59,119,Corrective,10,1200,No
L52370,4,57,117,Corrective,10,900,No
L52371,4,56,116,Corrective,10,900,No
L52372,4,55,115,Corrective,10,900,No
H34607,4,54,114,Corrective,11,1600,No
M20054,4,52,112,Corrective,11,1200,No
L52375,5,50,110,Corrective,11,1050,No
H34610,5,49,109,Corrective,11,1750,No
H34611,5,47,107,Corrective,12,1750,No
L52378,5,44,104,Corrective,12,1050,No
L52379,5,43,103,Corrective,12,1050,No
L52380,5,42,102,Corrective,13,1050,No
M20061,5,41,101,Corrective,13,1350,No
L52382,5,40,100,Corrective,13,1050,No
M20063,5,39,99,Corrective,13,1350,No
L52384,5,37,97,Corrective,13,1050,No
L52385,5,36,96,Corrective,14,1050,No
H34620,5,35,95,Corrective,14,1750,No
M20067,6,33,93,Corrective,14,1500,No
L52388,6,31,91,Corrective,14,1200,No
M20069,6,30,90,Corrective,15,1500,No
L52390,6,29,89,Corrective,15,1200,No
L52391,6,28,88,Corrective,15,1200,No
L52392,6,27,87,Corrective,15,1200,No
M20073,6,26,86,Corrective,15,1500,No
L52394,6,24,84,Corrective,16,1200,No
M20075,6,23,83,Corrective,16,1500,No
M20076,6,22,82,Corrective,16,1500,No
M20077,6,20,80,Corrective,16,1500,No
L52398,6,19,79,Corrective,16,1200,No
L52399,8,18,78,Emergency,41,1500,Yes
L52400,6,17,77,Corrective,17,1200,No
L52401,6,16,76,Corrective,17,1200,No
L52402,1,120,180,Preventive,0,450,No
M20083,1,119,179,Preventive,0,750,No
L52404,1,118,178,Preventive,0,450,No
M20085,1,117,177,Preventive,0,750,No
L52406,1,115,175,Preventive,0,450,No
L52407,1,114,174,Preventive,1,450,No
M20088,1,113,173,Preventive,1,750,No
H34643,1,112,172,Preventive,1,1150,No
M20090,1,109,169,Preventive,1,750,No
L52411,1,108,168,Preventive,2,450,No
L52412,1,107,167,Preventive,2,450,No
L52413,1,106,166,Preventive,2,450,No
L52414,1,105,165,Preventive,2,450,No
M20095,1,104,164,Preventive,2,750,No
L52416,2,102,162,Preventive,3,600,No
L52417,2,101,161,Preventive,3,600,No
L52418,2,100,160,Preventive,3,600,No
L52419,2,99,159,Preventive,3,600,No
L52420,2,98,158,Preventive,3,600,No
L52421,2,97,157,Preventive,3,600,No
L52422,2,96,156,Preventive,4,600,No
L52423,2,95,155,Preventive,4,600,No
L52424,2,94,154,Preventive,4,600,No
L52425,2,93,153,Preventive,4,600,No
L52426,2,92,152,Preventive,4,600,No
L52427,2,91,151,Preventive,4,600,No
M20108,2,90,150,Preventive,5,900,No
M20109,2,89,149,Preventive,5,900,No
L52430,2,87,147,Preventive,5,600,No
M20111,2,86,146,Preventive,5,900,No
L52432,3,85,145,Preventive,5,750,No
L52433,3,84,144,Preventive,6,750,No
L52434,3,83,143,Preventive,6,750,No
M20115,3,82,142,Preventive,6,1050,No
L52436,3,80,140,Preventive,6,750,No
L52437,3,79,139,Preventive,6,750,No
M20118,3,78,138,Preventive,7,1050,No
L52439,3,77,137,Preventive,7,750,No
M20120,3,76,136,Preventive,7,1050,No
L52441,3,74,134,Preventive,7,750,No
L52442,3,73,133,Preventive,7,750,No
L52443,3,72,132,Preventive,8,750,No
L52444,3,71,131,Preventive,8,750,No
M20125,3,70,130,Preventive,8,1050,No
M20126,3,69,129,Preventive,8,1050,No
M20127,4,67,127,Preventive,8,1200,No
L52448,4,66,126,Preventive,9,900,No
L52449,4,65,125,Preventive,9,900,No
L52450,4,64,124,Preventive,9,900,No
L52451,4,63,123,Preventive,9,900,No
M20132,4,62,122,Preventive,9,1200,No
L52453,4,60,120,Corrective,10,900,No
L52454,4,59,119,Corrective,10,900,No
L52455,4,58,118,Corrective,10,900,No
L52456,4,57,117,Corrective,10,900,No
L52457,4,56,116,Corrective,10,900,No
M20138,4,55,115,Corrective,10,1200,No
L52459,4,54,114,Corrective,11,900,No
L52460,4,53,113,Corrective,11,900,No
M20141,4,52,112,Corrective,11,1200,No
H34696,5,50,110,Corrective,11,1750,No
L52463,5,48,108,Corrective,12,1050,No
M20144,5,47,107,Corrective,12,1350,No
L52465,5,45,105,Corrective,12,1050,No
L52466,5,44,104,Corrective,12,1050,No
H34701,5,43,103,Corrective,12,1750,No
L52468,5,41,101,Corrective,13,1050,No
M20149,5,40,100,Corrective,13,1350,No
L52470,5,38,98,Corrective,13,1050,No
L52471,5,37,97,Corrective,13,1050,No
M20152,5,36,96,Corrective,14,1350,No
M20153,5,35,95,Corrective,14,1350,No
L52474,5,33,93,Corrective,14,1050,No
L52475,6,32,92,Corrective,14,1200,No
H34710,6,31,91,Corrective,14,1900,No
L52477,6,29,89,Corrective,15,1200,No
M20158,6,28,88,Corrective,15,1500,No
L52479,6,26,86,Corrective,15,1200,No
M20160,6,25,85,Corrective,15,1500,No
L52481,6,24,84,Corrective,16,1200,No
L52482,6,23,83,Corrective,16,1200,No
L52483,6,22,82,Corrective,16,1200,No
L52484,6,21,81,Corrective,16,1200,No
H34719,6,20,80,Corrective,16,1900,No
H34720,6,17,77,Corrective,17,1900,No
L52487,7,15,75,Corrective,17,1350,No
L52488,7,14,74,Corrective,17,1350,No
M20169,9,13,73,Emergency,41,1950,Yes
L52490,1,120,180,Preventive,0,450,No
H34725,1,119,179,Preventive,0,1150,No
L52492,1,117,177,Preventive,0,450,No
M20173,1,116,176,Preventive,0,750,No
L52494,1,114,174,Preventive,1,450,No
L52495,1,113,173,Preventive,1,450,No
M20176,1,112,172,Preventive,1,750,No
L52497,1,111,171,Preventive,1,450,No
L52498,1,110,170,Preventive,1,450,No
M20179,1,109,169,Preventive,1,750,No
L52500,1,107,167,Preventive,2,450,No
M20181,1,106,166,Preventive,2,750,No
M20182,1,105,165,Preventive,2,750,No
M20183,1,103,163,Preventive,2,750,No
M20184,2,102,162,Preventive,3,900,No
L52505,2,100,160,Preventive,3,600,No
M20186,2,99,159,Preventive,3,900,No
M20187,2,98,158,Preventive,3,900,No
M20188,2,96,156,Preventive,4,900,No
L52509,2,95,155,Preventive,4,600,No
L52510,2,94,154,Preventive,4,600,No
L52511,2,93,153,Preventive,4,600,No
H34746,2,92,152,Preventive,4,1300,No
M20193,2,89,149,Preventive,5,900,No
M20194,4,88,148,Emergency,29,1200,Yes
M20195,2,86,146,Preventive,5,900,No
L52516,3,85,145,Preventive,5,750,No
M20197,3,84,144,Preventive,6,1050,No
M20198,3,82,142,Preventive,6,1050,No
M20199,3,81,141,Preventive,6,1050,No
L52520,3,79,139,Preventive,6,750,No
H34755,3,78,138,Preventive,7,1450,No
M20202,3,76,136,Preventive,7,1050,No
L52523,3,74,134,Preventive,7,750,No
L52524,3,73,133,Preventive,7,750,No
L52525,3,72,132,Preventive,8,750,No
L52526,3,71,131,Preventive,8,750,No
L52527,3,70,130,Preventive,8,750,No
L52528,3,69,129,Preventive,8,750,No
M20209,3,68,128,Preventive,8,1050,No
M20210,4,67,127,Preventive,8,1200,No
M20211,4,65,125,Preventive,9,1200,No
M20212,4,64,124,Preventive,9,1200,No
L52533,4,62,122,Preventive,9,900,No
L52534,4,61,121,Preventive,9,900,No
H34769,4,60,120,Corrective,10,1600,No
H34770,4,58,118,Corrective,10,1600,No
L52537,4,55,115,Corrective,10,900,No
H34772,4,54,114,Corrective,11,1600,No
M20219,4,52,112,Corrective,11,1200,No
L52540,5,50,110,Corrective,11,1050,No
L52541,5,49,109,Corrective,11,1050,No
L52542,5,48,108,Corrective,12,1050,No
L52543,5,47,107,Corrective,12,1050,No
L52544,5,46,106,Corrective,12,1050,No
L52545,5,45,105,Corrective,12,1050,No
H34780,5,44,104,Corrective,12,1750,No
M20227,5,42,102,Corrective,13,1350,No
M20228,5,40,100,Corrective,13,1350,No
H34783,5,39,99,Corrective,13,1750,No
H34784,5,36,96,Corrective,14,1750,No
L52551,5,34,94,Corrective,14,1050,No
H34786,6,33,93,Corrective,14,1900,No
M20233,6,30,90,Corrective,15,1500,No
L52554,6,29,89,Corrective,15,1200,No
L52555,6,28,88,Corrective,15,1200,No
H34790,6,27,87,Corrective,15,1900,No
L52557,6,24,84,Corrective,16,1200,No
L52558,6,23,83,Corrective,16,1200,No
L52559,6,22,82,Corrective,16,1200,No
L52560,6,21,81,Corrective,16,1200,No
L52561,6,20,80,Corrective,16,1200,No
L52562,6,19,79,Corrective,16,1200,No
L52563,6,18,78,Corrective,17,1200,No
M20244,6,17,77,Corrective,17,1500,No
H34799,6,16,76,Corrective,17,1900,No
L52566,7,13,73,Corrective,17,1350,No
L52567,7,12,72,Corrective,18,1350,No
M20248,7,11,71,Corrective,18,1650,No
L52569,7,10,70,Corrective,18,1350,No
H34804,7,9,69,Corrective,18,2050,No
L52571,7,6,66,Corrective,19,1350,No
L52572,7,5,65,Corrective,19,1350,No
L52573,7,5,64,Corrective,19,1350,No
M20254,9,5,63,Emergency,43,1950,Yes
L52575,7,5,62,Corrective,19,1350,No
L52576,7,5,61,Corrective,19,1350,No
M20257,7,5,60,Corrective,20,1650,No
L52578,7,5,58,Corrective,20,1350,No
H34813,10,5,57,Emergency,44,2500,Yes
L52580,10,5,55,Emergency,44,1800,Yes
M20261,10,5,54,Emergency,45,2100,Yes
L52582,1,120,180,Preventive,0,450,No
L52583,1,119,179,Preventive,0,450,No
H34818,1,118,178,Preventive,0,1150,No
L52585,1,116,176,Preventive,0,450,No
L52586,1,115,175,Preventive,0,450,No
L52587,1,114,174,Preventive,1,450,No
L52588,1,113,173,Preventive,1,450,No
L52589,1,112,172,Preventive,1,450,No
M20270,1,111,171,Preventive,1,750,No
L52591,1,109,169,Preventive,1,450,No
L52592,1,108,168,Preventive,2,450,No
H34827,1,107,167,Preventive,2,1150,No
L52594,1,105,165,Preventive,2,450,No
M20275,1,104,164,Preventive,2,750,No
L52596,2,102,162,Preventive,3,600,No
L52597,2,101,161,Preventive,3,600,No
L52598,2,100,160,Preventive,3,600,No
L52599,2,99,159,Preventive,3,600,No
L52600,2,98,158,Preventive,3,600,No
M20281,2,97,157,Preventive,3,900,No
M20282,2,96,156,Preventive,4,900,No
L52603,2,94,154,Preventive,4,600,No
L52604,2,93,153,Preventive,4,600,No
L52605,2,92,152,Preventive,4,600,No
L52606,2,91,151,Preventive,4,600,No
L52607,2,90,150,Preventive,5,600,No
L52608,2,89,149,Preventive,5,600,No
L52609,2,88,148,Preventive,5,600,No
L52610,2,87,147,Preventive,5,600,No
L52611,2,86,146,Preventive,5,600,No
L52612,3,85,145,Preventive,5,750,No
L52613,3,84,144,Preventive,6,750,No
L52614,3,83,143,Preventive,6,750,No
M20295,3,82,142,Preventive,6,1050,No
M20296,3,81,141,Preventive,6,1050,No
M20297,3,79,139,Preventive,6,1050,No
L52618,3,78,138,Preventive,7,750,No
L52619,3,77,137,Preventive,7,750,No
H34854,3,76,136,Preventive,7,1450,No
M20301,3,73,133,Preventive,7,1050,No
L52622,3,72,132,Preventive,8,750,No
M20303,3,71,131,Preventive,8,1050,No
L52624,3,69,129,Preventive,8,750,No
M20305,3,68,128,Preventive,8,1050,No
L52626,4,67,127,Preventive,8,900,No
L52627,4,66,126,Preventive,9,900,No
L52628,4,65,125,Preventive,9,900,No
L52629,4,64,124,Preventive,9,900,No
H34864,4,63,123,Preventive,9,1600,No
L52631,4,60,120,Corrective,10,900,No
M20312,4,59,119,Corrective,10,1200,No
L52633,4,58,118,Corrective,10,900,No
L52634,4,57,117,Corrective,10,900,No
M20315,4,56,116,Corrective,10,1200,No
M20316,4,54,114,Corrective,11,1200,No
M20317,4,53,113,Corrective,11,1200,No
L52638,4,51,111,Corrective,11,900,No
L52639,5,50,110,Corrective,11,1050,No
M20320,5,49,109,Corrective,11,1350,No
M20321,5,48,108,Corrective,12,1350,No
L52642,5,46,106,Corrective,12,1050,No
L52643,5,45,105,Corrective,12,1050,No
M20324,5,44,104,Corrective,12,1350,No
L52645,5,43,103,Corrective,12,1050,No
M20326,5,42,102,Corrective,13,1350,No
L52647,5,40,100,Corrective,13,1050,No
L52648,5,39,99,Corrective,13,1050,No
M20329,5,38,98,Corrective,13,1350,No
M20330,5,37,97,Corrective,13,1350,No
L52651,5,35,95,Corrective,14,1050,No
L52652,5,34,94,Corrective,14,1050,No
L52653,5,33,93,Corrective,14,1050,No
M20334,6,32,92,Corrective,14,1500,No
L52655,6,31,91,Corrective,14,1200,No
M20336,6,30,90,Corrective,15,1500,No
L52657,6,28,88,Corrective,15,1200,No
L52658,6,27,87,Corrective,15,1200,No
M20339,6,26,86,Corrective,15,1500,No
H34894,6,25,85,Corrective,15,1900,No
L52661,6,22,82,Corrective,16,1200,No
L52662,6,21,81,Corrective,16,1200,No
M20343,6,20,80,Corrective,16,1500,No
M20344,6,19,79,Corrective,16,1500,No
L52665,6,17,77,Corrective,17,1200,No
L52666,6,16,76,Corrective,17,1200,No
M20347,7,15,75,Corrective,17,1650,No
L52668,9,14,74,Emergency,41,1650,Yes
L52669,7,13,73,Corrective,17,1350,No
L52670,3,120,180,Emergency,24,750,Yes
M20351,1,119,179,Preventive,0,750,No
M20352,1,118,178,Preventive,0,750,No
L52673,1,116,176,Preventive,0,450,No
L52674,1,115,175,Preventive,0,450,No
H34909,1,114,174,Preventive,1,1150,No
M20356,1,112,172,Preventive,1,750,No
M20357,1,110,170,Preventive,1,750,No
M20358,1,109,169,Preventive,1,750,No
H34913,1,107,167,Preventive,2,1150,No
L52680,1,105,165,Preventive,2,450,No
L52681,1,104,164,Preventive,2,450,No
L52682,2,103,163,Preventive,2,600,No
H34917,2,102,162,Preventive,3,1300,No
L52684,2,99,159,Preventive,3,600,No
L52685,2,98,158,Preventive,3,600,No
L52686,2,97,157,Preventive,3,600,No
L52687,2,96,156,Preventive,4,600,No
L52688,2,95,155,Preventive,4,600,No
L52689,2,94,154,Preventive,4,600,No
L52690,2,93,153,Preventive,4,600,No
L52691,2,92,152,Preventive,4,600,No
L52692,2,91,151,Preventive,4,600,No
M20373,2,90,150,Preventive,5,900,No
L52694,2,89,149,Preventive,5,600,No
H34929,2,88,148,Preventive,5,1300,No
L52696,3,85,145,Preventive,5,750,No
L52697,3,84,144,Preventive,6,750,No
M20378,3,83,143,Preventive,6,1050,No
L52699,3,82,142,Preventive,6,750,No
M20380,3,81,141,Preventive,6,1050,No
L52701,3,79,139,Preventive,6,750,No
L52702,3,78,138,Preventive,7,750,No
M20383,3,77,137,Preventive,7,1050,No
L52704,3,76,136,Preventive,7,750,No
M20385,3,75,135,Preventive,7,1050,No
L52706,3,73,133,Preventive,7,750,No
M20387,3,72,132,Preventive,8,1050,No
L52708,3,71,131,Preventive,8,750,No
M20389,3,70,130,Preventive,8,1050,No
M20390,3,68,128,Preventive,8,1050,No
M20391,4,67,127,Preventive,8,1200,No
L52712,4,65,125,Preventive,9,900,No
L52713,4,64,124,Preventive,9,900,No
M20394,4,63,123,Preventive,9,1200,No
L52715,4,62,122,Preventive,9,900,No
M20396,6,61,121,Emergency,33,1500,Yes
L52717,4,59,119,Corrective,10,900,No
M20398,4,58,118,Corrective,10,1200,No
H34953,4,57,117,Corrective,10,1600,No
L52720,4,54,114,Corrective,11,900,No
L52721,4,53,113,Corrective,11,900,No
L52722,4,52,112,Corrective,11,900,No
L52723,4,51,111,Corrective,11,900,No
L52724,5,50,110,Corrective,11,1050,No
H34959,5,49,109,Corrective,11,1750,No
L52726,5,47,107,Corrective,12,1050,No
M20407,5,46,106,Corrective,12,1350,No
L52728,5,44,104,Corrective,12,1050,No
H34963,5,43,103,Corrective,12,1750,No
M20410,5,41,101,Corrective,13,1350,No
H34965,5,39,99,Corrective,13,1750,No
H34966,5,37,97,Corrective,13,1750,No
L52733,5,34,94,Corrective,14,1050,No
M20414,5,33,93,Corrective,14,1350,No
L52735,6,32,92,Corrective,14,1200,No
H34970,6,31,91,Corrective,14,1900,No
M20417,6,28,88,Corrective,15,1500,No
L52738,6,27,87,Corrective,15,1200,No
M20419,6,26,86,Corrective,15,1500,No
L52740,6,24,84,Corrective,16,1200,No
M20421,6,23,83,Corrective,16,1500,No
L52742,6,22,82,Corrective,16,1200,No
M20423,6,21,81,Corrective,16,1500,No
L52744,6,19,79,Corrective,16,1200,No
L52745,6,18,78,Corrective,17,1200,No
L52746,6,17,77,Corrective,17,1200,No
M20427,1,120,180,Preventive,0,750,No
L52748,1,119,179,Preventive,0,450,No
L52749,1,118,178,Preventive,0,450,No
M20430,1,117,177,Preventive,0,750,No
L52751,1,115,175,Preventive,0,450,No
L52752,1,114,174,Preventive,1,450,No
L52753,1,113,173,Preventive,1,450,No
L52754,1,112,172,Preventive,1,450,No
H34989,1,111,171,Preventive,1,1150,No
H34990,1,109,169,Preventive,1,1150,No
L52757,1,106,166,Preventive,2,450,No
L52758,1,105,165,Preventive,2,450,No
L52759,1,104,164,Preventive,2,450,No
M20440,1,103,163,Preventive,2,750,No
M20441,2,102,162,Preventive,3,900,No
L52762,2,100,160,Preventive,3,600,No
L52763,2,99,159,Preventive,3,600,No
L52764,2,98,158,Preventive,3,600,No
M20445,2,97,157,Preventive,3,900,No
M20446,2,96,156,Preventive,4,900,No
L52767,2,94,154,Preventive,4,600,No
M20448,2,93,153,Preventive,4,900,No
M20449,2,92,152,Preventive,4,900,No
M20450,2,90,150,Preventive,5,900,No
L52771,2,89,149,Preventive,5,600,No
L52772,2,88,148,Preventive,5,600,No
L52773,2,87,147,Preventive,5,600,No
L52774,2,86,146,Preventive,5,600,No
M20455,3,85,145,Preventive,5,1050,No
M20456,3,83,143,Preventive,6,1050,No
L52777,3,82,142,Preventive,6,750,No
L52778,3,81,141,Preventive,6,750,No
M20459,3,80,140,Preventive,6,1050,No
L52780,3,78,138,Preventive,7,750,No
L52781,3,77,137,Preventive,7,750,No
L52782,3,76,136,Preventive,7,750,No
L52783,3,75,135,Preventive,7,750,No
L52784,3,74,134,Preventive,7,750,No
L52785,3,73,133,Preventive,7,750,No
L52786,3,72,132,Preventive,8,750,No
M20467,3,71,131,Preventive,8,1050,No
M20468,3,70,130,Preventive,8,1050,No
M20469,3,68,128,Preventive,8,1050,No
L52790,4,67,127,Preventive,8,900,No
M20471,4,66,126,Preventive,9,1200,No
L52792,4,64,124,Preventive,9,900,No
M20473,4,63,123,Preventive,9,1200,No
H35028,4,62,122,Preventive,9,1600,No
M20475,6,59,119,Emergency,34,1500,Yes
L52796,4,58,118,Corrective,10,900,No
L52797,6,57,117,Emergency,34,1200,Yes
M20478,4,56,116,Corrective,10,1200,No
L52799,4,54,114,Corrective,11,900,No
L52800,4,53,113,Corrective,11,900,No
M20481,4,52,112,Corrective,11,1200,No
L52802,4,51,111,Corrective,11,900,No
L52803,5,50,110,Corrective,11,1050,No
M20484,5,49,109,Corrective,11,1350,No
L52805,5,47,107,Corrective,12,1050,No
H35040,5,46,106,Corrective,12,1750,No
L52807,5,44,104,Corrective,12,1050,No
L52808,5,43,103,Corrective,12,1050,No
L52809,5,42,102,Corrective,13,1050,No
M20490,5,41,101,Corrective,13,1350,No
L52811,5,39,99,Corrective,13,1050,No
L52812,5,38,98,Corrective,13,1050,No
L52813,5,37,97,Corrective,13,1050,No
M20494,5,36,96,Corrective,14,1350,No
L52815,5,35,95,Corrective,14,1050,No
L52816,5,34,94,Corrective,14,1050,No
M20497,6,33,93,Corrective,14,1500,No
L52818,6,31,91,Corrective,14,1200,No
L52819,6,30,90,Corrective,15,1200,No
L52820,6,29,89,Corrective,15,1200,No
L52821,6,28,88,Corrective,15,1200,No
L52822,6,27,87,Corrective,15,1200,No
L52823,6,26,86,Corrective,15,1200,No
L52824,6,25,85,Corrective,15,1200,No
M20505,6,24,84,Corrective,16,1500,No
M20506,6,23,83,Corrective,16,1500,No
H35061,6,21,81,Corrective,16,1900,No
L52828,6,19,79,Corrective,16,1200,No
M20509,6,18,78,Corrective,17,1500,No
L52830,6,16,76,Corrective,17,1200,No
M20511,7,15,75,Corrective,17,1650,No
L52832,7,14,74,Corrective,17,1350,No
L52833,7,13,73,Corrective,17,1350,No
L52834,1,120,180,Preventive,0,450,No
L52835,1,119,179,Preventive,0,450,No
M20516,1,118,178,Preventive,0,750,No
L52837,1,117,177,Preventive,0,450,No
M20518,1,116,176,Preventive,0,750,No
M20519,1,114,174,Preventive,1,750,No
L52840,1,113,173,Preventive,1,450,No
L52841,1,112,172,Preventive,1,450,No
L52842,1,111,171,Preventive,1,450,No
M20523,1,110,170,Preventive,1,750,No
M20524,1,108,168,Preventive,2,750,No
L52845,1,107,167,Preventive,2,450,No
L52846,1,106,166,Preventive,2,450,No
L52847,1,105,165,Preventive,2,450,No
M20528,1,104,164,Preventive,2,750,No
M20529,2,102,162,Preventive,3,900,No
L52850,2,101,161,Preventive,3,600,No
H35085,2,100,160,Preventive,3,1300,No
H35086,2,97,157,Preventive,3,1300,No
L52853,2,95,155,Preventive,4,600,No
M20534,2,94,154,Preventive,4,900,No
M20535,2,92,152,Preventive,4,900,No
L52856,2,91,151,Preventive,4,600,No
L52857,2,90,150,Preventive,5,600,No
M20538,2,89,149,Preventive,5,900,No
M20539,2,87,147,Preventive,5,900,No
M20540,2,86,146,Preventive,5,900,No
L52861,3,84,144,Preventive,6,750,No
H35096,3,83,143,Preventive,6,1450,No
M20543,3,81,141,Preventive,6,1050,No
H35098,3,79,139,Preventive,6,1450,No
L52865,3,77,137,Preventive,7,750,No
L52866,3,76,136,Preventive,7,750,No
L52867,3,75,135,Preventive,7,750,No
M20548,3,74,134,Preventive,7,1050,No
L52869,3,72,132,Preventive,8,750,No
L52870,3,71,131,Preventive,8,750,No
L52871,3,70,130,Preventive,8,750,No
M20552,3,69,129,Preventive,8,1050,No
M20553,4,68,128,Preventive,8,1200,No
L52874,4,66,126,Preventive,9,900,No
L52875,4,65,125,Preventive,9,900,No
H35110,4,64,124,Preventive,9,1600,No
L52877,4,62,122,Preventive,9,900,No
L52878,4,61,121,Preventive,9,900,No
L52879,4,60,120,Corrective,10,900,No
L52880,4,59,119,Corrective,10,900,No
M20561,4,58,118,Corrective,10,1200,No
L52882,4,56,116,Corrective,10,900,No
H35117,4,55,115,Corrective,10,1600,No
L52884,4,53,113,Corrective,11,900,No
L52885,4,52,112,Corrective,11,900,No
L52886,6,51,111,Emergency,35,1200,Yes
L52887,5,50,110,Corrective,11,1050,No
L52888,5,49,109,Corrective,11,1050,No
L52889,5,48,108,Corrective,12,1050,No
H35124,5,47,107,Corrective,12,1750,No
L52891,5,44,104,Corrective,12,1050,No
L52892,5,43,103,Corrective,12,1050,No
L52893,5,42,102,Corrective,13,1050,No
L52894,5,41,101,Corrective,13,1050,No
H35129,5,40,100,Corrective,13,1750,No
L52896,5,38,98,Corrective,13,1050,No
L52897,5,37,97,Corrective,13,1050,No
L52898,5,36,96,Corrective,14,1050,No
L52899,5,35,95,Corrective,14,1050,No
L52900,5,34,94,Corrective,14,1050,No
M20581,6,33,93,Corrective,14,1500,No
L52902,6,31,91,Corrective,14,1200,No
M20583,6,30,90,Corrective,15,1500,No
L52904,6,29,89,Corrective,15,1200,No
M20585,6,28,88,Corrective,15,1500,No
M20586,6,26,86,Corrective,15,1500,No
M20587,6,25,85,Corrective,15,1500,No
M20588,6,23,83,Corrective,16,1500,No
M20589,6,22,82,Corrective,16,1500,No
L52910,6,20,80,Corrective,16,1200,No
L52911,6,19,79,Corrective,16,1200,No
L52912,6,18,78,Corrective,17,1200,No
L52913,6,17,77,Corrective,17,1200,No
L52914,8,16,76,Emergency,41,1500,Yes
L52915,7,15,75,Corrective,17,1350,No
M20596,7,14,74,Corrective,17,1650,No
L52917,7,13,73,Corrective,17,1350,No
L52918,1,120,180,Preventive,0,450,No
M20599,1,119,179,Preventive,0,750,No
M20600,1,118,178,Preventive,0,750,No
M20601,1,116,176,Preventive,0,750,No
L52922,1,115,175,Preventive,0,450,No
M20603,1,114,174,Preventive,1,750,No
H35158,1,112,172,Preventive,1,1150,No
L52925,1,110,170,Preventive,1,450,No
M20606,1,109,169,Preventive,1,750,No
L52927,1,107,167,Preventive,2,450,No
M20608,1,106,166,Preventive,2,750,No
H35163,1,105,165,Preventive,2,1150,No
L52930,2,102,162,Preventive,3,600,No
H35165,2,101,161,Preventive,3,1300,No
H35166,2,99,159,Preventive,3,1300,No
L52933,2,96,156,Preventive,4,600,No
L52934,2,95,155,Preventive,4,600,No
L52935,2,94,154,Preventive,4,600,No
M20616,2,93,153,Preventive,4,900,No
L52937,2,92,152,Preventive,4,600,No
L52938,2,91,151,Preventive,4,600,No
L52939,2,90,150,Preventive,5,600,No
M20620,2,89,149,Preventive,5,900,No
L52941,2,87,147,Preventive,5,600,No
L52942,2,86,146,Preventive,5,600,No
H35177,3,85,145,Preventive,5,1450,No
L52944,3,83,143,Preventive,6,750,No
L52945,3,82,142,Preventive,6,750,No
M20626,3,81,141,Preventive,6,1050,No
M20627,3,79,139,Preventive,6,1050,No
L52948,3,78,138,Preventive,7,750,No
L52949,3,77,137,Preventive,7,750,No
L52950,3,76,136,Preventive,7,750,No
L52951,3,75,135,Preventive,7,750,No
L52952,3,74,134,Preventive,7,750,No
H35187,3,73,133,Preventive,7,1450,No
L52954,3,70,130,Preventive,8,750,No
L52955,3,69,129,Preventive,8,750,No
L52956,3,68,128,Preventive,8,750,No
L52957,4,67,127,Preventive,8,900,No
M20638,4,66,126,Preventive,9,1200,No
L52959,4,65,125,Preventive,9,900,No
L52960,4,64,124,Preventive,9,900,No
M20641,4,63,123,Preventive,9,1200,No
L52962,4,61,121,Preventive,9,900,No
H35197,4,60,120,Corrective,10,1600,No
M20644,4,58,118,Corrective,10,1200,No
L52965,4,56,116,Corrective,10,900,No
L52966,4,55,115,Corrective,10,900,No
L52967,4,54,114,Corrective,11,900,No
L52968,4,53,113,Corrective,11,900,No
M20649,4,52,112,Corrective,11,1200,No
M20650,4,51,111,Corrective,11,1200,No
M20651,5,49,109,Corrective,11,1350,No
M20652,5,48,108,Corrective,12,1350,No
L52973,5,46,106,Corrective,12,1050,No
M20654,5,45,105,Corrective,12,1350,No
M20655,5,44,104,Corrective,12,1350,No
L52976,5,42,102,Corrective,13,1050,No
L52977,5,41,101,Corrective,13,1050,No
L52978,5,40,100,Corrective,13,1050,No
L52979,5,39,99,Corrective,13,1050,No
L52980,5,38,98,Corrective,13,1050,No
L52981,5,37,97,Corrective,13,1050,No
L52982,5,36,96,Corrective,14,1050,No
L52983,5,35,95,Corrective,14,1050,No
L52984,5,34,94,Corrective,14,1050,No
M20665,5,33,93,Corrective,14,1350,No
L52986,6,32,92,Corrective,14,1200,No
M20667,6,31,91,Corrective,14,1500,No
L52988,6,29,89,Corrective,15,1200,No
H35223,6,28,88,Corrective,15,1900,No
L52990,6,26,86,Corrective,15,1200,No
L52991,6,25,85,Corrective,15,1200,No
L52992,6,24,84,Corrective,16,1200,No
L52993,6,23,83,Corrective,16,1200,No
M20674,6,22,82,Corrective,16,1500,No
L52995,6,20,80,Corrective,16,1200,No
L52996,6,19,79,Corrective,16,1200,No
L52997,6,18,78,Corrective,17,1200,No
L52998,6,17,77,Corrective,17,1200,No
L52999,6,16,76,Corrective,17,1200,No
L53000,7,15,75,Corrective,17,1350,No
L53001,7,14,74,Corrective,17,1350,No
M20682,7,13,73,Corrective,17,1650,No
L53003,7,12,72,Corrective,18,1350,No
L53004,7,11,71,Corrective,18,1350,No
L53005,7,10,70,Corrective,18,1350,No
M20686,7,9,69,Corrective,18,1650,No
L53007,1,120,180,Preventive,0,450,No
L53008,1,119,179,Preventive,0,450,No
M20689,1,118,178,Preventive,0,750,No
M20690,1,117,177,Preventive,0,750,No
L53011,1,115,175,Preventive,0,450,No
L53012,1,114,174,Preventive,1,450,No
L53013,1,113,173,Preventive,1,450,No
L53014,1,112,172,Preventive,1,450,No
L53015,1,111,171,Preventive,1,450,No
L53016,1,110,170,Preventive,1,450,No
M20697,1,109,169,Preventive,1,750,No
M20698,1,108,168,Preventive,2,750,No
M20699,1,106,166,Preventive,2,750,No
M20700,1,105,165,Preventive,2,750,No
M20701,1,103,163,Preventive,2,750,No
L53022,2,102,162,Preventive,3,600,No
L53023,2,101,161,Preventive,3,600,No
L53024,2,100,160,Preventive,3,600,No
M20705,2,99,159,Preventive,3,900,No
L53026,2,97,157,Preventive,3,600,No
L53027,2,96,156,Preventive,4,600,No
L53028,2,95,155,Preventive,4,600,No
M20709,2,94,154,Preventive,4,900,No
L53030,2,93,153,Preventive,4,600,No
L53031,2,92,152,Preventive,4,600,No
H35266,2,91,151,Preventive,4,1300,No
L53033,2,88,148,Preventive,5,600,No
L53034,2,87,147,Preventive,5,600,No
M20715,2,86,146,Preventive,5,900,No
H35270,3,85,145,Preventive,5,1450,No
L53037,3,82,142,Preventive,6,750,No
L53038,3,81,141,Preventive,6,750,No
L53039,3,80,140,Preventive,6,750,No
L53040,3,79,139,Preventive,6,750,No
L53041,3,78,138,Preventive,7,750,No
L53042,3,77,137,Preventive,7,750,No
M20723,3,76,136,Preventive,7,1050,No
M20724,3,75,135,Preventive,7,1050,No
M20725,3,73,133,Preventive,7,1050,No
L53046,3,72,132,Preventive,8,750,No
L53047,3,71,131,Preventive,8,750,No
L53048,3,70,130,Preventive,8,750,No
L53049,3,69,129,Preventive,8,750,No
L53050,4,68,128,Preventive,8,900,No
L53051,4,67,127,Preventive,8,900,No
M20732,4,66,126,Preventive,9,1200,No
M20733,4,64,124,Preventive,9,1200,No
M20734,4,63,123,Preventive,9,1200,No
M20735,4,61,121,Preventive,9,1200,No
L53056,4,60,120,Corrective,10,900,No
L53057,4,59,119,Corrective,10,900,No
L53058,4,58,118,Corrective,10,900,No
L53059,4,57,117,Corrective,10,900,No
L53060,4,56,116,Corrective,10,900,No
L53061,4,55,115,Corrective,10,900,No
L53062,4,54,114,Corrective,11,900,No
L53063,4,53,113,Corrective,11,900,No
M20744,4,52,112,Corrective,11,1200,No
L53065,5,50,110,Corrective,11,1050,No
L53066,5,49,109,Corrective,11,1050,No
H35301,5,48,108,Corrective,12,1750,No
M20748,5,46,106,Corrective,12,1350,No
M20749,5,44,104,Corrective,12,1350,No
L53070,5,43,103,Corrective,12,1050,No
L53071,5,42,102,Corrective,13,1050,No
L53072,5,41,101,Corrective,13,1050,No
M20753,5,40,100,Corrective,13,1350,No
L53074,5,38,98,Corrective,13,1050,No
M20755,5,37,97,Corrective,13,1350,No
L53076,5,36,96,Corrective,14,1050,No
M20757,5,35,95,Corrective,14,1350,No
L53078,5,33,93,Corrective,14,1050,No
H35313,6,32,92,Corrective,14,1900,No
M20760,6,30,90,Corrective,15,1500,No
L53081,6,28,88,Corrective,15,1200,No
L53082,6,27,87,Corrective,15,1200,No
L53083,6,26,86,Corrective,15,1200,No
M20764,6,25,85,Corrective,15,1500,No
H35319,6,24,84,Corrective,16,1900,No
L53086,6,21,81,Corrective,16,1200,No
H35321,6,20,80,Corrective,16,1900,No
M20768,6,18,78,Corrective,17,1500,No
H35323,8,16,76,Emergency,41,2200,Yes
M20770,1,120,180,Preventive,0,750,No
M20771,1,119,179,Preventive,0,750,No
M20772,1,117,177,Preventive,0,750,No
H35327,1,116,176,Preventive,0,1150,No
L53094,1,113,173,Preventive,1,450,No
M20775,1,112,172,Preventive,1,750,No
L53096,1,111,171,Preventive,1,450,No
L53097,1,110,170,Preventive,1,450,No
L53098,1,109,169,Preventive,1,450,No
L53099,1,108,168,Preventive,2,450,No
L53100,1,107,167,Preventive,2,450,No
L53101,1,106,166,Preventive,2,450,No
L53102,1,105,165,Preventive,2,450,No
M20783,1,104,164,Preventive,2,750,No
L53104,2,102,162,Preventive,3,600,No
M20785,2,101,161,Preventive,3,900,No
L53106,2,100,160,Preventive,3,600,No
L53107,2,99,159,Preventive,3,600,No
M20788,2,98,158,Preventive,3,900,No
L53109,2,96,156,Preventive,4,600,No
L53110,2,95,155,Preventive,4,600,No
L53111,2,94,154,Preventive,4,600,No
L53112,2,93,153,Preventive,4,600,No
L53113,2,92,152,Preventive,4,600,No
H35348,2,91,151,Preventive,4,1300,No
L53115,2,89,149,Preventive,5,600,No
M20796,2,88,148,Preventive,5,900,No
M20797,2,86,146,Preventive,5,900,No
L53118,3,85,145,Preventive,5,750,No
L53119,3,84,144,Preventive,6,750,No
M20800,3,83,143,Preventive,6,1050,No
L53121,5,81,141,Emergency,30,1050,Yes
L53122,3,80,140,Preventive,6,750,No
L53123,3,79,139,Preventive,6,750,No
M20804,3,78,138,Preventive,7,1050,No
M20805,3,77,137,Preventive,7,1050,No
L53126,3,75,135,Preventive,7,750,No
M20807,3,74,134,Preventive,7,1050,No
L53128,3,73,133,Preventive,7,750,No
M20809,3,72,132,Preventive,8,1050,No
L53130,3,70,130,Preventive,8,750,No
L53131,3,69,129,Preventive,8,750,No
L53132,3,68,128,Preventive,8,750,No
M20813,4,67,127,Preventive,8,1200,No
L53134,4,66,126,Preventive,9,900,No
L53135,4,65,125,Preventive,9,900,No
L53136,4,64,124,Preventive,9,900,No
L53137,4,63,123,Preventive,9,900,No
L53138,4,62,122,Preventive,9,900,No
L53139,4,61,121,Preventive,9,900,No
L53140,4,60,120,Corrective,10,900,No
L53141,4,59,119,Corrective,10,900,No
L53142,4,58,118,Corrective,10,900,No
H35377,4,57,117,Corrective,10,1600,No
H35378,4,54,114,Corrective,11,1600,No
H35379,4,52,112,Corrective,11,1600,No
L53146,5,49,109,Corrective,11,1050,No
L53147,5,48,108,Corrective,12,1050,No
L53148,5,47,107,Corrective,12,1050,No
M20829,5,46,106,Corrective,12,1350,No
L53150,5,45,105,Corrective,12,1050,No
L53151,5,44,104,Corrective,12,1050,No
L53152,5,43,103,Corrective,12,1050,No
L53153,5,42,102,Corrective,13,1050,No
L53154,5,41,101,Corrective,13,1050,No
H35389,5,40,100,Corrective,13,1750,No
H35390,5,37,97,Corrective,13,1750,No
L53157,5,35,95,Corrective,14,1050,No
L53158,5,34,94,Corrective,14,1050,No
H35393,6,33,93,Corrective,14,1900,No
M20840,6,30,90,Corrective,15,1500,No
M20841,6,29,89,Corrective,15,1500,No
L53162,6,27,87,Corrective,15,1200,No
H35397,6,26,86,Corrective,15,1900,No
H35398,6,24,84,Corrective,16,1900,No
L53165,6,21,81,Corrective,16,1200,No
L53166,6,20,80,Corrective,16,1200,No
L53167,6,19,79,Corrective,16,1200,No
H35402,6,18,78,Corrective,17,1900,No
L53169,6,16,76,Corrective,17,1200,No
M20850,7,15,75,Corrective,17,1650,No
L53171,7,13,73,Corrective,17,1350,No
L53172,7,12,72,Corrective,18,1350,No
M20853,7,11,71,Corrective,18,1650,No
L53174,7,10,70,Corrective,18,1350,No
L53175,7,9,69,Corrective,18,1350,No
M20856,7,8,68,Corrective,18,1650,No
M20857,7,6,66,Corrective,19,1650,No
M20858,7,5,65,Corrective,19,1650,No
M20859,9,5,63,Emergency,43,1950,Yes
H35414,1,120,180,Preventive,0,1150,No
M20861,1,118,178,Preventive,0,750,No
L53182,1,116,176,Preventive,0,450,No
L53183,1,115,175,Preventive,0,450,No
L53184,1,114,174,Preventive,1,450,No
L53185,1,113,173,Preventive,1,450,No
M20866,1,112,172,Preventive,1,750,No
M20867,1,111,171,Preventive,1,750,No
L53188,1,109,169,Preventive,1,450,No
L53189,1,108,168,Preventive,2,450,No
H35424,1,107,167,Preventive,2,1150,No
L53191,1,105,165,Preventive,2,450,No
H35426,1,104,164,Preventive,2,1150,No
L53193,2,101,161,Preventive,3,600,No
H35428,2,100,160,Preventive,3,1300,No
M20875,2,98,158,Preventive,3,900,No
L53196,2,96,156,Preventive,4,600,No
L53197,2,95,155,Preventive,4,600,No
M20878,2,94,154,Preventive,4,900,No
L53199,2,93,153,Preventive,4,600,No
L53200,2,92,152,Preventive,4,600,No
L53201,2,91,151,Preventive,4,600,No
L53202,2,90,150,Preventive,5,600,No
M20883,2,89,149,Preventive,5,900,No
L53204,4,87,147,Emergency,29,900,Yes
L53205,2,86,146,Preventive,5,600,No
L53206,3,85,145,Preventive,5,750,No
M20887,3,84,144,Preventive,6,1050,No
L53208,3,83,143,Preventive,6,750,No
M20889,3,82,142,Preventive,6,1050,No
L53210,3,80,140,Preventive,6,750,No
L53211,3,79,139,Preventive,6,750,No
L53212,3,78,138,Preventive,7,750,No
L53213,3,77,137,Preventive,7,750,No
M20894,3,76,136,Preventive,7,1050,No
M20895,3,75,135,Preventive,7,1050,No
M20896,3,73,133,Preventive,7,1050,No
L53217,3,72,132,Preventive,8,750,No
L53218,3,71,131,Preventive,8,750,No
L53219,3,70,130,Preventive,8,750,No
M20900,3,69,129,Preventive,8,1050,No
M20901,4,67,127,Preventive,8,1200,No
M20902,4,66,126,Preventive,9,1200,No
M20903,4,64,124,Preventive,9,1200,No
M20904,4,63,123,Preventive,9,1200,No
L53225,4,61,121,Preventive,9,900,No
L53226,4,60,120,Corrective,10,900,No
H35461,4,59,119,Corrective,10,1600,No
M20908,4,57,117,Corrective,10,1200,No
M20909,4,55,115,Corrective,10,1200,No
M20910,4,54,114,Corrective,11,1200,No
L53231,4,52,112,Corrective,11,900,No
L53232,4,51,111,Corrective,11,900,No
L53233,5,50,110,Corrective,11,1050,No
H35468,5,49,109,Corrective,11,1750,No
L53235,5,47,107,Corrective,12,1050,No
L53236,5,46,106,Corrective,12,1050,No
L53237,5,45,105,Corrective,12,1050,No
M20918,5,44,104,Corrective,12,1350,No
L53239,5,42,102,Corrective,13,1050,No
L53240,5,41,101,Corrective,13,1050,No
H35475,5,40,100,Corrective,13,1750,No
M20922,5,38,98,Corrective,13,1350,No
L53243,5,36,96,Corrective,14,1050,No
L53244,5,35,95,Corrective,14,1050,No
L53245,5,34,94,Corrective,14,1050,No
L53246,5,33,93,Corrective,14,1050,No
L53247,6,32,92,Corrective,14,1200,No
M20928,6,31,91,Corrective,14,1500,No
L53249,6,30,90,Corrective,15,1200,No
L53250,6,29,89,Corrective,15,1200,No
M20931,6,28,88,Corrective,15,1500,No
M20932,6,26,86,Corrective,15,1500,No
M20933,6,25,85,Corrective,15,1500,No
M20934,6,23,83,Corrective,16,1500,No
L53255,6,22,82,Corrective,16,1200,No
L53256,6,21,81,Corrective,16,1200,No
L53257,6,20,80,Corrective,16,1200,No
L53258,8,19,79,Emergency,40,1500,Yes
M20939,6,18,78,Corrective,17,1500,No
L53260,6,16,76,Corrective,17,1200,No
L53261,7,15,75,Corrective,17,1350,No
L53262,7,14,74,Corrective,17,1350,No
L53263,7,13,73,Corrective,17,1350,No
M20944,1,120,180,Preventive,0,750,No
L53265,1,119,179,Preventive,0,450,No
L53266,1,118,178,Preventive,0,450,No
M20947,1,117,177,Preventive,0,750,No
L53268,1,115,175,Preventive,0,450,No
L53269,1,114,174,Preventive,1,450,No
L53270,1,113,173,Preventive,1,450,No
L53271,1,112,172,Preventive,1,450,No
L53272,1,111,171,Preventive,1,450,No
L53273,1,110,170,Preventive,1,450,No
M20954,1,109,169,Preventive,1,750,No
M20955,1,108,168,Preventive,2,750,No
M20956,1,106,166,Preventive,2,750,No
H35511,1,105,165,Preventive,2,1150,No
M20958,2,102,162,Preventive,3,900,No
H35513,2,101,161,Preventive,3,1300,No
M20960,2,98,158,Preventive,3,900,No
L53281,2,97,157,Preventive,3,600,No
L53282,2,96,156,Preventive,4,600,No
L53283,2,95,155,Preventive,4,600,No
M20964,2,94,154,Preventive,4,900,No
M20965,2,92,152,Preventive,4,900,No
L53286,2,91,151,Preventive,4,600,No
L53287,2,90,150,Preventive,5,600,No
M20968,2,89,149,Preventive,5,900,No
M20969,2,87,147,Preventive,5,900,No
L53290,2,86,146,Preventive,5,600,No
M20971,3,85,145,Preventive,5,1050,No
L53292,3,83,143,Preventive,6,750,No
M20973,3,82,142,Preventive,6,1050,No
M20974,3,81,141,Preventive,6,1050,No
L53295,3,79,139,Preventive,6,750,No
L53296,3,78,138,Preventive,7,750,No
L53297,3,77,137,Preventive,7,750,No
M20978,3,76,136,Preventive,7,1050,No
L53299,3,75,135,Preventive,7,750,No
M20980,3,74,134,Preventive,7,1050,No
L53301,3,72,132,Preventive,8,750,No
L53302,3,71,131,Preventive,8,750,No
L53303,3,70,130,Preventive,8,750,No
M20984,3,69,129,Preventive,8,1050,No
L53305,4,68,128,Preventive,8,900,No
L53306,4,67,127,Preventive,8,900,No
L53307,4,66,126,Preventive,9,900,No
L53308,4,65,125,Preventive,9,900,No
M20989,4,64,124,Preventive,9,1200,No
L53310,4,62,122,Preventive,9,900,No
H35545,4,61,121,Preventive,9,1600,No
L53312,4,59,119,Corrective,10,900,No
L53313,4,58,118,Corrective,10,900,No
L53314,4,57,117,Corrective,10,900,No
L53315,4,56,116,Corrective,10,900,No
H35550,4,55,115,Corrective,10,1600,No
M20997,4,52,112,Corrective,11,1200,No
M20998,4,51,111,Corrective,11,1200,No
L53319,5,49,109,Corrective,11,1050,No
L53320,5,48,108,Corrective,12,1050,No
L53321,5,47,107,Corrective,12,1050,No
L53322,5,46,106,Corrective,12,1050,No
M21003,5,45,105,Corrective,12,1350,No
M21004,5,44,104,Corrective,12,1350,No
M21005,5,42,102,Corrective,13,1350,No
M21006,5,41,101,Corrective,13,1350,No
M21007,5,39,99,Corrective,13,1350,No
L53328,5,38,98,Corrective,13,1050,No
M21009,5,37,97,Corrective,13,1350,No
L53330,5,35,95,Corrective,14,1050,No
L53331,5,34,94,Corrective,14,1050,No
M21012,5,33,93,Corrective,14,1350,No
L53333,8,32,92,Emergency,38,1500,Yes
M21014,6,31,91,Corrective,14,1500,No
L53335,6,29,89,Corrective,15,1200,No
L53336,6,28,88,Corrective,15,1200,No
L53337,6,27,87,Corrective,15,1200,No
L53338,6,26,86,Corrective,15,1200,No
L53339,8,25,85,Emergency,39,1500,Yes
L53340,6,24,84,Corrective,16,1200,No
L53341,6,23,83,Corrective,16,1200,No
L53342,6,22,82,Corrective,16,1200,No
L53343,6,21,81,Corrective,16,1200,No
H35578,6,20,80,Corrective,16,1900,No
L53345,6,18,78,Corrective,17,1200,No
H35580,6,17,77,Corrective,17,1900,No
M21027,7,14,74,Corrective,17,1650,No
M21028,7,13,73,Corrective,17,1650,No
L53349,7,11,71,Corrective,18,1350,No
H35584,7,10,70,Corrective,18,2050,No
L53351,7,8,68,Corrective,18,1350,No
L53352,9,7,67,Emergency,42,1650,Yes
L53353,1,120,180,Preventive,0,450,No
L53354,1,119,179,Preventive,0,450,No
L53355,1,118,178,Preventive,0,450,No
L53356,1,117,177,Preventive,0,450,No
L53357,1,116,176,Preventive,0,450,No
L53358,3,115,175,Emergency,24,750,Yes
M21039,1,114,174,Preventive,1,750,No
L53360,1,113,173,Preventive,1,450,No
L53361,1,112,172,Preventive,1,450,No
L53362,1,111,171,Preventive,1,450,No
H35597,1,110,170,Preventive,1,1150,No
L53364,1,107,167,Preventive,2,450,No
L53365,1,106,166,Preventive,2,450,No
M21046,1,105,165,Preventive,2,750,No
L53367,1,104,164,Preventive,2,450,No
L53368,2,103,163,Preventive,2,600,No
M21049,2,102,162,Preventive,3,900,No
L53370,2,100,160,Preventive,3,600,No
H35605,2,99,159,Preventive,3,1300,No
L53372,2,97,157,Preventive,3,600,No
L53373,2,96,156,Preventive,4,600,No
L53374,2,95,155,Preventive,4,600,No
L53375,2,94,154,Preventive,4,600,No
L53376,2,93,153,Preventive,4,600,No
L53377,2,92,152,Preventive,4,600,No
M21058,2,91,151,Preventive,4,900,No
L53379,2,89,149,Preventive,5,600,No
L53380,2,88,148,Preventive,5,600,No
M21061,2,87,147,Preventive,5,900,No
L53382,2,86,146,Preventive,5,600,No
L53383,3,85,145,Preventive,5,750,No
M21064,3,84,144,Preventive,6,1050,No
M21065,3,82,142,Preventive,6,1050,No
M21066,3,81,141,Preventive,6,1050,No
L53387,3,79,139,Preventive,6,750,No
M21068,3,78,138,Preventive,7,1050,No
L53389,3,77,137,Preventive,7,750,No
L53390,3,76,136,Preventive,7,750,No
L53391,3,75,135,Preventive,7,750,No
L53392,3,74,134,Preventive,7,750,No
L53393,3,73,133,Preventive,7,750,No
L53394,3,72,132,Preventive,8,750,No
L53395,3,71,131,Preventive,8,750,No
L53396,3,70,130,Preventive,8,750,No
M21077,3,69,129,Preventive,8,1050,No
H35632,4,67,127,Preventive,8,1600,No
H35633,4,65,125,Preventive,9,1600,No
L53400,4,62,122,Preventive,9,900,No
M21081,4,61,121,Preventive,9,1200,No
H35636,4,60,120,Corrective,10,1600,No
M21083,4,57,117,Corrective,10,1200,No
L53404,4,56,116,Corrective,10,900,No
M21085,4,55,115,Corrective,10,1200,No
H35640,4,53,113,Corrective,11,1600,No
L53407,4,51,111,Corrective,11,900,No
L53408,5,50,110,Corrective,11,1050,No
L53409,5,49,109,Corrective,11,1050,No
M21090,5,48,108,Corrective,12,1350,No
M21091,5,46,106,Corrective,12,1350,No
L53412,5,45,105,Corrective,12,1050,No
L53413,5,44,104,Corrective,12,1050,No
L53414,5,43,103,Corrective,12,1050,No
L53415,5,42,102,Corrective,13,1050,No
M21096,5,41,101,Corrective,13,1350,No
L53417,5,39,99,Corrective,13,1050,No
L53418,5,38,98,Corrective,13,1050,No
L53419,5,37,97,Corrective,13,1050,No
M21100,5,36,96,Corrective,14,1350,No
L53421,5,35,95,Corrective,14,1050,No
L53422,5,34,94,Corrective,14,1050,No
L53423,6,33,93,Corrective,14,1200,No
M21104,6,32,92,Corrective,14,1500,No
L53425,6,30,90,Corrective,15,1200,No
H35660,6,29,89,Corrective,15,1900,No
L53427,6,27,87,Corrective,15,1200,No
L53428,8,26,86,Emergency,39,1500,Yes
L53429,6,25,85,Corrective,15,1200,No
L53430,6,24,84,Corrective,16,1200,No
M21111,6,23,83,Corrective,16,1500,No
L53432,6,21,81,Corrective,16,1200,No
L53433,6,20,80,Corrective,16,1200,No
L53434,6,19,79,Corrective,16,1200,No
L53435,8,18,78,Emergency,41,1500,Yes
L53436,8,17,77,Emergency,41,1500,Yes
L53437,1,120,180,Preventive,0,450,No
M21118,1,119,179,Preventive,0,750,No
M21119,1,118,178,Preventive,0,750,No
L53440,1,116,176,Preventive,0,450,No
L53441,1,115,175,Preventive,0,450,No
L53442,1,114,174,Preventive,1,450,No
M21123,1,113,173,Preventive,1,750,No
L53444,1,112,172,Preventive,1,450,No
L53445,1,111,171,Preventive,1,450,No
L53446,1,110,170,Preventive,1,450,No
L53447,1,109,169,Preventive,1,450,No
L53448,1,108,168,Preventive,2,450,No
M21129,1,107,167,Preventive,2,750,No
L53450,1,105,165,Preventive,2,450,No
M21131,1,104,164,Preventive,2,750,No
M21132,2,103,163,Preventive,2,900,No
L53453,2,101,161,Preventive,3,600,No
M21134,2,100,160,Preventive,3,900,No
L53455,2,99,159,Preventive,3,600,No
L53456,2,98,158,Preventive,3,600,No
L53457,2,97,157,Preventive,3,600,No
L53458,2,96,156,Preventive,4,600,No
L53459,2,95,155,Preventive,4,600,No
M21140,2,94,154,Preventive,4,900,No
M21141,2,92,152,Preventive,4,900,No
M21142,2,91,151,Preventive,4,900,No
L53463,2,89,149,Preventive,5,600,No
M21144,2,88,148,Preventive,5,900,No
M21145,2,87,147,Preventive,5,900,No
L53466,3,85,145,Preventive,5,750,No
M21147,3,84,144,Preventive,6,1050,No
L53468,3,83,143,Preventive,6,750,No
L53469,3,82,142,Preventive,6,750,No
L53470,3,81,141,Preventive,6,750,No
M21151,3,80,140,Preventive,6,1050,No
L53472,3,78,138,Preventive,7,750,No
H35707,3,77,137,Preventive,7,1450,No
L53474,3,75,135,Preventive,7,750,No
H35709,3,74,134,Preventive,7,1450,No
L53476,3,71,131,Preventive,8,750,No
M21157,3,70,130,Preventive,8,1050,No
L53478,3,69,129,Preventive,8,750,No
L53479,4,68,128,Preventive,8,900,No
L53480,4,67,127,Preventive,8,900,No
M21161,4,66,126,Preventive,9,1200,No
L53482,4,64,124,Preventive,9,900,No
H35717,4,63,123,Preventive,9,1600,No
L53484,4,61,121,Preventive,9,900,No
M21165,4,60,120,Corrective,10,1200,No
L53486,4,58,118,Corrective,10,900,No
L53487,4,57,117,Corrective,10,900,No
M21168,4,56,116,Corrective,10,1200,No
L53489,4,55,115,Corrective,10,900,No
L53490,4,54,114,Corrective,11,900,No
L53491,4,53,113,Corrective,11,900,No
M21172,4,52,112,Corrective,11,1200,No
L53493,5,50,110,Corrective,11,1050,No
M21174,5,49,109,Corrective,11,1350,No
M21175,5,48,108,Corrective,12,1350,No
L53496,5,46,106,Corrective,12,1050,No
L53497,5,45,105,Corrective,12,1050,No
M21178,5,44,104,Corrective,12,1350,No
L53499,5,43,103,Corrective,12,1050,No
M21180,5,42,102,Corrective,13,1350,No
L53501,5,40,100,Corrective,13,1050,No
M21182,5,39,99,Corrective,13,1350,No
L53503,5,38,98,Corrective,13,1050,No
M21184,5,37,97,Corrective,13,1350,No
L53505,5,35,95,Corrective,14,1050,No
L53506,5,34,94,Corrective,14,1050,No
L53507,5,33,93,Corrective,14,1050,No
L53508,6,32,92,Corrective,14,1200,No
M21189,6,31,91,Corrective,14,1500,No
M21190,6,30,90,Corrective,15,1500,No
H35745,6,28,88,Corrective,15,1900,No
M21192,6,26,86,Corrective,15,1500,No
M21193,6,24,84,Corrective,16,1500,No
M21194,6,23,83,Corrective,16,1500,No
M21195,6,21,81,Corrective,16,1500,No
L53516,6,20,80,Corrective,16,1200,No
M21197,6,19,79,Corrective,16,1500,No
L53518,6,17,77,Corrective,17,1200,No
L53519,6,16,76,Corrective,17,1200,No
H35754,9,15,75,Emergency,41,2350,Yes
M21201,1,120,180,Preventive,0,750,No
M21202,1,119,179,Preventive,0,750,No
L53523,1,117,177,Preventive,0,450,No
H35758,1,116,176,Preventive,0,1150,No
L53525,1,114,174,Preventive,1,450,No
L53526,1,113,173,Preventive,1,450,No
L53527,1,112,172,Preventive,1,450,No
L53528,1,111,171,Preventive,1,450,No
L53529,1,110,170,Preventive,1,450,No
L53530,1,109,169,Preventive,1,450,No
L53531,1,108,168,Preventive,2,450,No
L53532,1,107,167,Preventive,2,450,No
M21213,1,106,166,Preventive,2,750,No
L53534,1,104,164,Preventive,2,450,No
L53535,1,103,163,Preventive,2,450,No
M21216,2,102,162,Preventive,3,900,No
L53537,2,101,161,Preventive,3,600,No
M21218,2,100,160,Preventive,3,900,No
L53539,2,98,158,Preventive,3,600,No
L53540,2,97,157,Preventive,3,600,No
M21221,2,96,156,Preventive,4,900,No
L53542,2,95,155,Preventive,4,600,No
M21223,2,94,154,Preventive,4,900,No
M21224,2,92,152,Preventive,4,900,No
M21225,2,91,151,Preventive,4,900,No
M21226,2,89,149,Preventive,5,900,No
L53547,2,88,148,Preventive,5,600,No
M21228,2,87,147,Preventive,5,900,No
H35783,3,85,145,Preventive,5,1450,No
L53550,3,83,143,Preventive,6,750,No
L53551,3,82,142,Preventive,6,750,No
M21232,3,81,141,Preventive,6,1050,No
H35787,3,79,139,Preventive,6,1450,No
L53554,3,77,137,Preventive,7,750,No
H35789,3,76,136,Preventive,7,1450,No
L53556,3,73,133,Preventive,7,750,No
L53557,3,72,132,Preventive,8,750,No
L53558,3,71,131,Preventive,8,750,No
L53559,3,70,130,Preventive,8,750,No
L53560,3,69,129,Preventive,8,750,No
L53561,3,68,128,Preventive,8,750,No
L53562,4,67,127,Preventive,8,900,No
H35797,4,66,126,Preventive,9,1600,No
H35798,4,64,124,Preventive,9,1600,No
L53565,4,61,121,Preventive,9,900,No
L53566,4,60,120,Corrective,10,900,No
M21247,4,59,119,Corrective,10,1200,No
H35802,4,58,118,Corrective,10,1600,No
H35803,4,55,115,Corrective,10,1600,No
L53570,4,53,113,Corrective,11,900,No
M21251,4,52,112,Corrective,11,1200,No
L53572,5,50,110,Corrective,11,1050,No
L53573,5,49,109,Corrective,11,1050,No
M21254,5,48,108,Corrective,12,1350,No
M21255,5,47,107,Corrective,12,1350,No
L53576,5,45,105,Corrective,12,1050,No
M21257,5,44,104,Corrective,12,1350,No
L53578,5,43,103,Corrective,12,1050,No
M21259,5,42,102,Corrective,13,1350,No
L53580,5,40,100,Corrective,13,1050,No
M21261,5,39,99,Corrective,13,1350,No
M21262,5,38,98,Corrective,13,1350,No
L53583,5,36,96,Corrective,14,1050,No
M21264,5,35,95,Corrective,14,1350,No
L53585,5,34,94,Corrective,14,1050,No
L53586,6,33,93,Corrective,14,1200,No
M21267,6,32,92,Corrective,14,1500,No
L53588,6,30,90,Corrective,15,1200,No
L53589,6,29,89,Corrective,15,1200,No
L53590,6,28,88,Corrective,15,1200,No
M21271,6,27,87,Corrective,15,1500,No
L53592,6,26,86,Corrective,15,1200,No
L53593,6,25,85,Corrective,15,1200,No
M21274,6,24,84,Corrective,16,1500,No
L53595,6,22,82,Corrective,16,1200,No
H35830,6,21,81,Corrective,16,1900,No
L53597,6,19,79,Corrective,16,1200,No
H35832,6,18,78,Corrective,17,1900,No
H35833,9,15,75,Emergency,41,2350,Yes
L53600,1,120,180,Preventive,0,450,No
L53601,1,119,179,Preventive,0,450,No
L53602,1,118,178,Preventive,0,450,No
M21283,1,117,177,Preventive,0,750,No
M21284,1,116,176,Preventive,0,750,No
L53605,1,114,174,Preventive,1,450,No
L53606,1,113,173,Preventive,1,450,No
L53607,1,112,172,Preventive,1,450,No
M21288,1,111,171,Preventive,1,750,No
M21289,1,110,170,Preventive,1,750,No
L53610,1,108,168,Preventive,2,450,No
L53611,1,107,167,Preventive,2,450,No
M21292,1,106,166,Preventive,2,750,No
L53613,1,105,165,Preventive,2,450,No
M21294,1,104,164,Preventive,2,750,No
L53615,2,102,162,Preventive,3,600,No
L53616,2,101,161,Preventive,3,600,No
L53617,2,100,160,Preventive,3,600,No
L53618,2,99,159,Preventive,3,600,No
L53619,2,98,158,Preventive,3,600,No
L53620,2,97,157,Preventive,3,600,No
L53621,2,96,156,Preventive,4,600,No
L53622,2,95,155,Preventive,4,600,No
L53623,2,94,154,Preventive,4,600,No
M21304,2,93,153,Preventive,4,900,No
L53625,2,92,152,Preventive,4,600,No
M21306,2,91,151,Preventive,4,900,No
L53627,2,89,149,Preventive,5,600,No
H35862,2,88,148,Preventive,5,1300,No
L53629,2,86,146,Preventive,5,600,No
L53630,3,85,145,Preventive,5,750,No
L53631,3,84,144,Preventive,6,750,No
L53632,3,83,143,Preventive,6,750,No
L53633,3,82,142,Preventive,6,750,No
L53634,3,81,141,Preventive,6,750,No
L53635,3,80,140,Preventive,6,750,No
L53636,3,79,139,Preventive,6,750,No
L53637,3,78,138,Preventive,7,750,No
M21318,3,77,137,Preventive,7,1050,No
M21319,3,75,135,Preventive,7,1050,No
L53640,3,74,134,Preventive,7,750,No
L53641,3,73,133,Preventive,7,750,No
H35876,3,72,132,Preventive,8,1450,No
H35877,3,69,129,Preventive,8,1450,No
M21324,4,67,127,Preventive,8,1200,No
M21325,4,65,125,Preventive,9,1200,No
L53646,4,64,124,Preventive,9,900,No
L53647,4,63,123,Preventive,9,900,No
L53648,4,62,122,Preventive,9,900,No
M21329,4,61,121,Preventive,9,1200,No
L53650,4,59,119,Corrective,10,900,No
L53651,4,58,118,Corrective,10,900,No
H35886,4,57,117,Corrective,10,1600,No
H35887,4,55,115,Corrective,10,1600,No
M21334,4,52,112,Corrective,11,1200,No
L53655,4,51,111,Corrective,11,900,No
L53656,5,50,110,Corrective,11,1050,No
L53657,5,49,109,Corrective,11,1050,No
L53658,7,48,108,Emergency,36,1350,Yes
L53659,5,47,107,Corrective,12,1050,No
L53660,5,46,106,Corrective,12,1050,No
L53661,5,45,105,Corrective,12,1050,No
L53662,5,44,104,Corrective,12,1050,No
L53663,5,43,103,Corrective,12,1050,No
H35898,5,42,102,Corrective,13,1750,No
L53665,5,39,99,Corrective,13,1050,No
L53666,5,38,98,Corrective,13,1050,No
H35901,5,37,97,Corrective,13,1750,No
L53668,5,35,95,Corrective,14,1050,No
M21349,5,34,94,Corrective,14,1350,No
L53670,6,32,92,Corrective,14,1200,No
L53671,6,31,91,Corrective,14,1200,No
M21352,6,30,90,Corrective,15,1500,No
L53673,6,29,89,Corrective,15,1200,No
L53674,6,28,88,Corrective,15,1200,No
M21355,6,27,87,Corrective,15,1500,No
L53676,6,25,85,Corrective,15,1200,No
L53677,8,24,84,Emergency,40,1500,Yes
H35912,6,23,83,Corrective,16,1900,No
L53679,6,21,81,Corrective,16,1200,No
M21360,6,20,80,Corrective,16,1500,No
M21361,6,18,78,Corrective,17,1500,No
L53682,6,17,77,Corrective,17,1200,No
M21363,6,16,76,Corrective,17,1500,No
M21364,7,14,74,Corrective,17,1650,No
L53685,7,13,73,Corrective,17,1350,No
H35920,7,12,72,Corrective,18,2050,No
L53687,1,120,180,Preventive,0,450,No
H35922,1,119,179,Preventive,0,1150,No
L53689,1,117,177,Preventive,0,450,No
L53690,1,116,176,Preventive,0,450,No
M21371,1,115,175,Preventive,0,750,No
M21372,1,113,173,Preventive,1,750,No
L53693,1,112,172,Preventive,1,450,No
L53694,1,111,171,Preventive,1,450,No
L53695,1,110,170,Preventive,1,450,No
H35930,1,109,169,Preventive,1,1150,No
L53697,1,106,166,Preventive,2,450,No
H35932,1,105,165,Preventive,2,1150,No
L53699,2,103,163,Preventive,2,600,No
M21380,2,102,162,Preventive,3,900,No
L53701,2,100,160,Preventive,3,600,No
L53702,2,99,159,Preventive,3,600,No
M21383,2,98,158,Preventive,3,900,No
L53704,2,97,157,Preventive,3,600,No
L53705,4,96,156,Emergency,28,900,Yes
L53706,2,95,155,Preventive,4,600,No
L53707,2,94,154,Preventive,4,600,No
L53708,2,93,153,Preventive,4,600,No
L53709,2,92,152,Preventive,4,600,No
H35944,2,91,151,Preventive,4,1300,No
H35945,2,88,148,Preventive,5,1300,No
H35946,2,86,146,Preventive,5,1300,No
L53713,3,83,143,Preventive,6,750,No
L53714,3,82,142,Preventive,6,750,No
H35949,3,81,141,Preventive,6,1450,No
L53716,3,79,139,Preventive,6,750,No
M21397,3,78,138,Preventive,7,1050,No
L53718,3,76,136,Preventive,7,750,No
L53719,3,75,135,Preventive,7,750,No
M21400,5,74,134,Emergency,31,1350,Yes
L53721,3,73,133,Preventive,7,750,No
L53722,3,72,132,Preventive,8,750,No
L53723,3,71,131,Preventive,8,750,No
M21404,3,70,130,Preventive,8,1050,No
M21405,3,68,128,Preventive,8,1050,No
M21406,4,67,127,Preventive,8,1200,No
L53727,4,65,125,Preventive,9,900,No
L53728,4,64,124,Preventive,9,900,No
H35963,4,63,123,Preventive,9,1600,No
L53730,4,61,121,Preventive,9,900,No
L53731,4,60,120,Corrective,10,900,No
L53732,4,59,119,Corrective,10,900,No
L53733,4,58,118,Corrective,10,900,No
M21414,4,57,117,Corrective,10,1200,No
H35969,4,55,115,Corrective,10,1600,No
L53736,4,53,113,Corrective,11,900,No
M21417,4,52,112,Corrective,11,1200,No
M21418,5,50,110,Corrective,11,1350,No
H35973,5,49,109,Corrective,11,1750,No
L53740,5,46,106,Corrective,12,1050,No
L53741,5,45,105,Corrective,12,1050,No
M21422,5,44,104,Corrective,12,1350,No
L53743,5,43,103,Corrective,12,1050,No
L53744,5,42,102,Corrective,13,1050,No
L53745,5,41,101,Corrective,13,1050,No
L53746,5,40,100,Corrective,13,1050,No
M21427,5,39,99,Corrective,13,1350,No
L53748,5,37,97,Corrective,13,1050,No
M21429,5,36,96,Corrective,14,1350,No
L53750,5,35,95,Corrective,14,1050,No
M21431,5,34,94,Corrective,14,1350,No
L53752,6,32,92,Corrective,14,1200,No
M21433,6,31,91,Corrective,14,1500,No
L53754,6,30,90,Corrective,15,1200,No
M21435,6,29,89,Corrective,15,1500,No
L53756,6,27,87,Corrective,15,1200,No
L53757,6,26,86,Corrective,15,1200,No
L53758,6,25,85,Corrective,15,1200,No
L53759,6,24,84,Corrective,16,1200,No
L53760,6,23,83,Corrective,16,1200,No
L53761,6,22,82,Corrective,16,1200,No
L53762,6,21,81,Corrective,16,1200,No
M21443,6,20,80,Corrective,16,1500,No
L53764,6,19,79,Corrective,16,1200,No
M21445,6,18,78,Corrective,17,1500,No
L53766,6,16,76,Corrective,17,1200,No
M21447,7,15,75,Corrective,17,1650,No
L53768,7,14,74,Corrective,17,1350,No
M21449,1,120,180,Preventive,0,750,No
L53770,1,119,179,Preventive,0,450,No
L53771,1,118,178,Preventive,0,450,No
M21452,1,117,177,Preventive,0,750,No
L53773,1,115,175,Preventive,0,450,No
L53774,1,114,174,Preventive,1,450,No
M21455,1,113,173,Preventive,1,750,No
M21456,1,112,172,Preventive,1,750,No
L53777,1,110,170,Preventive,1,450,No
L53778,1,109,169,Preventive,1,450,No
L53779,1,108,168,Preventive,2,450,No
M21460,1,107,167,Preventive,2,750,No
M21461,1,106,166,Preventive,2,750,No
L53782,1,104,164,Preventive,2,450,No
M21463,1,103,163,Preventive,2,750,No
M21464,2,102,162,Preventive,3,900,No
M21465,2,100,160,Preventive,3,900,No
H36020,2,99,159,Preventive,3,1300,No
L53787,2,96,156,Preventive,4,600,No
M21468,2,95,155,Preventive,4,900,No
L53789,2,94,154,Preventive,4,600,No
L53790,2,93,153,Preventive,4,600,No
H36025,2,92,152,Preventive,4,1300,No
L53792,2,89,149,Preventive,5,600,No
L53793,2,88,148,Preventive,5,600,No
L53794,2,87,147,Preventive,5,600,No
L53795,2,86,146,Preventive,5,600,No
M21476,3,85,145,Preventive,5,1050,No
L53797,3,84,144,Preventive,6,750,No
M21478,5,83,143,Emergency,30,1350,Yes
M21479,3,81,141,Preventive,6,1050,No
M21480,3,80,140,Preventive,6,1050,No
M21481,3,78,138,Preventive,7,1050,No
L53802,3,77,137,Preventive,7,750,No
M21483,3,76,136,Preventive,7,1050,No
L53804,3,74,134,Preventive,7,750,No
M21485,3,73,133,Preventive,7,1050,No
L53806,3,72,132,Preventive,8,750,No
M21487,3,71,131,Preventive,8,1050,No
L53808,3,69,129,Preventive,8,750,No
L53809,3,68,128,Preventive,8,750,No
M21490,4,67,127,Preventive,8,1200,No
M21491,4,66,126,Preventive,9,1200,No
L53812,4,64,124,Preventive,9,900,No
M21493,4,63,123,Preventive,9,1200,No
L53814,4,62,122,Preventive,9,900,No
L53815,4,61,121,Preventive,9,900,No
M21496,4,60,120,Corrective,10,1200,No
H36051,4,58,118,Corrective,10,1600,No
L53818,4,56,116,Corrective,10,900,No
L53819,4,55,115,Corrective,10,900,No
L53820,4,54,114,Corrective,11,900,No
L53821,4,53,113,Corrective,11,900,No
L53822,4,52,112,Corrective,11,900,No
M21503,4,51,111,Corrective,11,1200,No
L53824,5,49,109,Corrective,11,1050,No
M21505,5,48,108,Corrective,12,1350,No
L53826,5,47,107,Corrective,12,1050,No
L53827,5,46,106,Corrective,12,1050,No
L53828,5,45,105,Corrective,12,1050,No
M21509,5,44,104,Corrective,12,1350,No
L53830,5,42,102,Corrective,13,1050,No
M21511,5,41,101,Corrective,13,1350,No
H36066,5,40,100,Corrective,13,1750,No
M21513,5,37,97,Corrective,13,1350,No
L53834,5,36,96,Corrective,14,1050,No
L53835,5,35,95,Corrective,14,1050,No
M21516,5,34,94,Corrective,14,1350,No
L53837,6,32,92,Corrective,14,1200,No
L53838,6,31,91,Corrective,14,1200,No
L53839,6,30,90,Corrective,15,1200,No
H36074,6,29,89,Corrective,15,1900,No
M21521,6,27,87,Corrective,15,1500,No
M21522,6,25,85,Corrective,15,1500,No
L53843,6,24,84,Corrective,16,1200,No
L53844,6,23,83,Corrective,16,1200,No
L53845,6,22,82,Corrective,16,1200,No
L53846,6,21,81,Corrective,16,1200,No
H36081,6,20,80,Corrective,16,1900,No
L53848,6,17,77,Corrective,17,1200,No
L53849,6,16,76,Corrective,17,1200,No
L53850,7,15,75,Corrective,17,1350,No
L53851,7,14,74,Corrective,17,1350,No
L53852,7,13,73,Corrective,17,1350,No
L53853,9,12,72,Emergency,42,1650,Yes
L53854,7,11,71,Corrective,18,1350,No
L53855,7,10,70,Corrective,18,1350,No
L53856,7,9,69,Corrective,18,1350,No
L53857,7,8,68,Corrective,18,1350,No
M21538,3,120,180,Emergency,24,1050,Yes
L53859,1,119,179,Preventive,0,450,No
L53860,1,118,178,Preventive,0,450,No
L53861,1,117,177,Preventive,0,450,No
L53862,1,116,176,Preventive,0,450,No
L53863,1,115,175,Preventive,0,450,No
L53864,1,114,174,Preventive,1,450,No
L53865,1,113,173,Preventive,1,450,No
L53866,1,112,172,Preventive,1,450,No
L53867,1,111,171,Preventive,1,450,No
L53868,1,110,170,Preventive,1,450,No
L53869,1,109,169,Preventive,1,450,No
L53870,1,108,168,Preventive,2,450,No
M21551,1,107,167,Preventive,2,750,No
M21552,1,105,165,Preventive,2,750,No
M21553,1,104,164,Preventive,2,750,No
M21554,2,102,162,Preventive,3,900,No
M21555,2,101,161,Preventive,3,900,No
L53876,2,99,159,Preventive,3,600,No
L53877,2,98,158,Preventive,3,600,No
L53878,2,97,157,Preventive,3,600,No
M21559,2,96,156,Preventive,4,900,No
H36114,2,95,155,Preventive,4,1300,No
L53881,2,92,152,Preventive,4,600,No
M21562,2,91,151,Preventive,4,900,No
M21563,2,90,150,Preventive,5,900,No
M21564,2,88,148,Preventive,5,900,No
M21565,2,87,147,Preventive,5,900,No
L53886,3,85,145,Preventive,5,750,No
L53887,3,84,144,Preventive,6,750,No
M21568,3,83,143,Preventive,6,1050,No
L53889,3,82,142,Preventive,6,750,No
L53890,3,81,141,Preventive,6,750,No
L53891,3,80,140,Preventive,6,750,No
H36126,3,79,139,Preventive,6,1450,No
L53893,3,76,136,Preventive,7,750,No
L53894,3,75,135,Preventive,7,750,No
L53895,3,74,134,Preventive,7,750,No
L53896,3,73,133,Preventive,7,750,No
M21577,3,72,132,Preventive,8,1050,No
L53898,3,71,131,Preventive,8,750,No
M21579,3,70,130,Preventive,8,1050,No
L53900,3,68,128,Preventive,8,750,No
L53901,4,67,127,Preventive,8,900,No
L53902,4,66,126,Preventive,9,900,No
M21583,4,65,125,Preventive,9,1200,No
L53904,4,64,124,Preventive,9,900,No
M21585,4,63,123,Preventive,9,1200,No
L53906,4,61,121,Preventive,9,900,No
L53907,4,60,120,Corrective,10,900,No
L53908,4,59,119,Corrective,10,900,No
H36143,4,58,118,Corrective,10,1600,No
M21590,4,56,116,Corrective,10,1200,No
L53911,4,54,114,Corrective,11,900,No
L53912,4,53,113,Corrective,11,900,No
M21593,4,52,112,Corrective,11,1200,No
M21594,4,51,111,Corrective,11,1200,No
L53915,5,49,109,Corrective,11,1050,No
L53916,5,48,108,Corrective,12,1050,No
M21597,5,47,107,Corrective,12,1350,No
H36152,5,46,106,Corrective,12,1750,No
L53919,5,43,103,Corrective,12,1050,No
L53920,5,42,102,Corrective,13,1050,No
M21601,5,41,101,Corrective,13,1350,No
H36156,5,40,100,Corrective,13,1750,No
L53923,5,37,97,Corrective,13,1050,No
M21604,5,36,96,Corrective,14,1350,No
M21605,5,35,95,Corrective,14,1350,No
M21606,5,33,93,Corrective,14,1350,No
M21607,6,32,92,Corrective,14,1500,No
H36162,6,30,90,Corrective,15,1900,No
L53929,6,28,88,Corrective,15,1200,No
M21610,6,27,87,Corrective,15,1500,No
M21611,6,25,85,Corrective,15,1500,No
L53932,6,24,84,Corrective,16,1200,No
L53933,6,23,83,Corrective,16,1200,No
L53934,6,22,82,Corrective,16,1200,No
M21615,6,21,81,Corrective,16,1500,No
L53936,6,19,79,Corrective,16,1200,No
L53937,6,18,78,Corrective,17,1200,No
L53938,6,17,77,Corrective,17,1200,No
L53939,8,16,76,Emergency,41,1500,Yes
L53940,1,120,180,Preventive,0,450,No
L53941,1,119,179,Preventive,0,450,No
L53942,1,118,178,Preventive,0,450,No
M21623,1,117,177,Preventive,0,750,No
L53944,1,116,176,Preventive,0,450,No
L53945,1,115,175,Preventive,0,450,No
M21626,1,114,174,Preventive,1,750,No
L53947,1,112,172,Preventive,1,450,No
H36182,1,111,171,Preventive,1,1150,No
L53949,1,109,169,Preventive,1,450,No
M21630,1,108,168,Preventive,2,750,No
M21631,1,106,166,Preventive,2,750,No
L53952,1,105,165,Preventive,2,450,No
L53953,1,104,164,Preventive,2,450,No
H36188,2,103,163,Preventive,2,1300,No
L53955,2,100,160,Preventive,3,600,No
L53956,2,99,159,Preventive,3,600,No
L53957,2,98,158,Preventive,3,600,No
M21638,2,97,157,Preventive,3,900,No
M21639,2,96,156,Preventive,4,900,No
L53960,2,94,154,Preventive,4,600,No
M21641,2,93,153,Preventive,4,900,No
L53962,2,92,152,Preventive,4,600,No
L53963,2,91,151,Preventive,4,600,No
M21644,2,90,150,Preventive,5,900,No
L53965,2,88,148,Preventive,5,600,No
L53966,2,87,147,Preventive,5,600,No
H36201,2,86,146,Preventive,5,1300,No
M21648,3,84,144,Preventive,6,1050,No
M21649,3,82,142,Preventive,6,1050,No
M21650,3,81,141,Preventive,6,1050,No
L53971,3,79,139,Preventive,6,750,No
L53972,3,78,138,Preventive,7,750,No
L53973,3,77,137,Preventive,7,750,No
L53974,3,76,136,Preventive,7,750,No
L53975,3,75,135,Preventive,7,750,No
M21656,3,74,134,Preventive,7,1050,No
M21657,3,73,133,Preventive,7,1050,No
L53978,3,71,131,Preventive,8,750,No
M21659,5,70,130,Emergency,32,1350,Yes
M21660,3,69,129,Preventive,8,1050,No
L53981,4,67,127,Preventive,8,900,No
M21662,4,66,126,Preventive,9,1200,No
M21663,4,65,125,Preventive,9,1200,No
L53984,4,63,123,Preventive,9,900,No
M21665,4,62,122,Preventive,9,1200,No
L53986,4,61,121,Preventive,9,900,No
L53987,4,60,120,Corrective,10,900,No
L53988,4,59,119,Corrective,10,900,No
L53989,4,58,118,Corrective,10,900,No
L53990,4,57,117,Corrective,10,900,No
L53991,4,56,116,Corrective,10,900,No
L53992,4,55,115,Corrective,10,900,No
M21673,4,54,114,Corrective,11,1200,No
H36228,4,52,112,Corrective,11,1600,No
L53995,5,50,110,Corrective,11,1050,No
L53996,5,49,109,Corrective,11,1050,No
M21677,5,48,108,Corrective,12,1350,No
M21678,5,46,106,Corrective,12,1350,No
L53999,5,45,105,Corrective,12,1050,No
L54000,5,44,104,Corrective,12,1050,No
M21681,5,43,103,Corrective,12,1350,No
M21682,5,41,101,Corrective,13,1350,No
M21683,5,40,100,Corrective,13,1350,No
L54004,5,38,98,Corrective,13,1050,No
L54005,5,37,97,Corrective,13,1050,No
L54006,5,36,96,Corrective,14,1050,No
M21687,5,35,95,Corrective,14,1350,No
L54008,5,34,94,Corrective,14,1050,No
H36243,6,33,93,Corrective,14,1900,No
M21690,6,30,90,Corrective,15,1500,No
L54011,6,29,89,Corrective,15,1200,No
M21692,6,28,88,Corrective,15,1500,No
L54013,6,26,86,Corrective,15,1200,No
L54014,6,25,85,Corrective,15,1200,No
L54015,6,24,84,Corrective,16,1200,No
H36250,6,23,83,Corrective,16,1900,No
M21697,6,21,81,Corrective,16,1500,No
L54018,6,19,79,Corrective,16,1200,No
L54019,6,18,78,Corrective,17,1200,No
L54020,6,17,77,Corrective,17,1200,No
M21701,6,16,76,Corrective,17,1500,No
L54022,7,15,75,Corrective,17,1350,No
L54023,7,14,74,Corrective,17,1350,No
M21704,7,13,73,Corrective,17,1650,No
M21705,1,120,180,Preventive,0,750,No
M21706,1,119,179,Preventive,0,750,No
L54027,1,117,177,Preventive,0,450,No
M21708,1,116,176,Preventive,0,750,No
L54029,1,115,175,Preventive,0,450,No
M21710,1,114,174,Preventive,1,750,No
M21711,1,112,172,Preventive,1,750,No
H36266,1,111,171,Preventive,1,1150,No
L54033,1,108,168,Preventive,2,450,No
L54034,1,107,167,Preventive,2,450,No
M21715,1,106,166,Preventive,2,750,No
M21716,1,105,165,Preventive,2,750,No
L54037,1,103,163,Preventive,2,450,No
L54038,2,102,162,Preventive,3,600,No
M21719,2,101,161,Preventive,3,900,No
L54040,2,100,160,Preventive,3,600,No
H36275,2,99,159,Preventive,3,1300,No
M21722,2,96,156,Preventive,4,900,No
L54043,2,95,155,Preventive,4,600,No
L54044,2,94,154,Preventive,4,600,No
L54045,2,93,153,Preventive,4,600,No
M21726,2,92,152,Preventive,4,900,No
L54047,2,90,150,Preventive,5,600,No
L54048,2,89,149,Preventive,5,600,No
L54049,2,88,148,Preventive,5,600,No
H36284,2,87,147,Preventive,5,1300,No
L54051,3,85,145,Preventive,5,750,No
L54052,3,84,144,Preventive,6,750,No
L54053,3,83,143,Preventive,6,750,No
H36288,3,82,142,Preventive,6,1450,No
M21735,3,79,139,Preventive,6,1050,No
L54056,3,78,138,Preventive,7,750,No
M21737,3,77,137,Preventive,7,1050,No
H36292,3,75,135,Preventive,7,1450,No
H36293,3,73,133,Preventive,7,1450,No
M21740,3,70,130,Preventive,8,1050,No
L54061,3,69,129,Preventive,8,750,No
L54062,4,68,128,Preventive,8,900,No
L54063,4,67,127,Preventive,8,900,No
L54064,4,66,126,Preventive,9,900,No
L54065,4,65,125,Preventive,9,900,No
M21746,4,64,124,Preventive,9,1200,No
L54067,4,62,122,Preventive,9,900,No
M21748,4,61,121,Preventive,9,1200,No
H36303,4,60,120,Corrective,10,1600,No
M21750,4,57,117,Corrective,10,1200,No
L54071,4,56,116,Corrective,10,900,No
L54072,4,55,115,Corrective,10,900,No
L54073,4,54,114,Corrective,11,900,No
L54074,4,53,113,Corrective,11,900,No
M21755,4,52,112,Corrective,11,1200,No
M21756,5,50,110,Corrective,11,1350,No
L54077,5,49,109,Corrective,11,1050,No
M21758,5,48,108,Corrective,12,1350,No
L54079,5,46,106,Corrective,12,1050,No
L54080,5,45,105,Corrective,12,1050,No
L54081,5,44,104,Corrective,12,1050,No
L54082,5,43,103,Corrective,12,1050,No
M21763,5,42,102,Corrective,13,1350,No
M21764,5,41,101,Corrective,13,1350,No
M21765,5,39,99,Corrective,13,1350,No
M21766,5,38,98,Corrective,13,1350,No
L54087,5,36,96,Corrective,14,1050,No
L54088,5,35,95,Corrective,14,1050,No
L54089,5,34,94,Corrective,14,1050,No
L54090,5,33,93,Corrective,14,1050,No
L54091,6,32,92,Corrective,14,1200,No
M21772,6,31,91,Corrective,14,1500,No
L54093,6,30,90,Corrective,15,1200,No
H36328,6,29,89,Corrective,15,1900,No
L54095,6,26,86,Corrective,15,1200,No
M21776,6,25,85,Corrective,15,1500,No
L54097,6,24,84,Corrective,16,1200,No
L54098,6,23,83,Corrective,16,1200,No
L54099,6,22,82,Corrective,16,1200,No
M21780,6,21,81,Corrective,16,1500,No
L54101,6,19,79,Corrective,16,1200,No
L54102,6,18,78,Corrective,17,1200,No
L54103,6,17,77,Corrective,17,1200,No
L54104,8,16,76,Emergency,41,1500,Yes
M21785,7,15,75,Corrective,17,1650,No
H36340,1,120,180,Preventive,0,1150,No
L54107,1,118,178,Preventive,0,450,No
L54108,1,117,177,Preventive,0,450,No
M21789,1,116,176,Preventive,0,750,No
M21790,1,114,174,Preventive,1,750,No
M21791,1,113,173,Preventive,1,750,No
L54112,3,111,171,Emergency,25,750,Yes
L54113,1,110,170,Preventive,1,450,No
L54114,1,109,169,Preventive,1,450,No
L54115,1,108,168,Preventive,2,450,No
L54116,1,107,167,Preventive,2,450,No
H36351,1,106,166,Preventive,2,1150,No
L54118,1,104,164,Preventive,2,450,No
M21799,2,103,163,Preventive,2,900,No
H36354,2,101,161,Preventive,3,1300,No
L54121,2,99,159,Preventive,3,600,No
M21802,2,98,158,Preventive,3,900,No
L54123,2,96,156,Preventive,4,600,No
M21804,2,95,155,Preventive,4,900,No
M21805,2,94,154,Preventive,4,900,No
L54126,2,92,152,Preventive,4,600,No
M21807,2,91,151,Preventive,4,900,No
L54128,2,90,150,Preventive,5,600,No
M21809,2,89,149,Preventive,5,900,No
H36364,2,87,147,Preventive,5,1300,No
L54131,3,85,145,Preventive,5,750,No
L54132,3,84,144,Preventive,6,750,No
L54133,3,83,143,Preventive,6,750,No
M21814,3,82,142,Preventive,6,1050,No
L54135,3,80,140,Preventive,6,750,No
M21816,3,79,139,Preventive,6,1050,No
L54137,3,78,138,Preventive,7,750,No
L54138,3,77,137,Preventive,7,750,No
L54139,3,76,136,Preventive,7,750,No
L54140,3,75,135,Preventive,7,750,No
M21821,3,74,134,Preventive,7,1050,No
M21822,3,72,132,Preventive,8,1050,No
H36377,3,71,131,Preventive,8,1450,No
M21824,3,68,128,Preventive,8,1050,No
L54145,4,67,127,Preventive,8,900,No
L54146,4,66,126,Preventive,9,900,No
M21827,4,65,125,Preventive,9,1200,No
L54148,4,63,123,Preventive,9,900,No
M21829,4,62,122,Preventive,9,1200,No
L54150,4,61,121,Preventive,9,900,No
M21831,4,60,120,Corrective,10,1200,No
L54152,4,58,118,Corrective,10,900,No
L54153,4,57,117,Corrective,10,900,No
L54154,4,56,116,Corrective,10,900,No
M21835,4,55,115,Corrective,10,1200,No
L54156,4,54,114,Corrective,11,900,No
L54157,4,53,113,Corrective,11,900,No
L54158,4,52,112,Corrective,11,900,No
L54159,4,51,111,Corrective,11,900,No
L54160,5,50,110,Corrective,11,1050,No
H36395,5,49,109,Corrective,11,1750,No
L54162,5,46,106,Corrective,12,1050,No
M21843,5,45,105,Corrective,12,1350,No
M21844,5,44,104,Corrective,12,1350,No
H36399,5,42,102,Corrective,13,1750,No
L54166,5,40,100,Corrective,13,1050,No
L54167,5,39,99,Corrective,13,1050,No
L54168,5,38,98,Corrective,13,1050,No
M21849,5,37,97,Corrective,13,1350,No
L54170,7,35,95,Emergency,38,1350,Yes
L54171,5,34,94,Corrective,14,1050,No
L54172,5,33,93,Corrective,14,1050,No
M21853,6,32,92,Corrective,14,1500,No
L54174,6,31,91,Corrective,14,1200,No
M21855,6,30,90,Corrective,15,1500,No
M21856,6,28,88,Corrective,15,1500,No
M21857,6,27,87,Corrective,15,1500,No
M21858,6,25,85,Corrective,15,1500,No
M21859,6,24,84,Corrective,16,1500,No
M21860,6,22,82,Corrective,16,1500,No
L54181,6,21,81,Corrective,16,1200,No
H36416,6,20,80,Corrective,16,1900,No
L54183,6,17,77,Corrective,17,1200,No
L54184,6,16,76,Corrective,17,1200,No
M21865,1,120,180,Preventive,0,750,No
H36420,1,119,179,Preventive,0,1150,No
L54187,1,116,176,Preventive,0,450,No
L54188,1,115,175,Preventive,0,450,No
L54189,1,114,174,Preventive,1,450,No
M21870,1,113,173,Preventive,1,750,No
L54191,3,112,172,Emergency,25,750,Yes
L54192,1,111,171,Preventive,1,450,No
M21873,1,110,170,Preventive,1,750,No
H36428,1,108,168,Preventive,2,1150,No
L54195,1,106,166,Preventive,2,450,No
L54196,1,105,165,Preventive,2,450,No
M21877,1,104,164,Preventive,2,750,No
M21878,2,102,162,Preventive,3,900,No
L54199,2,101,161,Preventive,3,600,No
L54200,2,100,160,Preventive,3,600,No
H36435,2,99,159,Preventive,3,1300,No
L54202,2,96,156,Preventive,4,600,No
M21883,2,95,155,Preventive,4,900,No
L54204,2,94,154,Preventive,4,600,No
H36439,2,93,153,Preventive,4,1300,No
L54206,2,90,150,Preventive,5,600,No
L54207,2,89,149,Preventive,5,600,No
M21888,2,88,148,Preventive,5,900,No
L54209,2,87,147,Preventive,5,600,No
L54210,2,86,146,Preventive,5,600,No
L54211,3,85,145,Preventive,5,750,No
L54212,3,84,144,Preventive,6,750,No
M21893,3,83,143,Preventive,6,1050,No
H36448,3,81,141,Preventive,6,1450,No
L54215,3,79,139,Preventive,6,750,No
L54216,3,78,138,Preventive,7,750,No
L54217,3,77,137,Preventive,7,750,No
L54218,3,76,136,Preventive,7,750,No
H36453,3,75,135,Preventive,7,1450,No
L54220,3,72,132,Preventive,8,750,No
L54221,3,71,131,Preventive,8,750,No
L54222,3,70,130,Preventive,8,750,No
M21903,3,69,129,Preventive,8,1050,No
M21904,4,68,128,Preventive,8,1200,No
M21905,4,66,126,Preventive,9,1200,No
M21906,4,65,125,Preventive,9,1200,No
L54227,4,63,123,Preventive,9,900,No
L54228,4,62,122,Preventive,9,900,No
L54229,4,61,121,Preventive,9,900,No
L54230,4,60,120,Corrective,10,900,No
L54231,4,59,119,Corrective,10,900,No
H36466,4,58,118,Corrective,10,1600,No
H36467,4,56,116,Corrective,10,1600,No
H36468,4,53,113,Corrective,11,1600,No
L54235,4,51,111,Corrective,11,900,No
M21916,5,50,110,Corrective,11,1350,No
L54237,5,48,108,Corrective,12,1050,No
L54238,5,47,107,Corrective,12,1050,No
L54239,5,46,106,Corrective,12,1050,No
H36474,5,45,105,Corrective,12,1750,No
L54241,5,43,103,Corrective,12,1050,No
M21922,5,42,102,Corrective,13,1350,No
L54243,5,40,100,Corrective,13,1050,No
M21924,5,39,99,Corrective,13,1350,No
L54245,5,38,98,Corrective,13,1050,No
M21926,5,37,97,Corrective,13,1350,No
M21927,5,35,95,Corrective,14,1350,No
L54248,5,34,94,Corrective,14,1050,No
L54249,6,33,93,Corrective,14,1200,No
L54250,6,32,92,Corrective,14,1200,No
H36485,6,31,91,Corrective,14,1900,No
M21932,6,28,88,Corrective,15,1500,No
L54253,6,27,87,Corrective,15,1200,No
M21934,6,26,86,Corrective,15,1500,No
L54255,6,24,84,Corrective,16,1200,No
L54256,6,23,83,Corrective,16,1200,No
M21937,6,22,82,Corrective,16,1500,No
L54258,6,21,81,Corrective,16,1200,No
L54259,6,20,80,Corrective,16,1200,No
L54260,6,19,79,Corrective,16,1200,No
L54261,6,18,78,Corrective,17,1200,No
L54262,6,17,77,Corrective,17,1200,No
L54263,8,16,76,Emergency,41,1500,Yes
L54264,7,15,75,Corrective,17,1350,No
L54265,7,14,74,Corrective,17,1350,No
L54266,7,13,73,Corrective,17,1350,No
L54267,9,12,72,Emergency,42,1650,Yes
M21948,1,120,180,Preventive,0,750,No
L54269,1,119,179,Preventive,0,450,No
M21950,1,118,178,Preventive,0,750,No
L54271,1,116,176,Preventive,0,450,No
L54272,1,115,175,Preventive,0,450,No
H36507,1,114,174,Preventive,1,1150,No
L54274,1,112,172,Preventive,1,450,No
L54275,1,111,171,Preventive,1,450,No
L54276,1,110,170,Preventive,1,450,No
M21957,1,109,169,Preventive,1,750,No
L54278,1,107,167,Preventive,2,450,No
M21959,1,106,166,Preventive,2,750,No
L54280,1,105,165,Preventive,2,450,No
L54281,1,104,164,Preventive,2,450,No
M21962,2,103,163,Preventive,2,900,No
H36517,2,101,161,Preventive,3,1300,No
L54284,2,99,159,Preventive,3,600,No
L54285,2,98,158,Preventive,3,600,No
L54286,2,97,157,Preventive,3,600,No
H36521,2,96,156,Preventive,4,1300,No
M21968,2,93,153,Preventive,4,900,No
L54289,2,92,152,Preventive,4,600,No
M21970,2,91,151,Preventive,4,900,No
M21971,2,89,149,Preventive,5,900,No
L54292,2,88,148,Preventive,5,600,No
L54293,2,87,147,Preventive,5,600,No
H36528,2,86,146,Preventive,5,1300,No
M21975,3,83,143,Preventive,6,1050,No
L54296,3,82,142,Preventive,6,750,No
L54297,3,81,141,Preventive,6,750,No
L54298,3,80,140,Preventive,6,750,No
L54299,3,79,139,Preventive,6,750,No
L54300,3,78,138,Preventive,7,750,No
M21981,3,77,137,Preventive,7,1050,No
L54302,3,75,135,Preventive,7,750,No
M21983,3,74,134,Preventive,7,1050,No
M21984,3,73,133,Preventive,7,1050,No
L54305,3,71,131,Preventive,8,750,No
M21986,3,70,130,Preventive,8,1050,No
L54307,3,69,129,Preventive,8,750,No
L54308,4,68,128,Preventive,8,900,No
L54309,4,67,127,Preventive,8,900,No
L54310,4,66,126,Preventive,9,900,No
M21991,4,65,125,Preventive,9,1200,No
L54312,4,63,123,Preventive,9,900,No
M21993,4,62,122,Preventive,9,1200,No
M21994,4,61,121,Preventive,9,1200,No
L54315,4,59,119,Corrective,10,900,No
M21996,4,58,118,Corrective,10,1200,No
M21997,4,57,117,Corrective,10,1200,No
L54318,4,55,115,Corrective,10,900,No
L54319,4,54,114,Corrective,11,900,No
L54320,4,53,113,Corrective,11,900,No
M22001,4,52,112,Corrective,11,1200,No
H36556,4,51,111,Corrective,11,1600,No
H36557,5,48,108,Corrective,12,1750,No
M22004,5,46,106,Corrective,12,1350,No
L54325,5,44,104,Corrective,12,1050,No
L54326,5,43,103,Corrective,12,1050,No
L54327,5,42,102,Corrective,13,1050,No
M22008,5,41,101,Corrective,13,1350,No
L54329,5,40,100,Corrective,13,1050,No
L54330,5,39,99,Corrective,13,1050,No
H36565,5,38,98,Corrective,13,1750,No
L54332,5,35,95,Corrective,14,1050,No
L54333,5,34,94,Corrective,14,1050,No
L54334,5,33,93,Corrective,14,1050,No
M22015,6,32,92,Corrective,14,1500,No
M22016,6,31,91,Corrective,14,1500,No
L54337,6,29,89,Corrective,15,1200,No
L54338,6,28,88,Corrective,15,1200,No
L54339,6,27,87,Corrective,15,1200,No
M22020,6,26,86,Corrective,15,1500,No
L54341,6,25,85,Corrective,15,1200,No
L54342,6,24,84,Corrective,16,1200,No
M22023,6,23,83,Corrective,16,1500,No
M22024,6,21,81,Corrective,16,1500,No
L54345,6,20,80,Corrective,16,1200,No
M22026,6,19,79,Corrective,16,1500,No
L54347,8,17,77,Emergency,41,1500,Yes
L54348,1,120,180,Preventive,0,450,No
L54349,1,119,179,Preventive,0,450,No
M22030,1,118,178,Preventive,0,750,No
M22031,1,117,177,Preventive,0,750,No
M22032,1,115,175,Preventive,0,750,No
L54353,1,114,174,Preventive,1,450,No
L54354,1,113,173,Preventive,1,450,No
L54355,1,112,172,Preventive,1,450,No
L54356,1,111,171,Preventive,1,450,No
L54357,1,110,170,Preventive,1,450,No
L54358,1,109,169,Preventive,1,450,No
L54359,1,108,168,Preventive,2,450,No
M22040,1,107,167,Preventive,2,750,No
L54361,1,105,165,Preventive,2,450,No
L54362,1,104,164,Preventive,2,450,No
L54363,1,103,163,Preventive,2,450,No
M22044,2,102,162,Preventive,3,900,No
L54365,2,101,161,Preventive,3,600,No
M22046,2,100,160,Preventive,3,900,No
L54367,2,98,158,Preventive,3,600,No
L54368,2,97,157,Preventive,3,600,No
L54369,2,96,156,Preventive,4,600,No
L54370,2,95,155,Preventive,4,600,No
L54371,2,94,154,Preventive,4,600,No
M22052,2,93,153,Preventive,4,900,No
L54373,2,92,152,Preventive,4,600,No
L54374,2,91,151,Preventive,4,600,No
M22055,2,90,150,Preventive,5,900,No
H36610,2,88,148,Preventive,5,1300,No
L54377,2,86,146,Preventive,5,600,No
M22058,3,85,145,Preventive,5,1050,No
L54379,3,83,143,Preventive,6,750,No
L54380,3,82,142,Preventive,6,750,No
L54381,3,81,141,Preventive,6,750,No
L54382,3,80,140,Preventive,6,750,No
M22063,3,79,139,Preventive,6,1050,No
L54384,3,78,138,Preventive,7,750,No
L54385,3,77,137,Preventive,7,750,No
L54386,3,76,136,Preventive,7,750,No
M22067,3,75,135,Preventive,7,1050,No
L54388,3,73,133,Preventive,7,750,No
L54389,3,72,132,Preventive,8,750,No
M22070,3,71,131,Preventive,8,1050,No
L54391,3,70,130,Preventive,8,750,No
M22072,3,69,129,Preventive,8,1050,No
M22073,4,67,127,Preventive,8,1200,No
M22074,4,66,126,Preventive,9,1200,No
L54395,4,64,124,Preventive,9,900,No
M22076,4,63,123,Preventive,9,1200,No
L54397,4,62,122,Preventive,9,900,No
H36632,4,61,121,Preventive,9,1600,No
M22079,4,58,118,Corrective,10,1200,No
L54400,4,57,117,Corrective,10,900,No
H36635,4,56,116,Corrective,10,1600,No
M22082,4,53,113,Corrective,11,1200,No
L54403,4,52,112,Corrective,11,900,No
L54404,4,51,111,Corrective,11,900,No
M22085,5,50,110,Corrective,11,1350,No
L54406,5,48,108,Corrective,12,1050,No
L54407,5,47,107,Corrective,12,1050,No
H36642,5,46,106,Corrective,12,1750,No
L54409,5,44,104,Corrective,12,1050,No
L54410,5,43,103,Corrective,12,1050,No
L54411,5,42,102,Corrective,13,1050,No
M22092,5,41,101,Corrective,13,1350,No
L54413,5,39,99,Corrective,13,1050,No
M22094,5,38,98,Corrective,13,1350,No
L54415,5,37,97,Corrective,13,1050,No
M22096,5,36,96,Corrective,14,1350,No
M22097,5,34,94,Corrective,14,1350,No
L54418,6,33,93,Corrective,14,1200,No
L54419,6,32,92,Corrective,14,1200,No
M22100,6,31,91,Corrective,14,1500,No
M22101,6,29,89,Corrective,15,1500,No
H36656,6,28,88,Corrective,15,1900,No
M22103,6,25,85,Corrective,15,1500,No
L54424,6,24,84,Corrective,16,1200,No
L54425,6,23,83,Corrective,16,1200,No
L54426,6,22,82,Corrective,16,1200,No
M22107,6,21,81,Corrective,16,1500,No
L54428,6,19,79,Corrective,16,1200,No
L54429,6,18,78,Corrective,17,1200,No
M22110,6,17,77,Corrective,17,1500,No
M22111,6,16,76,Corrective,17,1500,No
H36666,7,14,74,Corrective,17,2050,No
L54433,7,12,72,Corrective,18,1350,No
L54434,7,11,71,Corrective,18,1350,No
M22115,7,10,70,Corrective,18,1650,No
H36670,1,120,180,Preventive,0,1150,No
L54437,1,118,178,Preventive,0,450,No
L54438,1,117,177,Preventive,0,450,No
M22119,1,116,176,Preventive,0,750,No
L54440,1,114,174,Preventive,1,450,No
L54441,1,113,173,Preventive,1,450,No
M22122,1,112,172,Preventive,1,750,No
L54443,1,111,171,Preventive,1,450,No
M22124,1,110,170,Preventive,1,750,No
L54445,1,108,168,Preventive,2,450,No
L54446,1,107,167,Preventive,2,450,No
L54447,1,106,166,Preventive,2,450,No
L54448,1,105,165,Preventive,2,450,No
M22129,1,104,164,Preventive,2,750,No
L54450,2,103,163,Preventive,2,600,No
M22131,2,102,162,Preventive,3,900,No
L54452,2,100,160,Preventive,3,600,No
M22133,2,99,159,Preventive,3,900,No
M22134,2,98,158,Preventive,3,900,No
L54455,2,96,156,Preventive,4,600,No
M22136,2,95,155,Preventive,4,900,No
L54457,2,94,154,Preventive,4,600,No
H36692,2,93,153,Preventive,4,1300,No
L54459,2,90,150,Preventive,5,600,No
L54460,4,89,149,Emergency,29,900,Yes
L54461,2,88,148,Preventive,5,600,No
L54462,2,87,147,Preventive,5,600,No
M22143,2,86,146,Preventive,5,900,No
M22144,3,85,145,Preventive,5,1050,No
M22145,3,83,143,Preventive,6,1050,No
M22146,3,82,142,Preventive,6,1050,No
M22147,3,80,140,Preventive,6,1050,No
M22148,3,79,139,Preventive,6,1050,No
L54469,3,77,137,Preventive,7,750,No
L54470,3,76,136,Preventive,7,750,No
L54471,3,75,135,Preventive,7,750,No
M22152,3,74,134,Preventive,7,1050,No
L54473,3,73,133,Preventive,7,750,No
L54474,3,72,132,Preventive,8,750,No
M22155,3,71,131,Preventive,8,1050,No
H36710,3,69,129,Preventive,8,1450,No
L54477,4,67,127,Preventive,8,900,No
L54478,4,66,126,Preventive,9,900,No
L54479,4,65,125,Preventive,9,900,No
L54480,4,64,124,Preventive,9,900,No
L54481,4,63,123,Preventive,9,900,No
L54482,4,62,122,Preventive,9,900,No
L54483,4,61,121,Preventive,9,900,No
L54484,4,60,120,Corrective,10,900,No
M22165,4,59,119,Corrective,10,1200,No
L54486,4,57,117,Corrective,10,900,No
M22167,4,56,116,Corrective,10,1200,No
L54488,4,55,115,Corrective,10,900,No
L54489,4,54,114,Corrective,11,900,No
L54490,4,53,113,Corrective,11,900,No
H36725,4,52,112,Corrective,11,1600,No
L54492,5,49,109,Corrective,11,1050,No
L54493,5,48,108,Corrective,12,1050,No
L54494,5,47,107,Corrective,12,1050,No
L54495,5,46,106,Corrective,12,1050,No
L54496,5,45,105,Corrective,12,1050,No
L54497,5,44,104,Corrective,12,1050,No
H36732,5,43,103,Corrective,12,1750,No
L54499,5,41,101,Corrective,13,1050,No
H36734,5,40,100,Corrective,13,1750,No
L54501,5,37,97,Corrective,13,1050,No
H36736,5,36,96,Corrective,14,1750,No
L54503,5,34,94,Corrective,14,1050,No
M22184,6,33,93,Corrective,14,1500,No
L54505,6,31,91,Corrective,14,1200,No
M22186,6,30,90,Corrective,15,1500,No
M22187,6,29,89,Corrective,15,1500,No
L54508,6,27,87,Corrective,15,1200,No
M22189,6,26,86,Corrective,15,1500,No
H36744,6,25,85,Corrective,15,1900,No
L54511,6,22,82,Corrective,16,1200,No
M22192,6,21,81,Corrective,16,1500,No
M22193,6,20,80,Corrective,16,1500,No
L54514,6,18,78,Corrective,17,1200,No
L54515,6,17,77,Corrective,17,1200,No
H36750,6,16,76,Corrective,17,1900,No
L54517,7,14,74,Corrective,17,1350,No
L54518,7,13,73,Corrective,17,1350,No
L54519,1,120,180,Preventive,0,450,No
L54520,1,119,179,Preventive,0,450,No
L54521,1,118,178,Preventive,0,450,No
M22202,1,117,177,Preventive,0,750,No
L54523,1,116,176,Preventive,0,450,No
L54524,1,115,175,Preventive,0,450,No
L54525,1,114,174,Preventive,1,450,No
L54526,1,113,173,Preventive,1,450,No
L54527,1,112,172,Preventive,1,450,No
H36762,1,111,171,Preventive,1,1150,No
L54529,1,108,168,Preventive,2,450,No
L54530,1,107,167,Preventive,2,450,No
L54531,1,106,166,Preventive,2,450,No
M22212,1,105,165,Preventive,2,750,No
L54533,1,104,164,Preventive,2,450,No
M22214,2,103,163,Preventive,2,900,No
L54535,2,101,161,Preventive,3,600,No
L54536,2,100,160,Preventive,3,600,No
L54537,2,99,159,Preventive,3,600,No
M22218,2,98,158,Preventive,3,900,No
M22219,2,97,157,Preventive,3,900,No
L54540,2,95,155,Preventive,4,600,No
L54541,2,94,154,Preventive,4,600,No
L54542,2,93,153,Preventive,4,600,No
L54543,2,92,152,Preventive,4,600,No
L54544,2,91,151,Preventive,4,600,No
L54545,2,90,150,Preventive,5,600,No
H36780,2,89,149,Preventive,5,1300,No
M22227,2,87,147,Preventive,5,900,No
M22228,3,85,145,Preventive,5,1050,No
M22229,3,84,144,Preventive,6,1050,No
M22230,3,82,142,Preventive,6,1050,No
L54551,3,81,141,Preventive,6,750,No
L54552,3,80,140,Preventive,6,750,No
L54553,3,79,139,Preventive,6,750,No
L54554,3,78,138,Preventive,7,750,No
M22235,3,77,137,Preventive,7,1050,No
L54556,3,75,135,Preventive,7,750,No
L54557,3,74,134,Preventive,7,750,No
L54558,3,73,133,Preventive,7,750,No
M22239,3,72,132,Preventive,8,1050,No
L54560,3,71,131,Preventive,8,750,No
L54561,3,70,130,Preventive,8,750,No
L54562,3,69,129,Preventive,8,750,No
M22243,4,68,128,Preventive,8,1200,No
L54564,4,66,126,Preventive,9,900,No
M22245,4,65,125,Preventive,9,1200,No
M22246,4,64,124,Preventive,9,1200,No
H36801,4,62,122,Preventive,9,1600,No
M22248,4,60,120,Corrective,10,1200,No
L54569,4,58,118,Corrective,10,900,No
M22250,4,57,117,Corrective,10,1200,No
L54571,4,56,116,Corrective,10,900,No
M22252,4,55,115,Corrective,10,1200,No
M22253,4,53,113,Corrective,11,1200,No
L54574,4,52,112,Corrective,11,900,No
M22255,4,51,111,Corrective,11,1200,No
L54576,5,49,109,Corrective,11,1050,No
L54577,5,48,108,Corrective,12,1050,No
M22258,5,47,107,Corrective,12,1350,No
L54579,5,46,106,Corrective,12,1050,No
M22260,5,45,105,Corrective,12,1350,No
L54581,5,43,103,Corrective,12,1050,No
M22262,5,42,102,Corrective,13,1350,No
L54583,5,41,101,Corrective,13,1050,No
L54584,5,40,100,Corrective,13,1050,No
M22265,5,39,99,Corrective,13,1350,No
L54586,5,37,97,Corrective,13,1050,No
H36821,5,36,96,Corrective,14,1750,No
L54588,5,34,94,Corrective,14,1050,No
L54589,6,33,93,Corrective,14,1200,No
L54590,6,32,92,Corrective,14,1200,No
L54591,6,31,91,Corrective,14,1200,No
L54592,6,30,90,Corrective,15,1200,No
M22273,6,29,89,Corrective,15,1500,No
L54594,6,27,87,Corrective,15,1200,No
L54595,6,26,86,Corrective,15,1200,No
M22276,6,25,85,Corrective,15,1500,No
M22277,6,24,84,Corrective,16,1500,No
M22278,6,22,82,Corrective,16,1500,No
L54599,6,21,81,Corrective,16,1200,No
L54600,6,20,80,Corrective,16,1200,No
M22281,6,19,79,Corrective,16,1500,No
L54602,6,17,77,Corrective,17,1200,No
L54603,6,16,76,Corrective,17,1200,No
M22284,7,15,75,Corrective,17,1650,No
M22285,7,14,74,Corrective,17,1650,No
M22286,9,12,72,Emergency,42,1950,Yes
L54607,1,120,180,Preventive,0,450,No
M22288,1,119,179,Preventive,0,750,No
L54609,1,118,178,Preventive,0,450,No
M22290,1,117,177,Preventive,0,750,No
M22291,1,115,175,Preventive,0,750,No
L54612,1,114,174,Preventive,1,450,No
M22293,1,113,173,Preventive,1,750,No
L54614,1,111,171,Preventive,1,450,No
L54615,1,110,170,Preventive,1,450,No
L54616,1,109,169,Preventive,1,450,No
L54617,1,108,168,Preventive,2,450,No
L54618,1,107,167,Preventive,2,450,No
L54619,1,106,166,Preventive,2,450,No
L54620,1,105,165,Preventive,2,450,No
M22301,1,104,164,Preventive,2,750,No
L54622,2,103,163,Preventive,2,600,No
H36857,2,102,162,Preventive,3,1300,No
L54624,2,99,159,Preventive,3,600,No
L54625,2,98,158,Preventive,3,600,No
L54626,2,97,157,Preventive,3,600,No
M22307,2,96,156,Preventive,4,900,No
L54628,2,95,155,Preventive,4,600,No
L54629,2,94,154,Preventive,4,600,No
L54630,2,93,153,Preventive,4,600,No
L54631,2,92,152,Preventive,4,600,No
L54632,2,91,151,Preventive,4,600,No
H36867,2,90,150,Preventive,5,1300,No
L54634,2,87,147,Preventive,5,600,No
M22315,2,86,146,Preventive,5,900,No
M22316,3,85,145,Preventive,5,1050,No
L54637,3,83,143,Preventive,6,750,No
M22318,3,82,142,Preventive,6,1050,No
L54639,3,81,141,Preventive,6,750,No
L54640,3,80,140,Preventive,6,750,No
L54641,3,79,139,Preventive,6,750,No
L54642,3,78,138,Preventive,7,750,No
H36877,3,77,137,Preventive,7,1450,No
L54644,3,74,134,Preventive,7,750,No
M22325,3,73,133,Preventive,7,1050,No
H36880,3,72,132,Preventive,8,1450,No
H36881,3,69,129,Preventive,8,1450,No
L54648,4,67,127,Preventive,8,900,No
L54649,4,66,126,Preventive,9,900,No
L54650,4,65,125,Preventive,9,900,No
L54651,4,64,124,Preventive,9,900,No
M22332,4,63,123,Preventive,9,1200,No
M22333,4,61,121,Preventive,9,1200,No
L54654,4,60,120,Corrective,10,900,No
H36889,4,59,119,Corrective,10,1600,No
L54656,4,56,116,Corrective,10,900,No
M22337,4,55,115,Corrective,10,1200,No
L54658,4,54,114,Corrective,11,900,No
M22339,4,53,113,Corrective,11,1200,No
M22340,4,51,111,Corrective,11,1200,No
H36895,5,50,110,Corrective,11,1750,No
M22342,5,47,107,Corrective,12,1350,No
L54663,5,46,106,Corrective,12,1050,No
M22344,5,45,105,Corrective,12,1350,No
L54665,5,43,103,Corrective,12,1050,No
L54666,5,42,102,Corrective,13,1050,No
L54667,5,41,101,Corrective,13,1050,No
L54668,5,40,100,Corrective,13,1050,No
M22349,5,39,99,Corrective,13,1350,No
M22350,5,38,98,Corrective,13,1350,No
L54671,5,36,96,Corrective,14,1050,No
M22352,5,35,95,Corrective,14,1350,No
L54673,5,34,94,Corrective,14,1050,No
L54674,6,33,93,Corrective,14,1200,No
L54675,6,32,92,Corrective,14,1200,No
L54676,6,31,91,Corrective,14,1200,No
M22357,6,30,90,Corrective,15,1500,No
M22358,6,28,88,Corrective,15,1500,No
L54679,6,27,87,Corrective,15,1200,No
L54680,6,26,86,Corrective,15,1200,No
L54681,6,25,85,Corrective,15,1200,No
H36916,6,24,84,Corrective,16,1900,No
M22363,6,21,81,Corrective,16,1500,No
L54684,6,20,80,Corrective,16,1200,No
L54685,6,19,79,Corrective,16,1200,No
L54686,6,18,78,Corrective,17,1200,No
L54687,6,17,77,Corrective,17,1200,No
M22368,6,16,76,Corrective,17,1500,No
L54689,9,14,74,Emergency,41,1650,Yes
L54690,9,13,73,Emergency,41,1650,Yes
L54691,1,120,180,Preventive,0,450,No
M22372,1,119,179,Preventive,0,750,No
L54693,1,118,178,Preventive,0,450,No
L54694,1,117,177,Preventive,0,450,No
M22375,1,116,176,Preventive,0,750,No
M22376,1,114,174,Preventive,1,750,No
L54697,1,113,173,Preventive,1,450,No
L54698,1,112,172,Preventive,1,450,No
L54699,1,111,171,Preventive,1,450,No
L54700,1,110,170,Preventive,1,450,No
M22381,1,109,169,Preventive,1,750,No
L54702,1,107,167,Preventive,2,450,No
M22383,1,106,166,Preventive,2,750,No
L54704,1,105,165,Preventive,2,450,No
H36939,1,104,164,Preventive,2,1150,No
L54706,2,101,161,Preventive,3,600,No
L54707,2,100,160,Preventive,3,600,No
M22388,2,99,159,Preventive,3,900,No
L54709,2,98,158,Preventive,3,600,No
M22390,2,97,157,Preventive,3,900,No
H36945,2,95,155,Preventive,4,1300,No
M22392,2,93,153,Preventive,4,900,No
L54713,2,91,151,Preventive,4,600,No
L54714,2,90,150,Preventive,5,600,No
L54715,2,89,149,Preventive,5,600,No
L54716,4,88,148,Emergency,29,900,Yes
L54717,2,87,147,Preventive,5,600,No
M22398,2,86,146,Preventive,5,900,No
L54719,3,85,145,Preventive,5,750,No
M22400,3,84,144,Preventive,6,1050,No
M22401,3,82,142,Preventive,6,1050,No
M22402,3,81,141,Preventive,6,1050,No
L54723,3,79,139,Preventive,6,750,No
L54724,3,78,138,Preventive,7,750,No
L54725,3,77,137,Preventive,7,750,No
H36960,3,76,136,Preventive,7,1450,No
L54727,3,74,134,Preventive,7,750,No
L54728,3,73,133,Preventive,7,750,No
L54729,3,72,132,Preventive,8,750,No
M22410,3,71,131,Preventive,8,1050,No
M22411,3,69,129,Preventive,8,1050,No
L54732,4,68,128,Preventive,8,900,No
L54733,4,67,127,Preventive,8,900,No
M22414,4,66,126,Preventive,9,1200,No
L54735,4,64,124,Preventive,9,900,No
L54736,4,63,123,Preventive,9,900,No
M22417,4,62,122,Preventive,9,1200,No
M22418,4,61,121,Preventive,9,1200,No
M22419,4,59,119,Corrective,10,1200,No
M22420,4,58,118,Corrective,10,1200,No
L54741,4,56,116,Corrective,10,900,No
M22422,4,55,115,Corrective,10,1200,No
M22423,4,54,114,Corrective,11,1200,No
M22424,6,52,112,Emergency,35,1500,Yes
M22425,4,51,111,Corrective,11,1200,No
L54746,5,49,109,Corrective,11,1050,No
M22427,5,48,108,Corrective,12,1350,No
L54748,5,47,107,Corrective,12,1050,No
L54749,7,46,106,Emergency,36,1350,Yes
H36984,5,45,105,Corrective,12,1750,No
L54751,5,42,102,Corrective,13,1050,No
L54752,5,41,101,Corrective,13,1050,No
L54753,5,40,100,Corrective,13,1050,No
L54754,5,39,99,Corrective,13,1050,No
L54755,5,38,98,Corrective,13,1050,No
M22436,5,37,97,Corrective,13,1350,No
L54757,5,36,96,Corrective,14,1050,No
L54758,5,35,95,Corrective,14,1050,No
L54759,5,34,94,Corrective,14,1050,No
L54760,6,33,93,Corrective,14,1200,No
M22441,6,32,92,Corrective,14,1500,No
H36996,6,30,90,Corrective,15,1900,No
L54763,6,28,88,Corrective,15,1200,No
L54764,6,27,87,Corrective,15,1200,No
L54765,6,26,86,Corrective,15,1200,No
L54766,6,25,85,Corrective,15,1200,No
L54767,6,24,84,Corrective,16,1200,No
L54768,6,23,83,Corrective,16,1200,No
L54769,6,22,82,Corrective,16,1200,No
M22450,6,21,81,Corrective,16,1500,No
M22451,8,19,79,Emergency,40,1800,Yes
M22452,6,18,78,Corrective,17,1500,No
L54773,8,16,76,Emergency,41,1500,Yes
L54774,1,120,180,Preventive,0,450,No
H37009,1,119,179,Preventive,0,1150,No
L54776,1,117,177,Preventive,0,450,No
L54777,1,116,176,Preventive,0,450,No
L54778,1,115,175,Preventive,0,450,No
L54779,1,114,174,Preventive,1,450,No
M22460,1,113,173,Preventive,1,750,No
L54781,1,111,171,Preventive,1,450,No
L54782,1,110,170,Preventive,1,450,No
L54783,1,109,169,Preventive,1,450,No
L54784,1,108,168,Preventive,2,450,No
H37019,1,107,167,Preventive,2,1150,No
M22466,1,105,165,Preventive,2,750,No
M22467,1,103,163,Preventive,2,750,No
L54788,2,102,162,Preventive,3,600,No
L54789,2,101,161,Preventive,3,600,No
M22470,2,100,160,Preventive,3,900,No
L54791,2,98,158,Preventive,3,600,No
M22472,2,97,157,Preventive,3,900,No
L54793,2,96,156,Preventive,4,600,No
L54794,2,95,155,Preventive,4,600,No
L54795,2,94,154,Preventive,4,600,No
M22476,2,93,153,Preventive,4,900,No
L54797,2,91,151,Preventive,4,600,No
M22478,2,90,150,Preventive,5,900,No
L54799,2,89,149,Preventive,5,600,No
L54800,2,88,148,Preventive,5,600,No
L54801,2,87,147,Preventive,5,600,No
M22482,2,86,146,Preventive,5,900,No
L54803,3,84,144,Preventive,6,750,No
L54804,3,83,143,Preventive,6,750,No
L54805,3,82,142,Preventive,6,750,No
H37040,3,81,141,Preventive,6,1450,No
L54807,3,79,139,Preventive,6,750,No
L54808,3,78,138,Preventive,7,750,No
M22489,3,77,137,Preventive,7,1050,No
L54810,3,75,135,Preventive,7,750,No
L54811,3,74,134,Preventive,7,750,No
L54812,3,73,133,Preventive,7,750,No
L54813,3,72,132,Preventive,8,750,No
M22494,3,71,131,Preventive,8,1050,No
L54815,3,70,130,Preventive,8,750,No
L54816,3,69,129,Preventive,8,750,No
H37051,4,68,128,Preventive,8,1600,No
L54818,4,65,125,Preventive,9,900,No
L54819,4,64,124,Preventive,9,900,No
L54820,4,63,123,Preventive,9,900,No
M22501,4,62,122,Preventive,9,1200,No
M22502,4,61,121,Preventive,9,1200,No
H37057,4,59,119,Corrective,10,1600,No
L54824,4,57,117,Corrective,10,900,No
L54825,4,56,116,Corrective,10,900,No
L54826,4,55,115,Corrective,10,900,No
L54827,4,54,114,Corrective,11,900,No
L54828,4,53,113,Corrective,11,900,No
H37063,4,52,112,Corrective,11,1600,No
L54830,5,49,109,Corrective,11,1050,No
M22511,5,48,108,Corrective,12,1350,No
L54832,5,47,107,Corrective,12,1050,No
L54833,5,46,106,Corrective,12,1050,No
M22514,5,45,105,Corrective,12,1350,No
L54835,5,43,103,Corrective,12,1050,No
L54836,5,42,102,Corrective,13,1050,No
L54837,5,41,101,Corrective,13,1050,No
M22518,5,40,100,Corrective,13,1350,No
L54839,5,39,99,Corrective,13,1050,No
M22520,5,38,98,Corrective,13,1350,No
L54841,5,36,96,Corrective,14,1050,No
M22522,5,35,95,Corrective,14,1350,No
L54843,5,34,94,Corrective,14,1050,No
H37078,6,33,93,Corrective,14,1900,No
L54845,6,30,90,Corrective,15,1200,No
M22526,6,29,89,Corrective,15,1500,No
L54847,6,28,88,Corrective,15,1200,No
L54848,6,27,87,Corrective,15,1200,No
L54849,8,26,86,Emergency,39,1500,Yes
L54850,6,25,85,Corrective,15,1200,No
M22531,6,24,84,Corrective,16,1500,No
M22532,6,22,82,Corrective,16,1500,No
M22533,6,21,81,Corrective,16,1500,No
L54854,6,19,79,Corrective,16,1200,No
L54855,6,18,78,Corrective,17,1200,No
L54856,6,17,77,Corrective,17,1200,No
L54857,6,16,76,Corrective,17,1200,No
M22538,7,15,75,Corrective,17,1650,No
L54859,7,14,74,Corrective,17,1350,No
L54860,7,13,73,Corrective,17,1350,No
L54861,7,12,72,Corrective,18,1350,No
M22542,7,11,71,Corrective,18,1650,No
L54863,7,9,69,Corrective,18,1350,No
M22544,7,8,68,Corrective,18,1650,No
L54865,7,7,67,Corrective,18,1350,No
M22546,7,6,66,Corrective,19,1650,No
M22547,9,5,64,Emergency,43,1950,Yes
L54868,1,120,180,Preventive,0,450,No
L54869,1,119,179,Preventive,0,450,No
M22550,1,118,178,Preventive,0,750,No
M22551,1,117,177,Preventive,0,750,No
H37106,1,115,175,Preventive,0,1150,No
L54873,1,113,173,Preventive,1,450,No
H37108,1,112,172,Preventive,1,1150,No
L54875,1,109,169,Preventive,1,450,No
H37110,1,108,168,Preventive,2,1150,No
L54877,1,106,166,Preventive,2,450,No
L54878,1,105,165,Preventive,2,450,No
M22559,1,104,164,Preventive,2,750,No
M22560,2,102,162,Preventive,3,900,No
H37115,2,101,161,Preventive,3,1300,No
M22562,2,98,158,Preventive,3,900,No
H37117,2,97,157,Preventive,3,1300,No
M22564,2,94,154,Preventive,4,900,No
L54885,2,93,153,Preventive,4,600,No
L54886,2,92,152,Preventive,4,600,No
H37121,2,91,151,Preventive,4,1300,No
L54888,2,88,148,Preventive,5,600,No
L54889,2,87,147,Preventive,5,600,No
M22570,2,86,146,Preventive,5,900,No
L54891,3,85,145,Preventive,5,750,No
L54892,3,84,144,Preventive,6,750,No
M22573,3,83,143,Preventive,6,1050,No
L54894,3,81,141,Preventive,6,750,No
L54895,3,80,140,Preventive,6,750,No
M22576,3,79,139,Preventive,6,1050,No
L54897,3,78,138,Preventive,7,750,No
H37132,3,77,137,Preventive,7,1450,No
H37133,3,74,134,Preventive,7,1450,No
H37134,3,72,132,Preventive,8,1450,No
L54901,3,69,129,Preventive,8,750,No
L54902,3,68,128,Preventive,8,750,No
L54903,4,67,127,Preventive,8,900,No
M22584,4,66,126,Preventive,9,1200,No
L54905,4,65,125,Preventive,9,900,No
M22586,4,64,124,Preventive,9,1200,No
M22587,4,62,122,Preventive,9,1200,No
L54908,4,61,121,Preventive,9,900,No
H37143,4,60,120,Corrective,10,1600,No
L54910,4,57,117,Corrective,10,900,No
L54911,4,56,116,Corrective,10,900,No
L54912,4,55,115,Corrective,10,900,No
L54913,4,54,114,Corrective,11,900,No
L54914,4,53,113,Corrective,11,900,No
L54915,4,52,112,Corrective,11,900,No
H37150,4,51,111,Corrective,11,1600,No
M22597,5,49,109,Corrective,11,1350,No
M22598,5,47,107,Corrective,12,1350,No
L54919,5,46,106,Corrective,12,1050,No
L54920,5,45,105,Corrective,12,1050,No
L54921,5,44,104,Corrective,12,1050,No
M22602,5,43,103,Corrective,12,1350,No
L54923,5,41,101,Corrective,13,1050,No
L54924,5,40,100,Corrective,13,1050,No
L54925,5,39,99,Corrective,13,1050,No
M22606,5,38,98,Corrective,13,1350,No
M22607,5,37,97,Corrective,13,1350,No
L54928,5,35,95,Corrective,14,1050,No
L54929,5,34,94,Corrective,14,1050,No
L54930,5,33,93,Corrective,14,1050,No
M22611,6,32,92,Corrective,14,1500,No
M22612,6,31,91,Corrective,14,1500,No
M22613,6,29,89,Corrective,15,1500,No
M22614,6,28,88,Corrective,15,1500,No
M22615,6,26,86,Corrective,15,1500,No
L54936,8,25,85,Emergency,39,1500,Yes
M22617,6,24,84,Corrective,16,1500,No
L54938,6,22,82,Corrective,16,1200,No
L54939,8,21,81,Emergency,40,1500,Yes
M22620,6,20,80,Corrective,16,1500,No
H37175,6,19,79,Corrective,16,1900,No
M22622,1,120,180,Preventive,0,750,No
L54943,3,119,179,Emergency,24,750,Yes
M22624,1,118,178,Preventive,0,750,No
H37179,1,116,176,Preventive,0,1150,No
L54946,1,114,174,Preventive,1,450,No
H37181,1,113,173,Preventive,1,1150,No
M22628,1,110,170,Preventive,1,750,No
L54949,1,109,169,Preventive,1,450,No
L54950,1,108,168,Preventive,2,450,No
L54951,1,107,167,Preventive,2,450,No
H37186,1,106,166,Preventive,2,1150,No
L54953,1,103,163,Preventive,2,450,No
L54954,2,102,162,Preventive,3,600,No
L54955,2,101,161,Preventive,3,600,No
M22636,2,100,160,Preventive,3,900,No
L54957,2,99,159,Preventive,3,600,No
L54958,2,98,158,Preventive,3,600,No
L54959,2,97,157,Preventive,3,600,No
L54960,2,96,156,Preventive,4,600,No
L54961,2,95,155,Preventive,4,600,No
M22642,2,94,154,Preventive,4,900,No
L54963,2,92,152,Preventive,4,600,No
L54964,2,91,151,Preventive,4,600,No
L54965,2,90,150,Preventive,5,600,No
L54966,2,89,149,Preventive,5,600,No
L54967,2,88,148,Preventive,5,600,No
M22648,2,87,147,Preventive,5,900,No
L54969,2,86,146,Preventive,5,600,No
L54970,3,85,145,Preventive,5,750,No
L54971,3,84,144,Preventive,6,750,No
H37206,3,83,143,Preventive,6,1450,No
L54973,3,80,140,Preventive,6,750,No
M22654,3,79,139,Preventive,6,1050,No
H37209,3,78,138,Preventive,7,1450,No
L54976,3,75,135,Preventive,7,750,No
L54977,3,74,134,Preventive,7,750,No
L54978,3,73,133,Preventive,7,750,No
L54979,3,72,132,Preventive,8,750,No
M22660,3,71,131,Preventive,8,1050,No
L54981,3,70,130,Preventive,8,750,No
L54982,3,69,129,Preventive,8,750,No
M22663,4,68,128,Preventive,8,1200,No
M22664,4,66,126,Preventive,9,1200,No
L54985,4,65,125,Preventive,9,900,No
L54986,4,64,124,Preventive,9,900,No
M22667,4,63,123,Preventive,9,1200,No
L54988,4,61,121,Preventive,9,900,No
M22669,4,60,120,Corrective,10,1200,No
L54990,4,59,119,Corrective,10,900,No
M22671,4,58,118,Corrective,10,1200,No
L54992,4,56,116,Corrective,10,900,No
L54993,4,55,115,Corrective,10,900,No
L54994,4,54,114,Corrective,11,900,No
M22675,4,53,113,Corrective,11,1200,No
L54996,4,52,112,Corrective,11,900,No
H37231,4,51,111,Corrective,11,1600,No
L54998,5,48,108,Corrective,12,1050,No
L54999,5,47,107,Corrective,12,1050,No
M22680,5,46,106,Corrective,12,1350,No
L55001,5,45,105,Corrective,12,1050,No
H37236,5,44,104,Corrective,12,1750,No
L55003,5,41,101,Corrective,13,1050,No
L55004,5,40,100,Corrective,13,1050,No
M22685,5,39,99,Corrective,13,1350,No
L55006,5,38,98,Corrective,13,1050,No
M22687,5,37,97,Corrective,13,1350,No
M22688,5,35,95,Corrective,14,1350,No
L55009,5,34,94,Corrective,14,1050,No
H37244,6,33,93,Corrective,14,1900,No
M22691,6,30,90,Corrective,15,1500,No
L55012,6,29,89,Corrective,15,1200,No
L55013,6,28,88,Corrective,15,1200,No
L55014,6,27,87,Corrective,15,1200,No
L55015,6,26,86,Corrective,15,1200,No
L55016,6,25,85,Corrective,15,1200,No
L55017,6,24,84,Corrective,16,1200,No
L55018,6,23,83,Corrective,16,1200,No
L55019,6,22,82,Corrective,16,1200,No
L55020,6,21,81,Corrective,16,1200,No
L55021,6,20,80,Corrective,16,1200,No
L55022,6,19,79,Corrective,16,1200,No
M22703,6,18,78,Corrective,17,1500,No
L55024,6,16,76,Corrective,17,1200,No
L55025,7,15,75,Corrective,17,1350,No
M22706,7,14,74,Corrective,17,1650,No
L55027,7,13,73,Corrective,17,1350,No
H37262,7,12,72,Corrective,18,2050,No
M22709,9,9,69,Emergency,42,1950,Yes
M22710,1,120,180,Preventive,0,750,No
L55031,1,119,179,Preventive,0,450,No
L55032,1,118,178,Preventive,0,450,No
L55033,1,117,177,Preventive,0,450,No
L55034,1,116,176,Preventive,0,450,No
M22715,1,115,175,Preventive,0,750,No
L55036,1,113,173,Preventive,1,450,No
L55037,1,112,172,Preventive,1,450,No
L55038,1,111,171,Preventive,1,450,No
M22719,1,110,170,Preventive,1,750,No
L55040,1,109,169,Preventive,1,450,No
L55041,1,108,168,Preventive,2,450,No
M22722,1,107,167,Preventive,2,750,No
M22723,1,105,165,Preventive,2,750,No
L55044,1,104,164,Preventive,2,450,No
L55045,2,103,163,Preventive,2,600,No
L55046,2,102,162,Preventive,3,600,No
L55047,2,101,161,Preventive,3,600,No
H37282,2,100,160,Preventive,3,1300,No
M22729,2,97,157,Preventive,3,900,No
M22730,2,96,156,Preventive,4,900,No
L55051,2,94,154,Preventive,4,600,No
L55052,2,93,153,Preventive,4,600,No
L55053,2,92,152,Preventive,4,600,No
L55054,2,91,151,Preventive,4,600,No
L55055,2,90,150,Preventive,5,600,No
H37290,2,89,149,Preventive,5,1300,No
L55057,2,87,147,Preventive,5,600,No
L55058,2,86,146,Preventive,5,600,No
M22739,3,85,145,Preventive,5,1050,No
H37294,3,83,143,Preventive,6,1450,No
L55061,3,81,141,Preventive,6,750,No
H37296,3,80,140,Preventive,6,1450,No
H37297,3,77,137,Preventive,7,1450,No
L55064,5,75,135,Emergency,31,1050,Yes
L55065,3,74,134,Preventive,7,750,No
M22746,3,73,133,Preventive,7,1050,No
L55067,3,71,131,Preventive,8,750,No
L55068,3,70,130,Preventive,8,750,No
M22749,3,69,129,Preventive,8,1050,No
L55070,4,68,128,Preventive,8,900,No
L55071,4,67,127,Preventive,8,900,No
M22752,4,66,126,Preventive,9,1200,No
L55073,4,64,124,Preventive,9,900,No
M22754,4,63,123,Preventive,9,1200,No
L55075,4,62,122,Preventive,9,900,No
L55076,4,61,121,Preventive,9,900,No
L55077,4,60,120,Corrective,10,900,No
L55078,4,59,119,Corrective,10,900,No
L55079,4,58,118,Corrective,10,900,No
L55080,4,57,117,Corrective,10,900,No
L55081,4,56,116,Corrective,10,900,No
M22762,4,55,115,Corrective,10,1200,No
L55083,4,53,113,Corrective,11,900,No
M22764,4,52,112,Corrective,11,1200,No
M22765,4,51,111,Corrective,11,1200,No
L55086,5,49,109,Corrective,11,1050,No
L55087,5,48,108,Corrective,12,1050,No
L55088,5,47,107,Corrective,12,1050,No
L55089,5,46,106,Corrective,12,1050,No
M22770,5,45,105,Corrective,12,1350,No
L55091,5,44,104,Corrective,12,1050,No
L55092,5,43,103,Corrective,12,1050,No
L55093,5,42,102,Corrective,13,1050,No
H37328,5,41,101,Corrective,13,1750,No
H37329,5,38,98,Corrective,13,1750,No
L55096,5,36,96,Corrective,14,1050,No
L55097,5,35,95,Corrective,14,1050,No
L55098,5,34,94,Corrective,14,1050,No
L55099,6,33,93,Corrective,14,1200,No
L55100,6,32,92,Corrective,14,1200,No
L55101,6,31,91,Corrective,14,1200,No
L55102,6,30,90,Corrective,15,1200,No
M22783,6,29,89,Corrective,15,1500,No
H37338,6,27,87,Corrective,15,1900,No
M22785,6,25,85,Corrective,15,1500,No
L55106,8,23,83,Emergency,40,1500,Yes
L55107,6,22,82,Corrective,16,1200,No
L55108,6,21,81,Corrective,16,1200,No
M22789,6,20,80,Corrective,16,1500,No
L55110,6,19,79,Corrective,16,1200,No
L55111,6,18,78,Corrective,17,1200,No
L55112,6,17,77,Corrective,17,1200,No
L55113,6,16,76,Corrective,17,1200,No
M22794,7,15,75,Corrective,17,1650,No
M22795,7,13,73,Corrective,17,1650,No
L55116,7,12,72,Corrective,18,1350,No
L55117,7,11,71,Corrective,18,1350,No
L55118,7,10,70,Corrective,18,1350,No
L55119,7,9,69,Corrective,18,1350,No
M22800,1,120,180,Preventive,0,750,No
M22801,1,119,179,Preventive,0,750,No
L55122,1,117,177,Preventive,0,450,No
L55123,1,116,176,Preventive,0,450,No
L55124,1,115,175,Preventive,0,450,No
L55125,1,114,174,Preventive,1,450,No
L55126,1,113,173,Preventive,1,450,No
L55127,1,112,172,Preventive,1,450,No
L55128,1,111,171,Preventive,1,450,No
M22809,1,110,170,Preventive,1,750,No
L55130,1,109,169,Preventive,1,450,No
M22811,1,108,168,Preventive,2,750,No
M22812,1,106,166,Preventive,2,750,No
L55133,1,105,165,Preventive,2,450,No
L55134,1,104,164,Preventive,2,450,No
M22815,2,103,163,Preventive,2,900,No
H37370,2,101,161,Preventive,3,1300,No
H37371,2,99,159,Preventive,3,1300,No
L55138,2,96,156,Preventive,4,600,No
L55139,2,95,155,Preventive,4,600,No
H37374,2,94,154,Preventive,4,1300,No
L55141,2,92,152,Preventive,4,600,No
L55142,2,91,151,Preventive,4,600,No
L55143,2,90,150,Preventive,5,600,No
L55144,2,89,149,Preventive,5,600,No
L55145,2,88,148,Preventive,5,600,No
L55146,2,87,147,Preventive,5,600,No
M22827,2,86,146,Preventive,5,900,No
L55148,3,84,144,Preventive,6,750,No
L55149,3,83,143,Preventive,6,750,No
M22830,3,82,142,Preventive,6,1050,No
L55151,3,81,141,Preventive,6,750,No
L55152,3,80,140,Preventive,6,750,No
L55153,3,79,139,Preventive,6,750,No
L55154,3,78,138,Preventive,7,750,No
M22835,3,77,137,Preventive,7,1050,No
H37390,3,75,135,Preventive,7,1450,No
L55157,3,73,133,Preventive,7,750,No
L55158,3,72,132,Preventive,8,750,No
M22839,3,71,131,Preventive,8,1050,No
M22840,3,69,129,Preventive,8,1050,No
L55161,4,68,128,Preventive,8,900,No
L55162,4,67,127,Preventive,8,900,No
L55163,4,66,126,Preventive,9,900,No
L55164,4,65,125,Preventive,9,900,No
L55165,4,64,124,Preventive,9,900,No
L55166,4,63,123,Preventive,9,900,No
H37401,4,62,122,Preventive,9,1600,No
L55168,4,59,119,Corrective,10,900,No
L55169,4,58,118,Corrective,10,900,No
M22850,4,57,117,Corrective,10,1200,No
L55171,4,56,116,Corrective,10,900,No
M22852,4,55,115,Corrective,10,1200,No
L55173,4,53,113,Corrective,11,900,No
L55174,4,52,112,Corrective,11,900,No
L55175,4,51,111,Corrective,11,900,No
M22856,5,50,110,Corrective,11,1350,No
M22857,7,49,109,Emergency,35,1650,Yes
L55178,5,47,107,Corrective,12,1050,No
M22859,5,46,106,Corrective,12,1350,No
M22860,5,45,105,Corrective,12,1350,No
L55181,5,43,103,Corrective,12,1050,No
M22862,5,42,102,Corrective,13,1350,No
M22863,5,41,101,Corrective,13,1350,No
L55184,5,39,99,Corrective,13,1050,No
L55185,5,38,98,Corrective,13,1050,No
L55186,5,37,97,Corrective,13,1050,No
M22867,5,36,96,Corrective,14,1350,No
L55188,5,35,95,Corrective,14,1050,No
H37423,5,34,94,Corrective,14,1750,No
L55190,6,31,91,Corrective,14,1200,No
L55191,6,30,90,Corrective,15,1200,No
M22872,6,29,89,Corrective,15,1500,No
M22873,6,28,88,Corrective,15,1500,No
L55194,6,26,86,Corrective,15,1200,No
M22875,6,25,85,Corrective,15,1500,No
M22876,6,24,84,Corrective,16,1500,No
L55197,6,22,82,Corrective,16,1200,No
L55198,6,21,81,Corrective,16,1200,No
L55199,6,20,80,Corrective,16,1200,No
H37434,6,19,79,Corrective,16,1900,No
M22881,6,17,77,Corrective,17,1500,No
L55202,7,15,75,Corrective,17,1350,No
H37437,7,14,74,Corrective,17,2050,No
L55204,7,12,72,Corrective,18,1350,No
M22885,7,11,71,Corrective,18,1650,No
L55206,9,9,69,Emergency,42,1650,Yes
L55207,7,8,68,Corrective,18,1350,No
L55208,7,7,67,Corrective,18,1350,No
M22889,1,120,180,Preventive,0,750,No
L55210,1,119,179,Preventive,0,450,No
L55211,1,118,178,Preventive,0,450,No
L55212,1,117,177,Preventive,0,450,No
L55213,1,116,176,Preventive,0,450,No
L55214,1,115,175,Preventive,0,450,No
L55215,1,114,174,Preventive,1,450,No
L55216,1,113,173,Preventive,1,450,No
L55217,1,112,172,Preventive,1,450,No
L55218,1,111,171,Preventive,1,450,No
L55219,1,110,170,Preventive,1,450,No
L55220,1,109,169,Preventive,1,450,No
H37455,1,108,168,Preventive,2,1150,No
L55222,1,105,165,Preventive,2,450,No
L55223,1,104,164,Preventive,2,450,No
L55224,1,103,163,Preventive,2,450,No
M22905,2,102,162,Preventive,3,900,No
L55226,2,101,161,Preventive,3,600,No
L55227,2,100,160,Preventive,3,600,No
L55228,2,99,159,Preventive,3,600,No
H37463,2,98,158,Preventive,3,1300,No
L55230,2,95,155,Preventive,4,600,No
L55231,2,94,154,Preventive,4,600,No
L55232,2,93,153,Preventive,4,600,No
L55233,2,92,152,Preventive,4,600,No
L55234,2,91,151,Preventive,4,600,No
H37469,2,90,150,Preventive,5,1300,No
L55236,2,88,148,Preventive,5,600,No
L55237,2,87,147,Preventive,5,600,No
L55238,2,86,146,Preventive,5,600,No
L55239,3,85,145,Preventive,5,750,No
H37474,3,84,144,Preventive,6,1450,No
M22921,3,81,141,Preventive,6,1050,No
M22922,3,80,140,Preventive,6,1050,No
M22923,3,78,138,Preventive,7,1050,No
L55244,3,77,137,Preventive,7,750,No
M22925,3,76,136,Preventive,7,1050,No
L55246,3,74,134,Preventive,7,750,No
M22927,3,73,133,Preventive,7,1050,No
M22928,3,72,132,Preventive,8,1050,No
M22929,3,70,130,Preventive,8,1050,No
M22930,3,69,129,Preventive,8,1050,No
L55251,4,67,127,Preventive,8,900,No
H37486,4,66,126,Preventive,9,1600,No
L55253,4,64,124,Preventive,9,900,No
L55254,4,63,123,Preventive,9,900,No
L55255,4,62,122,Preventive,9,900,No
L55256,4,61,121,Preventive,9,900,No
L55257,4,60,120,Corrective,10,900,No
L55258,4,59,119,Corrective,10,900,No
L55259,4,58,118,Corrective,10,900,No
H37494,4,57,117,Corrective,10,1600,No
L55261,4,54,114,Corrective,11,900,No
H37496,4,53,113,Corrective,11,1600,No
L55263,4,51,111,Corrective,11,900,No
L55264,5,50,110,Corrective,11,1050,No
L55265,5,49,109,Corrective,11,1050,No
L55266,5,48,108,Corrective,12,1050,No
L55267,5,47,107,Corrective,12,1050,No
L55268,5,46,106,Corrective,12,1050,No
L55269,5,45,105,Corrective,12,1050,No
L55270,5,44,104,Corrective,12,1050,No
L55271,5,43,103,Corrective,12,1050,No
M22952,5,42,102,Corrective,13,1350,No
L55273,5,40,100,Corrective,13,1050,No
H37508,5,39,99,Corrective,13,1750,No
L55275,5,37,97,Corrective,13,1050,No
M22956,5,36,96,Corrective,14,1350,No
L55277,5,34,94,Corrective,14,1050,No
L55278,5,33,93,Corrective,14,1050,No
L55279,6,32,92,Corrective,14,1200,No
L55280,6,31,91,Corrective,14,1200,No
L55281,6,30,90,Corrective,15,1200,No
L55282,6,29,89,Corrective,15,1200,No
M22963,6,28,88,Corrective,15,1500,No
L55284,6,27,87,Corrective,15,1200,No
L55285,6,26,86,Corrective,15,1200,No
M22966,6,25,85,Corrective,15,1500,No
H37521,6,23,83,Corrective,16,1900,No
M22968,6,21,81,Corrective,16,1500,No
L55289,6,19,79,Corrective,16,1200,No
H37524,6,18,78,Corrective,17,1900,No
M22971,8,16,76,Emergency,41,1800,Yes
M22972,1,120,180,Preventive,0,750,No
L55293,1,119,179,Preventive,0,450,No
H37528,1,118,178,Preventive,0,1150,No
L55295,1,115,175,Preventive,0,450,No
L55296,1,114,174,Preventive,1,450,No
L55297,1,113,173,Preventive,1,450,No
L55298,1,112,172,Preventive,1,450,No
L55299,1,111,171,Preventive,1,450,No
L55300,1,110,170,Preventive,1,450,No
L55301,1,109,169,Preventive,1,450,No
M22982,1,108,168,Preventive,2,750,No
H37537,1,107,167,Preventive,2,1150,No
L55304,1,104,164,Preventive,2,450,No
L55305,1,103,163,Preventive,2,450,No
L55306,2,102,162,Preventive,3,600,No
M22987,2,101,161,Preventive,3,900,No
L55308,2,100,160,Preventive,3,600,No
L55309,2,99,159,Preventive,3,600,No
H37544,2,98,158,Preventive,3,1300,No
H37545,2,95,155,Preventive,4,1300,No
M22992,2,93,153,Preventive,4,900,No
L55313,2,91,151,Preventive,4,600,No
L55314,2,90,150,Preventive,5,600,No
L55315,2,89,149,Preventive,5,600,No
M22996,2,88,148,Preventive,5,900,No
H37551,2,87,147,Preventive,5,1300,No
L55318,3,84,144,Preventive,6,750,No
L55319,3,83,143,Preventive,6,750,No
L55320,3,82,142,Preventive,6,750,No
L55321,3,81,141,Preventive,6,750,No
M23002,3,80,140,Preventive,6,1050,No
L55323,3,79,139,Preventive,6,750,No
M23004,3,78,138,Preventive,7,1050,No
M23005,3,76,136,Preventive,7,1050,No
L55326,3,75,135,Preventive,7,750,No
L55327,3,74,134,Preventive,7,750,No
M23008,3,73,133,Preventive,7,1050,No
M23009,3,71,131,Preventive,8,1050,No
M23010,3,70,130,Preventive,8,1050,No
L55331,3,68,128,Preventive,8,750,No
L55332,4,67,127,Preventive,8,900,No
L55333,4,66,126,Preventive,9,900,No
L55334,4,65,125,Preventive,9,900,No
L55335,4,64,124,Preventive,9,900,No
L55336,4,63,123,Preventive,9,900,No
L55337,4,62,122,Preventive,9,900,No
L55338,4,61,121,Preventive,9,900,No
H37573,4,60,120,Corrective,10,1600,No
M23020,4,58,118,Corrective,10,1200,No
H37575,4,56,116,Corrective,10,1600,No
L55342,4,54,114,Corrective,11,900,No
L55343,4,53,113,Corrective,11,900,No
L55344,4,52,112,Corrective,11,900,No
L55345,4,51,111,Corrective,11,900,No
L55346,5,50,110,Corrective,11,1050,No
H37581,5,49,109,Corrective,11,1750,No
L55348,5,46,106,Corrective,12,1050,No
M23029,5,45,105,Corrective,12,1350,No
L55350,5,44,104,Corrective,12,1050,No
H37585,5,43,103,Corrective,12,1750,No
L55352,5,40,100,Corrective,13,1050,No
H37587,5,39,99,Corrective,13,1750,No
L55354,5,37,97,Corrective,13,1050,No
M23035,5,36,96,Corrective,14,1350,No
L55356,5,34,94,Corrective,14,1050,No
L55357,5,33,93,Corrective,14,1050,No
L55358,6,32,92,Corrective,14,1200,No
L55359,6,31,91,Corrective,14,1200,No
M23040,6,30,90,Corrective,15,1500,No
L55361,6,29,89,Corrective,15,1200,No
M23042,6,28,88,Corrective,15,1500,No
L55363,6,26,86,Corrective,15,1200,No
L55364,6,25,85,Corrective,15,1200,No
L55365,6,24,84,Corrective,16,1200,No
L55366,6,23,83,Corrective,16,1200,No
L55367,6,22,82,Corrective,16,1200,No
M23048,6,21,81,Corrective,16,1500,No
L55369,6,20,80,Corrective,16,1200,No
M23050,6,19,79,Corrective,16,1500,No
M23051,6,17,77,Corrective,17,1500,No
L55372,8,16,76,Emergency,41,1500,Yes
L55373,7,15,75,Corrective,17,1350,No
L55374,7,14,74,Corrective,17,1350,No
L55375,9,13,73,Emergency,41,1650,Yes
L55376,7,12,72,Corrective,18,1350,No
M23057,7,11,71,Corrective,18,1650,No
M23058,7,9,69,Corrective,18,1650,No
L55379,9,8,68,Emergency,42,1650,Yes
L55380,1,120,180,Preventive,0,450,No
M23061,1,119,179,Preventive,0,750,No
L55382,1,118,178,Preventive,0,450,No
M23063,1,117,177,Preventive,0,750,No
L55384,1,115,175,Preventive,0,450,No
M23065,1,114,174,Preventive,1,750,No
L55386,1,113,173,Preventive,1,450,No
L55387,1,112,172,Preventive,1,450,No
L55388,1,111,171,Preventive,1,450,No
L55389,1,110,170,Preventive,1,450,No
H37624,1,109,169,Preventive,1,1150,No
L55391,1,106,166,Preventive,2,450,No
H37626,1,105,165,Preventive,2,1150,No
M23073,2,103,163,Preventive,2,900,No
L55394,2,101,161,Preventive,3,600,No
L55395,2,100,160,Preventive,3,600,No
L55396,2,99,159,Preventive,3,600,No
L55397,2,98,158,Preventive,3,600,No
L55398,2,97,157,Preventive,3,600,No
L55399,2,96,156,Preventive,4,600,No
M23080,2,95,155,Preventive,4,900,No
M23081,2,94,154,Preventive,4,900,No
L55402,2,92,152,Preventive,4,600,No
L55403,2,91,151,Preventive,4,600,No
L55404,2,90,150,Preventive,5,600,No
L55405,2,89,149,Preventive,5,600,No
L55406,2,88,148,Preventive,5,600,No
M23087,2,87,147,Preventive,5,900,No
M23088,2,86,146,Preventive,5,900,No
L55409,3,84,144,Preventive,6,750,No
L55410,3,83,143,Preventive,6,750,No
L55411,3,82,142,Preventive,6,750,No
L55412,3,81,141,Preventive,6,750,No
M23093,3,80,140,Preventive,6,1050,No
L55414,3,79,139,Preventive,6,750,No
M23095,3,78,138,Preventive,7,1050,No
L55416,3,76,136,Preventive,7,750,No
L55417,3,75,135,Preventive,7,750,No
L55418,3,74,134,Preventive,7,750,No
L55419,3,73,133,Preventive,7,750,No
L55420,3,72,132,Preventive,8,750,No
M23101,3,71,131,Preventive,8,1050,No
M23102,3,70,130,Preventive,8,1050,No
H37657,3,68,128,Preventive,8,1450,No
L55424,4,66,126,Preventive,9,900,No
M23105,6,65,125,Emergency,33,1500,Yes
L55426,4,63,123,Preventive,9,900,No
L55427,4,62,122,Preventive,9,900,No
L55428,4,61,121,Preventive,9,900,No
L55429,4,60,120,Corrective,10,900,No
M23110,4,59,119,Corrective,10,1200,No
L55431,4,58,118,Corrective,10,900,No
L55432,4,57,117,Corrective,10,900,No
L55433,4,56,116,Corrective,10,900,No
M23114,4,55,115,Corrective,10,1200,No
L55435,4,53,113,Corrective,11,900,No
H37670,4,52,112,Corrective,11,1600,No
M23117,5,50,110,Corrective,11,1350,No
L55438,5,48,108,Corrective,12,1050,No
L55439,5,47,107,Corrective,12,1050,No
H37674,5,46,106,Corrective,12,1750,No
H37675,5,44,104,Corrective,12,1750,No
L55442,5,41,101,Corrective,13,1050,No
H37677,5,40,100,Corrective,13,1750,No
M23124,5,38,98,Corrective,13,1350,No
H37679,5,36,96,Corrective,14,1750,No
L55446,5,34,94,Corrective,14,1050,No
L55447,6,33,93,Corrective,14,1200,No
M23128,6,32,92,Corrective,14,1500,No
H37683,6,30,90,Corrective,15,1900,No
M23130,6,28,88,Corrective,15,1500,No
L55451,6,26,86,Corrective,15,1200,No
L55452,6,25,85,Corrective,15,1200,No
M23133,6,24,84,Corrective,16,1500,No
L55454,6,23,83,Corrective,16,1200,No
M23135,6,22,82,Corrective,16,1500,No
L55456,6,20,80,Corrective,16,1200,No
H37691,6,19,79,Corrective,16,1900,No
L55458,6,17,77,Corrective,17,1200,No
L55459,6,16,76,Corrective,17,1200,No
L55460,7,15,75,Corrective,17,1350,No
H37695,7,14,74,Corrective,17,2050,No
M23142,7,11,71,Corrective,18,1650,No
H37697,7,10,70,Corrective,18,2050,No
L55464,1,120,180,Preventive,0,450,No
L55465,1,119,179,Preventive,0,450,No
M23146,1,118,178,Preventive,0,750,No
L55467,1,117,177,Preventive,0,450,No
M23148,1,116,176,Preventive,0,750,No
L55469,1,114,174,Preventive,1,450,No
M23150,1,113,173,Preventive,1,750,No
L55471,1,112,172,Preventive,1,450,No
H37706,1,111,171,Preventive,1,1150,No
M23153,1,108,168,Preventive,2,750,No
M23154,1,107,167,Preventive,2,750,No
L55475,1,105,165,Preventive,2,450,No
L55476,1,104,164,Preventive,2,450,No
M23157,1,103,163,Preventive,2,750,No
H37712,2,102,162,Preventive,3,1300,No
L55479,2,99,159,Preventive,3,600,No
L55480,2,98,158,Preventive,3,600,No
M23161,2,97,157,Preventive,3,900,No
L55482,2,96,156,Preventive,4,600,No
L55483,2,95,155,Preventive,4,600,No
M23164,2,94,154,Preventive,4,900,No
H37719,2,92,152,Preventive,4,1300,No
M23166,2,90,150,Preventive,5,900,No
M23167,4,88,148,Emergency,29,1200,Yes
L55488,2,87,147,Preventive,5,600,No
M23169,2,86,146,Preventive,5,900,No
L55490,3,84,144,Preventive,6,750,No
M23171,3,83,143,Preventive,6,1050,No
M23172,3,82,142,Preventive,6,1050,No
M23173,3,80,140,Preventive,6,1050,No
L55494,3,79,139,Preventive,6,750,No
H37729,3,78,138,Preventive,7,1450,No
L55496,3,75,135,Preventive,7,750,No
L55497,3,74,134,Preventive,7,750,No
H37732,3,73,133,Preventive,7,1450,No
L55499,3,71,131,Preventive,8,750,No
M23180,3,70,130,Preventive,8,1050,No
L55501,3,68,128,Preventive,8,750,No
L55502,4,67,127,Preventive,8,900,No
H37737,4,66,126,Preventive,9,1600,No
M23184,4,64,124,Preventive,9,1200,No
M23185,4,62,122,Preventive,9,1200,No
H37740,4,61,121,Preventive,9,1600,No
M23187,4,58,118,Corrective,10,1200,No
L55508,4,57,117,Corrective,10,900,No
L55509,4,56,116,Corrective,10,900,No
L55510,4,55,115,Corrective,10,900,No
M23191,4,54,114,Corrective,11,1200,No
L55512,4,52,112,Corrective,11,900,No
M23193,4,51,111,Corrective,11,1200,No
M23194,5,50,110,Corrective,11,1350,No
M23195,5,48,108,Corrective,12,1350,No
L55516,5,47,107,Corrective,12,1050,No
M23197,5,46,106,Corrective,12,1350,No
L55518,5,44,104,Corrective,12,1050,No
M23199,5,43,103,Corrective,12,1350,No
M23200,5,42,102,Corrective,13,1350,No
L55521,5,40,100,Corrective,13,1050,No
L55522,5,39,99,Corrective,13,1050,No
H37757,5,38,98,Corrective,13,1750,No
L55524,5,36,96,Corrective,14,1050,No
H37759,5,35,95,Corrective,14,1750,No
L55526,6,32,92,Corrective,14,1200,No
L55527,6,31,91,Corrective,14,1200,No
M23208,6,30,90,Corrective,15,1500,No
M23209,6,29,89,Corrective,15,1500,No
M23210,6,27,87,Corrective,15,1500,No
M23211,6,26,86,Corrective,15,1500,No
L55532,6,24,84,Corrective,16,1200,No
L55533,6,23,83,Corrective,16,1200,No
L55534,6,22,82,Corrective,16,1200,No
L55535,6,21,81,Corrective,16,1200,No
M23216,6,20,80,Corrective,16,1500,No
L55537,8,19,79,Emergency,40,1500,Yes
L55538,1,120,180,Preventive,0,450,No
M23219,1,119,179,Preventive,0,750,No
L55540,1,118,178,Preventive,0,450,No
L55541,1,117,177,Preventive,0,450,No
L55542,1,116,176,Preventive,0,450,No
L55543,1,115,175,Preventive,0,450,No
L55544,1,114,174,Preventive,1,450,No
M23225,1,113,173,Preventive,1,750,No
M23226,1,111,171,Preventive,1,750,No
L55547,1,110,170,Preventive,1,450,No
L55548,1,109,169,Preventive,1,450,No
L55549,1,108,168,Preventive,2,450,No
L55550,1,107,167,Preventive,2,450,No
L55551,1,106,166,Preventive,2,450,No
M23232,1,105,165,Preventive,2,750,No
M23233,1,103,163,Preventive,2,750,No
L55554,2,102,162,Preventive,3,600,No
M23235,2,101,161,Preventive,3,900,No
L55556,2,99,159,Preventive,3,600,No
L55557,2,98,158,Preventive,3,600,No
M23238,2,97,157,Preventive,3,900,No
L55559,2,96,156,Preventive,4,600,No
L55560,2,95,155,Preventive,4,600,No
H37795,2,94,154,Preventive,4,1300,No
L55562,2,91,151,Preventive,4,600,No
M23243,2,90,150,Preventive,5,900,No
L55564,2,89,149,Preventive,5,600,No
H37799,2,88,148,Preventive,5,1300,No
M23246,3,85,145,Preventive,5,1050,No
L55567,3,84,144,Preventive,6,750,No
L55568,3,83,143,Preventive,6,750,No
L55569,3,82,142,Preventive,6,750,No
M23250,3,81,141,Preventive,6,1050,No
L55571,3,79,139,Preventive,6,750,No
M23252,3,78,138,Preventive,7,1050,No
L55573,3,77,137,Preventive,7,750,No
M23254,3,76,136,Preventive,7,1050,No
M23255,3,74,134,Preventive,7,1050,No
H37810,3,73,133,Preventive,7,1450,No
L55577,3,70,130,Preventive,8,750,No
L55578,5,69,129,Emergency,32,1050,Yes
L55579,3,68,128,Preventive,8,750,No
L55580,4,67,127,Preventive,8,900,No
H37815,4,66,126,Preventive,9,1600,No
L55582,4,64,124,Preventive,9,900,No
L55583,4,63,123,Preventive,9,900,No
L55584,4,62,122,Preventive,9,900,No
M23265,4,61,121,Preventive,9,1200,No
M23266,4,59,119,Corrective,10,1200,No
L55587,4,58,118,Corrective,10,900,No
M23268,4,57,117,Corrective,10,1200,No
L55589,4,55,115,Corrective,10,900,No
L55590,4,54,114,Corrective,11,900,No
L55591,4,53,113,Corrective,11,900,No
M23272,4,52,112,Corrective,11,1200,No
M23273,4,51,111,Corrective,11,1200,No
L55594,5,49,109,Corrective,11,1050,No
M23275,5,48,108,Corrective,12,1350,No
M23276,5,47,107,Corrective,12,1350,No
H37831,5,45,105,Corrective,12,1750,No
L55598,5,43,103,Corrective,12,1050,No
L55599,5,42,102,Corrective,13,1050,No
L55600,5,41,101,Corrective,13,1050,No
L55601,5,40,100,Corrective,13,1050,No
H37836,5,39,99,Corrective,13,1750,No
L55603,5,36,96,Corrective,14,1050,No
L55604,5,35,95,Corrective,14,1050,No
L55605,5,34,94,Corrective,14,1050,No
L55606,5,33,93,Corrective,14,1050,No
L55607,6,32,92,Corrective,14,1200,No
M23288,6,31,91,Corrective,14,1500,No
L55609,6,30,90,Corrective,15,1200,No
L55610,6,29,89,Corrective,15,1200,No
H37845,6,28,88,Corrective,15,1900,No
L55612,6,25,85,Corrective,15,1200,No
M23293,6,24,84,Corrective,16,1500,No
M23294,6,23,83,Corrective,16,1500,No
M23295,6,21,81,Corrective,16,1500,No
L55616,6,20,80,Corrective,16,1200,No
L55617,8,19,79,Emergency,40,1500,Yes
L55618,6,18,78,Corrective,17,1200,No
L55619,6,17,77,Corrective,17,1200,No
L55620,1,120,180,Preventive,0,450,No
L55621,1,119,179,Preventive,0,450,No
L55622,1,118,178,Preventive,0,450,No
M23303,1,117,177,Preventive,0,750,No
M23304,1,116,176,Preventive,0,750,No
M23305,1,114,174,Preventive,1,750,No
L55626,1,113,173,Preventive,1,450,No
L55627,1,112,172,Preventive,1,450,No
L55628,1,111,171,Preventive,1,450,No
L55629,1,110,170,Preventive,1,450,No
L55630,1,109,169,Preventive,1,450,No
L55631,1,108,168,Preventive,2,450,No
M23312,1,107,167,Preventive,2,750,No
L55633,1,105,165,Preventive,2,450,No
L55634,1,104,164,Preventive,2,450,No
L55635,1,103,163,Preventive,2,450,No
L55636,2,102,162,Preventive,3,600,No
L55637,2,101,161,Preventive,3,600,No
L55638,2,100,160,Preventive,3,600,No
L55639,2,99,159,Preventive,3,600,No
L55640,2,98,158,Preventive,3,600,No
L55641,2,97,157,Preventive,3,600,No
M23322,2,96,156,Preventive,4,900,No
M23323,2,95,155,Preventive,4,900,No
H37878,2,93,153,Preventive,4,1300,No
M23325,2,91,151,Preventive,4,900,No
L55646,2,89,149,Preventive,5,600,No
L55647,2,88,148,Preventive,5,600,No
H37882,2,87,147,Preventive,5,1300,No
M23329,3,85,145,Preventive,5,1050,No
L55650,3,83,143,Preventive,6,750,No
L55651,3,82,142,Preventive,6,750,No
L55652,3,81,141,Preventive,6,750,No
M23333,3,80,140,Preventive,6,1050,No
M23334,3,79,139,Preventive,6,1050,No
M23335,3,77,137,Preventive,7,1050,No
L55656,3,76,136,Preventive,7,750,No
H37891,3,75,135,Preventive,7,1450,No
M23338,3,72,132,Preventive,8,1050,No
L55659,3,71,131,Preventive,8,750,No
L55660,3,70,130,Preventive,8,750,No
M23341,3,69,129,Preventive,8,1050,No
L55662,4,67,127,Preventive,8,900,No
L55663,4,66,126,Preventive,9,900,No
L55664,4,65,125,Preventive,9,900,No
L55665,4,64,124,Preventive,9,900,No
M23346,4,63,123,Preventive,9,1200,No
L55667,4,62,122,Preventive,9,900,No
L55668,4,61,121,Preventive,9,900,No
L55669,4,60,120,Corrective,10,900,No
M23350,4,59,119,Corrective,10,1200,No
L55671,4,57,117,Corrective,10,900,No
M23352,4,56,116,Corrective,10,1200,No
M23353,4,55,115,Corrective,10,1200,No
L55674,4,53,113,Corrective,11,900,No
L55675,4,52,112,Corrective,11,900,No
M23356,4,51,111,Corrective,11,1200,No
M23357,5,50,110,Corrective,11,1350,No
L55678,5,48,108,Corrective,12,1050,No
L55679,5,47,107,Corrective,12,1050,No
L55680,5,46,106,Corrective,12,1050,No
L55681,5,45,105,Corrective,12,1050,No
H37916,5,44,104,Corrective,12,1750,No
L55683,5,42,102,Corrective,13,1050,No
L55684,5,41,101,Corrective,13,1050,No
L55685,5,40,100,Corrective,13,1050,No
L55686,7,39,99,Emergency,37,1350,Yes
L55687,5,38,98,Corrective,13,1050,No
M23368,5,37,97,Corrective,13,1350,No
M23369,5,35,95,Corrective,14,1350,No
L55690,5,34,94,Corrective,14,1050,No
L55691,6,33,93,Corrective,14,1200,No
H37926,6,32,92,Corrective,14,1900,No
M23373,6,29,89,Corrective,15,1500,No
L55694,6,28,88,Corrective,15,1200,No
L55695,6,27,87,Corrective,15,1200,No
L55696,6,26,86,Corrective,15,1200,No
M23377,6,25,85,Corrective,15,1500,No
M23378,6,23,83,Corrective,16,1500,No
L55699,6,22,82,Corrective,16,1200,No
M23380,6,21,81,Corrective,16,1500,No
L55701,6,19,79,Corrective,16,1200,No
H37936,1,120,180,Preventive,0,1150,No
H37937,1,118,178,Preventive,0,1150,No
L55704,1,115,175,Preventive,0,450,No
L55705,1,114,174,Preventive,1,450,No
L55706,1,113,173,Preventive,1,450,No
L55707,1,112,172,Preventive,1,450,No
L55708,1,111,171,Preventive,1,450,No
M23389,1,110,170,Preventive,1,750,No
M23390,1,109,169,Preventive,1,750,No
L55711,1,107,167,Preventive,2,450,No
L55712,1,106,166,Preventive,2,450,No
M23393,1,105,165,Preventive,2,750,No
M23394,1,104,164,Preventive,2,750,No
L55715,2,102,162,Preventive,3,600,No
M23396,2,101,161,Preventive,3,900,No
L55717,2,100,160,Preventive,3,600,No
L55718,2,99,159,Preventive,3,600,No
L55719,2,98,158,Preventive,3,600,No
L55720,2,97,157,Preventive,3,600,No
L55721,2,96,156,Preventive,4,600,No
H37956,2,95,155,Preventive,4,1300,No
M23403,2,92,152,Preventive,4,900,No
H37958,2,91,151,Preventive,4,1300,No
L55725,2,88,148,Preventive,5,600,No
L55726,2,87,147,Preventive,5,600,No
M23407,2,86,146,Preventive,5,900,No
L55728,3,85,145,Preventive,5,750,No
L55729,3,84,144,Preventive,6,750,No
L55730,3,83,143,Preventive,6,750,No
M23411,3,82,142,Preventive,6,1050,No
L55732,3,80,140,Preventive,6,750,No
M23413,3,79,139,Preventive,6,1050,No
L55734,3,78,138,Preventive,7,750,No
L55735,3,77,137,Preventive,7,750,No
L55736,3,76,136,Preventive,7,750,No
L55737,3,75,135,Preventive,7,750,No
M23418,3,74,134,Preventive,7,1050,No
L55739,3,72,132,Preventive,8,750,No
L55740,3,71,131,Preventive,8,750,No
L55741,3,70,130,Preventive,8,750,No
L55742,3,69,129,Preventive,8,750,No
L55743,3,68,128,Preventive,8,750,No
M23424,4,67,127,Preventive,8,1200,No
L55745,4,66,126,Preventive,9,900,No
M23426,4,65,125,Preventive,9,1200,No
L55747,4,63,123,Preventive,9,900,No
L55748,4,62,122,Preventive,9,900,No
L55749,4,61,121,Preventive,9,900,No
H37984,4,60,120,Corrective,10,1600,No
L55751,4,58,118,Corrective,10,900,No
M23432,4,57,117,Corrective,10,1200,No
L55753,4,55,115,Corrective,10,900,No
L55754,4,54,114,Corrective,11,900,No
M23435,4,53,113,Corrective,11,1200,No
L55756,4,52,112,Corrective,11,900,No
L55757,4,51,111,Corrective,11,900,No
L55758,5,50,110,Corrective,11,1050,No
M23439,5,49,109,Corrective,11,1350,No
L55760,5,47,107,Corrective,12,1050,No
M23441,5,46,106,Corrective,12,1350,No
M23442,7,45,105,Emergency,36,1650,Yes
L55763,5,43,103,Corrective,12,1050,No
L55764,5,42,102,Corrective,13,1050,No
M23445,5,41,101,Corrective,13,1350,No
H38000,5,40,100,Corrective,13,1750,No
M23447,5,37,97,Corrective,13,1350,No
L55768,5,36,96,Corrective,14,1050,No
M23449,5,35,95,Corrective,14,1350,No
L55770,5,33,93,Corrective,14,1050,No
L55771,6,32,92,Corrective,14,1200,No
M23452,6,31,91,Corrective,14,1500,No
M23453,6,30,90,Corrective,15,1500,No
L55774,6,28,88,Corrective,15,1200,No
M23455,6,27,87,Corrective,15,1500,No
L55776,6,26,86,Corrective,15,1200,No
L55777,6,25,85,Corrective,15,1200,No
L55778,6,24,84,Corrective,16,1200,No
L55779,6,23,83,Corrective,16,1200,No
L55780,6,22,82,Corrective,16,1200,No
H38015,6,21,81,Corrective,16,1900,No
L55782,6,18,78,Corrective,17,1200,No
H38017,6,17,77,Corrective,17,1900,No
L55784,7,15,75,Corrective,17,1350,No
L55785,7,14,74,Corrective,17,1350,No
M23466,7,13,73,Corrective,17,1650,No
L55787,7,11,71,Corrective,18,1350,No
L55788,9,10,70,Emergency,42,1650,Yes
L55789,9,9,69,Emergency,42,1650,Yes
L55790,1,120,180,Preventive,0,450,No
L55791,1,119,179,Preventive,0,450,No
L55792,1,118,178,Preventive,0,450,No
M23473,1,117,177,Preventive,0,750,No
L55794,1,116,176,Preventive,0,450,No
L55795,1,115,175,Preventive,0,450,No
L55796,1,114,174,Preventive,1,450,No
L55797,1,113,173,Preventive,1,450,No
L55798,1,112,172,Preventive,1,450,No
H38033,1,111,171,Preventive,1,1150,No
L55800,1,108,168,Preventive,2,450,No
M23481,1,107,167,Preventive,2,750,No
L55802,1,106,166,Preventive,2,450,No
M23483,1,105,165,Preventive,2,750,No
H38038,1,103,163,Preventive,2,1150,No
L55805,2,101,161,Preventive,3,600,No
L55806,2,100,160,Preventive,3,600,No
L55807,2,99,159,Preventive,3,600,No
L55808,2,98,158,Preventive,3,600,No
H38043,2,97,157,Preventive,3,1300,No
L55810,2,94,154,Preventive,4,600,No
H38045,2,93,153,Preventive,4,1300,No
L55812,2,91,151,Preventive,4,600,No
L55813,2,90,150,Preventive,5,600,No
L55814,2,89,149,Preventive,5,600,No
L55815,2,88,148,Preventive,5,600,No
L55816,2,87,147,Preventive,5,600,No
L55817,2,86,146,Preventive,5,600,No
L55818,3,85,145,Preventive,5,750,No
L55819,3,84,144,Preventive,6,750,No
L55820,3,83,143,Preventive,6,750,No
M23501,3,82,142,Preventive,6,1050,No
M23502,3,80,140,Preventive,6,1050,No
L55823,3,79,139,Preventive,6,750,No
M23504,3,78,138,Preventive,7,1050,No
M23505,3,76,136,Preventive,7,1050,No
L55826,3,75,135,Preventive,7,750,No
L55827,3,74,134,Preventive,7,750,No
M23508,3,73,133,Preventive,7,1050,No
L55829,3,71,131,Preventive,8,750,No
H38064,3,70,130,Preventive,8,1450,No
M23511,4,68,128,Preventive,8,1200,No
H38066,4,66,126,Preventive,9,1600,No
M23513,4,64,124,Preventive,9,1200,No
M23514,4,62,122,Preventive,9,1200,No
L55835,4,61,121,Preventive,9,900,No
M23516,4,60,120,Corrective,10,1200,No
L55837,4,58,118,Corrective,10,900,No
L55838,4,57,117,Corrective,10,900,No
L55839,4,56,116,Corrective,10,900,No
L55840,4,55,115,Corrective,10,900,No
L55841,4,54,114,Corrective,11,900,No
L55842,4,53,113,Corrective,11,900,No
L55843,4,52,112,Corrective,11,900,No
H38078,4,51,111,Corrective,11,1600,No
L55845,5,49,109,Corrective,11,1050,No
L55846,5,48,108,Corrective,12,1050,No
M23527,5,47,107,Corrective,12,1350,No
L55848,5,45,105,Corrective,12,1050,No
M23529,5,44,104,Corrective,12,1350,No
L55850,5,43,103,Corrective,12,1050,No
L55851,5,42,102,Corrective,13,1050,No
L55852,5,41,101,Corrective,13,1050,No
L55853,5,40,100,Corrective,13,1050,No
M23534,5,39,99,Corrective,13,1350,No
H38089,5,37,97,Corrective,13,1750,No
M23536,5,35,95,Corrective,14,1350,No
M23537,5,33,93,Corrective,14,1350,No
L55858,6,32,92,Corrective,14,1200,No
L55859,6,31,91,Corrective,14,1200,No
L55860,6,30,90,Corrective,15,1200,No
L55861,6,29,89,Corrective,15,1200,No
M23542,6,28,88,Corrective,15,1500,No
L55863,6,26,86,Corrective,15,1200,No
L55864,6,25,85,Corrective,15,1200,No
H38099,6,24,84,Corrective,16,1900,No
M23546,6,22,82,Corrective,16,1500,No
M23547,6,20,80,Corrective,16,1500,No
L55868,6,19,79,Corrective,16,1200,No
L55869,6,18,78,Corrective,17,1200,No
L55870,8,17,77,Emergency,41,1500,Yes
L55871,1,120,180,Preventive,0,450,No
L55872,1,119,179,Preventive,0,450,No
M23553,1,118,178,Preventive,0,750,No
L55874,1,117,177,Preventive,0,450,No
M23555,1,116,176,Preventive,0,750,No
L55876,1,114,174,Preventive,1,450,No
L55877,1,113,173,Preventive,1,450,No
H38112,1,112,172,Preventive,1,1150,No
M23559,1,110,170,Preventive,1,750,No
M23560,1,108,168,Preventive,2,750,No
M23561,1,107,167,Preventive,2,750,No
L55882,1,105,165,Preventive,2,450,No
M23563,1,104,164,Preventive,2,750,No
L55884,2,103,163,Preventive,2,600,No
L55885,2,102,162,Preventive,3,600,No
L55886,2,101,161,Preventive,3,600,No
L55887,2,100,160,Preventive,3,600,No
M23568,2,99,159,Preventive,3,900,No
L55889,2,97,157,Preventive,3,600,No
L55890,2,96,156,Preventive,4,600,No
L55891,2,95,155,Preventive,4,600,No
L55892,2,94,154,Preventive,4,600,No
L55893,2,93,153,Preventive,4,600,No
M23574,2,92,152,Preventive,4,900,No
L55895,2,91,151,Preventive,4,600,No
M23576,2,90,150,Preventive,5,900,No
L55897,2,88,148,Preventive,5,600,No
L55898,2,87,147,Preventive,5,600,No
L55899,2,86,146,Preventive,5,600,No
L55900,3,85,145,Preventive,5,750,No
L55901,3,84,144,Preventive,6,750,No
L55902,3,83,143,Preventive,6,750,No
L55903,3,82,142,Preventive,6,750,No
M23584,3,81,141,Preventive,6,1050,No
M23585,3,80,140,Preventive,6,1050,No
L55906,3,78,138,Preventive,7,750,No
L55907,3,77,137,Preventive,7,750,No
M23588,3,76,136,Preventive,7,1050,No
L55909,3,75,135,Preventive,7,750,No
H38144,3,74,134,Preventive,7,1450,No
H38145,3,71,131,Preventive,8,1450,No
L55912,3,69,129,Preventive,8,750,No
M23593,4,68,128,Preventive,8,1200,No
L55914,4,66,126,Preventive,9,900,No
L55915,4,65,125,Preventive,9,900,No
L55916,4,64,124,Preventive,9,900,No
L55917,4,63,123,Preventive,9,900,No
L55918,4,62,122,Preventive,9,900,No
H38153,4,61,121,Preventive,9,1600,No
M23600,4,59,119,Corrective,10,1200,No
L55921,4,57,117,Corrective,10,900,No
L55922,4,56,116,Corrective,10,900,No
H38157,4,55,115,Corrective,10,1600,No
M23604,4,53,113,Corrective,11,1200,No
L55925,4,51,111,Corrective,11,900,No
L55926,5,50,110,Corrective,11,1050,No
L55927,5,49,109,Corrective,11,1050,No
L55928,5,48,108,Corrective,12,1050,No
L55929,5,47,107,Corrective,12,1050,No
L55930,5,46,106,Corrective,12,1050,No
M23611,5,45,105,Corrective,12,1350,No
M23612,5,44,104,Corrective,12,1350,No
M23613,5,42,102,Corrective,13,1350,No
L55934,5,41,101,Corrective,13,1050,No
M23615,5,40,100,Corrective,13,1350,No
L55936,5,38,98,Corrective,13,1050,No
L55937,5,37,97,Corrective,13,1050,No
M23618,5,36,96,Corrective,14,1350,No
M23619,5,35,95,Corrective,14,1350,No
M23620,5,33,93,Corrective,14,1350,No
L55941,6,32,92,Corrective,14,1200,No
H38176,6,31,91,Corrective,14,1900,No
L55943,6,28,88,Corrective,15,1200,No
L55944,6,27,87,Corrective,15,1200,No
L55945,6,26,86,Corrective,15,1200,No
L55946,6,25,85,Corrective,15,1200,No
L55947,6,24,84,Corrective,16,1200,No
M23628,6,23,83,Corrective,16,1500,No
M23629,6,22,82,Corrective,16,1500,No
L55950,6,20,80,Corrective,16,1200,No
L55951,6,19,79,Corrective,16,1200,No
L55952,1,120,180,Preventive,0,450,No
L55953,1,119,179,Preventive,0,450,No
M23634,1,118,178,Preventive,0,750,No
H38189,1,117,177,Preventive,0,1150,No
L55956,1,114,174,Preventive,1,450,No
H38191,1,113,173,Preventive,1,1150,No
L55958,1,111,171,Preventive,1,450,No
M23639,1,110,170,Preventive,1,750,No
M23640,1,108,168,Preventive,2,750,No
L55961,1,107,167,Preventive,2,450,No
L55962,1,106,166,Preventive,2,450,No
M23643,1,105,165,Preventive,2,750,No
L55964,1,103,163,Preventive,2,450,No
L55965,2,102,162,Preventive,3,600,No
L55966,2,101,161,Preventive,3,600,No
M23647,2,100,160,Preventive,3,900,No
L55968,2,99,159,Preventive,3,600,No
L55969,2,98,158,Preventive,3,600,No
L55970,2,97,157,Preventive,3,600,No
M23651,2,96,156,Preventive,4,900,No
L55972,2,94,154,Preventive,4,600,No
L55973,2,93,153,Preventive,4,600,No
M23654,2,92,152,Preventive,4,900,No
L55975,2,91,151,Preventive,4,600,No
L55976,2,90,150,Preventive,5,600,No
L55977,2,89,149,Preventive,5,600,No
L55978,2,88,148,Preventive,5,600,No
L55979,2,87,147,Preventive,5,600,No
L55980,2,86,146,Preventive,5,600,No
L55981,3,85,145,Preventive,5,750,No
L55982,3,84,144,Preventive,6,750,No
L55983,3,83,143,Preventive,6,750,No
M23664,3,82,142,Preventive,6,1050,No
M23665,3,80,140,Preventive,6,1050,No
L55986,3,79,139,Preventive,6,750,No
M23667,3,78,138,Preventive,7,1050,No
L55988,3,76,136,Preventive,7,750,No
L55989,3,75,135,Preventive,7,750,No
M23670,3,74,134,Preventive,7,1050,No
L55991,3,73,133,Preventive,7,750,No
M23672,3,72,132,Preventive,8,1050,No
L55993,3,70,130,Preventive,8,750,No
L55994,3,69,129,Preventive,8,750,No
H38229,3,68,128,Preventive,8,1450,No
M23676,4,66,126,Preventive,9,1200,No
H38231,4,64,124,Preventive,9,1600,No
M23678,4,62,122,Preventive,9,1200,No
H38233,4,60,120,Corrective,10,1600,No
L56000,4,58,118,Corrective,10,900,No
H38235,4,57,117,Corrective,10,1600,No
L56002,4,54,114,Corrective,11,900,No
M23683,4,53,113,Corrective,11,1200,No
M23684,4,52,112,Corrective,11,1200,No
M23685,5,50,110,Corrective,11,1350,No
M23686,5,49,109,Corrective,11,1350,No
L56007,5,47,107,Corrective,12,1050,No
L56008,5,46,106,Corrective,12,1050,No
M23689,5,45,105,Corrective,12,1350,No
H38244,5,44,104,Corrective,12,1750,No
H38245,5,41,101,Corrective,13,1750,No
L56012,5,39,99,Corrective,13,1050,No
L56013,5,38,98,Corrective,13,1050,No
L56014,5,37,97,Corrective,13,1050,No
H38249,5,36,96,Corrective,14,1750,No
L56016,5,33,93,Corrective,14,1050,No
M23697,6,32,92,Corrective,14,1500,No
L56018,6,31,91,Corrective,14,1200,No
M23699,6,30,90,Corrective,15,1500,No
M23700,6,28,88,Corrective,15,1500,No
L56021,6,27,87,Corrective,15,1200,No
L56022,6,26,86,Corrective,15,1200,No
H38257,6,25,85,Corrective,15,1900,No
H38258,6,22,82,Corrective,16,1900,No
M23705,6,20,80,Corrective,16,1500,No
M23706,8,18,78,Emergency,41,1800,Yes
L56027,1,120,180,Preventive,0,450,No
M23708,1,119,179,Preventive,0,750,No
L56029,1,118,178,Preventive,0,450,No
L56030,1,117,177,Preventive,0,450,No
M23711,1,116,176,Preventive,0,750,No
L56032,1,114,174,Preventive,1,450,No
L56033,1,113,173,Preventive,1,450,No
M23714,1,112,172,Preventive,1,750,No
L56035,1,111,171,Preventive,1,450,No
M23716,1,110,170,Preventive,1,750,No
L56037,1,108,168,Preventive,2,450,No
L56038,1,107,167,Preventive,2,450,No
L56039,1,106,166,Preventive,2,450,No
M23720,1,105,165,Preventive,2,750,No
L56041,1,104,164,Preventive,2,450,No
M23722,2,103,163,Preventive,2,900,No
L56043,2,101,161,Preventive,3,600,No
M23724,2,100,160,Preventive,3,900,No
L56045,2,99,159,Preventive,3,600,No
H38280,2,98,158,Preventive,3,1300,No
L56047,2,95,155,Preventive,4,600,No
L56048,2,94,154,Preventive,4,600,No
L56049,2,93,153,Preventive,4,600,No
M23730,2,92,152,Preventive,4,900,No
M23731,2,91,151,Preventive,4,900,No
M23732,2,89,149,Preventive,5,900,No
H38287,2,88,148,Preventive,5,1300,No
L56054,3,85,145,Preventive,5,750,No
H38289,3,84,144,Preventive,6,1450,No
M23736,3,82,142,Preventive,6,1050,No
M23737,3,80,140,Preventive,6,1050,No
L56058,3,79,139,Preventive,6,750,No
L56059,3,78,138,Preventive,7,750,No
L56060,3,77,137,Preventive,7,750,No
H38295,3,76,136,Preventive,7,1450,No
L56062,3,73,133,Preventive,7,750,No
M23743,3,72,132,Preventive,8,1050,No
L56064,3,71,131,Preventive,8,750,No
M23745,3,70,130,Preventive,8,1050,No
L56066,3,68,128,Preventive,8,750,No
L56067,4,67,127,Preventive,8,900,No
M23748,4,66,126,Preventive,9,1200,No
M23749,4,65,125,Preventive,9,1200,No
L56070,4,63,123,Preventive,9,900,No
M23751,4,62,122,Preventive,9,1200,No
L56072,4,61,121,Preventive,9,900,No
L56073,4,60,120,Corrective,10,900,No
M23754,4,59,119,Corrective,10,1200,No
H38309,4,57,117,Corrective,10,1600,No
L56076,4,55,115,Corrective,10,900,No
M23757,4,54,114,Corrective,11,1200,No
L56078,4,52,112,Corrective,11,900,No
M23759,4,51,111,Corrective,11,1200,No
M23760,5,50,110,Corrective,11,1350,No
L56081,5,48,108,Corrective,12,1050,No
H38316,5,47,107,Corrective,12,1750,No
M23763,5,45,105,Corrective,12,1350,No
L56084,5,43,103,Corrective,12,1050,No
L56085,5,42,102,Corrective,13,1050,No
L56086,5,41,101,Corrective,13,1050,No
M23767,5,40,100,Corrective,13,1350,No
L56088,5,39,99,Corrective,13,1050,No
L56089,5,38,98,Corrective,13,1050,No
L56090,5,37,97,Corrective,13,1050,No
L56091,5,36,96,Corrective,14,1050,No
L56092,5,35,95,Corrective,14,1050,No
M23773,5,34,94,Corrective,14,1350,No
M23774,6,32,92,Corrective,14,1500,No
L56095,6,31,91,Corrective,14,1200,No
L56096,6,30,90,Corrective,15,1200,No
M23777,6,29,89,Corrective,15,1500,No
L56098,6,27,87,Corrective,15,1200,No
L56099,6,26,86,Corrective,15,1200,No
L56100,6,25,85,Corrective,15,1200,No
L56101,6,24,84,Corrective,16,1200,No
L56102,6,23,83,Corrective,16,1200,No
M23783,6,22,82,Corrective,16,1500,No
H38338,6,21,81,Corrective,16,1900,No
M23785,6,18,78,Corrective,17,1500,No
M23786,8,17,77,Emergency,41,1800,Yes
M23787,7,15,75,Corrective,17,1650,No
L56108,7,14,74,Corrective,17,1350,No
M23789,7,13,73,Corrective,17,1650,No
L56110,1,120,180,Preventive,0,450,No
L56111,1,119,179,Preventive,0,450,No
L56112,1,118,178,Preventive,0,450,No
M23793,1,117,177,Preventive,0,750,No
L56114,1,116,176,Preventive,0,450,No
L56115,1,115,175,Preventive,0,450,No
L56116,1,114,174,Preventive,1,450,No
M23797,1,113,173,Preventive,1,750,No
M23798,1,111,171,Preventive,1,750,No
M23799,1,110,170,Preventive,1,750,No
H38354,1,108,168,Preventive,2,1150,No
M23801,1,106,166,Preventive,2,750,No
L56122,1,104,164,Preventive,2,450,No
M23803,1,103,163,Preventive,2,750,No
L56124,2,102,162,Preventive,3,600,No
L56125,2,101,161,Preventive,3,600,No
M23806,2,100,160,Preventive,3,900,No
M23807,2,98,158,Preventive,3,900,No
M23808,2,97,157,Preventive,3,900,No
L56129,2,95,155,Preventive,4,600,No
L56130,2,94,154,Preventive,4,600,No
L56131,2,93,153,Preventive,4,600,No
M23812,2,92,152,Preventive,4,900,No
L56133,2,91,151,Preventive,4,600,No
L56134,2,90,150,Preventive,5,600,No
M23815,2,89,149,Preventive,5,900,No
L56136,2,87,147,Preventive,5,600,No
L56137,2,86,146,Preventive,5,600,No
M23818,3,85,145,Preventive,5,1050,No
L56139,3,84,144,Preventive,6,750,No
L56140,3,83,143,Preventive,6,750,No
M23821,3,82,142,Preventive,6,1050,No
L56142,3,80,140,Preventive,6,750,No
M23823,3,79,139,Preventive,6,1050,No
M23824,3,78,138,Preventive,7,1050,No
L56145,3,76,136,Preventive,7,750,No
L56146,3,75,135,Preventive,7,750,No
L56147,3,74,134,Preventive,7,750,No
L56148,3,73,133,Preventive,7,750,No
L56149,3,72,132,Preventive,8,750,No
L56150,3,71,131,Preventive,8,750,No
L56151,3,70,130,Preventive,8,750,No
M23832,3,69,129,Preventive,8,1050,No
L56153,4,68,128,Preventive,8,900,No
L56154,4,67,127,Preventive,8,900,No
H38389,4,66,126,Preventive,9,1600,No
L56156,4,63,123,Preventive,9,900,No
M23837,4,62,122,Preventive,9,1200,No
L56158,4,61,121,Preventive,9,900,No
M23839,4,60,120,Corrective,10,1200,No
L56160,4,58,118,Corrective,10,900,No
L56161,4,57,117,Corrective,10,900,No
L56162,4,56,116,Corrective,10,900,No
M23843,4,55,115,Corrective,10,1200,No
L56164,4,54,114,Corrective,11,900,No
L56165,4,53,113,Corrective,11,900,No
M23846,4,52,112,Corrective,11,1200,No
L56167,5,50,110,Corrective,11,1050,No
L56168,5,49,109,Corrective,11,1050,No
L56169,5,48,108,Corrective,12,1050,No
L56170,5,47,107,Corrective,12,1050,No
M23851,5,46,106,Corrective,12,1350,No
H38406,5,45,105,Corrective,12,1750,No
M23853,5,42,102,Corrective,13,1350,No
M23854,5,41,101,Corrective,13,1350,No
L56175,5,39,99,Corrective,13,1050,No
L56176,5,38,98,Corrective,13,1050,No
M23857,5,37,97,Corrective,13,1350,No
L56178,5,36,96,Corrective,14,1050,No
L56179,5,35,95,Corrective,14,1050,No
L56180,5,34,94,Corrective,14,1050,No
L56181,6,33,93,Corrective,14,1200,No
L56182,6,32,92,Corrective,14,1200,No
L56183,6,31,91,Corrective,14,1200,No
M23864,6,30,90,Corrective,15,1500,No
L56185,6,28,88,Corrective,15,1200,No
L56186,6,27,87,Corrective,15,1200,No
L56187,6,26,86,Corrective,15,1200,No
M23868,6,25,85,Corrective,15,1500,No
L56189,6,24,84,Corrective,16,1200,No
L56190,6,23,83,Corrective,16,1200,No
M23871,6,22,82,Corrective,16,1500,No
L56192,6,20,80,Corrective,16,1200,No
H38427,6,19,79,Corrective,16,1900,No
M23874,8,17,77,Emergency,41,1800,Yes
L56195,9,15,75,Emergency,41,1650,Yes
L56196,9,14,74,Emergency,41,1650,Yes
M23877,7,13,73,Corrective,17,1650,No
L56198,9,12,72,Emergency,42,1650,Yes
L56199,1,120,180,Preventive,0,450,No
L56200,1,119,179,Preventive,0,450,No
M23881,1,118,178,Preventive,0,750,No
L56202,1,117,177,Preventive,0,450,No
L56203,1,116,176,Preventive,0,450,No
L56204,1,115,175,Preventive,0,450,No
L56205,1,114,174,Preventive,1,450,No
M23886,1,113,173,Preventive,1,750,No
M23887,1,111,171,Preventive,1,750,No
L56208,1,110,170,Preventive,1,450,No
L56209,1,109,169,Preventive,1,450,No
M23890,1,108,168,Preventive,2,750,No
H38445,1,106,166,Preventive,2,1150,No
L56212,1,104,164,Preventive,2,450,No
L56213,2,103,163,Preventive,2,600,No
H38448,2,102,162,Preventive,3,1300,No
M23895,2,99,159,Preventive,3,900,No
L56216,2,98,158,Preventive,3,600,No
L56217,2,97,157,Preventive,3,600,No
L56218,2,96,156,Preventive,4,600,No
M23899,2,95,155,Preventive,4,900,No
L56220,2,93,153,Preventive,4,600,No
L56221,2,92,152,Preventive,4,600,No
M23902,2,91,151,Preventive,4,900,No
L56223,2,90,150,Preventive,5,600,No
L56224,2,89,149,Preventive,5,600,No
L56225,2,88,148,Preventive,5,600,No
L56226,2,87,147,Preventive,5,600,No
L56227,2,86,146,Preventive,5,600,No
M23908,3,85,145,Preventive,5,1050,No
L56229,3,83,143,Preventive,6,750,No
M23910,3,82,142,Preventive,6,1050,No
L56231,3,81,141,Preventive,6,750,No
M23912,3,80,140,Preventive,6,1050,No
M23913,3,78,138,Preventive,7,1050,No
M23914,3,77,137,Preventive,7,1050,No
H38469,3,75,135,Preventive,7,1450,No
L56236,3,73,133,Preventive,7,750,No
M23917,3,72,132,Preventive,8,1050,No
M23918,3,70,130,Preventive,8,1050,No
L56239,3,69,129,Preventive,8,750,No
H38474,4,68,128,Preventive,8,1600,No
M23921,4,65,125,Preventive,9,1200,No
L56242,4,64,124,Preventive,9,900,No
L56243,4,63,123,Preventive,9,900,No
L56244,4,62,122,Preventive,9,900,No
H38479,4,61,121,Preventive,9,1600,No
L56246,4,58,118,Corrective,10,900,No
L56247,4,57,117,Corrective,10,900,No
H38482,4,56,116,Corrective,10,1600,No
M23929,4,54,114,Corrective,11,1200,No
L56250,4,52,112,Corrective,11,900,No
L56251,4,51,111,Corrective,11,900,No
H38486,5,50,110,Corrective,11,1750,No
L56253,5,48,108,Corrective,12,1050,No
M23934,5,47,107,Corrective,12,1350,No
L56255,5,45,105,Corrective,12,1050,No
L56256,5,44,104,Corrective,12,1050,No
L56257,5,43,103,Corrective,12,1050,No
L56258,5,42,102,Corrective,13,1050,No
H38493,5,41,101,Corrective,13,1750,No
L56260,5,39,99,Corrective,13,1050,No
L56261,5,38,98,Corrective,13,1050,No
L56262,5,37,97,Corrective,13,1050,No
M23943,5,36,96,Corrective,14,1350,No
L56264,7,34,94,Emergency,38,1350,Yes
H38499,5,33,93,Corrective,14,1750,No
L56266,6,31,91,Corrective,14,1200,No
L56267,6,30,90,Corrective,15,1200,No
M23948,6,29,89,Corrective,15,1500,No
L56269,6,27,87,Corrective,15,1200,No
M23950,6,26,86,Corrective,15,1500,No
M23951,6,25,85,Corrective,15,1500,No
L56272,6,23,83,Corrective,16,1200,No
M23953,6,22,82,Corrective,16,1500,No
M23954,6,21,81,Corrective,16,1500,No
L56275,6,19,79,Corrective,16,1200,No
L56276,6,18,78,Corrective,17,1200,No
L56277,6,17,77,Corrective,17,1200,No
L56278,1,120,180,Preventive,0,450,No
H38513,1,119,179,Preventive,0,1150,No
L56280,1,117,177,Preventive,0,450,No
H38515,1,116,176,Preventive,0,1150,No
L56282,1,113,173,Preventive,1,450,No
L56283,1,112,172,Preventive,1,450,No
M23964,1,111,171,Preventive,1,750,No
M23965,1,110,170,Preventive,1,750,No
L56286,1,108,168,Preventive,2,450,No
M23967,1,107,167,Preventive,2,750,No
M23968,1,106,166,Preventive,2,750,No
L56289,1,104,164,Preventive,2,450,No
M23970,1,103,163,Preventive,2,750,No
L56291,2,102,162,Preventive,3,600,No
M23972,2,101,161,Preventive,3,900,No
L56293,2,99,159,Preventive,3,600,No
L56294,2,98,158,Preventive,3,600,No
M23975,2,97,157,Preventive,3,900,No
H38530,2,96,156,Preventive,4,1300,No
M23977,2,93,153,Preventive,4,900,No
L56298,2,92,152,Preventive,4,600,No
M23979,2,91,151,Preventive,4,900,No
L56300,2,89,149,Preventive,5,600,No
L56301,2,88,148,Preventive,5,600,No
L56302,2,87,147,Preventive,5,600,No
L56303,2,86,146,Preventive,5,600,No
L56304,3,85,145,Preventive,5,750,No
L56305,3,84,144,Preventive,6,750,No
L56306,3,83,143,Preventive,6,750,No
L56307,3,82,142,Preventive,6,750,No
M23988,3,81,141,Preventive,6,1050,No
L56309,3,80,140,Preventive,6,750,No
L56310,3,79,139,Preventive,6,750,No
H38545,3,78,138,Preventive,7,1450,No
M23992,3,75,135,Preventive,7,1050,No
L56313,3,74,134,Preventive,7,750,No
L56314,3,73,133,Preventive,7,750,No
H38549,3,72,132,Preventive,8,1450,No
L56316,3,69,129,Preventive,8,750,No
L56317,3,68,128,Preventive,8,750,No
L56318,4,67,127,Preventive,8,900,No
L56319,4,66,126,Preventive,9,900,No
L56320,4,65,125,Preventive,9,900,No
L56321,4,64,124,Preventive,9,900,No
L56322,4,63,123,Preventive,9,900,No
L56323,4,62,122,Preventive,9,900,No
M24004,4,61,121,Preventive,9,1200,No
L56325,4,60,120,Corrective,10,900,No
L56326,4,59,119,Corrective,10,900,No
L56327,4,58,118,Corrective,10,900,No
L56328,4,57,117,Corrective,10,900,No
M24009,4,56,116,Corrective,10,1200,No
M24010,4,54,114,Corrective,11,1200,No
L56331,4,53,113,Corrective,11,900,No
L56332,4,52,112,Corrective,11,900,No
L56333,4,51,111,Corrective,11,900,No
L56334,5,50,110,Corrective,11,1050,No
L56335,5,49,109,Corrective,11,1050,No
M24016,5,48,108,Corrective,12,1350,No
L56337,5,46,106,Corrective,12,1050,No
H38572,5,45,105,Corrective,12,1750,No
M24019,5,43,103,Corrective,12,1350,No
H38574,5,41,101,Corrective,13,1750,No
M24021,5,39,99,Corrective,13,1350,No
M24022,5,37,97,Corrective,13,1350,No
L56343,5,36,96,Corrective,14,1050,No
L56344,5,35,95,Corrective,14,1050,No
L56345,5,34,94,Corrective,14,1050,No
M24026,6,33,93,Corrective,14,1500,No
M24027,6,31,91,Corrective,14,1500,No
H38582,6,30,90,Corrective,15,1900,No
L56349,6,27,87,Corrective,15,1200,No
L56350,6,26,86,Corrective,15,1200,No
M24031,6,25,85,Corrective,15,1500,No
L56352,6,24,84,Corrective,16,1200,No
H38587,6,23,83,Corrective,16,1900,No
L56354,8,20,80,Emergency,40,1500,Yes
L56355,3,120,180,Emergency,24,750,Yes
L56356,1,119,179,Preventive,0,450,No
L56357,1,118,178,Preventive,0,450,No
L56358,1,117,177,Preventive,0,450,No
H38593,1,116,176,Preventive,0,1150,No
L56360,1,114,174,Preventive,1,450,No
L56361,1,113,173,Preventive,1,450,No
M24042,1,112,172,Preventive,1,750,No
L56363,1,110,170,Preventive,1,450,No
L56364,1,109,169,Preventive,1,450,No
L56365,1,108,168,Preventive,2,450,No
L56366,1,107,167,Preventive,2,450,No
L56367,1,106,166,Preventive,2,450,No
L56368,1,105,165,Preventive,2,450,No
L56369,1,104,164,Preventive,2,450,No
M24050,1,103,163,Preventive,2,750,No
M24051,2,102,162,Preventive,3,900,No
L56372,2,100,160,Preventive,3,600,No
M24053,2,99,159,Preventive,3,900,No
L56374,2,98,158,Preventive,3,600,No
L56375,2,97,157,Preventive,3,600,No
L56376,2,96,156,Preventive,4,600,No
M24057,2,95,155,Preventive,4,900,No
M24058,2,93,153,Preventive,4,900,No
L56379,2,92,152,Preventive,4,600,No
M24060,2,91,151,Preventive,4,900,No
L56381,2,89,149,Preventive,5,600,No
L56382,2,88,148,Preventive,5,600,No
L56383,2,87,147,Preventive,5,600,No
L56384,2,86,146,Preventive,5,600,No
L56385,3,85,145,Preventive,5,750,No
M24066,3,84,144,Preventive,6,1050,No
L56387,3,83,143,Preventive,6,750,No
L56388,3,82,142,Preventive,6,750,No
M24069,3,81,141,Preventive,6,1050,No
M24070,3,79,139,Preventive,6,1050,No
M24071,3,78,138,Preventive,7,1050,No
L56392,3,76,136,Preventive,7,750,No
L56393,3,75,135,Preventive,7,750,No
L56394,3,74,134,Preventive,7,750,No
L56395,3,73,133,Preventive,7,750,No
H38630,3,72,132,Preventive,8,1450,No
L56397,3,70,130,Preventive,8,750,No
L56398,3,69,129,Preventive,8,750,No
M24079,4,68,128,Preventive,8,1200,No
L56400,4,66,126,Preventive,9,900,No
M24081,4,65,125,Preventive,9,1200,No
M24082,4,64,124,Preventive,9,1200,No
L56403,4,62,122,Preventive,9,900,No
L56404,4,61,121,Preventive,9,900,No
L56405,4,60,120,Corrective,10,900,No
L56406,4,59,119,Corrective,10,900,No
L56407,4,58,118,Corrective,10,900,No
M24088,4,57,117,Corrective,10,1200,No
M24089,4,56,116,Corrective,10,1200,No
L56410,4,54,114,Corrective,11,900,No
L56411,4,53,113,Corrective,11,900,No
L56412,4,52,112,Corrective,11,900,No
L56413,4,51,111,Corrective,11,900,No
L56414,5,50,110,Corrective,11,1050,No
M24095,5,49,109,Corrective,11,1350,No
L56416,5,48,108,Corrective,12,1050,No
M24097,5,47,107,Corrective,12,1350,No
M24098,5,45,105,Corrective,12,1350,No
H38653,5,44,104,Corrective,12,1750,No
M24100,5,41,101,Corrective,13,1350,No
L56421,5,40,100,Corrective,13,1050,No
M24102,5,39,99,Corrective,13,1350,No
L56423,5,37,97,Corrective,13,1050,No
L56424,5,36,96,Corrective,14,1050,No
L56425,5,35,95,Corrective,14,1050,No
L56426,5,34,94,Corrective,14,1050,No
L56427,5,33,93,Corrective,14,1050,No
M24108,6,32,92,Corrective,14,1500,No
L56429,6,31,91,Corrective,14,1200,No
H38664,6,30,90,Corrective,15,1900,No
M24111,6,27,87,Corrective,15,1500,No
M24112,6,26,86,Corrective,15,1500,No
M24113,6,24,84,Corrective,16,1500,No
L56434,6,23,83,Corrective,16,1200,No
L56435,6,22,82,Corrective,16,1200,No
L56436,6,21,81,Corrective,16,1200,No
M24117,6,20,80,Corrective,16,1500,No
H38672,1,120,180,Preventive,0,1150,No
M24119,1,118,178,Preventive,0,750,No
L56440,1,116,176,Preventive,0,450,No
H38675,1,115,175,Preventive,0,1150,No
M24122,1,113,173,Preventive,1,750,No
L56443,1,111,171,Preventive,1,450,No
M24124,1,110,170,Preventive,1,750,No
M24125,1,109,169,Preventive,1,750,No
L56446,1,107,167,Preventive,2,450,No
L56447,1,106,166,Preventive,2,450,No
L56448,1,105,165,Preventive,2,450,No
L56449,1,104,164,Preventive,2,450,No
L56450,1,103,163,Preventive,2,450,No
L56451,2,102,162,Preventive,3,600,No
L56452,2,101,161,Preventive,3,600,No
H38687,2,100,160,Preventive,3,1300,No
L56454,2,98,158,Preventive,3,600,No
L56455,2,97,157,Preventive,3,600,No
L56456,2,96,156,Preventive,4,600,No
L56457,2,95,155,Preventive,4,600,No
H38692,2,94,154,Preventive,4,1300,No
M24139,2,91,151,Preventive,4,900,No
H38694,2,90,150,Preventive,5,1300,No
L56461,2,87,147,Preventive,5,600,No
M24142,2,86,146,Preventive,5,900,No
M24143,3,85,145,Preventive,5,1050,No
L56464,3,83,143,Preventive,6,750,No
M24145,3,82,142,Preventive,6,1050,No
L56466,3,81,141,Preventive,6,750,No
L56467,3,80,140,Preventive,6,750,No
L56468,3,79,139,Preventive,6,750,No
L56469,3,78,138,Preventive,7,750,No
L56470,3,77,137,Preventive,7,750,No
L56471,3,76,136,Preventive,7,750,No
L56472,3,75,135,Preventive,7,750,No
L56473,3,74,134,Preventive,7,750,No
L56474,3,73,133,Preventive,7,750,No
M24155,3,72,132,Preventive,8,1050,No
H38710,3,70,130,Preventive,8,1450,No
M24157,4,68,128,Preventive,8,1200,No
L56478,4,66,126,Preventive,9,900,No
M24159,4,65,125,Preventive,9,1200,No
L56480,4,64,124,Preventive,9,900,No
M24161,4,63,123,Preventive,9,1200,No
M24162,4,61,121,Preventive,9,1200,No
L56483,4,60,120,Corrective,10,900,No
L56484,4,59,119,Corrective,10,900,No
H38719,4,58,118,Corrective,10,1600,No
M24166,4,55,115,Corrective,10,1200,No
L56487,4,54,114,Corrective,11,900,No
L56488,4,53,113,Corrective,11,900,No
L56489,4,52,112,Corrective,11,900,No
L56490,4,51,111,Corrective,11,900,No
L56491,5,50,110,Corrective,11,1050,No
H38726,5,49,109,Corrective,11,1750,No
L56493,5,46,106,Corrective,12,1050,No
M24174,5,45,105,Corrective,12,1350,No
L56495,5,44,104,Corrective,12,1050,No
H38730,5,43,103,Corrective,12,1750,No
L56497,5,40,100,Corrective,13,1050,No
L56498,5,39,99,Corrective,13,1050,No
L56499,5,38,98,Corrective,13,1050,No
L56500,5,37,97,Corrective,13,1050,No
L56501,5,36,96,Corrective,14,1050,No
M24182,5,35,95,Corrective,14,1350,No
L56503,5,34,94,Corrective,14,1050,No
L56504,6,33,93,Corrective,14,1200,No
M24185,6,32,92,Corrective,14,1500,No
L56506,6,30,90,Corrective,15,1200,No
L56507,6,29,89,Corrective,15,1200,No
H38742,6,28,88,Corrective,15,1900,No
L56509,6,26,86,Corrective,15,1200,No
M24190,6,25,85,Corrective,15,1500,No
L56511,6,23,83,Corrective,16,1200,No
M24192,6,22,82,Corrective,16,1500,No
L56513,6,21,81,Corrective,16,1200,No
L56514,6,20,80,Corrective,16,1200,No
L56515,6,19,79,Corrective,16,1200,No
L56516,6,18,78,Corrective,17,1200,No
H38751,6,17,77,Corrective,17,1900,No
H38752,7,14,74,Corrective,17,2050,No
L56519,7,12,72,Corrective,18,1350,No
H38754,1,120,180,Preventive,0,1150,No
M24201,1,118,178,Preventive,0,750,No
H38756,1,116,176,Preventive,0,1150,No
M24203,1,114,174,Preventive,1,750,No
L56524,1,112,172,Preventive,1,450,No
L56525,1,111,171,Preventive,1,450,No
M24206,1,110,170,Preventive,1,750,No
M24207,1,109,169,Preventive,1,750,No
L56528,1,107,167,Preventive,2,450,No
M24209,1,106,166,Preventive,2,750,No
L56530,1,105,165,Preventive,2,450,No
L56531,1,104,164,Preventive,2,450,No
L56532,2,103,163,Preventive,2,600,No
L56533,2,102,162,Preventive,3,600,No
M24214,2,101,161,Preventive,3,900,No
L56535,2,99,159,Preventive,3,600,No
L56536,2,98,158,Preventive,3,600,No
M24217,2,97,157,Preventive,3,900,No
L56538,2,96,156,Preventive,4,600,No
M24219,2,95,155,Preventive,4,900,No
L56540,2,93,153,Preventive,4,600,No
L56541,2,92,152,Preventive,4,600,No
M24222,2,91,151,Preventive,4,900,No
L56543,2,90,150,Preventive,5,600,No
L56544,2,89,149,Preventive,5,600,No
M24225,2,88,148,Preventive,5,900,No
L56546,2,86,146,Preventive,5,600,No
L56547,3,85,145,Preventive,5,750,No
L56548,3,84,144,Preventive,6,750,No
M24229,3,83,143,Preventive,6,1050,No
H38784,3,82,142,Preventive,6,1450,No
L56551,3,79,139,Preventive,6,750,No
L56552,3,78,138,Preventive,7,750,No
L56553,3,77,137,Preventive,7,750,No
M24234,3,76,136,Preventive,7,1050,No
H38789,3,75,135,Preventive,7,1450,No
H38790,3,72,132,Preventive,8,1450,No
H38791,3,70,130,Preventive,8,1450,No
L56558,4,67,127,Preventive,8,900,No
L56559,4,66,126,Preventive,9,900,No
L56560,4,65,125,Preventive,9,900,No
M24241,4,64,124,Preventive,9,1200,No
L56562,4,63,123,Preventive,9,900,No
H38797,4,62,122,Preventive,9,1600,No
M24244,4,59,119,Corrective,10,1200,No
M24245,4,58,118,Corrective,10,1200,No
M24246,4,56,116,Corrective,10,1200,No
H38801,4,55,115,Corrective,10,1600,No
M24248,4,52,112,Corrective,11,1200,No
L56569,4,51,111,Corrective,11,900,No
M24250,5,50,110,Corrective,11,1350,No
H38805,5,48,108,Corrective,12,1750,No
L56572,5,46,106,Corrective,12,1050,No
H38807,5,45,105,Corrective,12,1750,No
L56574,5,42,102,Corrective,13,1050,No
L56575,5,41,101,Corrective,13,1050,No
L56576,5,40,100,Corrective,13,1050,No
M24257,5,39,99,Corrective,13,1350,No
H38812,5,38,98,Corrective,13,1750,No
L56579,5,35,95,Corrective,14,1050,No
L56580,5,34,94,Corrective,14,1050,No
M24261,5,33,93,Corrective,14,1350,No
L56582,6,32,92,Corrective,14,1200,No
L56583,6,31,91,Corrective,14,1200,No
L56584,6,30,90,Corrective,15,1200,No
M24265,6,29,89,Corrective,15,1500,No
M24266,6,27,87,Corrective,15,1500,No
L56587,6,26,86,Corrective,15,1200,No
H38822,6,25,85,Corrective,15,1900,No
L56589,6,22,82,Corrective,16,1200,No
M24270,6,21,81,Corrective,16,1500,No
L56591,6,20,80,Corrective,16,1200,No
L56592,6,19,79,Corrective,16,1200,No
L56593,6,18,78,Corrective,17,1200,No
L56594,8,17,77,Emergency,41,1500,Yes
M24275,1,120,180,Preventive,0,750,No
M24276,1,119,179,Preventive,0,750,No
H38831,1,117,177,Preventive,0,1150,No
L56598,1,115,175,Preventive,0,450,No
L56599,1,114,174,Preventive,1,450,No
L56600,1,113,173,Preventive,1,450,No
M24281,1,112,172,Preventive,1,750,No
L56602,1,110,170,Preventive,1,450,No
L56603,1,109,169,Preventive,1,450,No
M24284,1,108,168,Preventive,2,750,No
M24285,1,107,167,Preventive,2,750,No
L56606,1,105,165,Preventive,2,450,No
L56607,1,104,164,Preventive,2,450,No
H38842,1,103,163,Preventive,2,1150,No
L56609,2,101,161,Preventive,3,600,No
L56610,2,100,160,Preventive,3,600,No
L56611,2,99,159,Preventive,3,600,No
L56612,2,98,158,Preventive,3,600,No
M24293,2,97,157,Preventive,3,900,No
L56614,2,95,155,Preventive,4,600,No
L56615,2,94,154,Preventive,4,600,No
L56616,2,93,153,Preventive,4,600,No
M24297,2,92,152,Preventive,4,900,No
M24298,2,91,151,Preventive,4,900,No
M24299,2,89,149,Preventive,5,900,No
M24300,2,88,148,Preventive,5,900,No
L56621,2,86,146,Preventive,5,600,No
M24302,3,85,145,Preventive,5,1050,No
H38857,3,84,144,Preventive,6,1450,No
L56624,3,81,141,Preventive,6,750,No
M24305,3,80,140,Preventive,6,1050,No
H38860,3,79,139,Preventive,6,1450,No
M24307,3,76,136,Preventive,7,1050,No
L56628,3,75,135,Preventive,7,750,No
M24309,3,74,134,Preventive,7,1050,No
M24310,3,72,132,Preventive,8,1050,No
H38865,3,71,131,Preventive,8,1450,No
M24312,3,68,128,Preventive,8,1050,No
H38867,4,67,127,Preventive,8,1600,No
L56634,4,64,124,Preventive,9,900,No
L56635,4,63,123,Preventive,9,900,No
L56636,4,62,122,Preventive,9,900,No
M24317,4,61,121,Preventive,9,1200,No
L56638,4,60,120,Corrective,10,900,No
L56639,4,59,119,Corrective,10,900,No
M24320,4,58,118,Corrective,10,1200,No
M24321,4,56,116,Corrective,10,1200,No
L56642,4,55,115,Corrective,10,900,No
M24323,4,54,114,Corrective,11,1200,No
L56644,4,52,112,Corrective,11,900,No
M24325,4,51,111,Corrective,11,1200,No
L56646,5,50,110,Corrective,11,1050,No
L56647,5,49,109,Corrective,11,1050,No
L56648,5,48,108,Corrective,12,1050,No
L56649,5,47,107,Corrective,12,1050,No
H38884,5,46,106,Corrective,12,1750,No
M24331,5,43,103,Corrective,12,1350,No
M24332,5,42,102,Corrective,13,1350,No
L56653,5,40,100,Corrective,13,1050,No
M24334,5,39,99,Corrective,13,1350,No
L56655,5,38,98,Corrective,13,1050,No
M24336,5,37,97,Corrective,13,1350,No
M24337,5,35,95,Corrective,14,1350,No
L56658,5,34,94,Corrective,14,1050,No
H38893,6,33,93,Corrective,14,1900,No
M24340,6,30,90,Corrective,15,1500,No
L56661,6,29,89,Corrective,15,1200,No
H38896,6,28,88,Corrective,15,1900,No
H38897,6,25,85,Corrective,15,1900,No
L56664,6,23,83,Corrective,16,1200,No
L56665,6,22,82,Corrective,16,1200,No
M24346,6,21,81,Corrective,16,1500,No
L56667,6,19,79,Corrective,16,1200,No
M24348,6,18,78,Corrective,17,1500,No
L56669,6,17,77,Corrective,17,1200,No
M24350,6,16,76,Corrective,17,1500,No
M24351,7,14,74,Corrective,17,1650,No
L56672,7,13,73,Corrective,17,1350,No
L56673,9,12,72,Emergency,42,1650,Yes
L56674,7,11,71,Corrective,18,1350,No
H38909,7,10,70,Corrective,18,2050,No
M24356,7,7,67,Corrective,18,1650,No
H38911,1,120,180,Preventive,0,1150,No
H38912,1,118,178,Preventive,0,1150,No
L56679,1,115,175,Preventive,0,450,No
L56680,1,114,174,Preventive,1,450,No
L56681,1,113,173,Preventive,1,450,No
L56682,1,112,172,Preventive,1,450,No
M24363,1,111,171,Preventive,1,750,No
L56684,1,110,170,Preventive,1,450,No
L56685,1,109,169,Preventive,1,450,No
H38920,1,108,168,Preventive,2,1150,No
L56687,1,105,165,Preventive,2,450,No
L56688,1,104,164,Preventive,2,450,No
M24369,1,103,163,Preventive,2,750,No
M24370,2,102,162,Preventive,3,900,No
L56691,2,100,160,Preventive,3,600,No
L56692,2,99,159,Preventive,3,600,No
M24373,2,98,158,Preventive,3,900,No
L56694,2,97,157,Preventive,3,600,No
L56695,2,96,156,Preventive,4,600,No
L56696,2,95,155,Preventive,4,600,No
L56697,2,94,154,Preventive,4,600,No
L56698,2,93,153,Preventive,4,600,No
L56699,2,92,152,Preventive,4,600,No
L56700,2,91,151,Preventive,4,600,No
M24381,2,90,150,Preventive,5,900,No
M24382,2,88,148,Preventive,5,900,No
L56703,2,87,147,Preventive,5,600,No
H38938,2,86,146,Preventive,5,1300,No
L56705,3,83,143,Preventive,6,750,No
M24386,3,82,142,Preventive,6,1050,No
L56707,3,81,141,Preventive,6,750,No
M24388,3,80,140,Preventive,6,1050,No
L56709,3,78,138,Preventive,7,750,No
H38944,3,77,137,Preventive,7,1450,No
L56711,3,75,135,Preventive,7,750,No
L56712,3,74,134,Preventive,7,750,No
L56713,3,73,133,Preventive,7,750,No
L56714,3,72,132,Preventive,8,750,No
M24395,3,71,131,Preventive,8,1050,No
L56716,3,69,129,Preventive,8,750,No
M24397,3,68,128,Preventive,8,1050,No
L56718,4,67,127,Preventive,8,900,No
L56719,4,66,126,Preventive,9,900,No
M24400,4,65,125,Preventive,9,1200,No
M24401,4,63,123,Preventive,9,1200,No
L56722,4,62,122,Preventive,9,900,No
M24403,4,61,121,Preventive,9,1200,No
L56724,4,59,119,Corrective,10,900,No
L56725,4,58,118,Corrective,10,900,No
M24406,4,57,117,Corrective,10,1200,No
L56727,4,56,116,Corrective,10,900,No
L56728,4,55,115,Corrective,10,900,No
M24409,4,54,114,Corrective,11,1200,No
M24410,4,52,112,Corrective,11,1200,No
L56731,4,51,111,Corrective,11,900,No
M24412,5,50,110,Corrective,11,1350,No
L56733,5,48,108,Corrective,12,1050,No
M24414,5,47,107,Corrective,12,1350,No
H38969,5,46,106,Corrective,12,1750,No
L56736,5,43,103,Corrective,12,1050,No
M24417,5,42,102,Corrective,13,1350,No
M24418,5,41,101,Corrective,13,1350,No
L56739,5,39,99,Corrective,13,1050,No
L56740,5,38,98,Corrective,13,1050,No
L56741,5,37,97,Corrective,13,1050,No
M24422,5,36,96,Corrective,14,1350,No
M24423,5,35,95,Corrective,14,1350,No
L56744,5,33,93,Corrective,14,1050,No
M24425,6,32,92,Corrective,14,1500,No
L56746,6,31,91,Corrective,14,1200,No
L56747,6,30,90,Corrective,15,1200,No
L56748,6,29,89,Corrective,15,1200,No
M24429,6,28,88,Corrective,15,1500,No
L56750,6,26,86,Corrective,15,1200,No
L56751,6,25,85,Corrective,15,1200,No
M24432,6,24,84,Corrective,16,1500,No
L56753,6,23,83,Corrective,16,1200,No
H38988,6,22,82,Corrective,16,1900,No
M24435,6,19,79,Corrective,16,1500,No
L56756,8,18,78,Emergency,41,1500,Yes
M24437,1,120,180,Preventive,0,750,No
L56758,1,119,179,Preventive,0,450,No
L56759,1,118,178,Preventive,0,450,No
M24440,1,117,177,Preventive,0,750,No
L56761,1,115,175,Preventive,0,450,No
M24442,1,114,174,Preventive,1,750,No
L56763,1,113,173,Preventive,1,450,No
L56764,1,112,172,Preventive,1,450,No
M24445,1,111,171,Preventive,1,750,No
L56766,1,109,169,Preventive,1,450,No
M24447,1,108,168,Preventive,2,750,No
H39002,1,107,167,Preventive,2,1150,No
L56769,1,104,164,Preventive,2,450,No
M24450,1,103,163,Preventive,2,750,No
L56771,2,102,162,Preventive,3,600,No
L56772,2,101,161,Preventive,3,600,No
L56773,2,100,160,Preventive,3,600,No
L56774,2,99,159,Preventive,3,600,No
H39009,2,98,158,Preventive,3,1300,No
L56776,2,95,155,Preventive,4,600,No
L56777,2,94,154,Preventive,4,600,No
L56778,2,93,153,Preventive,4,600,No
L56779,2,92,152,Preventive,4,600,No
M24460,2,91,151,Preventive,4,900,No
L56781,2,90,150,Preventive,5,600,No
L56782,2,89,149,Preventive,5,600,No
M24463,2,88,148,Preventive,5,900,No
H39018,2,86,146,Preventive,5,1300,No
M24465,3,84,144,Preventive,6,1050,No
L56786,3,82,142,Preventive,6,750,No
L56787,3,81,141,Preventive,6,750,No
M24468,3,80,140,Preventive,6,1050,No
L56789,3,79,139,Preventive,6,750,No
L56790,3,78,138,Preventive,7,750,No
L56791,3,77,137,Preventive,7,750,No
M24472,3,76,136,Preventive,7,1050,No
L56793,5,74,134,Emergency,31,1050,Yes
M24474,3,73,133,Preventive,7,1050,No
M24475,3,72,132,Preventive,8,1050,No
L56796,3,70,130,Preventive,8,750,No
L56797,3,69,129,Preventive,8,750,No
L56798,3,68,128,Preventive,8,750,No
M24479,4,67,127,Preventive,8,1200,No
L56800,4,66,126,Preventive,9,900,No
M24481,4,65,125,Preventive,9,1200,No
L56802,4,63,123,Preventive,9,900,No
L56803,4,62,122,Preventive,9,900,No
H39038,4,61,121,Preventive,9,1600,No
M24485,4,59,119,Corrective,10,1200,No
M24486,4,57,117,Corrective,10,1200,No
M24487,4,56,116,Corrective,10,1200,No
H39042,4,54,114,Corrective,11,1600,No
H39043,4,52,112,Corrective,11,1600,No
L56810,5,49,109,Corrective,11,1050,No
L56811,5,48,108,Corrective,12,1050,No
M24492,5,47,107,Corrective,12,1350,No
H39047,5,46,106,Corrective,12,1750,No
L56814,5,43,103,Corrective,12,1050,No
L56815,5,42,102,Corrective,13,1050,No
L56816,5,41,101,Corrective,13,1050,No
L56817,5,40,100,Corrective,13,1050,No
H39052,5,39,99,Corrective,13,1750,No
L56819,5,37,97,Corrective,13,1050,No
L56820,5,36,96,Corrective,14,1050,No
L56821,5,35,95,Corrective,14,1050,No
L56822,5,34,94,Corrective,14,1050,No
L56823,6,33,93,Corrective,14,1200,No
L56824,6,32,92,Corrective,14,1200,No
L56825,6,31,91,Corrective,14,1200,No
L56826,6,30,90,Corrective,15,1200,No
L56827,6,29,89,Corrective,15,1200,No
L56828,6,28,88,Corrective,15,1200,No
H39063,6,27,87,Corrective,15,1900,No
M24510,6,24,84,Corrective,16,1500,No
M24511,6,23,83,Corrective,16,1500,No
M24512,6,21,81,Corrective,16,1500,No
L56833,8,20,80,Emergency,40,1500,Yes
L56834,8,19,79,Emergency,40,1500,Yes
H39069,6,18,78,Corrective,17,1900,No
L56836,7,15,75,Corrective,17,1350,No
L56837,7,14,74,Corrective,17,1350,No
L56838,7,13,73,Corrective,17,1350,No
L56839,9,12,72,Emergency,42,1650,Yes
M24520,7,11,71,Corrective,18,1650,No
H39075,7,10,70,Corrective,18,2050,No
M24522,7,7,67,Corrective,18,1650,No
L56843,9,6,66,Emergency,43,1650,Yes
L56844,9,5,65,Emergency,43,1650,Yes
L56845,7,5,64,Corrective,19,1350,No
M24526,7,5,63,Corrective,19,1650,No
L56847,9,5,61,Emergency,43,1650,Yes
L56848,7,5,60,Corrective,20,1350,No
L56849,7,5,59,Corrective,20,1350,No
L56850,7,5,58,Corrective,20,1350,No
L56851,8,5,57,Corrective,20,1500,No
H39086,1,120,180,Preventive,0,1150,No
M24533,1,118,178,Preventive,0,750,No
L56854,1,116,176,Preventive,0,450,No
M24535,1,115,175,Preventive,0,750,No
L56856,1,114,174,Preventive,1,450,No
L56857,1,113,173,Preventive,1,450,No
M24538,1,112,172,Preventive,1,750,No
L56859,1,110,170,Preventive,1,450,No
L56860,1,109,169,Preventive,1,450,No
M24541,1,108,168,Preventive,2,750,No
L56862,1,107,167,Preventive,2,450,No
M24543,1,106,166,Preventive,2,750,No
H39098,1,104,164,Preventive,2,1150,No
L56865,2,102,162,Preventive,3,600,No
L56866,2,101,161,Preventive,3,600,No
M24547,2,100,160,Preventive,3,900,No
L56868,2,98,158,Preventive,3,600,No
L56869,2,97,157,Preventive,3,600,No
M24550,2,96,156,Preventive,4,900,No
L56871,2,95,155,Preventive,4,600,No
M24552,2,94,154,Preventive,4,900,No
L56873,2,92,152,Preventive,4,600,No
L56874,2,91,151,Preventive,4,600,No
L56875,2,90,150,Preventive,5,600,No
L56876,2,89,149,Preventive,5,600,No
M24557,2,88,148,Preventive,5,900,No
L56878,2,87,147,Preventive,5,600,No
L56879,2,86,146,Preventive,5,600,No
M24560,3,85,145,Preventive,5,1050,No
L56881,3,83,143,Preventive,6,750,No
L56882,3,82,142,Preventive,6,750,No
L56883,3,81,141,Preventive,6,750,No
L56884,3,80,140,Preventive,6,750,No
L56885,3,79,139,Preventive,6,750,No
M24566,3,78,138,Preventive,7,1050,No
L56887,3,77,137,Preventive,7,750,No
L56888,3,76,136,Preventive,7,750,No
M24569,3,75,135,Preventive,7,1050,No
L56890,3,73,133,Preventive,7,750,No
H39125,3,72,132,Preventive,8,1450,No
M24572,3,70,130,Preventive,8,1050,No
L56893,3,68,128,Preventive,8,750,No
L56894,4,67,127,Preventive,8,900,No
L56895,4,66,126,Preventive,9,900,No
H39130,4,65,125,Preventive,9,1600,No
L56897,4,63,123,Preventive,9,900,No
L56898,4,62,122,Preventive,9,900,No
L56899,4,61,121,Preventive,9,900,No
M24580,4,60,120,Corrective,10,1200,No
L56901,4,58,118,Corrective,10,900,No
H39136,4,57,117,Corrective,10,1600,No
L56903,4,55,115,Corrective,10,900,No
M24584,4,54,114,Corrective,11,1200,No
M24585,4,52,112,Corrective,11,1200,No
L56906,4,51,111,Corrective,11,900,No
L56907,5,50,110,Corrective,11,1050,No
L56908,5,49,109,Corrective,11,1050,No
L56909,5,48,108,Corrective,12,1050,No
L56910,5,47,107,Corrective,12,1050,No
L56911,5,46,106,Corrective,12,1050,No
L56912,5,45,105,Corrective,12,1050,No
M24593,5,44,104,Corrective,12,1350,No
H39148,5,42,102,Corrective,13,1750,No
L56915,5,40,100,Corrective,13,1050,No
M24596,5,39,99,Corrective,13,1350,No
L56917,5,37,97,Corrective,13,1050,No
L56918,5,36,96,Corrective,14,1050,No
L56919,5,35,95,Corrective,14,1050,No
M24600,5,34,94,Corrective,14,1350,No
L56921,6,33,93,Corrective,14,1200,No
L56922,6,32,92,Corrective,14,1200,No
L56923,6,31,91,Corrective,14,1200,No
L56924,6,30,90,Corrective,15,1200,No
L56925,6,29,89,Corrective,15,1200,No
L56926,6,28,88,Corrective,15,1200,No
L56927,6,27,87,Corrective,15,1200,No
M24608,6,26,86,Corrective,15,1500,No
H39163,6,24,84,Corrective,16,1900,No
L56930,6,22,82,Corrective,16,1200,No
L56931,6,21,81,Corrective,16,1200,No
L56932,6,20,80,Corrective,16,1200,No
L56933,6,19,79,Corrective,16,1200,No
M24614,6,18,78,Corrective,17,1500,No
H39169,6,16,76,Corrective,17,1900,No
L56936,7,14,74,Corrective,17,1350,No
M24617,7,13,73,Corrective,17,1650,No
L56938,9,11,71,Emergency,42,1650,Yes
L56939,1,120,180,Preventive,0,450,No
M24620,1,119,179,Preventive,0,750,No
L56941,1,118,178,Preventive,0,450,No
L56942,1,117,177,Preventive,0,450,No
M24623,1,116,176,Preventive,0,750,No
L56944,3,114,174,Emergency,25,750,Yes
L56945,1,113,173,Preventive,1,450,No
H39180,1,112,172,Preventive,1,1150,No
L56947,1,110,170,Preventive,1,450,No
L56948,1,109,169,Preventive,1,450,No
L56949,1,108,168,Preventive,2,450,No
H39184,1,107,167,Preventive,2,1150,No
M24631,1,104,164,Preventive,2,750,No
L56952,2,103,163,Preventive,2,600,No
L56953,2,102,162,Preventive,3,600,No
H39188,2,101,161,Preventive,3,1300,No
M24635,2,98,158,Preventive,3,900,No
M24636,2,97,157,Preventive,3,900,No
L56957,2,95,155,Preventive,4,600,No
H39192,2,94,154,Preventive,4,1300,No
L56959,2,92,152,Preventive,4,600,No
M24640,2,91,151,Preventive,4,900,No
L56961,2,89,149,Preventive,5,600,No
L56962,2,88,148,Preventive,5,600,No
H39197,2,87,147,Preventive,5,1300,No
M24644,3,85,145,Preventive,5,1050,No
H39199,3,83,143,Preventive,6,1450,No
M24646,3,81,141,Preventive,6,1050,No
H39201,3,79,139,Preventive,6,1450,No
M24648,3,77,137,Preventive,7,1050,No
L56969,3,75,135,Preventive,7,750,No
L56970,3,74,134,Preventive,7,750,No
M24651,3,73,133,Preventive,7,1050,No
H39206,3,72,132,Preventive,8,1450,No
H39207,3,69,129,Preventive,8,1450,No
L56974,4,67,127,Preventive,8,900,No
L56975,4,66,126,Preventive,9,900,No
H39210,4,65,125,Preventive,9,1600,No
M24657,4,62,122,Preventive,9,1200,No
L56978,4,61,121,Preventive,9,900,No
M24659,4,60,120,Corrective,10,1200,No
H39214,4,58,118,Corrective,10,1600,No
M24661,4,56,116,Corrective,10,1200,No
H39216,4,54,114,Corrective,11,1600,No
L56983,4,52,112,Corrective,11,900,No
L56984,4,51,111,Corrective,11,900,No
L56985,5,50,110,Corrective,11,1050,No
L56986,5,49,109,Corrective,11,1050,No
L56987,5,48,108,Corrective,12,1050,No
M24668,5,47,107,Corrective,12,1350,No
M24669,5,45,105,Corrective,12,1350,No
L56990,5,44,104,Corrective,12,1050,No
L56991,5,43,103,Corrective,12,1050,No
M24672,5,42,102,Corrective,13,1350,No
L56993,5,40,100,Corrective,13,1050,No
H39228,5,39,99,Corrective,13,1750,No
M24675,5,37,97,Corrective,13,1350,No
M24676,5,35,95,Corrective,14,1350,No
M24677,5,34,94,Corrective,14,1350,No
M24678,6,32,92,Corrective,14,1500,No
M24679,6,31,91,Corrective,14,1500,No
M24680,6,29,89,Corrective,15,1500,No
L57001,6,28,88,Corrective,15,1200,No
L57002,8,27,87,Emergency,39,1500,Yes
M24683,6,26,86,Corrective,15,1500,No
L57004,6,24,84,Corrective,16,1200,No
L57005,6,23,83,Corrective,16,1200,No
L57006,6,22,82,Corrective,16,1200,No
M24687,6,21,81,Corrective,16,1500,No
L57008,6,20,80,Corrective,16,1200,No
M24689,6,19,79,Corrective,16,1500,No
L57010,8,17,77,Emergency,41,1500,Yes
L57011,6,16,76,Corrective,17,1200,No
L57012,7,15,75,Corrective,17,1350,No
L57013,7,14,74,Corrective,17,1350,No
M24694,1,120,180,Preventive,0,750,No
L57015,1,119,179,Preventive,0,450,No
M24696,1,118,178,Preventive,0,750,No
M24697,1,116,176,Preventive,0,750,No
L57018,1,115,175,Preventive,0,450,No
M24699,1,114,174,Preventive,1,750,No
H39254,1,112,172,Preventive,1,1150,No
M24701,1,110,170,Preventive,1,750,No
L57022,1,108,168,Preventive,2,450,No
L57023,1,107,167,Preventive,2,450,No
H39258,1,106,166,Preventive,2,1150,No
L57025,1,104,164,Preventive,2,450,No
L57026,2,103,163,Preventive,2,600,No
L57027,2,102,162,Preventive,3,600,No
H39262,2,101,161,Preventive,3,1300,No
L57029,2,98,158,Preventive,3,600,No
M24710,2,97,157,Preventive,3,900,No
M24711,2,96,156,Preventive,4,900,No
L57032,2,94,154,Preventive,4,600,No
L57033,2,93,153,Preventive,4,600,No
H39268,2,92,152,Preventive,4,1300,No
L57035,2,90,150,Preventive,5,600,No
L57036,2,89,149,Preventive,5,600,No
M24717,2,88,148,Preventive,5,900,No
L57038,2,86,146,Preventive,5,600,No
M24719,3,85,145,Preventive,5,1050,No
H39274,3,84,144,Preventive,6,1450,No
M24721,3,81,141,Preventive,6,1050,No
M24722,3,80,140,Preventive,6,1050,No
L57043,3,78,138,Preventive,7,750,No
M24724,3,77,137,Preventive,7,1050,No
M24725,3,76,136,Preventive,7,1050,No
L57046,3,74,134,Preventive,7,750,No
L57047,3,73,133,Preventive,7,750,No
L57048,3,72,132,Preventive,8,750,No
L57049,3,71,131,Preventive,8,750,No
H39284,3,70,130,Preventive,8,1450,No
M24731,4,68,128,Preventive,8,1200,No
L57052,4,66,126,Preventive,9,900,No
L57053,4,65,125,Preventive,9,900,No
M24734,4,64,124,Preventive,9,1200,No
M24735,4,63,123,Preventive,9,1200,No
H39290,4,61,121,Preventive,9,1600,No
L57057,4,59,119,Corrective,10,900,No
L57058,4,58,118,Corrective,10,900,No
M24739,4,57,117,Corrective,10,1200,No
L57060,4,55,115,Corrective,10,900,No
L57061,4,54,114,Corrective,11,900,No
L57062,4,53,113,Corrective,11,900,No
H39297,4,52,112,Corrective,11,1600,No
L57064,5,50,110,Corrective,11,1050,No
L57065,5,49,109,Corrective,11,1050,No
L57066,5,48,108,Corrective,12,1050,No
L57067,5,47,107,Corrective,12,1050,No
M24748,5,46,106,Corrective,12,1350,No
H39303,5,44,104,Corrective,12,1750,No
L57070,5,42,102,Corrective,13,1050,No
L57071,5,41,101,Corrective,13,1050,No
H39306,5,40,100,Corrective,13,1750,No
M24753,5,37,97,Corrective,13,1350,No
L57074,5,36,96,Corrective,14,1050,No
L57075,5,35,95,Corrective,14,1050,No
M24756,5,34,94,Corrective,14,1350,No
L57077,6,32,92,Corrective,14,1200,No
L57078,6,31,91,Corrective,14,1200,No
L57079,6,30,90,Corrective,15,1200,No
H39314,6,29,89,Corrective,15,1900,No
M24761,6,27,87,Corrective,15,1500,No
H39316,6,25,85,Corrective,15,1900,No
M24763,6,23,83,Corrective,16,1500,No
L57084,6,21,81,Corrective,16,1200,No
M24765,6,20,80,Corrective,16,1500,No
M24766,6,19,79,Corrective,16,1500,No
M24767,6,17,77,Corrective,17,1500,No
L57088,1,120,180,Preventive,0,450,No
L57089,1,119,179,Preventive,0,450,No
L57090,1,118,178,Preventive,0,450,No
M24771,1,117,177,Preventive,0,750,No
L57092,1,116,176,Preventive,0,450,No
L57093,1,115,175,Preventive,0,450,No
L57094,1,114,174,Preventive,1,450,No
M24775,1,113,173,Preventive,1,750,No
M24776,1,111,171,Preventive,1,750,No
M24777,1,110,170,Preventive,1,750,No
L57098,1,108,168,Preventive,2,450,No
L57099,1,107,167,Preventive,2,450,No
H39334,1,106,166,Preventive,2,1150,No
M24781,1,104,164,Preventive,2,750,No
H39336,2,102,162,Preventive,3,1300,No
M24783,2,100,160,Preventive,3,900,No
M24784,2,98,158,Preventive,3,900,No
M24785,2,97,157,Preventive,3,900,No
M24786,2,95,155,Preventive,4,900,No
L57107,2,94,154,Preventive,4,600,No
M24788,2,93,153,Preventive,4,900,No
H39343,2,91,151,Preventive,4,1300,No
L57110,2,89,149,Preventive,5,600,No
L57111,2,88,148,Preventive,5,600,No
L57112,2,87,147,Preventive,5,600,No
L57113,2,86,146,Preventive,5,600,No
L57114,3,85,145,Preventive,5,750,No
L57115,3,84,144,Preventive,6,750,No
H39350,3,83,143,Preventive,6,1450,No
L57117,3,80,140,Preventive,6,750,No
L57118,3,79,139,Preventive,6,750,No
H39353,3,78,138,Preventive,7,1450,No
M24800,3,76,136,Preventive,7,1050,No
L57121,3,74,134,Preventive,7,750,No
L57122,3,73,133,Preventive,7,750,No
M24803,3,72,132,Preventive,8,1050,No
L57124,3,71,131,Preventive,8,750,No
L57125,3,70,130,Preventive,8,750,No
L57126,3,69,129,Preventive,8,750,No
M24807,4,68,128,Preventive,8,1200,No
L57128,4,66,126,Preventive,9,900,No
M24809,4,65,125,Preventive,9,1200,No
L57130,4,64,124,Preventive,9,900,No
L57131,4,63,123,Preventive,9,900,No
L57132,4,62,122,Preventive,9,900,No
L57133,4,61,121,Preventive,9,900,No
M24814,4,60,120,Corrective,10,1200,No
M24815,4,58,118,Corrective,10,1200,No
M24816,4,57,117,Corrective,10,1200,No
L57137,4,55,115,Corrective,10,900,No
M24818,4,54,114,Corrective,11,1200,No
L57139,4,53,113,Corrective,11,900,No
L57140,4,52,112,Corrective,11,900,No
L57141,4,51,111,Corrective,11,900,No
L57142,5,50,110,Corrective,11,1050,No
L57143,5,49,109,Corrective,11,1050,No
L57144,5,48,108,Corrective,12,1050,No
L57145,5,47,107,Corrective,12,1050,No
L57146,5,46,106,Corrective,12,1050,No
M24827,5,45,105,Corrective,12,1350,No
L57148,5,43,103,Corrective,12,1050,No
L57149,5,42,102,Corrective,13,1050,No
H39384,5,41,101,Corrective,13,1750,No
H39385,5,39,99,Corrective,13,1750,No
L57152,5,36,96,Corrective,14,1050,No
L57153,5,35,95,Corrective,14,1050,No
L57154,7,34,94,Emergency,38,1350,Yes
M24835,5,33,93,Corrective,14,1350,No
L57156,6,32,92,Corrective,14,1200,No
L57157,6,31,91,Corrective,14,1200,No
H39392,6,30,90,Corrective,15,1900,No
L57159,6,27,87,Corrective,15,1200,No
L57160,6,26,86,Corrective,15,1200,No
L57161,6,25,85,Corrective,15,1200,No
M24842,6,24,84,Corrective,16,1500,No
L57163,6,23,83,Corrective,16,1200,No
H39398,6,22,82,Corrective,16,1900,No
H39399,6,19,79,Corrective,16,1900,No
M24846,6,17,77,Corrective,17,1500,No
M24847,7,15,75,Corrective,17,1650,No
L57168,7,14,74,Corrective,17,1350,No
M24849,1,120,180,Preventive,0,750,No
L57170,1,119,179,Preventive,0,450,No
M24851,1,118,178,Preventive,0,750,No
L57172,1,116,176,Preventive,0,450,No
L57173,1,115,175,Preventive,0,450,No
L57174,1,114,174,Preventive,1,450,No
M24855,1,113,173,Preventive,1,750,No
H39410,1,112,172,Preventive,1,1150,No
M24857,1,109,169,Preventive,1,750,No
H39412,1,108,168,Preventive,2,1150,No
M24859,1,105,165,Preventive,2,750,No
